{"type": "FeatureCollection", "features": [{"type": "Feature", "properties": {"t": "b0", "lvl": 0}, "geometry": {"type": "MultiPolygon", "coordinates": [[[[-4.48127866972476, 43.38587360594795], [-4.477555428134545, 43.38587360594795], [-4.477555428134545, 43.37472118959107], [-4.48127866972476, 43.37472118959107], [-4.48127866972476, 43.38587360594795]]], [[[-4.38075114678898, 43.371003717472114], [-4.395644113149836, 43.37472118959107], [-4.395644113149836, 43.38959107806691], [-4.384474388379194, 43.38215613382899], [-4.38075114678898, 43.371003717472114]]], [[[-4.5185110856269, 43.38215613382899], [-4.514787844036686, 43.38587360594795], [-4.514787844036686, 43.38215613382899], [-4.5185110856269, 43.38215613382899]]], [[[-4.027043195718644, 43.40446096654275], [-4.030766437308857, 43.41561338289962], [-4.0158734709480015, 43.41561338289962], [-4.0158734709480015, 43.40446096654275], [-4.027043195718644, 43.40446096654275]]], [[[-3.788755733944943, 43.43048327137546], [-3.7924789755351576, 43.42304832713754], [-3.7999254587155855, 43.42304832713754], [-3.7999254587155855, 43.43048327137546], [-3.788755733944943, 43.43048327137546]]], [[[-3.82226490825687, 43.4267657992565], [-3.818541666666656, 43.43048327137546], [-3.818541666666656, 43.4267657992565], [-3.82226490825687, 43.4267657992565]]], [[[-3.9637480886850045, 43.43048327137546], [-3.9600248470947905, 43.43420074349442], [-3.9600248470947905, 43.43048327137546], [-3.9637480886850045, 43.43048327137546]]], [[[-3.758969801223231, 43.43048327137546], [-3.766416284403659, 43.43048327137546], [-3.766416284403659, 43.43420074349442], [-3.758969801223231, 43.43791821561338], [-3.758969801223231, 43.43048327137546]]], [[[-3.844604357798154, 43.44163568773234], [-3.84088111620794, 43.43420074349442], [-3.8520508409785825, 43.43048327137546], [-3.8520508409785825, 43.44163568773234], [-3.844604357798154, 43.44163568773234]]], [[[-3.9600248470947905, 43.43791821561338], [-3.956301605504576, 43.43420074349442], [-3.9600248470947905, 43.43420074349442], [-3.9600248470947905, 43.43791821561338]]], [[[-3.7552465596330165, 43.45650557620817], [-3.7515233180428025, 43.45650557620817], [-3.7515233180428025, 43.445353159851294], [-3.7552465596330165, 43.445353159851294], [-3.7552465596330165, 43.45650557620817]]], [[[-5.432713754646835, 43.493680297397766], [-5.428996282527876, 43.49739776951672], [-5.428996282527876, 43.493680297397766], [-5.432713754646835, 43.493680297397766]]], [[[-5.417843866170999, 43.5085501858736], [-5.417843866170999, 43.504832713754645], [-5.425278810408917, 43.504832713754645], [-5.425278810408917, 43.5085501858736], [-5.417843866170999, 43.5085501858736]]], [[[-5.417843866170999, 43.51226765799256], [-5.414126394052039, 43.5085501858736], [-5.417843866170999, 43.5085501858736], [-5.417843866170999, 43.51226765799256]]], [[[-5.406691449814121, 43.51970260223048], [-5.406691449814121, 43.51226765799256], [-5.41040892193308, 43.51226765799256], [-5.41040892193308, 43.51970260223048], [-5.406691449814121, 43.51970260223048]]], [[[-5.399256505576203, 43.52342007434944], [-5.388104089219326, 43.527137546468396], [-5.391821561338285, 43.5085501858736], [-5.399256505576203, 43.51226765799256], [-5.399256505576203, 43.52342007434944]]], [[[-5.384386617100367, 43.527137546468396], [-5.3806691449814075, 43.53085501858736], [-5.3806691449814075, 43.527137546468396], [-5.384386617100367, 43.527137546468396]]], [[[-6.094423791821557, 43.53457249070632], [-6.090706319702598, 43.538289962825274], [-6.090706319702598, 43.53457249070632], [-6.094423791821557, 43.53457249070632]]], [[[-4.722676579925646, 43.419330855018586], [-4.722676579925646, 43.42304832713754], [-4.752416356877319, 43.42304832713754], [-4.752416356877319, 43.4267657992565], [-4.767286245353155, 43.43048327137546], [-4.767286245353155, 43.43420074349442], [-4.78959107806691, 43.43420074349442], [-4.78959107806691, 43.43791821561338], [-4.800743494423787, 43.43420074349442], [-4.800743494423787, 43.43791821561338], [-4.815613382899624, 43.43791821561338], [-4.815613382899624, 43.44163568773234], [-4.837918215613378, 43.44163568773234], [-4.841635687732337, 43.452788104089215], [-4.852788104089215, 43.452788104089215], [-4.852788104089215, 43.445353159851294], [-4.860223048327133, 43.445353159851294], [-4.860223048327133, 43.452788104089215], [-4.863940520446092, 43.452788104089215], [-4.863940520446092, 43.445353159851294], [-4.878810408921928, 43.445353159851294], [-4.878810408921928, 43.452788104089215], [-4.901115241635683, 43.452788104089215], [-4.901115241635683, 43.45650557620817], [-4.91226765799256, 43.45650557620817], [-4.91226765799256, 43.46022304832713], [-4.927137546468397, 43.46022304832713], [-4.927137546468397, 43.463940520446094], [-5.042379182156129, 43.463940520446094], [-5.042379182156129, 43.46765799256505], [-5.053531598513007, 43.46765799256505], [-5.053531598513007, 43.47137546468401], [-5.072118959107802, 43.47137546468401], [-5.075836431226761, 43.46765799256505], [-5.075836431226761, 43.47509293680297], [-5.08327137546468, 43.47509293680297], [-5.08327137546468, 43.47881040892193], [-5.116728624535312, 43.47881040892193], [-5.120446096654271, 43.48996282527881], [-5.16505576208178, 43.486245353159845], [-5.16505576208178, 43.47881040892193], [-5.209665427509289, 43.47881040892193], [-5.209665427509289, 43.47509293680297], [-5.2208178438661665, 43.47509293680297], [-5.2245353159851255, 43.48996282527881], [-5.235687732342003, 43.48996282527881], [-5.2505576208178395, 43.504832713754645], [-5.2691449814126345, 43.504832713754645], [-5.2728624535315936, 43.5085501858736], [-5.2691449814126345, 43.52342007434944], [-5.2877323420074305, 43.53085501858736], [-5.2877323420074305, 43.53457249070632], [-5.2951672862453485, 43.53457249070632], [-5.2951672862453485, 43.538289962825274], [-5.354646840148694, 43.538289962825274], [-5.354646840148694, 43.53457249070632], [-5.3732342007434895, 43.538289962825274], [-5.3732342007434895, 43.54200743494423], [-5.388104089219326, 43.538289962825274], [-5.399256505576203, 43.54944237918215], [-5.399256505576203, 43.55687732342007], [-5.41040892193308, 43.55687732342007], [-5.41040892193308, 43.56059479553903], [-5.421561338289958, 43.56059479553903], [-5.421561338289958, 43.55687732342007], [-5.484758364312263, 43.55687732342007], [-5.484758364312263, 43.54944237918215], [-5.499628252788099, 43.54944237918215], [-5.499628252788099, 43.55687732342007], [-5.529368029739772, 43.55687732342007], [-5.529368029739772, 43.54944237918215], [-5.544237918215608, 43.54944237918215], [-5.544237918215608, 43.55687732342007], [-5.592565055762077, 43.55687732342007], [-5.592565055762077, 43.54944237918215], [-5.599999999999995, 43.54944237918215], [-5.599999999999995, 43.55687732342007], [-5.614869888475831, 43.55687732342007], [-5.62230483271375, 43.56431226765799], [-5.626022304832709, 43.55687732342007], [-5.640892193308545, 43.55687732342007], [-5.640892193308545, 43.54944237918215], [-5.648327137546463, 43.54944237918215], [-5.648327137546463, 43.545724907063196], [-5.659479553903341, 43.545724907063196], [-5.6631970260223, 43.55687732342007], [-5.666914498141259, 43.55687732342007], [-5.670631970260218, 43.545724907063196], [-5.696654275092932, 43.545724907063196], [-5.696654275092932, 43.55687732342007], [-5.700371747211891, 43.55687732342007], [-5.696654275092932, 43.57546468401487], [-5.722676579925646, 43.571747211895904], [-5.722676579925646, 43.57546468401487], [-5.7449814126394, 43.579182156133825], [-5.7449814126394, 43.590334572490704], [-5.759851301115237, 43.590334572490704], [-5.771003717472114, 43.60148698884758], [-5.771003717472114, 43.6089219330855], [-5.78959107806691, 43.612639405204455], [-5.78959107806691, 43.62379182156133], [-5.782156133828992, 43.62379182156133], [-5.782156133828992, 43.63494423791821], [-5.797026022304828, 43.63494423791821], [-5.797026022304828, 43.63866171003717], [-5.811895910780664, 43.63494423791821], [-5.815613382899624, 43.64609665427509], [-5.834200743494419, 43.64237918215613], [-5.845353159851296, 43.664684014869884], [-5.863940520446092, 43.66096654275093], [-5.863940520446092, 43.63866171003717], [-5.87137546468401, 43.63866171003717], [-5.875092936802969, 43.631226765799255], [-5.882527881040888, 43.631226765799255], [-5.882527881040888, 43.62750929368029], [-5.893680297397765, 43.62750929368029], [-5.893680297397765, 43.631226765799255], [-5.91598513011152, 43.62750929368029], [-5.91598513011152, 43.6089219330855], [-5.927137546468397, 43.60520446096654], [-5.927137546468397, 43.60148698884758], [-5.942007434944233, 43.60520446096654], [-5.945724907063192, 43.60148698884758], [-5.942007434944233, 43.590334572490704], [-5.949442379182152, 43.590334572490704], [-5.949442379182152, 43.58289962825278], [-5.960594795539029, 43.58289962825278], [-5.960594795539029, 43.579182156133825], [-5.968029739776947, 43.579182156133825], [-5.968029739776947, 43.58289962825278], [-6.001486988847579, 43.579182156133825], [-6.001486988847579, 43.58289962825278], [-6.016356877323416, 43.58289962825278], [-6.016356877323416, 43.590334572490704], [-6.023791821561334, 43.59405204460966], [-6.023791821561334, 43.590334572490704], [-6.03866171003717, 43.590334572490704], [-6.03866171003717, 43.579182156133825], [-6.057249070631966, 43.57546468401487], [-6.057249070631966, 43.571747211895904], [-6.12416356877323, 43.56059479553903], [-6.12416356877323, 43.56431226765799], [-6.150185873605944, 43.56802973977695], [-6.150185873605944, 43.571747211895904], [-6.183643122676576, 43.571747211895904], [-6.183643122676576, 43.56802973977695], [-6.191078066914494, 43.56802973977695], [-6.191078066914494, 43.57546468401487], [-6.187360594795535, 43.57546468401487], [-6.191078066914494, 43.58289962825278], [-6.198513011152412, 43.57546468401487], [-6.20594795539033, 43.57546468401487], [-6.209665427509289, 43.590334572490704], [-6.213382899628248, 43.590334572490704], [-6.213382899628248, 43.58289962825278], [-6.2245353159851255, 43.58289962825278], [-6.2245353159851255, 43.59405204460966], [-6.24684014869888, 43.59776951672862], [-6.2579925650557575, 43.579182156133825], [-6.2951672862453485, 43.57546468401487], [-6.2988847583643075, 43.56802973977695], [-6.3286245353159805, 43.56802973977695], [-6.3286245353159805, 43.56431226765799], [-6.350929368029735, 43.56059479553903], [-6.350929368029735, 43.55687732342007], [-6.36951672862453, 43.55687732342007], [-6.36951672862453, 43.56059479553903], [-6.388104089219326, 43.56059479553903], [-6.388104089219326, 43.56431226765799], [-6.436431226765794, 43.56059479553903], [-6.436431226765794, 43.56431226765799], [-6.462453531598508, 43.56802973977695], [-6.466171003717467, 43.57546468401487], [-6.473605947955385, 43.57546468401487], [-6.473605947955385, 43.56431226765799], [-6.481040892193303, 43.56431226765799], [-6.481040892193303, 43.55687732342007], [-6.510780669144976, 43.55687732342007], [-6.510780669144976, 43.54944237918215], [-6.521933085501854, 43.54944237918215], [-6.521933085501854, 43.55687732342007], [-6.533085501858731, 43.55687732342007], [-6.533085501858731, 43.54944237918215], [-6.540520446096649, 43.54944237918215], [-6.540520446096649, 43.55687732342007], [-6.559107806691445, 43.55687732342007], [-6.559107806691445, 43.56059479553903], [-6.596282527881036, 43.56059479553903], [-6.599999999999995, 43.55687732342007], [-6.599999999999995, 48.699999999999996], [-4.164803134556564, 48.699999999999996], [-4.172249617736992, 48.69255879967558], [-4.187142584097848, 48.69255879967558], [-4.187142584097848, 48.68883819951338], [-4.209482033639133, 48.68511759935117], [-4.209482033639133, 48.673955798864554], [-4.216928516819561, 48.673955798864554], [-4.228098241590203, 48.662793998377936], [-4.2392679663608455, 48.662793998377936], [-4.242991207951059, 48.65535279805352], [-4.254160932721701, 48.65535279805352], [-4.261607415902129, 48.66651459854014], [-4.2802236238532, 48.67023519870235], [-4.2802236238532, 48.673955798864554], [-4.291393348623842, 48.67023519870235], [-4.291393348623842, 48.673955798864554], [-4.310009556574912, 48.673955798864554], [-4.310009556574912, 48.67767639902676], [-4.339795489296625, 48.67767639902676], [-4.339795489296625, 48.68511759935117], [-4.347241972477053, 48.68511759935117], [-4.347241972477053, 48.67767639902676], [-4.38075114678898, 48.673955798864554], [-4.38075114678898, 48.66651459854014], [-4.395644113149836, 48.66651459854014], [-4.395644113149836, 48.662793998377936], [-4.406813837920478, 48.662793998377936], [-4.406813837920478, 48.65907339821573], [-4.4477694954128335, 48.662793998377936], [-4.444046253822619, 48.64419099756691], [-4.462662461773689, 48.6404703974047], [-4.462662461773689, 48.63302919708029], [-4.470108944954117, 48.63302919708029], [-4.470108944954117, 48.62930859691808], [-4.5036181192660445, 48.62930859691808], [-4.5036181192660445, 48.63302919708029], [-4.514787844036686, 48.63302919708029], [-4.514787844036686, 48.636749797242494], [-4.529680810397543, 48.636749797242494], [-4.529680810397543, 48.63302919708029], [-4.533404051987756, 48.636749797242494], [-4.5594667431192555, 48.636749797242494], [-4.563189984709469, 48.63302919708029], [-4.566913226299683, 48.6404703974047], [-4.574359709480111, 48.6404703974047], [-4.574359709480111, 48.63302919708029], [-4.589252675840967, 48.636749797242494], [-4.589252675840967, 48.62930859691808], [-4.599999999999995, 48.62930859691808], [-4.596699159021396, 48.62186739659367], [-4.589252675840967, 48.62186739659367], [-4.589252675840967, 48.61070559610705], [-4.574359709480111, 48.60698499594485], [-4.574359709480111, 48.60326439578264], [-4.5594667431192555, 48.60326439578264], [-4.5594667431192555, 48.599543795620434], [-4.581806192660539, 48.599543795620434], [-4.592975917431182, 48.61070559610705], [-4.607434944237913, 48.61070559610705], [-4.607434944237913, 48.61814679643146], [-4.618587360594791, 48.61814679643146], [-4.618587360594791, 48.61070559610705], [-4.629739776951668, 48.60698499594485], [-4.626022304832709, 48.588381995133815], [-4.618587360594791, 48.5809407948094], [-4.622761850152894, 48.58466139497161], [-4.644609665427504, 48.58466139497161], [-4.644609665427504, 48.59210259529602], [-4.652044609665423, 48.59210259529602], [-4.648327137546464, 48.5809407948094], [-4.6631970260223, 48.5809407948094], [-4.6631970260223, 48.58466139497161], [-4.678066914498136, 48.588381995133815], [-4.681784386617096, 48.57349959448499], [-4.711524163568768, 48.57349959448499], [-4.715241635687728, 48.562337793998374], [-4.730111524163564, 48.562337793998374], [-4.741263940520441, 48.551175993511755], [-4.752416356877319, 48.551175993511755], [-4.756133828996278, 48.53629359286293], [-4.763568773234196, 48.53629359286293], [-4.767286245353155, 48.52885239253852], [-4.782156133828992, 48.53257299270073], [-4.782156133828992, 48.525131792376314], [-4.774721189591073, 48.525131792376314], [-4.774721189591073, 48.52141119221411], [-4.785873605947951, 48.52141119221411], [-4.785873605947951, 48.5176905920519], [-4.774721189591073, 48.5176905920519], [-4.774721189591073, 48.513969991889695], [-4.782156133828992, 48.513969991889695], [-4.785873605947951, 48.49536699107867], [-4.782156133828992, 48.49536699107867], [-4.782156133828992, 48.48420519059205], [-4.774721189591073, 48.48420519059205], [-4.767286245353155, 48.476763990267635], [-4.767286245353155, 48.46932278994322], [-4.774721189591073, 48.465602189781016], [-4.774721189591073, 48.45816098945661], [-4.782156133828992, 48.45816098945661], [-4.78959107806691, 48.450719789132194], [-4.785873605947951, 48.44327858880778], [-4.793308550185869, 48.44327858880778], [-4.78959107806691, 48.428396188158956], [-4.797026022304828, 48.42467558799675], [-4.797026022304828, 48.413513787510134], [-4.78959107806691, 48.40979318734793], [-4.78959107806691, 48.402351987023515], [-4.782156133828992, 48.402351987023515], [-4.782156133828992, 48.391190186536896], [-4.774721189591073, 48.391190186536896], [-4.774721189591073, 48.38374898621249], [-4.767286245353155, 48.38374898621249], [-4.767286245353155, 48.37258718572587], [-4.774721189591073, 48.37258718572587], [-4.774721189591073, 48.365145985401455], [-4.785873605947951, 48.365145985401455], [-4.785873605947951, 48.37258718572587], [-4.793308550185869, 48.37258718572587], [-4.793308550185869, 48.36142538523925], [-4.785873605947951, 48.36142538523925], [-4.782156133828992, 48.35026358475263], [-4.774721189591073, 48.35026358475263], [-4.774721189591073, 48.34282238442822], [-4.782156133828992, 48.34282238442822], [-4.782156133828992, 48.3316605839416], [-4.774721189591073, 48.3316605839416], [-4.774721189591073, 48.327939983779395], [-4.741263940520441, 48.327939983779395], [-4.741263940520441, 48.3316605839416], [-4.715241635687728, 48.327939983779395], [-4.715241635687728, 48.3316605839416], [-4.70408921933085, 48.3316605839416], [-4.696654275092932, 48.353984184914836], [-4.666914498141259, 48.353984184914836], [-4.659479553903341, 48.34654298459043], [-4.637174721189586, 48.34654298459043], [-4.633457249070627, 48.33910178426601], [-4.611152416356872, 48.33910178426601], [-4.611152416356872, 48.34282238442822], [-4.589252675840967, 48.34654298459043], [-4.589252675840967, 48.35026358475263], [-4.5594667431192555, 48.353984184914836], [-4.555743501529041, 48.36142538523925], [-4.552020259938827, 48.35770478507705], [-4.533404051987756, 48.35770478507705], [-4.529680810397543, 48.365145985401455], [-4.522234327217115, 48.365145985401455], [-4.522234327217115, 48.37258718572587], [-4.5036181192660445, 48.37630778588807], [-4.5036181192660445, 48.38002838605028], [-4.462662461773689, 48.38374898621249], [-4.462662461773689, 48.38746958637469], [-4.458939220183475, 48.38374898621249], [-4.432876529051977, 48.38374898621249], [-4.432876529051977, 48.39491078669911], [-4.421706804281334, 48.39491078669911], [-4.421706804281334, 48.391190186536896], [-4.395644113149836, 48.391190186536896], [-4.395644113149836, 48.38746958637469], [-4.410537079510693, 48.38746958637469], [-4.421706804281334, 48.37258718572587], [-4.432876529051977, 48.37258718572587], [-4.432876529051977, 48.365145985401455], [-4.4477694954128335, 48.35770478507705], [-4.451492737003047, 48.3316605839416], [-4.458939220183475, 48.3316605839416], [-4.458939220183475, 48.32421938361719], [-4.444046253822619, 48.32421938361719], [-4.444046253822619, 48.327939983779395], [-4.429153287461763, 48.327939983779395], [-4.429153287461763, 48.3316605839416], [-4.417983562691121, 48.3316605839416], [-4.421706804281334, 48.32421938361719], [-4.373304663608552, 48.32421938361719], [-4.373304663608552, 48.3316605839416], [-4.365858180428123, 48.3316605839416], [-4.365858180428123, 48.34654298459043], [-4.358411697247695, 48.34654298459043], [-4.358411697247695, 48.34282238442822], [-4.332349006116197, 48.34654298459043], [-4.332349006116197, 48.33910178426601], [-4.324902522935769, 48.33910178426601], [-4.324902522935769, 48.327939983779395], [-4.332349006116197, 48.32049878345499], [-4.339795489296625, 48.32049878345499], [-4.3435187308868395, 48.31305758313057], [-4.332349006116197, 48.31305758313057], [-4.332349006116197, 48.316778183292776], [-4.283946865443414, 48.31305758313057], [-4.283946865443414, 48.30933698296837], [-4.261607415902129, 48.30933698296837], [-4.261607415902129, 48.30561638280616], [-4.254160932721701, 48.30561638280616], [-4.254160932721701, 48.29817518248175], [-4.242991207951059, 48.29817518248175], [-4.250437691131488, 48.28701338199513], [-4.257884174311916, 48.28701338199513], [-4.257884174311916, 48.29445458231954], [-4.269053899082558, 48.29445458231954], [-4.269053899082558, 48.29817518248175], [-4.321179281345555, 48.29817518248175], [-4.321179281345555, 48.29445458231954], [-4.332349006116197, 48.29445458231954], [-4.332349006116197, 48.290733982157334], [-4.354688455657482, 48.290733982157334], [-4.36213493883791, 48.28329278183293], [-4.377027905198766, 48.28329278183293], [-4.377027905198766, 48.279572181670716], [-4.414260321100906, 48.279572181670716], [-4.421706804281334, 48.28701338199513], [-4.417983562691121, 48.29445458231954], [-4.466385703363904, 48.29445458231954], [-4.466385703363904, 48.290733982157334], [-4.48127866972476, 48.290733982157334], [-4.48127866972476, 48.28701338199513], [-4.5110646024464724, 48.28701338199513], [-4.514787844036686, 48.29817518248175], [-4.5110646024464724, 48.29817518248175], [-4.5110646024464724, 48.30561638280616], [-4.49989487767583, 48.30561638280616], [-4.49989487767583, 48.31305758313057], [-4.514787844036686, 48.31305758313057], [-4.522234327217115, 48.30561638280616], [-4.522234327217115, 48.29817518248175], [-4.529680810397543, 48.29817518248175], [-4.529680810397543, 48.290733982157334], [-4.555743501529041, 48.29445458231954], [-4.555743501529041, 48.30561638280616], [-4.548297018348613, 48.30933698296837], [-4.548297018348613, 48.32421938361719], [-4.540850535168185, 48.32421938361719], [-4.533404051987756, 48.3316605839416], [-4.533404051987756, 48.34654298459043], [-4.566913226299683, 48.33910178426601], [-4.566913226299683, 48.3316605839416], [-4.585529434250754, 48.32421938361719], [-4.581806192660539, 48.30933698296837], [-4.574359709480111, 48.30933698296837], [-4.574359709480111, 48.29445458231954], [-4.570636467889897, 48.29445458231954], [-4.574359709480111, 48.28329278183293], [-4.592975917431182, 48.279572181670716], [-4.592975917431182, 48.28329278183293], [-4.60042240061161, 48.28329278183293], [-4.607868883792038, 48.290733982157334], [-4.614869888475832, 48.28329278183293], [-4.629739776951668, 48.28329278183293], [-4.629739776951668, 48.279572181670716], [-4.62230483271375, 48.27585158150851], [-4.626022304832709, 48.253527980535274], [-4.61903860856268, 48.26096918085969], [-4.614869888475832, 48.25724858069748], [-4.599999999999995, 48.25724858069748], [-4.596699159021396, 48.24980738037307], [-4.592975917431182, 48.253527980535274], [-4.589252675840967, 48.24980738037307], [-4.563189984709469, 48.253527980535274], [-4.563189984709469, 48.25724858069748], [-4.555743501529041, 48.253527980535274], [-4.5594667431192555, 48.242366180048656], [-4.574359709480111, 48.23864557988645], [-4.570636467889897, 48.22748377939983], [-4.563189984709469, 48.22376317923763], [-4.563189984709469, 48.21260137875101], [-4.5594667431192555, 48.21260137875101], [-4.5594667431192555, 48.18283657745336], [-4.563189984709469, 48.18283657745336], [-4.5594667431192555, 48.167954176804535], [-4.540850535168185, 48.167954176804535], [-4.537127293577971, 48.18283657745336], [-4.5185110856269, 48.19027777777777], [-4.514787844036686, 48.20888077858881], [-4.496171636085616, 48.216321978913214], [-4.49989487767583, 48.23492497972425], [-4.462662461773689, 48.23864557988645], [-4.462662461773689, 48.23492497972425], [-4.4477694954128335, 48.23492497972425], [-4.444046253822619, 48.22376317923763], [-4.425430045871549, 48.22748377939983], [-4.417983562691121, 48.22004257907542], [-4.38075114678898, 48.216321978913214], [-4.377027905198766, 48.205160178426596], [-4.328625764525983, 48.205160178426596], [-4.328625764525983, 48.20143957826439], [-4.321179281345555, 48.205160178426596], [-4.317456039755341, 48.19399837793998], [-4.302563073394484, 48.179115977291154], [-4.302563073394484, 48.15679237631792], [-4.283946865443414, 48.15307177615571], [-4.283946865443414, 48.134468775344686], [-4.2876701070336285, 48.134468775344686], [-4.291393348623842, 48.108424574209245], [-4.302563073394484, 48.104703974047034], [-4.306286314984699, 48.097262773722626], [-4.324902522935769, 48.097262773722626], [-4.324902522935769, 48.10098337388483], [-4.339795489296625, 48.10098337388483], [-4.339795489296625, 48.104703974047034], [-4.354688455657482, 48.104703974047034], [-4.36213493883791, 48.11214517437145], [-4.425430045871549, 48.108424574209245], [-4.432876529051977, 48.10098337388483], [-4.48127866972476, 48.10098337388483], [-4.485001911314974, 48.08982157339821], [-4.525957568807328, 48.08982157339821], [-4.525957568807328, 48.08610097323601], [-4.540850535168185, 48.08982157339821], [-4.552020259938827, 48.07865977291159], [-4.5594667431192555, 48.07865977291159], [-4.5594667431192555, 48.082380373073796], [-4.592975917431182, 48.082380373073796], [-4.592975917431182, 48.07865977291159], [-4.607868883792038, 48.07865977291159], [-4.607868883792038, 48.07493917274939], [-4.62230483271375, 48.07493917274939], [-4.62230483271375, 48.071218572587185], [-4.626485091743108, 48.07493917274939], [-4.633457249070627, 48.07493917274939], [-4.633457249070627, 48.071218572587185], [-4.6631970260223, 48.071218572587185], [-4.6631970260223, 48.07493917274939], [-4.670631970260218, 48.07493917274939], [-4.670631970260218, 48.067497972424974], [-4.696654275092932, 48.067497972424974], [-4.696654275092932, 48.06377737226277], [-4.700371747211891, 48.067497972424974], [-4.718959107806687, 48.067497972424974], [-4.715241635687728, 48.045174371451736], [-4.733828996282523, 48.045174371451736], [-4.737546468401482, 48.03773317112733], [-4.711524163568768, 48.034012570965125], [-4.711524163568768, 48.030291970802914], [-4.700371747211891, 48.030291970802914], [-4.700371747211891, 48.02657137064071], [-4.696654275092932, 48.030291970802914], [-4.692936802973973, 48.02657137064071], [-4.659479553903341, 48.02657137064071], [-4.659479553903341, 48.019130170316295], [-4.652044609665423, 48.019130170316295], [-4.652044609665423, 48.02657137064071], [-4.637174721189586, 48.02657137064071], [-4.633457249070627, 48.030291970802914], [-4.626022304832709, 48.01540957015409], [-4.599999999999995, 48.01540957015409], [-4.596699159021396, 48.007968369829676], [-4.570636467889897, 48.00424776966747], [-4.570636467889897, 48.00052716950527], [-4.563189984709469, 48.00052716950527], [-4.555743501529041, 48.01168896999189], [-4.537127293577971, 48.01168896999189], [-4.529680810397543, 48.00424776966747], [-4.5036181192660445, 48.00424776966747], [-4.5036181192660445, 48.00052716950527], [-4.488725152905188, 47.996806569343065], [-4.485001911314974, 47.985644768856446], [-4.458939220183475, 47.981924168694235], [-4.4477694954128335, 47.970762368207616], [-4.436599770642191, 47.970762368207616], [-4.432876529051977, 47.96332116788321], [-4.425430045871549, 47.96332116788321], [-4.421706804281334, 47.948438767234386], [-4.388197629969408, 47.922394566098944], [-4.388197629969408, 47.911232765612326], [-4.38075114678898, 47.907512165450115], [-4.377027905198766, 47.89262976480129], [-4.373304663608552, 47.89262976480129], [-4.373304663608552, 47.88146796431467], [-4.365858180428123, 47.88146796431467], [-4.36213493883791, 47.86658556366585], [-4.354688455657482, 47.85914436334144], [-4.354688455657482, 47.833100162205994], [-4.358411697247695, 47.82937956204379], [-4.377027905198766, 47.82937956204379], [-4.388197629969408, 47.81821776155717], [-4.388197629969408, 47.810776561232764], [-4.384474388379194, 47.810776561232764], [-4.388197629969408, 47.795894160583934], [-4.377027905198766, 47.795894160583934], [-4.377027905198766, 47.79217356042173], [-4.350965214067267, 47.79217356042173], [-4.347241972477053, 47.78845296025953], [-4.339795489296625, 47.795894160583934], [-4.324902522935769, 47.79217356042173], [-4.321179281345555, 47.799614760746145], [-4.302563073394484, 47.799614760746145], [-4.2951165902140565, 47.79217356042173], [-4.276500382262986, 47.79217356042173], [-4.276500382262986, 47.78845296025953], [-4.272777140672772, 47.79217356042173], [-4.2392679663608455, 47.79217356042173], [-4.2392679663608455, 47.795894160583934], [-4.220651758409775, 47.79217356042173], [-4.213205275229347, 47.799614760746145], [-4.1834193425076345, 47.795894160583934], [-4.1759728593272065, 47.80333536090835], [-4.1759728593272065, 47.810776561232764], [-4.164803134556564, 47.80705596107055], [-4.164803134556564, 47.82565896188159], [-4.157356651376136, 47.82565896188159], [-4.157356651376136, 47.833100162205994], [-4.1759728593272065, 47.836820762368205], [-4.1759728593272065, 47.84054136253041], [-4.157356651376136, 47.84426196269261], [-4.157356651376136, 47.85170316301703], [-4.149910168195707, 47.85914436334144], [-4.142463685015279, 47.85914436334144], [-4.142463685015279, 47.86286496350365], [-4.131293960244637, 47.86286496350365], [-4.131293960244637, 47.86658556366585], [-4.112677752293567, 47.86286496350365], [-4.112677752293567, 47.870306163828054], [-4.105231269113139, 47.870306163828054], [-4.105231269113139, 47.86286496350365], [-4.0717220948012125, 47.86286496350365], [-4.0717220948012125, 47.85914436334144], [-4.06055237003057, 47.85914436334144], [-4.06055237003057, 47.85542376317923], [-4.049382645259928, 47.85542376317923], [-4.049382645259928, 47.84426196269261], [-4.0419361620795, 47.836820762368205], [-4.034489678899072, 47.84426196269261], [-4.034489678899072, 47.85170316301703], [-3.9749178134556464, 47.85542376317923], [-3.982364296636075, 47.86286496350365], [-3.982364296636075, 47.87774736415247], [-3.989810779816503, 47.87774736415247], [-3.989810779816503, 47.88890916463909], [-3.948855122324148, 47.89262976480129], [-3.945131880733934, 47.88146796431467], [-3.933962155963292, 47.87774736415247], [-3.933962155963292, 47.870306163828054], [-3.9116227064220075, 47.870306163828054], [-3.9116227064220075, 47.86286496350365], [-3.92279243119265, 47.86286496350365], [-3.92279243119265, 47.85542376317923], [-3.9041762232415795, 47.85170316301703], [-3.9041762232415795, 47.833100162205994], [-3.893006498470937, 47.833100162205994], [-3.885560015290509, 47.82193836171938], [-3.874390290519867, 47.82193836171938], [-3.866943807339439, 47.80705596107055], [-3.8557740825687965, 47.80333536090835], [-3.8557740825687965, 47.79217356042173], [-3.811095183486228, 47.795894160583934], [-3.7999254587155855, 47.78473236009732], [-3.7962022171253715, 47.79217356042173], [-3.7552465596330165, 47.79217356042173], [-3.7552465596330165, 47.795894160583934], [-3.7403535932721605, 47.795894160583934], [-3.736630351681946, 47.80333536090835], [-3.725460626911304, 47.80333536090835], [-3.72173738532109, 47.795894160583934], [-3.6919514525993775, 47.78473236009732], [-3.6919514525993775, 47.77729115977291], [-3.6845049694189496, 47.77729115977291], [-3.6845049694189496, 47.773570559610704], [-3.677058486238521, 47.773570559610704], [-3.677058486238521, 47.77729115977291], [-3.650995795107023, 47.77729115977291], [-3.650995795107023, 47.773570559610704], [-3.6323795871559525, 47.773570559610704], [-3.6323795871559525, 47.76984995944849], [-3.591423929663598, 47.76984995944849], [-3.591423929663598, 47.76612935928629], [-3.5728077217125276, 47.76984995944849], [-3.5728077217125276, 47.76612935928629], [-3.5541915137614573, 47.76612935928629], [-3.5541915137614573, 47.762408759124085], [-3.550468272171243, 47.76612935928629], [-3.546745030581029, 47.762408759124085], [-3.5244055810397446, 47.762408759124085], [-3.509512614678888, 47.74752635847526], [-3.505789373088674, 47.72892335766423], [-3.487173165137604, 47.725202757502025], [-3.487173165137604, 47.71776155717761], [-3.4760034403669615, 47.714040957015406], [-3.4760034403669615, 47.70659975669099], [-3.453663990825677, 47.699158556366584], [-3.453663990825677, 47.69543795620437], [-3.435047782874607, 47.699158556366584], [-3.435047782874607, 47.70287915652879], [-3.423878058103965, 47.70287915652879], [-3.423878058103965, 47.699158556366584], [-3.4089850917431086, 47.699158556366584], [-3.4089850917431086, 47.70287915652879], [-3.38292240061161, 47.699158556366584], [-3.375475917431182, 47.70659975669099], [-3.375475917431182, 47.714040957015406], [-3.371752675840968, 47.714040957015406], [-3.371752675840968, 47.72892335766423], [-3.3568597094801116, 47.72892335766423], [-3.3531364678898976, 47.74752635847526], [-3.345689984709469, 47.74752635847526], [-3.345689984709469, 47.74008515815085], [-3.3345202599388273, 47.74008515815085], [-3.3345202599388273, 47.736364557988644], [-3.3382435015290413, 47.73264395782643], [-3.349413226299683, 47.736364557988644], [-3.3531364678898976, 47.71776155717761], [-3.3680294342507535, 47.714040957015406], [-3.3680294342507535, 47.70659975669099], [-3.3568597094801116, 47.70287915652879], [-3.3568597094801116, 47.699158556366584], [-3.3643061926605395, 47.699158556366584], [-3.3680294342507535, 47.687996755879965], [-3.3531364678898976, 47.687996755879965], [-3.349413226299683, 47.69543795620437], [-3.319627293577971, 47.69543795620437], [-3.319627293577971, 47.69171735604217], [-3.3047343272171146, 47.69171735604217], [-3.3047343272171146, 47.687996755879965], [-3.2861181192660442, 47.687996755879965], [-3.2861181192660442, 47.684276155717754], [-3.271225152905188, 47.68055555555555], [-3.267501911314974, 47.66939375506893], [-3.2526089449541176, 47.66567315490673], [-3.2526089449541176, 47.66195255474452], [-3.2414392201834756, 47.66195255474452], [-3.2302694954128333, 47.650790754257905], [-3.211653287461763, 47.647070154095694], [-3.204206804281335, 47.62846715328467], [-3.2004835626911206, 47.62846715328467], [-3.2004835626911206, 47.62102595296025], [-3.1855905963302646, 47.62102595296025], [-3.1818673547400502, 47.613584752635845], [-3.1706976299694083, 47.613584752635845], [-3.1669743883791943, 47.602422952149226], [-3.155804663608552, 47.59498175182481], [-3.155804663608552, 47.5875405515004], [-3.1446349388379096, 47.58381995133819], [-3.1446349388379096, 47.55777575020275], [-3.1409116972476956, 47.55777575020275], [-3.1409116972476956, 47.54289334955393], [-3.148358180428124, 47.539172749391724], [-3.148358180428124, 47.53173154906731], [-3.16325114678898, 47.53173154906731], [-3.159527905198766, 47.51684914841849], [-3.155804663608552, 47.51684914841849], [-3.155804663608552, 47.49824614760746], [-3.148358180428124, 47.49824614760746], [-3.1446349388379096, 47.48336374695863], [-3.1371884556574816, 47.48336374695863], [-3.1371884556574816, 47.47592254663422], [-3.1148490061161973, 47.47964314679643], [-3.1111257645259833, 47.47220194647201], [-3.107402522935769, 47.47592254663422], [-3.096232798165127, 47.47220194647201], [-3.096232798165127, 47.464760746147604], [-3.0813398318042706, 47.464760746147604], [-3.0813398318042706, 47.47592254663422], [-3.092509556574913, 47.47592254663422], [-3.096232798165127, 47.48708434712084], [-3.1148490061161973, 47.49824614760746], [-3.1148490061161973, 47.51312854825628], [-3.1260187308868392, 47.51684914841849], [-3.1260187308868392, 47.528010948905106], [-3.1297419724770537, 47.528010948905106], [-3.1297419724770537, 47.54289334955393], [-3.1222954892966253, 47.54289334955393], [-3.1222954892966253, 47.55405515004055], [-3.1148490061161973, 47.55405515004055], [-3.1148490061161973, 47.56149635036496], [-3.107402522935769, 47.56149635036496], [-3.107402522935769, 47.565216950527166], [-3.0887863149846986, 47.56149635036496], [-3.0887863149846986, 47.565216950527166], [-3.0776165902140566, 47.565216950527166], [-3.0776165902140566, 47.56893755068937], [-3.055277140672772, 47.56893755068937], [-3.055277140672772, 47.565216950527166], [-3.051553899082558, 47.56893755068937], [-3.0254912079510596, 47.56893755068937], [-3.0254912079510596, 47.565216950527166], [-3.0180447247706312, 47.565216950527166], [-3.0217679663608457, 47.56893755068937], [-3.0217679663608457, 47.58381995133819], [-3.0180447247706312, 47.58381995133819], [-3.0180447247706312, 47.58009935117599], [-3.0105982415902033, 47.58009935117599], [-3.0068749999999893, 47.565216950527166], [-2.988258792048919, 47.565216950527166], [-2.984535550458705, 47.56893755068937], [-2.984535550458705, 47.56149635036496], [-2.9770890672782766, 47.56149635036496], [-2.9733658256880626, 47.55405515004055], [-2.936133409785922, 47.55033454987834], [-2.936133409785922, 47.55405515004055], [-2.928686926605494, 47.55405515004055], [-2.928686926605494, 47.565216950527166], [-2.936133409785922, 47.56893755068937], [-2.939856651376136, 47.58009935117599], [-2.9510263761467783, 47.58381995133819], [-2.9547496177369923, 47.59870235198702], [-2.9621961009174202, 47.602422952149226], [-2.9584728593272063, 47.613584752635845], [-2.9547496177369923, 47.613584752635845], [-2.9547496177369923, 47.602422952149226], [-2.9473031345565643, 47.602422952149226], [-2.9473031345565643, 47.59498175182481], [-2.939856651376136, 47.59498175182481], [-2.939856651376136, 47.5875405515004], [-2.932410168195708, 47.5875405515004], [-2.928686926605494, 47.58009935117599], [-2.9175172018348516, 47.58381995133819], [-2.9175172018348516, 47.5875405515004], [-2.887731269113139, 47.58009935117599], [-2.887731269113139, 47.59498175182481], [-2.884008027522925, 47.59870235198702], [-2.8616685779816406, 47.59498175182481], [-2.8616685779816406, 47.613584752635845], [-2.8579453363914267, 47.61730535279805], [-2.8542220948012127, 47.613584752635845], [-2.8467756116207843, 47.613584752635845], [-2.8467756116207843, 47.61730535279805], [-2.831882645259928, 47.613584752635845], [-2.831882645259928, 47.61730535279805], [-2.820712920489286, 47.61730535279805], [-2.820712920489286, 47.62102595296025], [-2.7872037461773593, 47.62102595296025], [-2.776034021406717, 47.609864152473634], [-2.764864296636075, 47.609864152473634], [-2.764864296636075, 47.602422952149226], [-2.7425248470947907, 47.602422952149226], [-2.7388016055045763, 47.59498175182481], [-2.720185397553506, 47.59126115166261], [-2.720185397553506, 47.5875405515004], [-2.7425248470947907, 47.5875405515004], [-2.7425248470947907, 47.58009935117599], [-2.7462480886850047, 47.58381995133819], [-2.7536945718654326, 47.58009935117599], [-2.7536945718654326, 47.576378751013785], [-2.7425248470947907, 47.576378751013785], [-2.7425248470947907, 47.56893755068937], [-2.7388016055045763, 47.56893755068937], [-2.7388016055045763, 47.55777575020275], [-2.7462480886850047, 47.55777575020275], [-2.7536945718654326, 47.55033454987834], [-2.776034021406717, 47.55033454987834], [-2.7797572629969314, 47.55777575020275], [-2.7946502293577873, 47.55777575020275], [-2.7946502293577873, 47.55405515004055], [-2.8020967125382157, 47.55405515004055], [-2.8020967125382157, 47.55777575020275], [-2.828159403669714, 47.55777575020275], [-2.831882645259928, 47.55033454987834], [-2.8542220948012127, 47.55033454987834], [-2.8579453363914267, 47.54661394971613], [-2.8579453363914267, 47.55405515004055], [-2.872838302752283, 47.55777575020275], [-2.880284785932711, 47.565216950527166], [-2.887731269113139, 47.565216950527166], [-2.887731269113139, 47.56149635036496], [-2.9026242354739953, 47.565216950527166], [-2.9026242354739953, 47.56149635036496], [-2.9175172018348516, 47.55777575020275], [-2.9212404434250656, 47.54661394971613], [-2.9063474770642093, 47.54289334955393], [-2.9063474770642093, 47.53173154906731], [-2.8951777522935673, 47.53173154906731], [-2.8951777522935673, 47.539172749391724], [-2.884008027522925, 47.539172749391724], [-2.884008027522925, 47.53173154906731], [-2.8653918195718546, 47.528010948905106], [-2.8653918195718546, 47.52056974858069], [-2.8542220948012127, 47.51684914841849], [-2.8542220948012127, 47.49824614760746], [-2.8504988532109983, 47.49452554744525], [-2.828159403669714, 47.490804947283046], [-2.8244361620795, 47.48336374695863], [-2.816989678899072, 47.48336374695863], [-2.816989678899072, 47.48708434712084], [-2.7909269877675733, 47.48336374695863], [-2.7909269877675733, 47.48708434712084], [-2.776034021406717, 47.48708434712084], [-2.776034021406717, 47.49452554744525], [-2.7574178134556466, 47.49452554744525], [-2.7536945718654326, 47.490804947283046], [-2.7499713302752187, 47.49824614760746], [-2.7388016055045763, 47.49824614760746], [-2.7388016055045763, 47.50568734793187], [-2.7313551223241483, 47.50568734793187], [-2.7313551223241483, 47.50940794809407], [-2.716462155963292, 47.50940794809407], [-2.716462155963292, 47.50568734793187], [-2.7052924311926496, 47.50568734793187], [-2.7052924311926496, 47.49824614760746], [-2.6941227064220077, 47.49824614760746], [-2.6866762232415793, 47.490804947283046], [-2.6717832568807234, 47.490804947283046], [-2.6717832568807234, 47.49452554744525], [-2.660613532110081, 47.49824614760746], [-2.660613532110081, 47.50940794809407], [-2.6382740825687967, 47.51312854825628], [-2.6382740825687967, 47.50940794809407], [-2.6457205657492247, 47.50940794809407], [-2.6419973241590107, 47.49824614760746], [-2.6264912491971626, 47.49452554744525], [-2.6264912491971626, 47.49824614760746], [-2.60476490825687, 47.49824614760746], [-2.6004716602440476, 47.51312854825628], [-2.5595837347462957, 47.51312854825628], [-2.5595837347462957, 47.50940794809407], [-2.552149566473977, 47.50940794809407], [-2.540998314065499, 47.52056974858069], [-2.514978725112384, 47.52056974858069], [-2.514978725112384, 47.51684914841849], [-2.5038274727039065, 47.51684914841849], [-2.5038274727039065, 47.51312854825628], [-2.500110388567747, 47.51684914841849], [-2.496393304431588, 47.51312854825628], [-2.481524967886951, 47.51312854825628], [-2.481524967886951, 47.50940794809407], [-2.462939547206154, 47.50568734793187], [-2.462939547206154, 47.49824614760746], [-2.4220516217084023, 47.49824614760746], [-2.4220516217084023, 47.49452554744525], [-2.4666566313423135, 47.49452554744525], [-2.4666566313423135, 47.49824614760746], [-2.4778078837507915, 47.49824614760746], [-2.4778078837507915, 47.50568734793187], [-2.4926762202954285, 47.50568734793187], [-2.4926762202954285, 47.49824614760746], [-2.511261640976225, 47.49452554744525], [-2.511261640976225, 47.48708434712084], [-2.5038274727039065, 47.48708434712084], [-2.496393304431588, 47.47964314679643], [-2.496393304431588, 47.47220194647201], [-2.511261640976225, 47.47220194647201], [-2.511261640976225, 47.464760746147604], [-2.5038274727039065, 47.464760746147604], [-2.5038274727039065, 47.453598945660985], [-2.496393304431588, 47.44987834549878], [-2.4926762202954285, 47.43871654501216], [-2.470373715478473, 47.43499594484995], [-2.4666566313423135, 47.42383414436334], [-2.4778078837507915, 47.42383414436334], [-2.481524967886951, 47.416392944038925], [-2.4926762202954285, 47.416392944038925], [-2.4926762202954285, 47.40895174371451], [-2.5224128933847028, 47.4015105433901], [-2.5224128933847028, 47.39406934306569], [-2.5298470616570214, 47.39406934306569], [-2.533564145793181, 47.38662814274128], [-2.567017903018614, 47.38290754257907], [-2.567017903018614, 47.37546634225466], [-2.5595837347462957, 47.37546634225466], [-2.552149566473977, 47.36802514193025], [-2.533564145793181, 47.36802514193025], [-2.533564145793181, 47.36058394160583], [-2.526129977520862, 47.36058394160583], [-2.526129977520862, 47.34942214111922], [-2.511261640976225, 47.341980940794805], [-2.511261640976225, 47.315936739659364], [-2.5224128933847028, 47.31221613949716], [-2.5224128933847028, 47.30849553933495], [-2.552149566473977, 47.304774939172745], [-2.552149566473977, 47.28989253852392], [-2.5038274727039065, 47.28245133819951], [-2.496393304431588, 47.2750101378751], [-2.462939547206154, 47.27128953771289], [-2.455505378933836, 47.26384833738848], [-2.436919958253039, 47.26384833738848], [-2.436919958253039, 47.256407137064066], [-2.418334537572243, 47.256407137064066], [-2.418334537572243, 47.26384833738848], [-2.407183285163765, 47.2750101378751], [-2.377446612074491, 47.278730738037304], [-2.377446612074491, 47.2750101378751], [-2.355144107257535, 47.27128953771289], [-2.3477099389852167, 47.26384833738848], [-2.3439928548490574, 47.24896593673966], [-2.32912451830442, 47.24896593673966], [-2.32912451830442, 47.24524533657745], [-2.3068220134874644, 47.23780413625304], [-2.3068220134874644, 47.23408353609083], [-2.2919536769428275, 47.23408353609083], [-2.2919536769428275, 47.23780413625304], [-2.262217003853553, 47.24152473641524], [-2.2547828355812345, 47.25268653690186], [-2.22504616249196, 47.256407137064066], [-2.22504616249196, 47.26384833738848], [-2.2027436576750046, 47.27128953771289], [-2.1990265735388452, 47.278730738037304], [-2.1878753211303676, 47.278730738037304], [-2.1841582369942083, 47.28989253852392], [-2.165572816313412, 47.28617193836172], [-2.165572816313412, 47.28989253852392], [-2.1507044797687747, 47.28989253852392], [-2.1507044797687747, 47.29733373884833], [-2.1469873956326153, 47.29733373884833], [-2.1469873956326153, 47.28245133819951], [-2.143270311496456, 47.28245133819951], [-2.143270311496456, 47.28617193836172], [-2.1358361432241377, 47.28617193836172], [-2.1358361432241377, 47.29733373884833], [-2.1321190590879784, 47.29733373884833], [-2.1321190590879784, 47.28617193836172], [-2.117250722543341, 47.28989253852392], [-2.1209678066795004, 47.304774939172745], [-2.117250722543341, 47.30105433901054], [-2.1098165542710228, 47.30105433901054], [-2.1098165542710228, 47.304774939172745], [-2.076362797045589, 47.304774939172745], [-2.076362797045589, 47.30105433901054], [-2.050343208092474, 47.304774939172745], [-2.050343208092474, 47.30105433901054], [-2.0354748715478372, 47.30105433901054], [-2.0354748715478372, 47.29733373884833], [-2.050343208092474, 47.29733373884833], [-2.050343208092474, 47.28617193836172], [-2.1060994701348634, 47.28617193836172], [-2.113533638407182, 47.278730738037304], [-2.117250722543341, 47.28245133819951], [-2.1321190590879784, 47.28245133819951], [-2.1321190590879784, 47.278730738037304], [-2.139553227360297, 47.28245133819951], [-2.143270311496456, 47.2750101378751], [-2.1767240687218896, 47.27128953771289], [-2.1767240687218896, 47.256407137064066], [-2.180441152858049, 47.256407137064066], [-2.1878753211303676, 47.23780413625304], [-2.1767240687218896, 47.22664233576642], [-2.1767240687218896, 47.219201135442006], [-2.165572816313412, 47.2117599351176], [-2.169289900449571, 47.20803933495539], [-2.165572816313412, 47.20059813463098], [-2.1730069845857303, 47.19627675840978], [-2.169289900449571, 47.193156934306565], [-2.1730069845857303, 47.173937308868496], [-2.180441152858049, 47.173937308868496], [-2.1841582369942083, 47.16649082568807], [-2.2138949100834826, 47.16276758409786], [-2.2138949100834826, 47.15904434250764], [-2.221329078355801, 47.15904434250764], [-2.221329078355801, 47.16276758409786], [-2.236197414900438, 47.15904434250764], [-2.236197414900438, 47.15159785932721], [-2.243631583172757, 47.15159785932721], [-2.243631583172757, 47.14042813455657], [-2.2547828355812345, 47.13670489296636], [-2.2547828355812345, 47.13298165137614], [-2.236197414900438, 47.13298165137614], [-2.236197414900438, 47.129258409785926], [-2.22504616249196, 47.129258409785926], [-2.22504616249196, 47.12553516819571], [-2.1730069845857303, 47.1218119266055], [-2.1730069845857303, 47.11808868501529], [-2.165572816313412, 47.11808868501529], [-2.165572816313412, 47.11064220183486], [-2.1246848908156597, 47.11064220183486], [-2.1246848908156597, 47.10691896024464], [-2.1098165542710228, 47.10691896024464], [-2.1098165542710228, 47.10319571865443], [-2.087514049454067, 47.10319571865443], [-2.087514049454067, 47.09947247706422], [-2.0800798811817485, 47.09947247706422], [-2.0800798811817485, 47.09202599388379], [-2.0949482177263854, 47.08830275229357], [-2.0949482177263854, 47.08085626911315], [-2.0800798811817485, 47.08085626911315], [-2.0800798811817485, 47.07340978593272], [-2.0429090398201555, 47.0696865443425], [-2.039191955683996, 47.058516819571864], [-2.0354748715478372, 47.058516819571864], [-2.0429090398201555, 47.032454128440364], [-2.0689286287732704, 47.013837920489294], [-2.0689286287732704, 46.99894495412843], [-2.083796965317908, 46.99149847094801], [-2.0800798811817485, 46.961712538226294], [-2.0986653018625447, 46.969159021406725], [-2.0986653018625447, 46.98405198776758], [-2.102382385998704, 46.98405198776758], [-2.102382385998704, 46.97660550458715], [-2.113533638407182, 46.97660550458715], [-2.117250722543341, 46.961712538226294], [-2.1321190590879784, 46.96543577981651], [-2.1358361432241377, 46.98032874617736], [-2.1246848908156597, 46.98032874617736], [-2.117250722543341, 46.99149847094801], [-2.1060994701348634, 46.995221712538225], [-2.1060994701348634, 47.00266819571865], [-2.1209678066795004, 47.006391437308864], [-2.1209678066795004, 47.013837920489294], [-2.143270311496456, 47.013837920489294], [-2.143270311496456, 47.006391437308864], [-2.165572816313412, 47.006391437308864], [-2.165572816313412, 47.00266819571865], [-2.1767240687218896, 47.00266819571865], [-2.180441152858049, 46.995221712538225], [-2.191592405266527, 46.995221712538225], [-2.191592405266527, 46.99149847094801], [-2.2027436576750046, 46.987775229357794], [-2.1990265735388452, 46.99894495412843], [-2.2138949100834826, 46.99894495412843], [-2.221329078355801, 47.01756116207951], [-2.22504616249196, 47.02128440366972], [-2.2399144990365976, 47.02128440366972], [-2.247348667308916, 47.032454128440364], [-2.288236592806668, 47.032454128440364], [-2.288236592806668, 47.02873088685015], [-2.2919536769428275, 47.032454128440364], [-2.295670761078987, 47.02873088685015], [-2.3105390976236237, 47.032454128440364], [-2.3179732658959424, 47.02500764525993], [-2.303104929351305, 47.01756116207951], [-2.303104929351305, 47.00266819571865], [-2.314256181759783, 47.006391437308864], [-2.314256181759783, 47.00266819571865], [-2.325407434168261, 47.00266819571865], [-2.325407434168261, 46.995221712538225], [-2.3179732658959424, 46.995221712538225], [-2.321690350032102, 46.99149847094801], [-2.3179732658959424, 46.98032874617736], [-2.2919536769428275, 46.98032874617736], [-2.288236592806668, 46.97660550458715], [-2.288236592806668, 46.969159021406725], [-2.3068220134874644, 46.969159021406725], [-2.3068220134874644, 46.961712538226294], [-2.303104929351305, 46.95798929663608], [-2.258499919717394, 46.95426605504587], [-2.258499919717394, 46.950542813455655], [-2.243631583172757, 46.95426605504587], [-2.247348667308916, 46.935649847094794], [-2.2399144990365976, 46.935649847094794], [-2.236197414900438, 46.94681957186544], [-2.206460741811164, 46.943096330275225], [-2.206460741811164, 46.935649847094794], [-2.1878753211303676, 46.935649847094794], [-2.1841582369942083, 46.92075688073394], [-2.1878753211303676, 46.92075688073394], [-2.191592405266527, 46.9095871559633], [-2.1878753211303676, 46.9095871559633], [-2.1878753211303676, 46.898417431192655], [-2.1841582369942083, 46.898417431192655], [-2.1878753211303676, 46.89097094801223], [-2.180441152858049, 46.89097094801223], [-2.180441152858049, 46.8835244648318], [-2.1767240687218896, 46.8835244648318], [-2.180441152858049, 46.872354740061155], [-2.1767240687218896, 46.872354740061155], [-2.1767240687218896, 46.86490825688073], [-2.1730069845857303, 46.86490825688073], [-2.1730069845857303, 46.872354740061155], [-2.169289900449571, 46.872354740061155], [-2.169289900449571, 46.86490825688073], [-2.1581386480410933, 46.86490825688073], [-2.154421563904934, 46.861185015290516], [-2.154421563904934, 46.84256880733945], [-2.1507044797687747, 46.84256880733945], [-2.154421563904934, 46.83884556574923], [-2.1507044797687747, 46.81650611620795], [-2.165572816313412, 46.81650611620795], [-2.165572816313412, 46.809059633027516], [-2.139553227360297, 46.81278287461773], [-2.139553227360297, 46.809059633027516], [-2.1246848908156597, 46.80533639143731], [-2.1246848908156597, 46.79788990825688], [-2.117250722543341, 46.79788990825688], [-2.117250722543341, 46.79416666666666], [-2.1060994701348634, 46.79416666666666], [-2.1060994701348634, 46.79044342507645], [-2.087514049454067, 46.78672018348623], [-2.087514049454067, 46.78299694189602], [-2.076362797045589, 46.78299694189602], [-2.065211544637111, 46.77182721712538], [-2.0540602922286335, 46.77182721712538], [-2.050343208092474, 46.76065749235474], [-2.0429090398201555, 46.76065749235474], [-2.031757787411678, 46.74948776758409], [-2.0206065350032, 46.74948776758409], [-2.013172366730881, 46.738318042813454], [-2.0020211143224036, 46.73459480122324], [-1.9983040301862443, 46.72342507645259], [-1.983435693641607, 46.719701834862384], [-1.983435693641607, 46.71597859327217], [-1.9908698619139256, 46.71597859327217], [-1.9908698619139256, 46.70853211009174], [-1.983435693641607, 46.70853211009174], [-1.9722844412331293, 46.68991590214067], [-1.9499819364161735, 46.693639143730884], [-1.9276794315992178, 46.667576452599384], [-1.91652817919074, 46.667576452599384], [-1.9128110950545807, 46.66385321100917], [-1.9128110950545807, 46.648960244648315], [-1.8979427585099435, 46.63406727828746], [-1.8867915061014657, 46.630344036697245], [-1.8867915061014657, 46.6191743119266], [-1.8793573378291473, 46.6191743119266], [-1.8793573378291473, 46.615451070336384], [-1.8607719171483508, 46.60800458715596], [-1.8570548330121914, 46.58194189602446], [-1.8533377488760323, 46.58194189602446], [-1.8533377488760323, 46.57449541284403], [-1.8459035806037136, 46.57449541284403], [-1.8421864964675545, 46.552155963302745], [-1.8384694123313952, 46.552155963302745], [-1.8310352440590765, 46.52981651376146], [-1.8273181599229174, 46.52981651376146], [-1.823601075786758, 46.49630733944954], [-1.8087327392421209, 46.49258409785932], [-1.8087327392421209, 46.4851376146789], [-1.797581486833643, 46.4851376146789], [-1.797581486833643, 46.49258409785932], [-1.7752789820166874, 46.49258409785932], [-1.7752789820166874, 46.4851376146789], [-1.7641277296082096, 46.47396788990825], [-1.7529764771997316, 46.47396788990825], [-1.7492593930635725, 46.46652140672782], [-1.7195227199742982, 46.4590749235474], [-1.7158056358381388, 46.44790519877675], [-1.6712006262042276, 46.43673547400611], [-1.6674835420680683, 46.42928899082568], [-1.6600493737957496, 46.42928899082568], [-1.6600493737957496, 46.42184250764526], [-1.6451810372511126, 46.42184250764526], [-1.6451810372511126, 46.41439602446483], [-1.6340297848426346, 46.41439602446483], [-1.6340297848426346, 46.41067278287461], [-1.5671222703917675, 46.4069495412844], [-1.5671222703917675, 46.40322629969418], [-1.5411026814386526, 46.40322629969418], [-1.5411026814386526, 46.4069495412844], [-1.5150830924855376, 46.40322629969418], [-1.5150830924855376, 46.399503058103974], [-1.4964976718047414, 46.392056574923544], [-1.4964976718047414, 46.3808868501529], [-1.4890635035324227, 46.37716360856269], [-1.4853464193962636, 46.36227064220183], [-1.4816293352601042, 46.36227064220183], [-1.4816293352601042, 46.35110091743119], [-1.4779122511239449, 46.35110091743119], [-1.4816293352601042, 46.33993119266054], [-1.4481755780346706, 46.33993119266054], [-1.4481755780346706, 46.336207951070335], [-1.4221559890815556, 46.33993119266054], [-1.4221559890815556, 46.336207951070335], [-1.3924193159922815, 46.336207951070335], [-1.3924193159922815, 46.33248470948012], [-1.3887022318561222, 46.336207951070335], [-1.3515313904945294, 46.336207951070335], [-1.3515313904945294, 46.33248470948012], [-1.3403801380860516, 46.33248470948012], [-1.3366630539498923, 46.32503822629969], [-1.3255118015414145, 46.32503822629969], [-1.3180776332690958, 46.29897553516819], [-1.3106434649967773, 46.29897553516819], [-1.2994922125882995, 46.284082568807335], [-1.2846238760436623, 46.284082568807335], [-1.2846238760436623, 46.276636085626905], [-1.2734726236351845, 46.272912844036696], [-1.2734726236351845, 46.26918960244648], [-1.2325846981374324, 46.26918960244648], [-1.2325846981374324, 46.265466360856266], [-1.2214334457289546, 46.265466360856266], [-1.2214334457289546, 46.26174311926605], [-1.1991309409119988, 46.26174311926605], [-1.1991309409119988, 46.265466360856266], [-1.1842626043673616, 46.265466360856266], [-1.1805455202312025, 46.26918960244648], [-1.1842626043673616, 46.258019877675835], [-1.1954138567758397, 46.25429663608562], [-1.1954138567758397, 46.246850152905196], [-1.187979688503521, 46.246850152905196], [-1.187979688503521, 46.23568042813455], [-1.1954138567758397, 46.23568042813455], [-1.1954138567758397, 46.231957186544335], [-1.187979688503521, 46.231957186544335], [-1.187979688503521, 46.22823394495413], [-1.1991309409119988, 46.22823394495413], [-1.2065651091843175, 46.220787461773696], [-1.2065651091843175, 46.213340978593266], [-1.213999277456636, 46.20589449541284], [-1.213999277456636, 46.19844801223241], [-1.2102821933204766, 46.19844801223241], [-1.213999277456636, 46.18727828746177], [-1.2214334457289546, 46.17983180428134], [-1.228867614001273, 46.17983180428134], [-1.228867614001273, 46.168662079510696], [-1.2325846981374324, 46.168662079510696], [-1.228867614001273, 46.15376911314984], [-1.2325846981374324, 46.15004587155963], [-1.2214334457289546, 46.15004587155963], [-1.2214334457289546, 46.14632262996941], [-1.1768284360950432, 46.15004587155963], [-1.1805455202312025, 46.13515290519877], [-1.161960099550406, 46.13142966360856], [-1.1582430154142467, 46.12770642201834], [-1.161960099550406, 46.1165366972477], [-1.1508088471419282, 46.1165366972477], [-1.1433746788696095, 46.097920489296634], [-1.1285063423249726, 46.09419724770642], [-1.1285063423249726, 46.08675076452599], [-1.1173550899164946, 46.08302752293577], [-1.1173550899164946, 46.060688073394495], [-1.1247892581888133, 46.060688073394495], [-1.1285063423249726, 46.053241590214064], [-1.1136380057803354, 46.04951834862385], [-1.1024867533718576, 46.03834862385321], [-1.1024867533718576, 46.027178899082564], [-1.1173550899164946, 46.02345565749235], [-1.1173550899164946, 46.01228593272171], [-1.1396575947334504, 46.01228593272171], [-1.1433746788696095, 45.99739296636085], [-1.135940510597291, 45.99739296636085], [-1.1322234264611317, 45.989946483180425], [-1.1136380057803354, 45.98622324159021], [-1.109920921644176, 45.97877675840978], [-1.1024867533718576, 45.97877675840978], [-1.0913355009633796, 45.96016055045871], [-1.1024867533718576, 45.963883792048925], [-1.1062038375080168, 45.97505351681957], [-1.1470917630057689, 45.97505351681957], [-1.1508088471419282, 45.97877675840978], [-1.1470917630057689, 45.96016055045871], [-1.1396575947334504, 45.96016055045871], [-1.1322234264611317, 45.94154434250764], [-1.1285063423249726, 45.94154434250764], [-1.1285063423249726, 45.93409785932721], [-1.1322234264611317, 45.93409785932721], [-1.1322234264611317, 45.9043119266055], [-1.135940510597291, 45.9043119266055], [-1.135940510597291, 45.893142201834856], [-1.1470917630057689, 45.88197247706422], [-1.1582430154142467, 45.88197247706422], [-1.1731113519588838, 45.86707951070336], [-1.1805455202312025, 45.86707951070336], [-1.1768284360950432, 45.82240061162079], [-1.187979688503521, 45.81123088685015], [-1.1731113519588838, 45.81123088685015], [-1.1731113519588838, 45.80750764525993], [-1.1954138567758397, 45.803784403669724], [-1.2028480250481581, 45.79633792048929], [-1.2214334457289546, 45.79633792048929], [-1.2214334457289546, 45.78889143730886], [-1.2474530346820696, 45.78516819571865], [-1.2474530346820696, 45.77399847094801], [-1.2511701188182287, 45.77399847094801], [-1.2511701188182287, 45.751659021406724], [-1.2474530346820696, 45.74793577981651], [-1.2511701188182287, 45.74793577981651], [-1.254887202954388, 45.73676605504587], [-1.2474530346820696, 45.733042813455654], [-1.2437359505459102, 45.6920871559633], [-1.240018866409751, 45.6920871559633], [-1.2325846981374324, 45.67347094801223], [-1.2214334457289546, 45.67347094801223], [-1.2214334457289546, 45.677194189602446], [-1.2325846981374324, 45.680917431192654], [-1.228867614001273, 45.695810397553515], [-1.2102821933204766, 45.695810397553515], [-1.2102821933204766, 45.68464067278287], [-1.1954138567758397, 45.68464067278287], [-1.1954138567758397, 45.680917431192654], [-1.1842626043673616, 45.680917431192654], [-1.1768284360950432, 45.67347094801223], [-1.1693942678227247, 45.67347094801223], [-1.1693942678227247, 45.669747706422015], [-1.161960099550406, 45.669747706422015], [-1.161960099550406, 45.6660244648318], [-1.1508088471419282, 45.6660244648318], [-1.1508088471419282, 45.662301223241585], [-1.135940510597291, 45.65857798165137], [-1.135940510597291, 45.651131498470946], [-1.1285063423249726, 45.651131498470946], [-1.1285063423249726, 45.64740825688073], [-1.1136380057803354, 45.64740825688073], [-1.1136380057803354, 45.643685015290515], [-1.0913355009633796, 45.6399617737003], [-1.0913355009633796, 45.636238532110085], [-1.0764671644187427, 45.636238532110085], [-1.069032996146424, 45.62879204892966], [-1.0615988278741055, 45.62879204892966], [-1.0615988278741055, 45.625068807339446], [-1.0541646596017868, 45.625068807339446], [-1.0541646596017868, 45.62134556574923], [-1.043013407193309, 45.62134556574923], [-1.043013407193309, 45.6138990825688], [-1.0392963230571497, 45.6138990825688], [-1.0392963230571497, 45.62134556574923], [-1.0318621547848312, 45.6138990825688], [-1.0318621547848312, 45.62134556574923], [-1.0281450706486719, 45.62134556574923], [-1.0281450706486719, 45.6138990825688], [-1.0207109023763534, 45.6138990825688], [-1.0207109023763534, 45.599006116207946], [-1.002125481695557, 45.599006116207946], [-0.9984083975593977, 45.59528287461773], [-0.9984083975593977, 45.58783639143731], [-0.9946913134232385, 45.58783639143731], [-0.9984083975593977, 45.57666666666666], [-0.9946913134232385, 45.572943425076446], [-0.9798229768786013, 45.56922018348624], [-0.976105892742442, 45.56177370030581], [-0.9686717244701234, 45.56177370030581], [-0.9612375561978049, 45.554327217125376], [-0.9352179672446899, 45.554327217125376], [-0.9352179672446899, 45.54688073394495], [-0.9203496307000528, 45.54315749235474], [-0.9091983782915749, 45.53198776758409], [-0.8906129576107785, 45.52826452599388], [-0.8906129576107785, 45.52454128440367], [-0.8757446210661415, 45.52081804281345], [-0.8757446210661415, 45.51709480122324], [-0.8608762845215043, 45.51709480122324], [-0.857159200385345, 45.5059250764526], [-0.8385737797045486, 45.50220183486238], [-0.8348566955683894, 45.49475535168195], [-0.8274225272960708, 45.49475535168195], [-0.8237054431599115, 45.483585626911314], [-0.8162712748875929, 45.48730886850152], [-0.8125541907514336, 45.47241590214067], [-0.8014029383429558, 45.47241590214067], [-0.8014029383429558, 45.46496941896024], [-0.7939687700706373, 45.46496941896024], [-0.7902516859344779, 45.4537996941896], [-0.7828175176621595, 45.4537996941896], [-0.7828175176621595, 45.44262996941896], [-0.7716662652536815, 45.438906727828744], [-0.7679491811175223, 45.42401376146788], [-0.7567979287090445, 45.41656727828746], [-0.7567979287090445, 45.39795107033639], [-0.7493637604367259, 45.394227828746175], [-0.7493637604367259, 45.386781345565744], [-0.7419295921644073, 45.37933486238532], [-0.7419295921644073, 45.368165137614675], [-0.7344954238920888, 45.368165137614675], [-0.7344954238920888, 45.356995412844036], [-0.7270612556197702, 45.349548929663605], [-0.7270612556197702, 45.330932721712536], [-0.7196270873474516, 45.323486238532105], [-0.7159100032112924, 45.297423547400605], [-0.712192919075133, 45.297423547400605], [-0.712192919075133, 45.286253822629966], [-0.7084758349389738, 45.286253822629966], [-0.7084758349389738, 45.26391437308868], [-0.7010416666666552, 45.26391437308868], [-0.7010416666666552, 45.20434250764526], [-0.7084758349389738, 45.20434250764526], [-0.712192919075133, 45.21923547400611], [-0.7196270873474516, 45.21178899082568], [-0.7196270873474516, 45.192565055762074], [-0.712192919075133, 45.18884758364312], [-0.712192919075133, 45.17827981651376], [-0.7084758349389738, 45.17827981651376], [-0.7084758349389738, 45.18513011152416], [-0.7010416666666552, 45.18513011152416], [-0.7010416666666552, 45.118215613382894], [-0.712192919075133, 45.12193308550185], [-0.7159100032112924, 45.136802973977694], [-0.723344171483611, 45.14423791821561], [-0.723344171483611, 45.15539033457249], [-0.7307783397559294, 45.159107806691445], [-0.7344954238920888, 45.17397769516728], [-0.7419295921644073, 45.17397769516728], [-0.7419295921644073, 45.18200305810397], [-0.7456466763005666, 45.18200305810397], [-0.7493637604367259, 45.20806574923547], [-0.7530808445728852, 45.20806574923547], [-0.7530808445728852, 45.22668195718654], [-0.7493637604367259, 45.23040519877676], [-0.7530808445728852, 45.23040519877676], [-0.7567979287090445, 45.260191131498466], [-0.764232096981363, 45.2676376146789], [-0.764232096981363, 45.28253058103975], [-0.7679491811175223, 45.28253058103975], [-0.7716662652536815, 45.297423547400605], [-0.7828175176621595, 45.30114678899082], [-0.7828175176621595, 45.312316513761466], [-0.7902516859344779, 45.316039755351675], [-0.7939687700706373, 45.330932721712536], [-0.8014029383429558, 45.33465596330275], [-0.8014029383429558, 45.34582568807339], [-0.8125541907514336, 45.349548929663605], [-0.8274225272960708, 45.368165137614675], [-0.8348566955683894, 45.368165137614675], [-0.8385737797045486, 45.37933486238532], [-0.8534421162491858, 45.38305810397553], [-0.857159200385345, 45.39050458715596], [-0.8645933686576636, 45.39050458715596], [-0.8757446210661415, 45.4016743119266], [-0.8868958734746193, 45.4016743119266], [-0.8906129576107785, 45.412844036697244], [-0.8980471258830971, 45.412844036697244], [-0.9054812941554157, 45.42401376146788], [-0.9166325465638935, 45.42401376146788], [-0.9203496307000528, 45.431460244648314], [-0.9277837989723714, 45.431460244648314], [-0.9352179672446899, 45.45007645259938], [-0.950086303789327, 45.4537996941896], [-0.9538033879254864, 45.46124617737003], [-0.9649546403339642, 45.46124617737003], [-0.9649546403339642, 45.47241590214067], [-0.9723888086062827, 45.46869266055045], [-0.976105892742442, 45.483585626911314], [-0.9872571451509199, 45.483585626911314], [-0.9872571451509199, 45.47613914373088], [-0.9909742292870791, 45.47613914373088], [-0.9909742292870791, 45.483585626911314], [-1.002125481695557, 45.48730886850152], [-1.0058425658317163, 45.49475535168195], [-1.0207109023763534, 45.49103211009174], [-1.0392963230571497, 45.50964831804281], [-1.0392963230571497, 45.51709480122324], [-1.0467304913294684, 45.52454128440367], [-1.043013407193309, 45.54315749235474], [-1.0578817437379462, 45.54688073394495], [-1.0578817437379462, 45.55805045871559], [-1.0615988278741055, 45.55805045871559], [-1.0653159120102647, 45.56177370030581], [-1.0653159120102647, 45.572943425076446], [-1.0839013326910611, 45.56922018348624], [-1.0839013326910611, 45.56549694189602], [-1.0987696692356983, 45.56549694189602], [-1.1062038375080168, 45.53943425076452], [-1.1173550899164946, 45.52826452599388], [-1.1247892581888133, 45.52826452599388], [-1.1285063423249726, 45.52081804281345], [-1.135940510597291, 45.52081804281345], [-1.1433746788696095, 45.50220183486238], [-1.1508088471419282, 45.49847859327217], [-1.1508088471419282, 45.49103211009174], [-1.1582430154142467, 45.49103211009174], [-1.1582430154142467, 45.483585626911314], [-1.161960099550406, 45.483585626911314], [-1.1656771836865654, 45.46496941896024], [-1.161960099550406, 45.46496941896024], [-1.161960099550406, 45.4537996941896], [-1.1582430154142467, 45.4537996941896], [-1.1582430154142467, 45.438906727828744], [-1.161960099550406, 45.438906727828744], [-1.161960099550406, 45.4277370030581], [-1.1693942678227247, 45.420290519877675], [-1.1656771836865654, 45.34582568807339], [-1.1693942678227247, 45.34582568807339], [-1.1693942678227247, 45.278807339449536], [-1.1731113519588838, 45.278807339449536], [-1.1731113519588838, 45.252744648318036], [-1.1768284360950432, 45.252744648318036], [-1.1805455202312025, 45.18572629969419], [-1.1842626043673616, 45.18572629969419], [-1.187979688503521, 45.14052044609665], [-1.1954138567758397, 45.14052044609665], [-1.1954138567758397, 45.107063197026015], [-1.2028480250481581, 45.0996282527881], [-1.2028480250481581, 45.06988847583643], [-1.2065651091843175, 45.06988847583643], [-1.2028480250481581, 45.05501858736059], [-1.2065651091843175, 45.05501858736059], [-1.2065651091843175, 45.02899628252788], [-1.2102821933204766, 45.02899628252788], [-1.2102821933204766, 44.980669144981405], [-1.213999277456636, 44.980669144981405], [-1.213999277456636, 44.96208178438661], [-1.2177163615927953, 44.96208178438661], [-1.2214334457289546, 44.91003717472118], [-1.228867614001273, 44.91003717472118], [-1.2325846981374324, 44.843122676579924], [-1.2363017822735916, 44.843122676579924], [-1.2363017822735916, 44.82453531598512], [-1.240018866409751, 44.82453531598512], [-1.240018866409751, 44.79851301115241], [-1.2437359505459102, 44.79851301115241], [-1.2437359505459102, 44.779925650557615], [-1.2474530346820696, 44.779925650557615], [-1.2511701188182287, 44.73531598513011], [-1.254887202954388, 44.73531598513011], [-1.254887202954388, 44.70929368029739], [-1.2623213712267067, 44.70929368029739], [-1.2697555394990252, 44.631226765799255], [-1.2660384553628659, 44.631226765799255], [-1.2623213712267067, 44.620074349442376], [-1.2474530346820696, 44.620074349442376], [-1.2474530346820696, 44.64237918215613], [-1.2437359505459102, 44.64237918215613], [-1.2437359505459102, 44.65724907063196], [-1.240018866409751, 44.65724907063196], [-1.2437359505459102, 44.67583643122676], [-1.2363017822735916, 44.68327137546468], [-1.2325846981374324, 44.705576208178435], [-1.213999277456636, 44.71301115241635], [-1.213999277456636, 44.716728624535314], [-1.2065651091843175, 44.716728624535314], [-1.2065651091843175, 44.72044609665427], [-1.1991309409119988, 44.72044609665427], [-1.1991309409119988, 44.72416356877323], [-1.1731113519588838, 44.727881040892186], [-1.1693942678227247, 44.74275092936803], [-1.161960099550406, 44.74275092936803], [-1.161960099550406, 44.73531598513011], [-1.1508088471419282, 44.73531598513011], [-1.1508088471419282, 44.727881040892186], [-1.1656771836865654, 44.727881040892186], [-1.1768284360950432, 44.716728624535314], [-1.1470917630057689, 44.71301115241635], [-1.1433746788696095, 44.70929368029739], [-1.1322234264611317, 44.72044609665427], [-1.1247892581888133, 44.72044609665427], [-1.1247892581888133, 44.727881040892186], [-1.1136380057803354, 44.727881040892186], [-1.109920921644176, 44.72416356877323], [-1.1136380057803354, 44.716728624535314], [-1.0987696692356983, 44.716728624535314], [-1.0987696692356983, 44.71301115241635], [-1.1285063423249726, 44.70929368029739], [-1.1322234264611317, 44.694423791821556], [-1.1247892581888133, 44.68698884758364], [-1.1173550899164946, 44.68698884758364], [-1.1173550899164946, 44.68327137546468], [-1.109920921644176, 44.68327137546468], [-1.1024867533718576, 44.6907063197026], [-1.1024867533718576, 44.70185873605948], [-1.095052585099539, 44.70185873605948], [-1.0987696692356983, 44.6907063197026], [-1.0727500802825833, 44.6907063197026], [-1.0727500802825833, 44.68698884758364], [-1.0839013326910611, 44.68698884758364], [-1.0839013326910611, 44.68327137546468], [-1.0987696692356983, 44.67955390334572], [-1.0987696692356983, 44.67583643122676], [-1.1173550899164946, 44.672118959107806], [-1.1136380057803354, 44.664684014869884], [-1.1322234264611317, 44.664684014869884], [-1.1322234264611317, 44.65724907063196], [-1.1433746788696095, 44.65724907063196], [-1.1433746788696095, 44.664684014869884], [-1.1582430154142467, 44.664684014869884], [-1.1582430154142467, 44.66840148698884], [-1.1991309409119988, 44.664684014869884], [-1.1991309409119988, 44.65724907063196], [-1.2065651091843175, 44.653531598513005], [-1.2065651091843175, 44.64237918215613], [-1.2102821933204766, 44.64237918215613], [-1.2065651091843175, 44.63866171003717], [-1.2102821933204766, 44.6089219330855], [-1.2177163615927953, 44.60520446096654], [-1.2214334457289546, 44.58661710037174], [-1.228867614001273, 44.58661710037174], [-1.228867614001273, 44.579182156133825], [-1.2363017822735916, 44.571747211895904], [-1.2437359505459102, 44.571747211895904], [-1.2474530346820696, 44.55315985130111], [-1.254887202954388, 44.545724907063196], [-1.2623213712267067, 44.545724907063196], [-1.2623213712267067, 44.538289962825274], [-1.2660384553628659, 44.538289962825274], [-1.2623213712267067, 44.53457249070632], [-1.2623213712267067, 44.51598513011152], [-1.254887202954388, 44.51598513011152], [-1.254887202954388, 44.48252788104089], [-1.2623213712267067, 44.48252788104089], [-1.2623213712267067, 44.44907063197026], [-1.2660384553628659, 44.44907063197026], [-1.2660384553628659, 44.42304832713754], [-1.2697555394990252, 44.42304832713754], [-1.2697555394990252, 44.39702602230483], [-1.2734726236351845, 44.39702602230483], [-1.2734726236351845, 44.37472118959107], [-1.2771897077713437, 44.37472118959107], [-1.2771897077713437, 44.35613382899628], [-1.280906791907503, 44.35613382899628], [-1.280906791907503, 44.33011152416356], [-1.2846238760436623, 44.33011152416356], [-1.2920580443159808, 44.26691449814126], [-1.2994922125882995, 44.26691449814126], [-1.2994922125882995, 44.24089219330855], [-1.3032092967244586, 44.24089219330855], [-1.306926380860618, 44.199999999999996], [-1.3106434649967773, 44.199999999999996], [-1.3106434649967773, 44.17397769516728], [-1.3143605491329367, 44.17397769516728], [-1.3143605491329367, 44.15539033457249], [-1.3180776332690958, 44.15539033457249], [-1.3180776332690958, 44.13308550185873], [-1.3255118015414145, 44.125650557620816], [-1.3255118015414145, 44.10334572490706], [-1.332945969813733, 44.10334572490706], [-1.332945969813733, 44.09591078066914], [-1.3366630539498923, 44.09591078066914], [-1.3403801380860516, 44.06245353159851], [-1.3440972222222107, 44.06245353159851], [-1.34781430635837, 44.04014869888476], [-1.3515313904945294, 44.04014869888476], [-1.3552484746306885, 43.999256505576206], [-1.3589655587668479, 43.999256505576206], [-1.3589655587668479, 43.98810408921933], [-1.3663997270391666, 43.98810408921933], [-1.3812680635838035, 43.906319702602225], [-1.3849851477199628, 43.906319702602225], [-1.3849851477199628, 43.895167286245346], [-1.3887022318561222, 43.895167286245346], [-1.3887022318561222, 43.88029739776951], [-1.3924193159922815, 43.88029739776951], [-1.3924193159922815, 43.86914498141264], [-1.3961364001284406, 43.86914498141264], [-1.3961364001284406, 43.85799256505576], [-1.4035705684007593, 43.85799256505576], [-1.4072876525369187, 43.82453531598512], [-1.4110047366730778, 43.82453531598512], [-1.4110047366730778, 43.81338289962825], [-1.4147218208092371, 43.81338289962825], [-1.4147218208092371, 43.80223048327137], [-1.4184389049453965, 43.80223048327137], [-1.4221559890815556, 43.77620817843866], [-1.425873073217715, 43.77620817843866], [-1.425873073217715, 43.757620817843865], [-1.4295901573538743, 43.757620817843865], [-1.4295901573538743, 43.746468401486986], [-1.4370243256261928, 43.746468401486986], [-1.4370243256261928, 43.73531598513011], [-1.440741409762352, 43.73531598513011], [-1.440741409762352, 43.716728624535314], [-1.4444584938985114, 43.716728624535314], [-1.4444584938985114, 43.70185873605948], [-1.4481755780346706, 43.70185873605948], [-1.45189266217083, 43.64237918215613], [-1.4593268304431486, 43.63494423791821], [-1.4593268304431486, 43.62750929368029], [-1.4704780828516264, 43.62379182156133], [-1.4704780828516264, 43.612639405204455], [-1.4853464193962636, 43.59776951672862], [-1.492780587668582, 43.57546468401487], [-1.5002147559409007, 43.571747211895904], [-1.5002147559409007, 43.56431226765799], [-1.5113660083493785, 43.56059479553903], [-1.5113660083493785, 43.54944237918215], [-1.5225172607578563, 43.54200743494423], [-1.5299514290301748, 43.52342007434944], [-1.5411026814386526, 43.51970260223048], [-1.5411026814386526, 43.51226765799256], [-1.5485368497109713, 43.5085501858736], [-1.5522539338471306, 43.49739776951672], [-1.559688102119449, 43.49739776951672], [-1.5634051862556084, 43.48996282527881], [-1.5782735228002456, 43.48996282527881], [-1.5745564386640862, 43.47509293680297], [-1.5968589434810418, 43.452788104089215], [-1.6005760276172012, 43.43791821561338], [-1.6303127007064755, 43.4267657992565], [-1.6303127007064755, 43.419330855018586], [-1.6451810372511126, 43.419330855018586], [-1.6488981213872718, 43.40817843866171], [-1.663766457931909, 43.40817843866171], [-1.6674835420680683, 43.39330855018587], [-1.6860689627488645, 43.39330855018587], [-1.6860689627488645, 43.400743494423786], [-1.6935031310211832, 43.400743494423786], [-1.6935031310211832, 43.39702602230483], [-1.7343910565189353, 43.38959107806691], [-1.7343910565189353, 43.38587360594795], [-1.7604106454720503, 43.38959107806691], [-1.7641277296082096, 43.38215613382899], [-1.782713150289006, 43.38215613382899], [-1.782713150289006, 43.37472118959107], [-1.7864302344251652, 43.37472118959107], [-1.7864302344251652, 43.38215613382899], [-1.797581486833643, 43.38215613382899], [-1.7938644026974837, 43.39702602230483], [-1.8050156551059615, 43.39702602230483], [-1.8050156551059615, 43.39330855018587], [-1.8459035806037136, 43.38587360594795], [-1.8459035806037136, 43.38215613382899], [-1.8607719171483508, 43.38215613382899], [-1.8607719171483508, 43.37472118959107], [-1.8719231695568286, 43.37472118959107], [-1.8793573378291473, 43.36728624535316], [-1.8793573378291473, 43.359851301115235], [-1.8867915061014657, 43.359851301115235], [-1.8979427585099435, 43.34869888475836], [-1.9090940109184216, 43.34869888475836], [-1.9090940109184216, 43.34126394052044], [-1.9239623474630585, 43.34126394052044], [-1.9239623474630585, 43.337546468401484], [-1.9611331888246515, 43.337546468401484], [-1.9611331888246515, 43.34126394052044], [-1.96856735709697, 43.34126394052044], [-1.96856735709697, 43.337546468401484], [-1.9760015253692886, 43.337546468401484], [-1.9760015253692886, 43.33011152416356], [-1.9983040301862443, 43.33011152416356], [-1.994586946050085, 43.318959107806684], [-2.0020211143224036, 43.318959107806684], [-2.005738198458563, 43.326394052044606], [-2.0354748715478372, 43.326394052044606], [-2.0354748715478372, 43.32267657992565], [-2.046626123956315, 43.32267657992565], [-2.046626123956315, 43.318959107806684], [-2.102382385998704, 43.31152416356877], [-2.102382385998704, 43.30408921933085], [-2.113533638407182, 43.30408921933085], [-2.1209678066795004, 43.29665427509293], [-2.1321190590879784, 43.29665427509293], [-2.1321190590879784, 43.292936802973976], [-2.1358361432241377, 43.29665427509293], [-2.180441152858049, 43.292936802973976], [-2.180441152858049, 43.29665427509293], [-2.191592405266527, 43.29665427509293], [-2.191592405266527, 43.30037174721189], [-2.2027436576750046, 43.30408921933085], [-2.2027436576750046, 43.31524163568773], [-2.206460741811164, 43.31152416356877], [-2.243631583172757, 43.31524163568773], [-2.247348667308916, 43.30408921933085], [-2.2733682562620308, 43.30408921933085], [-2.2733682562620308, 43.30037174721189], [-2.32912451830442, 43.30037174721189], [-2.32912451830442, 43.30408921933085], [-2.3588611913936943, 43.30408921933085], [-2.3588611913936943, 43.31152416356877], [-2.3848807803468093, 43.31524163568773], [-2.3960320327552873, 43.326394052044606], [-2.4220516217084023, 43.326394052044606], [-2.4220516217084023, 43.33382899628253], [-2.429485789980721, 43.33382899628253], [-2.429485789980721, 43.337546468401484], [-2.4666566313423135, 43.34126394052044], [-2.470373715478473, 43.35613382899628], [-2.481524967886951, 43.35613382899628], [-2.488959136159269, 43.36728624535316], [-2.500110388567747, 43.36728624535316], [-2.5038274727039065, 43.37472118959107], [-2.511261640976225, 43.37472118959107], [-2.511261640976225, 43.38215613382899], [-2.5558666506101364, 43.38215613382899], [-2.5595837347462957, 43.39330855018587], [-2.6264912491971626, 43.39702602230483], [-2.6264912491971626, 43.400743494423786], [-2.6382740825687967, 43.40446096654275], [-2.6382740825687967, 43.419330855018586], [-2.6457205657492247, 43.419330855018586], [-2.6457205657492247, 43.42304832713754], [-2.653167048929653, 43.41561338289962], [-2.6792297400611513, 43.419330855018586], [-2.6829529816513653, 43.40817843866171], [-2.6866762232415793, 43.40817843866171], [-2.6866762232415793, 43.39702602230483], [-2.6903994648317937, 43.39702602230483], [-2.6978459480122217, 43.419330855018586], [-2.720185397553506, 43.42304832713754], [-2.720185397553506, 43.43048327137546], [-2.7388016055045763, 43.43048327137546], [-2.7425248470947907, 43.44163568773234], [-2.7462480886850047, 43.44163568773234], [-2.7462480886850047, 43.45650557620817], [-2.7574178134556466, 43.46022304832713], [-2.7574178134556466, 43.45650557620817], [-2.7872037461773593, 43.452788104089215], [-2.7872037461773593, 43.445353159851294], [-2.7946502293577873, 43.445353159851294], [-2.8020967125382157, 43.43420074349442], [-2.8132664373088576, 43.43420074349442], [-2.8132664373088576, 43.43791821561338], [-2.8691150611620686, 43.43420074349442], [-2.8691150611620686, 43.43791821561338], [-2.9026242354739953, 43.43791821561338], [-2.9026242354739953, 43.44163568773234], [-2.9510263761467783, 43.43791821561338], [-2.9547496177369923, 43.43420074349442], [-2.9547496177369923, 43.419330855018586], [-2.9733658256880626, 43.419330855018586], [-2.9770890672782766, 43.40446096654275], [-2.988258792048919, 43.40446096654275], [-3.0031517584097753, 43.38959107806691], [-3.0180447247706312, 43.38959107806691], [-3.0180447247706312, 43.38587360594795], [-3.0329376911314876, 43.38587360594795], [-3.0366609327217016, 43.38215613382899], [-3.040384174311916, 43.371003717472114], [-3.0329376911314876, 43.3635687732342], [-3.0254912079510596, 43.3635687732342], [-3.0254912079510596, 43.35613382899628], [-3.0180447247706312, 43.35241635687732], [-3.0180447247706312, 43.337546468401484], [-3.0105982415902033, 43.337546468401484], [-3.0180447247706312, 43.33011152416356], [-3.0254912079510596, 43.33011152416356], [-3.0329376911314876, 43.337546468401484], [-3.0329376911314876, 43.34869888475836], [-3.0590003822629863, 43.34869888475836], [-3.0590003822629863, 43.35241635687732], [-3.0813398318042706, 43.35613382899628], [-3.0813398318042706, 43.359851301115235], [-3.099956039755341, 43.3635687732342], [-3.099956039755341, 43.36728624535316], [-3.1148490061161973, 43.3635687732342], [-3.1148490061161973, 43.35241635687732], [-3.1297419724770537, 43.35613382899628], [-3.1297419724770537, 43.359851301115235], [-3.1334652140672676, 43.35613382899628], [-3.1669743883791943, 43.35613382899628], [-3.1706976299694083, 43.3635687732342], [-3.1967603211009066, 43.36728624535316], [-3.1967603211009066, 43.37472118959107], [-3.207930045871549, 43.37472118959107], [-3.207930045871549, 43.38215613382899], [-3.215376529051977, 43.38215613382899], [-3.215376529051977, 43.38959107806691], [-3.2265462538226193, 43.38959107806691], [-3.2302694954128333, 43.400743494423786], [-3.3010110856269006, 43.40817843866171], [-3.3010110856269006, 43.41561338289962], [-3.3121808103975425, 43.41561338289962], [-3.3121808103975425, 43.40817843866171], [-3.323350535168185, 43.400743494423786], [-3.323350535168185, 43.419330855018586], [-3.3419667431192552, 43.419330855018586], [-3.3419667431192552, 43.42304832713754], [-3.349413226299683, 43.42304832713754], [-3.349413226299683, 43.419330855018586], [-3.371752675840968, 43.419330855018586], [-3.371752675840968, 43.42304832713754], [-3.405261850152894, 43.42304832713754], [-3.4089850917431086, 43.419330855018586], [-3.4089850917431086, 43.42304832713754], [-3.4201548165137505, 43.42304832713754], [-3.4201548165137505, 43.41561338289962], [-3.438771024464821, 43.419330855018586], [-3.4462175076452493, 43.43791821561338], [-3.435047782874607, 43.43791821561338], [-3.435047782874607, 43.44163568773234], [-3.423878058103965, 43.445353159851294], [-3.423878058103965, 43.463940520446094], [-3.427601299694179, 43.46765799256505], [-3.4462175076452493, 43.46765799256505], [-3.4462175076452493, 43.47137546468401], [-3.4760034403669615, 43.46765799256505], [-3.4760034403669615, 43.47137546468401], [-3.490896406727818, 43.47137546468401], [-3.490896406727818, 43.47881040892193], [-3.513235856269102, 43.47881040892193], [-3.5169590978593166, 43.49739776951672], [-3.543021788990815, 43.49739776951672], [-3.543021788990815, 43.5085501858736], [-3.550468272171243, 43.5085501858736], [-3.550468272171243, 43.51226765799256], [-3.5765309633027416, 43.51226765799256], [-3.5802542048929555, 43.5085501858736], [-3.5839774464831695, 43.51970260223048], [-3.598870412844026, 43.51970260223048], [-3.598870412844026, 43.51226765799256], [-3.6100401376146682, 43.5085501858736], [-3.613763379204882, 43.50111524163568], [-3.654719036697237, 43.50111524163568], [-3.654719036697237, 43.49739776951672], [-3.669612003058093, 43.493680297397766], [-3.669612003058093, 43.48996282527881], [-3.680781727828735, 43.48996282527881], [-3.6845049694189496, 43.47881040892193], [-3.6956746941895915, 43.47881040892193], [-3.6956746941895915, 43.486245353159845], [-3.706844418960234, 43.486245353159845], [-3.706844418960234, 43.47881040892193], [-3.732907110091732, 43.47881040892193], [-3.729183868501518, 43.463940520446094], [-3.7515233180428025, 43.463940520446094], [-3.7552465596330165, 43.45650557620817], [-3.758969801223231, 43.46022304832713], [-3.7738627675840872, 43.46022304832713], [-3.7738627675840872, 43.45650557620817], [-3.781309250764515, 43.45650557620817], [-3.781309250764515, 43.452788104089215], [-3.7738627675840872, 43.452788104089215], [-3.7738627675840872, 43.445353159851294], [-3.781309250764515, 43.445353159851294], [-3.781309250764515, 43.43791821561338], [-3.7962022171253715, 43.43791821561338], [-3.7962022171253715, 43.43420074349442], [-3.818541666666656, 43.43791821561338], [-3.825988149847084, 43.445353159851294], [-3.818541666666656, 43.445353159851294], [-3.818541666666656, 43.45650557620817], [-3.8036487003057995, 43.46022304832713], [-3.8036487003057995, 43.463940520446094], [-3.781309250764515, 43.463940520446094], [-3.781309250764515, 43.46765799256505], [-3.762693042813445, 43.46765799256505], [-3.762693042813445, 43.47137546468401], [-3.766416284403659, 43.47509293680297], [-3.781309250764515, 43.47509293680297], [-3.781309250764515, 43.48996282527881], [-3.7924789755351576, 43.493680297397766], [-3.7924789755351576, 43.49739776951672], [-3.818541666666656, 43.49739776951672], [-3.818541666666656, 43.493680297397766], [-3.829711391437298, 43.493680297397766], [-3.833434633027512, 43.486245353159845], [-3.84088111620794, 43.486245353159845], [-3.84088111620794, 43.48996282527881], [-3.8557740825687965, 43.486245353159845], [-3.8557740825687965, 43.47881040892193], [-3.889283256880723, 43.47881040892193], [-3.889283256880723, 43.47509293680297], [-3.893006498470937, 43.47881040892193], [-3.9116227064220075, 43.47881040892193], [-3.9116227064220075, 43.47509293680297], [-3.948855122324148, 43.47137546468401], [-3.9637480886850045, 43.45650557620817], [-3.9749178134556464, 43.452788104089215], [-3.9749178134556464, 43.44163568773234], [-3.978641055045861, 43.445353159851294], [-4.000980504587145, 43.445353159851294], [-4.004703746177359, 43.44163568773234], [-4.008426987767574, 43.452788104089215], [-4.027043195718644, 43.452788104089215], [-4.027043195718644, 43.445353159851294], [-4.038212920489285, 43.44163568773234], [-4.038212920489285, 43.43791821561338], [-4.0419361620795, 43.43791821561338], [-4.0419361620795, 43.445353159851294], [-4.049382645259928, 43.445353159851294], [-4.053105886850142, 43.43791821561338], [-4.067998853210998, 43.43791821561338], [-4.067998853210998, 43.43420074349442], [-4.097784785932711, 43.43791821561338], [-4.097784785932711, 43.43048327137546], [-4.105231269113139, 43.43048327137546], [-4.112677752293567, 43.42304832713754], [-4.164803134556564, 43.41561338289962], [-4.164803134556564, 43.40817843866171], [-4.1759728593272065, 43.40817843866171], [-4.1759728593272065, 43.40446096654275], [-4.187142584097848, 43.40817843866171], [-4.187142584097848, 43.40446096654275], [-4.216928516819561, 43.40446096654275], [-4.216928516819561, 43.400743494423786], [-4.242991207951059, 43.40446096654275], [-4.242991207951059, 43.400743494423786], [-4.261607415902129, 43.400743494423786], [-4.261607415902129, 43.39702602230483], [-4.276500382262986, 43.39702602230483], [-4.276500382262986, 43.39330855018587], [-4.2876701070336285, 43.39330855018587], [-4.2876701070336285, 43.39702602230483], [-4.332349006116197, 43.39330855018587], [-4.332349006116197, 43.39702602230483], [-4.339795489296625, 43.39702602230483], [-4.339795489296625, 43.40817843866171], [-4.354688455657482, 43.40817843866171], [-4.358411697247695, 43.400743494423786], [-4.384474388379194, 43.39702602230483], [-4.384474388379194, 43.39330855018587], [-4.395644113149836, 43.39702602230483], [-4.395644113149836, 43.400743494423786], [-4.451492737003047, 43.400743494423786], [-4.451492737003047, 43.39702602230483], [-4.5110646024464724, 43.400743494423786], [-4.5110646024464724, 43.39702602230483], [-4.522234327217115, 43.39702602230483], [-4.522234327217115, 43.400743494423786], [-4.533404051987756, 43.400743494423786], [-4.533404051987756, 43.40446096654275], [-4.574359709480111, 43.39702602230483], [-4.574359709480111, 43.400743494423786], [-4.659479553903341, 43.40446096654275], [-4.659479553903341, 43.40817843866171], [-4.670631970260218, 43.40817843866171], [-4.670631970260218, 43.41561338289962], [-4.711524163568768, 43.41561338289962], [-4.711524163568768, 43.419330855018586], [-4.722676579925646, 43.419330855018586]], [[-2.9026242354739953, 47.58009935117599], [-2.9026242354739953, 47.576378751013785], [-2.8951777522935673, 47.576378751013785], [-2.8951777522935673, 47.58009935117599], [-2.9026242354739953, 47.58009935117599]], [[-2.828159403669714, 47.55777575020275], [-2.831882645259928, 47.56149635036496], [-2.831882645259928, 47.55777575020275], [-2.828159403669714, 47.55777575020275]], [[-2.887731269113139, 47.565216950527166], [-2.8914545107033534, 47.56893755068937], [-2.8914545107033534, 47.565216950527166], [-2.887731269113139, 47.565216950527166]], [[-2.1841582369942083, 47.230362935928625], [-2.191592405266527, 47.23408353609083], [-2.191592405266527, 47.219201135442006], [-2.1990265735388452, 47.219201135442006], [-2.1990265735388452, 47.20803933495539], [-2.191592405266527, 47.20803933495539], [-2.1841582369942083, 47.2154805352798], [-2.1841582369942083, 47.230362935928625]], [[-1.1805455202312025, 45.86707951070336], [-1.1842626043673616, 45.87080275229357], [-1.1842626043673616, 45.86707951070336], [-1.1805455202312025, 45.86707951070336]], [[-1.187979688503521, 45.87080275229357], [-1.1656771836865654, 45.88197247706422], [-1.161960099550406, 45.88941896024465], [-1.1470917630057689, 45.893142201834856], [-1.1433746788696095, 45.91548165137614], [-1.161960099550406, 45.91548165137614], [-1.1582430154142467, 45.900588685015286], [-1.1731113519588838, 45.9043119266055], [-1.1731113519588838, 45.893142201834856], [-1.1768284360950432, 45.893142201834856], [-1.1805455202312025, 45.919204892966356], [-1.187979688503521, 45.926651376146786], [-1.1954138567758397, 45.926651376146786], [-1.1991309409119988, 45.94154434250764], [-1.2065651091843175, 45.94899082568807], [-1.228867614001273, 45.956437308868495], [-1.228867614001273, 45.97505351681957], [-1.2363017822735916, 45.97505351681957], [-1.2363017822735916, 45.982499999999995], [-1.2437359505459102, 45.989946483180425], [-1.2623213712267067, 45.989946483180425], [-1.2623213712267067, 45.99366972477064], [-1.2660384553628659, 45.989946483180425], [-1.3032092967244586, 45.989946483180425], [-1.3032092967244586, 45.99366972477064], [-1.3143605491329367, 45.99366972477064], [-1.3143605491329367, 46.008562691131495], [-1.3217947174052551, 46.016009174311925], [-1.332945969813733, 46.016009174311925], [-1.3440972222222107, 46.03090214067278], [-1.3589655587668479, 46.03090214067278], [-1.3589655587668479, 46.03834862385321], [-1.3701168111753257, 46.03834862385321], [-1.3775509794476444, 46.04579510703363], [-1.3775509794476444, 46.053241590214064], [-1.3961364001284406, 46.053241590214064], [-1.3961364001284406, 46.05696483180428], [-1.4221559890815556, 46.053241590214064], [-1.4221559890815556, 46.027178899082564], [-1.4184389049453965, 46.027178899082564], [-1.4184389049453965, 46.01973241590213], [-1.4035705684007593, 46.00483944954128], [-1.3924193159922815, 46.00483944954128], [-1.3924193159922815, 45.989946483180425], [-1.3961364001284406, 45.98622324159021], [-1.4110047366730778, 45.98622324159021], [-1.4110047366730778, 45.97877675840978], [-1.4035705684007593, 45.97505351681957], [-1.4035705684007593, 45.963883792048925], [-1.3924193159922815, 45.963883792048925], [-1.3924193159922815, 45.96016055045871], [-1.4035705684007593, 45.96016055045871], [-1.4035705684007593, 45.956437308868495], [-1.3961364001284406, 45.956437308868495], [-1.3887022318561222, 45.937821100917425], [-1.3701168111753257, 45.93409785932721], [-1.3663997270391666, 45.92292813455657], [-1.3515313904945294, 45.919204892966356], [-1.3440972222222107, 45.90803516819572], [-1.3403801380860516, 45.91175840978593], [-1.3217947174052551, 45.90803516819572], [-1.3180776332690958, 45.900588685015286], [-1.3106434649967773, 45.900588685015286], [-1.3106434649967773, 45.893142201834856], [-1.2883409601798217, 45.88941896024465], [-1.280906791907503, 45.878249235474], [-1.2734726236351845, 45.878249235474], [-1.2660384553628659, 45.87080275229357], [-1.2697555394990252, 45.85963302752293], [-1.2623213712267067, 45.85963302752293], [-1.2623213712267067, 45.848463302752286], [-1.254887202954388, 45.848463302752286], [-1.254887202954388, 45.82240061162079], [-1.2511701188182287, 45.82240061162079], [-1.2511701188182287, 45.81495412844036], [-1.2623213712267067, 45.81123088685015], [-1.2623213712267067, 45.80750764525993], [-1.2474530346820696, 45.80750764525993], [-1.2474530346820696, 45.803784403669724], [-1.2363017822735916, 45.80006116207951], [-1.2325846981374324, 45.80750764525993], [-1.2214334457289546, 45.80750764525993], [-1.2102821933204766, 45.82240061162079], [-1.1991309409119988, 45.82240061162079], [-1.1991309409119988, 45.82984709480122], [-1.1805455202312025, 45.82984709480122], [-1.187979688503521, 45.83729357798165], [-1.187979688503521, 45.84474006116208], [-1.1842626043673616, 45.84474006116208], [-1.187979688503521, 45.87080275229357]], [[-1.1954138567758397, 45.81123088685015], [-1.1954138567758397, 45.80750764525993], [-1.187979688503521, 45.80750764525993], [-1.187979688503521, 45.81123088685015], [-1.1954138567758397, 45.81123088685015]], [[-4.008426987767574, 47.72892335766423], [-4.012150229357787, 47.71776155717761], [-4.004703746177359, 47.71776155717761], [-4.000980504587145, 47.72892335766423], [-4.008426987767574, 47.72892335766423]], [[-3.9637480886850045, 47.721482157339814], [-3.9637480886850045, 47.714040957015406], [-3.956301605504576, 47.714040957015406], [-3.956301605504576, 47.725202757502025], [-3.9637480886850045, 47.721482157339814]], [[-4.019596712538215, 47.714040957015406], [-4.019596712538215, 47.70659975669099], [-4.0158734709480015, 47.70659975669099], [-4.0158734709480015, 47.714040957015406], [-4.019596712538215, 47.714040957015406]], [[-4.004703746177359, 47.714040957015406], [-4.004703746177359, 47.70287915652879], [-3.9935340214067168, 47.70287915652879], [-3.9935340214067168, 47.714040957015406], [-4.004703746177359, 47.714040957015406]], [[-3.487173165137604, 47.63218775344687], [-3.487173165137604, 47.62846715328467], [-3.4685569571865336, 47.62474655312246], [-3.4685569571865336, 47.62102595296025], [-3.4499407492354632, 47.62102595296025], [-3.4499407492354632, 47.62474655312246], [-3.4201548165137505, 47.62102595296025], [-3.4164315749235366, 47.62474655312246], [-3.4164315749235366, 47.63590835360908], [-3.4201548165137505, 47.63590835360908], [-3.423878058103965, 47.647070154095694], [-3.457387232415891, 47.647070154095694], [-3.457387232415891, 47.650790754257905], [-3.479726681957176, 47.650790754257905], [-3.479726681957176, 47.65451135442011], [-3.5169590978593166, 47.65451135442011], [-3.509512614678888, 47.63590835360908], [-3.487173165137604, 47.63218775344687]], [[-2.7983734709480017, 47.5875405515004], [-2.7983734709480017, 47.59126115166261], [-2.776034021406717, 47.5875405515004], [-2.776034021406717, 47.59870235198702], [-2.7909269877675733, 47.602422952149226], [-2.7909269877675733, 47.609864152473634], [-2.7983734709480017, 47.609864152473634], [-2.7983734709480017, 47.613584752635845], [-2.8095431957186436, 47.613584752635845], [-2.8095431957186436, 47.59870235198702], [-2.816989678899072, 47.59870235198702], [-2.816989678899072, 47.58009935117599], [-2.7983734709480017, 47.5875405515004]], [[-2.8616685779816406, 47.56149635036496], [-2.8579453363914267, 47.565216950527166], [-2.8504988532109983, 47.565216950527166], [-2.8542220948012127, 47.56893755068937], [-2.8504988532109983, 47.5875405515004], [-2.8244361620795, 47.5875405515004], [-2.8244361620795, 47.59498175182481], [-2.8356058868501424, 47.59498175182481], [-2.8356058868501424, 47.609864152473634], [-2.8467756116207843, 47.609864152473634], [-2.8467756116207843, 47.602422952149226], [-2.8542220948012127, 47.602422952149226], [-2.8542220948012127, 47.59498175182481], [-2.8579453363914267, 47.59498175182481], [-2.8616685779816406, 47.56149635036496]], [[-2.820712920489286, 47.602422952149226], [-2.8244361620795, 47.59870235198702], [-2.820712920489286, 47.59870235198702], [-2.820712920489286, 47.602422952149226]], [[-2.761141055045861, 47.59498175182481], [-2.764864296636075, 47.59126115166261], [-2.761141055045861, 47.59126115166261], [-2.761141055045861, 47.59498175182481]], [[-2.9175172018348516, 47.58009935117599], [-2.9137939602446377, 47.56893755068937], [-2.9063474770642093, 47.56893755068937], [-2.9063474770642093, 47.58009935117599], [-2.9175172018348516, 47.58009935117599]], [[-2.7946502293577873, 47.58009935117599], [-2.7946502293577873, 47.56149635036496], [-2.7872037461773593, 47.56149635036496], [-2.7909269877675733, 47.565216950527166], [-2.7872037461773593, 47.58009935117599], [-2.7946502293577873, 47.58009935117599]], [[-2.8095431957186436, 47.565216950527166], [-2.8095431957186436, 47.56149635036496], [-2.8020967125382157, 47.56149635036496], [-2.8020967125382157, 47.565216950527166], [-2.8095431957186436, 47.565216950527166]], [[-2.8504988532109983, 47.55405515004055], [-2.8430523700305703, 47.55777575020275], [-2.8430523700305703, 47.56149635036496], [-2.8504988532109983, 47.56149635036496], [-2.8504988532109983, 47.55405515004055]], [[-2.9473031345565643, 47.53173154906731], [-2.9510263761467783, 47.528010948905106], [-2.9473031345565643, 47.528010948905106], [-2.9473031345565643, 47.53173154906731]], [[-3.0180447247706312, 47.416392944038925], [-3.0217679663608457, 47.41267234387672], [-3.0180447247706312, 47.41267234387672], [-3.0180447247706312, 47.416392944038925]], [[-2.6227741650610032, 47.416392944038925], [-2.6233811162079403, 47.41267234387672], [-2.6227741650610032, 47.41267234387672], [-2.6227741650610032, 47.416392944038925]], [[-2.9584728593272063, 47.38290754257907], [-2.9473031345565643, 47.37174574209245], [-2.9473031345565643, 47.379186942416865], [-2.9547496177369923, 47.38662814274128], [-2.939856651376136, 47.390348742903484], [-2.939856651376136, 47.39406934306569], [-2.9733658256880626, 47.39406934306569], [-2.9733658256880626, 47.4015105433901], [-2.995705275229347, 47.40523114355231], [-2.995705275229347, 47.39406934306569], [-2.9770890672782766, 47.390348742903484], [-2.9696425840978486, 47.38290754257907], [-2.9584728593272063, 47.38290754257907]], [[-3.260055428134546, 47.3382603406326], [-3.2451624617736896, 47.330819140308186], [-3.2488857033639036, 47.31221613949716], [-3.237715978593261, 47.30105433901054], [-3.2302694954128333, 47.30105433901054], [-3.2302694954128333, 47.29733373884833], [-3.2004835626911206, 47.29733373884833], [-3.2004835626911206, 47.28989253852392], [-3.1967603211009066, 47.28989253852392], [-3.1967603211009066, 47.29733373884833], [-3.1669743883791943, 47.30105433901054], [-3.16325114678898, 47.28989253852392], [-3.1446349388379096, 47.28989253852392], [-3.1446349388379096, 47.28617193836172], [-3.1260187308868392, 47.28617193836172], [-3.1222954892966253, 47.28989253852392], [-3.1222954892966253, 47.28617193836172], [-3.107402522935769, 47.28617193836172], [-3.099956039755341, 47.278730738037304], [-3.0887863149846986, 47.278730738037304], [-3.0887863149846986, 47.28245133819951], [-3.0776165902140566, 47.28245133819951], [-3.0738933486238427, 47.29733373884833], [-3.0664468654434143, 47.29733373884833], [-3.0664468654434143, 47.30849553933495], [-3.0590003822629863, 47.30849553933495], [-3.0590003822629863, 47.315936739659364], [-3.0664468654434143, 47.315936739659364], [-3.0664468654434143, 47.31965733982157], [-3.1111257645259833, 47.31965733982157], [-3.1111257645259833, 47.330819140308186], [-3.1409116972476956, 47.33453974047039], [-3.148358180428124, 47.34942214111922], [-3.155804663608552, 47.34942214111922], [-3.159527905198766, 47.36802514193025], [-3.1967603211009066, 47.36802514193025], [-3.2004835626911206, 47.37546634225466], [-3.215376529051977, 47.37546634225466], [-3.219099770642191, 47.38290754257907], [-3.2414392201834756, 47.38290754257907], [-3.2451624617736896, 47.390348742903484], [-3.2526089449541176, 47.390348742903484], [-3.2526089449541176, 47.37546634225466], [-3.26377866972476, 47.37546634225466], [-3.260055428134546, 47.3382603406326]], [[-2.8951777522935673, 47.34570154095701], [-2.8914545107033534, 47.34942214111922], [-2.8951777522935673, 47.34942214111922], [-2.8951777522935673, 47.34570154095701]], [[-2.8914545107033534, 47.34570154095701], [-2.8951777522935673, 47.341980940794805], [-2.8914545107033534, 47.33453974047039], [-2.8691150611620686, 47.33453974047039], [-2.8691150611620686, 47.3382603406326], [-2.8616685779816406, 47.33453974047039], [-2.8616685779816406, 47.34942214111922], [-2.8914545107033534, 47.34570154095701]], [[-2.8356058868501424, 47.330819140308186], [-2.8356058868501424, 47.32337793998378], [-2.831882645259928, 47.32337793998378], [-2.831882645259928, 47.330819140308186], [-2.8356058868501424, 47.330819140308186]], [[-2.6345508409785827, 47.30105433901054], [-2.6382740825687967, 47.29733373884833], [-2.6345508409785827, 47.29733373884833], [-2.6345508409785827, 47.30105433901054]], [[-4.633457249070627, 48.60326439578264], [-4.637174721189586, 48.599543795620434], [-4.633457249070627, 48.599543795620434], [-4.633457249070627, 48.60326439578264]], [[-5.105576208178434, 48.48420519059205], [-5.101858736059475, 48.476763990267635], [-5.109293680297393, 48.476763990267635], [-5.113011152416352, 48.465602189781016], [-5.127881040892189, 48.465602189781016], [-5.127881040892189, 48.46188158961881], [-5.142750929368025, 48.45816098945661], [-5.146468401486984, 48.450719789132194], [-5.098141263940516, 48.4544403892944], [-5.101858736059475, 48.44699918896999], [-5.120446096654271, 48.44327858880778], [-5.120446096654271, 48.43583738848337], [-5.101858736059475, 48.43583738848337], [-5.101858736059475, 48.44327858880778], [-5.086988847583639, 48.44327858880778], [-5.08327137546468, 48.450719789132194], [-5.060966542750925, 48.450719789132194], [-5.053531598513007, 48.45816098945661], [-5.03866171003717, 48.45816098945661], [-5.034944237918211, 48.46188158961881], [-5.034944237918211, 48.465602189781016], [-5.053531598513007, 48.465602189781016], [-5.049814126394048, 48.48048459042984], [-5.064684014869884, 48.48048459042984], [-5.072118959107802, 48.487925790754254], [-5.075836431226761, 48.487925790754254], [-5.07955390334572, 48.476763990267635], [-5.094423791821557, 48.476763990267635], [-5.094423791821557, 48.48420519059205], [-5.105576208178434, 48.48420519059205]], [[-5.016356877323416, 48.43211678832116], [-5.016356877323416, 48.42467558799675], [-5.012639405204456, 48.42467558799675], [-5.012639405204456, 48.43211678832116], [-5.016356877323416, 48.43211678832116]], [[-4.971747211895906, 48.413513787510134], [-4.975464684014865, 48.42467558799675], [-4.982899628252784, 48.42095498783455], [-4.982899628252784, 48.428396188158956], [-4.994052044609661, 48.42467558799675], [-4.994052044609661, 48.41723438767234], [-4.971747211895906, 48.413513787510134]], [[-4.968029739776947, 48.391190186536896], [-4.968029739776947, 48.38746958637469], [-4.949442379182152, 48.38746958637469], [-4.949442379182152, 48.37258718572587], [-4.934572490706315, 48.37258718572587], [-4.938289962825274, 48.391190186536896], [-4.95687732342007, 48.391190186536896], [-4.95687732342007, 48.39491078669911], [-4.945724907063192, 48.39863138686131], [-4.945724907063192, 48.40979318734793], [-4.95687732342007, 48.40979318734793], [-4.95687732342007, 48.402351987023515], [-4.979182156133824, 48.402351987023515], [-4.975464684014865, 48.39863138686131], [-4.979182156133824, 48.391190186536896], [-4.968029739776947, 48.391190186536896]], [[-4.889962825278806, 48.37630778588807], [-4.889962825278806, 48.37258718572587], [-4.878810408921928, 48.37258718572587], [-4.878810408921928, 48.37630778588807], [-4.886245353159847, 48.37630778588807], [-4.886245353159847, 48.38374898621249], [-4.893680297397765, 48.38374898621249], [-4.901115241635683, 48.391190186536896], [-4.919702602230479, 48.38374898621249], [-4.919702602230479, 48.37258718572587], [-4.889962825278806, 48.37630778588807]], [[-4.863940520446092, 48.37630778588807], [-4.867657992565051, 48.37258718572587], [-4.863940520446092, 48.37258718572587], [-4.863940520446092, 48.37630778588807]], [[-4.875092936802969, 48.34654298459043], [-4.87137546468401, 48.33910178426601], [-4.867657992565051, 48.34282238442822], [-4.852788104089215, 48.34282238442822], [-4.852788104089215, 48.34654298459043], [-4.841635687732337, 48.34654298459043], [-4.841635687732337, 48.35770478507705], [-4.852788104089215, 48.36142538523925], [-4.867657992565051, 48.34654298459043], [-4.875092936802969, 48.34654298459043]], [[-4.834200743494419, 48.034012570965125], [-4.834200743494419, 48.03773317112733], [-4.845353159851296, 48.03773317112733], [-4.845353159851296, 48.04145377128953], [-4.860223048327133, 48.04145377128953], [-4.863940520446092, 48.04889497161395], [-4.878810408921928, 48.045174371451736], [-4.875092936802969, 48.03773317112733], [-4.863940520446092, 48.03773317112733], [-4.863940520446092, 48.034012570965125], [-4.834200743494419, 48.034012570965125]], [[-4.889962825278806, 48.045174371451736], [-4.893680297397765, 48.04145377128953], [-4.889962825278806, 48.04145377128953], [-4.889962825278806, 48.045174371451736]], [[-4.529680810397543, 48.30933698296837], [-4.533404051987756, 48.30561638280616], [-4.529680810397543, 48.30561638280616], [-4.529680810397543, 48.30933698296837]], [[-2.3885978644829686, 47.24896593673966], [-2.392314948619128, 47.24524533657745], [-2.3885978644829686, 47.24524533657745], [-2.3885978644829686, 47.24896593673966]], [[-2.2399144990365976, 47.24152473641524], [-2.2399144990365976, 47.23780413625304], [-2.2287632466281195, 47.23780413625304], [-2.2287632466281195, 47.24152473641524], [-2.2399144990365976, 47.24152473641524]], [[-2.2138949100834826, 47.23408353609083], [-2.217611994219642, 47.230362935928625], [-2.2138949100834826, 47.230362935928625], [-2.2138949100834826, 47.23408353609083]], [[-0.712192919075133, 45.17397769516728], [-0.7159100032112924, 45.170260223048324], [-0.712192919075133, 45.170260223048324], [-0.712192919075133, 45.17397769516728]], [[-1.1285063423249726, 44.716728624535314], [-1.1285063423249726, 44.71301115241635], [-1.1173550899164946, 44.71301115241635], [-1.1173550899164946, 44.716728624535314], [-1.1285063423249726, 44.716728624535314]], [[-1.2214334457289546, 44.694423791821556], [-1.2214334457289546, 44.67955390334572], [-1.2102821933204766, 44.67955390334572], [-1.2102821933204766, 44.68327137546468], [-1.1656771836865654, 44.67955390334572], [-1.161960099550406, 44.705576208178435], [-1.1805455202312025, 44.70929368029739], [-1.1805455202312025, 44.71301115241635], [-1.2028480250481581, 44.71301115241635], [-1.2214334457289546, 44.694423791821556]], [[-1.1285063423249726, 44.68327137546468], [-1.1396575947334504, 44.694423791821556], [-1.1396575947334504, 44.70185873605948], [-1.1433746788696095, 44.70185873605948], [-1.1433746788696095, 44.694423791821556], [-1.1508088471419282, 44.694423791821556], [-1.1470917630057689, 44.67955390334572], [-1.1285063423249726, 44.68327137546468]], [[-1.2102821933204766, 44.67583643122676], [-1.213999277456636, 44.672118959107806], [-1.2102821933204766, 44.672118959107806], [-1.2102821933204766, 44.67583643122676]], [[-1.135940510597291, 44.672118959107806], [-1.135940510597291, 44.66840148698884], [-1.1285063423249726, 44.66840148698884], [-1.1285063423249726, 44.672118959107806], [-1.135940510597291, 44.672118959107806]], [[-2.3737295279383317, 47.05107033639143], [-2.3737295279383317, 47.04734709480122], [-2.366295359666013, 47.04734709480122], [-2.366295359666013, 47.05107033639143], [-2.3737295279383317, 47.05107033639143]], [[-2.3625782755298537, 47.04734709480122], [-2.3625782755298537, 47.039900611620794], [-2.3588611913936943, 47.039900611620794], [-2.3588611913936943, 47.04734709480122], [-2.3625782755298537, 47.04734709480122]], [[-2.351427023121376, 46.98405198776758], [-2.340275770712898, 46.98405198776758], [-2.340275770712898, 46.99149847094801], [-2.351427023121376, 46.99149847094801], [-2.351427023121376, 46.98405198776758]], [[-2.3588611913936943, 46.98405198776758], [-2.3588611913936943, 46.96543577981651], [-2.340275770712898, 46.961712538226294], [-2.340275770712898, 46.97660550458715], [-2.351427023121376, 46.97660550458715], [-2.351427023121376, 46.98405198776758], [-2.3588611913936943, 46.98405198776758]], [[-2.32912451830442, 46.99149847094801], [-2.3328416024405794, 46.987775229357794], [-2.32912451830442, 46.987775229357794], [-2.32912451830442, 46.99149847094801]], [[-2.3737295279383317, 46.96543577981651], [-2.3737295279383317, 46.961712538226294], [-2.366295359666013, 46.961712538226294], [-2.366295359666013, 46.96543577981651], [-2.3737295279383317, 46.96543577981651]], [[-2.169289900449571, 46.809059633027516], [-2.1730069845857303, 46.80533639143731], [-2.169289900449571, 46.80533639143731], [-2.169289900449571, 46.809059633027516]], [[-2.3997491168914467, 46.719701834862384], [-2.3997491168914467, 46.712255351681954], [-2.3848807803468093, 46.70853211009174], [-2.3848807803468093, 46.70108562691131], [-2.38116369621065, 46.70480886850152], [-2.366295359666013, 46.70108562691131], [-2.366295359666013, 46.693639143730884], [-2.355144107257535, 46.693639143730884], [-2.355144107257535, 46.68991590214067], [-2.340275770712898, 46.68991590214067], [-2.340275770712898, 46.686192660550454], [-2.325407434168261, 46.686192660550454], [-2.3179732658959424, 46.693639143730884], [-2.284519508670509, 46.68991590214067], [-2.295670761078987, 46.70853211009174], [-2.3105390976236237, 46.712255351681954], [-2.321690350032102, 46.72342507645259], [-2.355144107257535, 46.72714831804281], [-2.355144107257535, 46.73459480122324], [-2.3885978644829686, 46.738318042813454], [-2.392314948619128, 46.72714831804281], [-2.407183285163765, 46.72342507645259], [-2.407183285163765, 46.719701834862384], [-2.3997491168914467, 46.719701834862384]], [[-1.5522539338471306, 46.246850152905196], [-1.5522539338471306, 46.25057339449541], [-1.5745564386640862, 46.25429663608562], [-1.5745564386640862, 46.258019877675835], [-1.585707691072564, 46.25429663608562], [-1.5782735228002456, 46.231957186544335], [-1.5634051862556084, 46.22823394495413], [-1.5559710179832897, 46.220787461773696], [-1.5485368497109713, 46.19844801223241], [-1.5411026814386526, 46.19844801223241], [-1.5336685131663341, 46.19100152905198], [-1.5225172607578563, 46.19100152905198], [-1.5225172607578563, 46.18727828746177], [-1.5113660083493785, 46.18727828746177], [-1.5076489242132192, 46.17983180428134], [-1.5002147559409007, 46.17983180428134], [-1.5002147559409007, 46.17238532110091], [-1.4853464193962636, 46.17238532110091], [-1.4779122511239449, 46.194724770642196], [-1.4593268304431486, 46.194724770642196], [-1.4593268304431486, 46.19100152905198], [-1.4481755780346706, 46.194724770642196], [-1.4444584938985114, 46.18727828746177], [-1.4556097463069892, 46.18727828746177], [-1.4481755780346706, 46.17983180428134], [-1.4370243256261928, 46.17983180428134], [-1.4370243256261928, 46.18355504587156], [-1.425873073217715, 46.18727828746177], [-1.425873073217715, 46.18355504587156], [-1.4035705684007593, 46.17983180428134], [-1.4035705684007593, 46.17238532110091], [-1.3887022318561222, 46.17238532110091], [-1.3849851477199628, 46.16493883792049], [-1.3701168111753257, 46.16121559633027], [-1.3663997270391666, 46.15376911314984], [-1.3552484746306885, 46.15376911314984], [-1.34781430635837, 46.14632262996941], [-1.306926380860618, 46.1425993883792], [-1.306926380860618, 46.13515290519877], [-1.2846238760436623, 46.13515290519877], [-1.2846238760436623, 46.13142966360856], [-1.2697555394990252, 46.13515290519877], [-1.2734726236351845, 46.15004587155963], [-1.2623213712267067, 46.16121559633027], [-1.254887202954388, 46.16121559633027], [-1.254887202954388, 46.16493883792049], [-1.2771897077713437, 46.168662079510696], [-1.280906791907503, 46.17983180428134], [-1.2920580443159808, 46.19100152905198], [-1.3255118015414145, 46.194724770642196], [-1.332945969813733, 46.20217125382263], [-1.3440972222222107, 46.20217125382263], [-1.3515313904945294, 46.21706422018348], [-1.3552484746306885, 46.213340978593266], [-1.3701168111753257, 46.213340978593266], [-1.3701168111753257, 46.21706422018348], [-1.373833895311485, 46.213340978593266], [-1.4035705684007593, 46.213340978593266], [-1.4035705684007593, 46.22451070336391], [-1.3961364001284406, 46.22451070336391], [-1.3924193159922815, 46.231957186544335], [-1.440741409762352, 46.231957186544335], [-1.4481755780346706, 46.239403669724766], [-1.4704780828516264, 46.239403669724766], [-1.4704780828516264, 46.246850152905196], [-1.4779122511239449, 46.246850152905196], [-1.4816293352601042, 46.25429663608562], [-1.4964976718047414, 46.258019877675835], [-1.4964976718047414, 46.26174311926605], [-1.518800176621697, 46.26174311926605], [-1.518800176621697, 46.258019877675835], [-1.5262343448940157, 46.258019877675835], [-1.5336685131663341, 46.25057339449541], [-1.5522539338471306, 46.246850152905196]], [[-1.3961364001284406, 46.06813455657492], [-1.3961364001284406, 46.0644113149847], [-1.4035705684007593, 46.0644113149847], [-1.4035705684007593, 46.060688073394495], [-1.3887022318561222, 46.060688073394495], [-1.3961364001284406, 46.06813455657492]], [[-1.1656771836865654, 46.02345565749235], [-1.1656771836865654, 46.027178899082564], [-1.1731113519588838, 46.027178899082564], [-1.1731113519588838, 46.02345565749235], [-1.1842626043673616, 46.027178899082564], [-1.1842626043673616, 46.01228593272171], [-1.1805455202312025, 46.008562691131495], [-1.161960099550406, 46.008562691131495], [-1.1582430154142467, 46.02345565749235], [-1.1656771836865654, 46.02345565749235]], [[-1.2474530346820696, 45.695810397553515], [-1.2511701188182287, 45.6920871559633], [-1.2474530346820696, 45.6920871559633], [-1.2474530346820696, 45.695810397553515]], [[-1.1656771836865654, 45.58783639143731], [-1.1693942678227247, 45.59528287461773], [-1.187979688503521, 45.59528287461773], [-1.1805455202312025, 45.58783639143731], [-1.1805455202312025, 45.580389908256876], [-1.1693942678227247, 45.580389908256876], [-1.1693942678227247, 45.58783639143731], [-1.1656771836865654, 45.58783639143731]], [[-0.8980471258830971, 45.47241590214067], [-0.9017642100192564, 45.46869266055045], [-0.8980471258830971, 45.46869266055045], [-0.8980471258830971, 45.47241590214067]], [[-0.8645933686576636, 45.45007645259938], [-0.8757446210661415, 45.46124617737003], [-0.8943300417469379, 45.46496941896024], [-0.88317878933846, 45.45007645259938], [-0.8757446210661415, 45.45007645259938], [-0.8720275369299821, 45.438906727828744], [-0.8608762845215043, 45.438906727828744], [-0.8645933686576636, 45.45007645259938]], [[-0.8608762845215043, 45.4277370030581], [-0.8534421162491858, 45.431460244648314], [-0.8534421162491858, 45.438906727828744], [-0.8608762845215043, 45.438906727828744], [-0.8608762845215043, 45.4277370030581]], [[-0.8460079479768672, 45.42401376146788], [-0.8460079479768672, 45.41656727828746], [-0.8385737797045486, 45.41656727828746], [-0.8385737797045486, 45.42401376146788], [-0.8460079479768672, 45.42401376146788]]], [[[-4.1759728593272065, 47.85170316301703], [-4.1759728593272065, 47.84426196269261], [-4.17969610091742, 47.84426196269261], [-4.17969610091742, 47.85170316301703], [-4.1759728593272065, 47.85170316301703]]], [[[-4.190865825688062, 47.86286496350365], [-4.190865825688062, 47.85914436334144], [-4.19831230886849, 47.85914436334144], [-4.19831230886849, 47.86286496350365], [-4.190865825688062, 47.86286496350365]]], [[[-4.116400993883781, 47.870306163828054], [-4.112677752293567, 47.874026763990265], [-4.112677752293567, 47.870306163828054], [-4.116400993883781, 47.870306163828054]]], [[[-4.116400993883781, 47.874026763990265], [-4.1201242354739955, 47.874026763990265], [-4.1201242354739955, 47.88146796431467], [-4.116400993883781, 47.88146796431467], [-4.116400993883781, 47.874026763990265]]], [[[-4.123847477064209, 47.88890916463909], [-4.1201242354739955, 47.88890916463909], [-4.1201242354739955, 47.88146796431467], [-4.123847477064209, 47.88146796431467], [-4.123847477064209, 47.88890916463909]]], [[[-4.123847477064209, 47.89262976480129], [-4.123847477064209, 47.88890916463909], [-4.131293960244637, 47.88890916463909], [-4.131293960244637, 47.89262976480129], [-4.123847477064209, 47.89262976480129]]], [[[-4.131293960244637, 47.89262976480129], [-4.135017201834851, 47.896350364963496], [-4.131293960244637, 47.896350364963496], [-4.131293960244637, 47.89262976480129]]], [[[-4.254160932721701, 48.2684103811841], [-4.250437691131488, 48.2684103811841], [-4.250437691131488, 48.25724858069748], [-4.254160932721701, 48.25724858069748], [-4.254160932721701, 48.2684103811841]]], [[[-4.257884174311916, 48.28701338199513], [-4.257884174311916, 48.28329278183293], [-4.269053899082558, 48.28329278183293], [-4.269053899082558, 48.28701338199513], [-4.257884174311916, 48.28701338199513]]], [[[-4.2802236238532, 48.28701338199513], [-4.276500382262986, 48.28329278183293], [-4.2802236238532, 48.28329278183293], [-4.2802236238532, 48.28701338199513]]], [[[-4.417983562691121, 48.3316605839416], [-4.417983562691121, 48.33910178426601], [-4.414260321100906, 48.33910178426601], [-4.414260321100906, 48.3316605839416], [-4.417983562691121, 48.3316605839416]]], [[[-4.897397769516724, 48.38002838605028], [-4.893680297397765, 48.38374898621249], [-4.893680297397765, 48.38002838605028], [-4.897397769516724, 48.38002838605028]]], [[[-4.384474388379194, 48.39491078669911], [-4.384474388379194, 48.391190186536896], [-4.395644113149836, 48.391190186536896], [-4.395644113149836, 48.39491078669911], [-4.384474388379194, 48.39491078669911]]], [[[-4.373304663608552, 48.39863138686131], [-4.373304663608552, 48.39491078669911], [-4.38075114678898, 48.39491078669911], [-4.38075114678898, 48.39863138686131], [-4.373304663608552, 48.39863138686131]]], [[[-4.365858180428123, 48.402351987023515], [-4.365858180428123, 48.39863138686131], [-4.373304663608552, 48.39863138686131], [-4.373304663608552, 48.402351987023515], [-4.365858180428123, 48.402351987023515]]], [[[-4.365858180428123, 48.402351987023515], [-4.365858180428123, 48.40979318734793], [-4.350965214067267, 48.40979318734793], [-4.350965214067267, 48.402351987023515], [-4.365858180428123, 48.402351987023515]]], [[[-3.866943807339439, 48.65163219789132], [-3.8632205657492245, 48.65163219789132], [-3.8632205657492245, 48.64419099756691], [-3.866943807339439, 48.64419099756691], [-3.866943807339439, 48.65163219789132]]], [[[-3.874390290519867, 48.67767639902676], [-3.878113532110081, 48.67023519870235], [-3.870667048929653, 48.66651459854014], [-3.866943807339439, 48.65163219789132], [-3.874390290519867, 48.65907339821573], [-3.885560015290509, 48.65535279805352], [-3.893006498470937, 48.662793998377936], [-3.889283256880723, 48.67023519870235], [-3.896729740061151, 48.67767639902676], [-3.9041762232415795, 48.67767639902676], [-3.9041762232415795, 48.673955798864554], [-3.9153459480122215, 48.67767639902676], [-3.9153459480122215, 48.69255879967558], [-3.92279243119265, 48.69255879967558], [-3.92279243119265, 48.699999999999996], [-3.9153459480122215, 48.699999999999996], [-3.9153459480122215, 48.69627939983779], [-3.9116227064220075, 48.699999999999996], [-3.8594973241590105, 48.699999999999996], [-3.8594973241590105, 48.67767639902676], [-3.874390290519867, 48.67767639902676]], [[-3.874390290519867, 48.68511759935117], [-3.878113532110081, 48.69255879967558], [-3.889283256880723, 48.69627939983779], [-3.885560015290509, 48.67767639902676], [-3.878113532110081, 48.67767639902676], [-3.878113532110081, 48.68511759935117], [-3.874390290519867, 48.68511759935117]]], [[[-3.945131880733934, 48.68511759935117], [-3.948855122324148, 48.699999999999996], [-3.9376853975535058, 48.699999999999996], [-3.9376853975535058, 48.68511759935117], [-3.933962155963292, 48.68511759935117], [-3.9376853975535058, 48.67023519870235], [-3.94140863914372, 48.67023519870235], [-3.94140863914372, 48.68511759935117], [-3.945131880733934, 48.68511759935117]]], [[[-3.6435493119265945, 48.69255879967558], [-3.6435493119265945, 48.699999999999996], [-3.5839774464831695, 48.699999999999996], [-3.595147171253812, 48.68883819951338], [-3.6361028287461665, 48.68883819951338], [-3.6361028287461665, 48.69255879967558], [-3.6435493119265945, 48.69255879967558]]], [[[-3.70312117737002, 48.699999999999996], [-3.6658887614678792, 48.699999999999996], [-3.6658887614678792, 48.69627939983779], [-3.6882282110091635, 48.69255879967558], [-3.6882282110091635, 48.69627939983779], [-3.70312117737002, 48.69627939983779], [-3.70312117737002, 48.699999999999996]]], [[[-4.112677752293567, 48.699999999999996], [-4.067998853210998, 48.699999999999996], [-4.067998853210998, 48.69627939983779], [-4.075445336391426, 48.69255879967558], [-4.075445336391426, 48.69627939983779], [-4.112677752293567, 48.69627939983779], [-4.112677752293567, 48.699999999999996]]], [[[-4.1201242354739955, 48.69627939983779], [-4.116400993883781, 48.699999999999996], [-4.116400993883781, 48.69627939983779], [-4.1201242354739955, 48.69627939983779]]], [[[-4.138740443425066, 48.699999999999996], [-4.138740443425066, 48.69627939983779], [-4.146186926605494, 48.69627939983779], [-4.146186926605494, 48.699999999999996], [-4.138740443425066, 48.699999999999996]]], [[[-2.6792297400611513, 43.371003717472114], [-2.6755064984709374, 43.36728624535316], [-2.6829529816513653, 43.36728624535316], [-2.6829529816513653, 43.38215613382899], [-2.6792297400611513, 43.38215613382899], [-2.6792297400611513, 43.371003717472114]]], [[[-3.4722801987767475, 43.42304832713754], [-3.48344992354739, 43.43048327137546], [-3.48344992354739, 43.43791821561338], [-3.457387232415891, 43.43791821561338], [-3.4611104740061056, 43.40446096654275], [-3.4722801987767475, 43.40817843866171], [-3.4722801987767475, 43.42304832713754]]], [[[-3.4722801987767475, 43.452788104089215], [-3.4685569571865336, 43.452788104089215], [-3.4685569571865336, 43.445353159851294], [-3.4722801987767475, 43.445353159851294], [-3.4722801987767475, 43.452788104089215]]], [[[-2.1469873956326153, 46.89469418960244], [-2.1469873956326153, 46.89097094801223], [-2.165572816313412, 46.89097094801223], [-2.165572816313412, 46.89469418960244], [-2.1469873956326153, 46.89469418960244]]], [[[-2.1469873956326153, 46.898417431192655], [-2.143270311496456, 46.89469418960244], [-2.1469873956326153, 46.89469418960244], [-2.1469873956326153, 46.898417431192655]]], [[[-2.154421563904934, 46.94681957186544], [-2.154421563904934, 46.935649847094794], [-2.1581386480410933, 46.935649847094794], [-2.1581386480410933, 46.94681957186544], [-2.154421563904934, 46.94681957186544]]], [[[-2.1990265735388452, 46.961712538226294], [-2.1878753211303676, 46.961712538226294], [-2.1878753211303676, 46.95798929663608], [-2.1990265735388452, 46.95798929663608], [-2.1990265735388452, 46.961712538226294]]], [[[-2.1990265735388452, 46.961712538226294], [-2.206460741811164, 46.961712538226294], [-2.206460741811164, 46.96543577981651], [-2.1990265735388452, 46.96543577981651], [-2.1990265735388452, 46.961712538226294]]], [[[-2.2138949100834826, 46.96543577981651], [-2.2101778259473233, 46.969159021406725], [-2.2101778259473233, 46.96543577981651], [-2.2138949100834826, 46.96543577981651]]], [[[-2.262217003853553, 47.006391437308864], [-2.262217003853553, 47.00266819571865], [-2.269651172125872, 47.00266819571865], [-2.269651172125872, 47.006391437308864], [-2.262217003853553, 47.006391437308864]]], [[[-2.4220516217084023, 47.29733373884833], [-2.4220516217084023, 47.28989253852392], [-2.4257687058445616, 47.28989253852392], [-2.4257687058445616, 47.29733373884833], [-2.4220516217084023, 47.29733373884833]]], [[[-2.4517882947976766, 47.28989253852392], [-2.4778078837507915, 47.28617193836172], [-2.4778078837507915, 47.28989253852392], [-2.470373715478473, 47.28989253852392], [-2.470373715478473, 47.30105433901054], [-2.4778078837507915, 47.30105433901054], [-2.4778078837507915, 47.304774939172745], [-2.470373715478473, 47.304774939172745], [-2.470373715478473, 47.315936739659364], [-2.462939547206154, 47.315936739659364], [-2.455505378933836, 47.30849553933495], [-2.4517882947976766, 47.28989253852392]]], [[[-2.2138949100834826, 47.31221613949716], [-2.2101778259473233, 47.315936739659364], [-2.2101778259473233, 47.31221613949716], [-2.2138949100834826, 47.31221613949716]]], [[[-2.180441152858049, 47.315936739659364], [-2.1767240687218896, 47.31965733982157], [-2.1767240687218896, 47.315936739659364], [-2.180441152858049, 47.315936739659364]]], [[[-2.481524967886951, 47.315936739659364], [-2.4778078837507915, 47.32337793998378], [-2.470373715478473, 47.32337793998378], [-2.470373715478473, 47.315936739659364], [-2.481524967886951, 47.315936739659364]]], [[[-2.2808024245343494, 47.330819140308186], [-2.2808024245343494, 47.32337793998378], [-2.284519508670509, 47.32337793998378], [-2.284519508670509, 47.330819140308186], [-2.2808024245343494, 47.330819140308186]]], [[[-2.1507044797687747, 47.34570154095701], [-2.1469873956326153, 47.34942214111922], [-2.1469873956326153, 47.34570154095701], [-2.1507044797687747, 47.34570154095701]]], [[[-2.1581386480410933, 47.34942214111922], [-2.165572816313412, 47.34942214111922], [-2.165572816313412, 47.35686334144363], [-2.1581386480410933, 47.35686334144363], [-2.1581386480410933, 47.36058394160583], [-2.165572816313412, 47.36058394160583], [-2.165572816313412, 47.36802514193025], [-2.1581386480410933, 47.36802514193025], [-2.1581386480410933, 47.37174574209245], [-2.143270311496456, 47.36802514193025], [-2.143270311496456, 47.36058394160583], [-2.154421563904934, 47.36058394160583], [-2.1581386480410933, 47.34942214111922]]], [[[-2.217611994219642, 47.38290754257907], [-2.221329078355801, 47.379186942416865], [-2.217611994219642, 47.36802514193025], [-2.206460741811164, 47.36802514193025], [-2.206460741811164, 47.37546634225466], [-2.2027436576750046, 47.37546634225466], [-2.1990265735388452, 47.36058394160583], [-2.1878753211303676, 47.35686334144363], [-2.1878753211303676, 47.341980940794805], [-2.1841582369942083, 47.3382603406326], [-2.191592405266527, 47.330819140308186], [-2.1990265735388452, 47.330819140308186], [-2.2027436576750046, 47.315936739659364], [-2.22504616249196, 47.32337793998378], [-2.22504616249196, 47.315936739659364], [-2.217611994219642, 47.315936739659364], [-2.217611994219642, 47.31221613949716], [-2.2287632466281195, 47.31221613949716], [-2.22504616249196, 47.304774939172745], [-2.2399144990365976, 47.304774939172745], [-2.2399144990365976, 47.315936739659364], [-2.247348667308916, 47.315936739659364], [-2.247348667308916, 47.31965733982157], [-2.258499919717394, 47.315936739659364], [-2.262217003853553, 47.330819140308186], [-2.2808024245343494, 47.330819140308186], [-2.2733682562620308, 47.3382603406326], [-2.288236592806668, 47.3382603406326], [-2.288236592806668, 47.34942214111922], [-2.303104929351305, 47.34570154095701], [-2.303104929351305, 47.3382603406326], [-2.314256181759783, 47.3382603406326], [-2.321690350032102, 47.34570154095701], [-2.3179732658959424, 47.37546634225466], [-2.295670761078987, 47.379186942416865], [-2.2919536769428275, 47.40523114355231], [-2.284519508670509, 47.40523114355231], [-2.2733682562620308, 47.416392944038925], [-2.2733682562620308, 47.427554744525544], [-2.262217003853553, 47.427554744525544], [-2.262217003853553, 47.42011354420113], [-2.2399144990365976, 47.416392944038925], [-2.2399144990365976, 47.40895174371451], [-2.22504616249196, 47.41267234387672], [-2.2287632466281195, 47.416392944038925], [-2.22504616249196, 47.42383414436334], [-2.236197414900438, 47.42383414436334], [-2.236197414900438, 47.427554744525544], [-2.221329078355801, 47.427554744525544], [-2.217611994219642, 47.42383414436334], [-2.2138949100834826, 47.43871654501216], [-2.206460741811164, 47.43499594484995], [-2.2101778259473233, 47.42383414436334], [-2.2027436576750046, 47.42383414436334], [-2.2027436576750046, 47.42011354420113], [-2.1878753211303676, 47.42383414436334], [-2.1841582369942083, 47.41267234387672], [-2.1767240687218896, 47.40895174371451], [-2.1767240687218896, 47.39406934306569], [-2.180441152858049, 47.39406934306569], [-2.180441152858049, 47.4015105433901], [-2.1878753211303676, 47.4015105433901], [-2.1878753211303676, 47.41267234387672], [-2.191592405266527, 47.41267234387672], [-2.191592405266527, 47.40895174371451], [-2.1990265735388452, 47.40895174371451], [-2.191592405266527, 47.4015105433901], [-2.206460741811164, 47.4015105433901], [-2.206460741811164, 47.39406934306569], [-2.2138949100834826, 47.39406934306569], [-2.2138949100834826, 47.38662814274128], [-2.206460741811164, 47.379186942416865], [-2.217611994219642, 47.38290754257907]], [[-2.180441152858049, 47.40895174371451], [-2.1841582369942083, 47.40523114355231], [-2.180441152858049, 47.40523114355231], [-2.180441152858049, 47.40895174371451]], [[-2.2138949100834826, 47.4015105433901], [-2.221329078355801, 47.4015105433901], [-2.221329078355801, 47.39406934306569], [-2.2138949100834826, 47.39406934306569], [-2.2138949100834826, 47.4015105433901]], [[-2.221329078355801, 47.40895174371451], [-2.217611994219642, 47.40523114355231], [-2.217611994219642, 47.40895174371451], [-2.221329078355801, 47.40895174371451]], [[-2.22504616249196, 47.38662814274128], [-2.221329078355801, 47.390348742903484], [-2.22504616249196, 47.390348742903484], [-2.22504616249196, 47.38662814274128]], [[-2.22504616249196, 47.38662814274128], [-2.2287632466281195, 47.38290754257907], [-2.22504616249196, 47.38290754257907], [-2.22504616249196, 47.38662814274128]]], [[[-2.1730069845857303, 47.38290754257907], [-2.1730069845857303, 47.37546634225466], [-2.1767240687218896, 47.37546634225466], [-2.1767240687218896, 47.38290754257907], [-2.1730069845857303, 47.38290754257907]]], [[[-2.154421563904934, 47.38290754257907], [-2.1469873956326153, 47.38290754257907], [-2.1469873956326153, 47.379186942416865], [-2.154421563904934, 47.379186942416865], [-2.154421563904934, 47.38290754257907]]], [[[-2.1730069845857303, 47.390348742903484], [-2.169289900449571, 47.39406934306569], [-2.169289900449571, 47.38662814274128], [-2.1841582369942083, 47.38662814274128], [-2.1841582369942083, 47.38290754257907], [-2.1878753211303676, 47.38662814274128], [-2.2027436576750046, 47.38662814274128], [-2.2027436576750046, 47.390348742903484], [-2.1730069845857303, 47.390348742903484]]], [[[-2.1581386480410933, 47.390348742903484], [-2.154421563904934, 47.38662814274128], [-2.1581386480410933, 47.38662814274128], [-2.1581386480410933, 47.390348742903484]]], [[[-2.2399144990365976, 47.43499594484995], [-2.236197414900438, 47.43499594484995], [-2.236197414900438, 47.427554744525544], [-2.2399144990365976, 47.427554744525544], [-2.2399144990365976, 47.43499594484995]]], [[[-2.247348667308916, 47.44243714517437], [-2.2399144990365976, 47.43499594484995], [-2.247348667308916, 47.43499594484995], [-2.247348667308916, 47.44243714517437]]], [[[-2.407183285163765, 47.49824614760746], [-2.407183285163765, 47.49452554744525], [-2.4146174534360836, 47.49452554744525], [-2.4146174534360836, 47.49824614760746], [-2.407183285163765, 47.49824614760746]]], [[[-2.407183285163765, 47.50568734793187], [-2.3997491168914467, 47.50568734793187], [-2.3997491168914467, 47.49824614760746], [-2.407183285163765, 47.49824614760746], [-2.407183285163765, 47.50568734793187]]], [[[-2.392314948619128, 47.50568734793187], [-2.3848807803468093, 47.50568734793187], [-2.3848807803468093, 47.49824614760746], [-2.392314948619128, 47.49824614760746], [-2.392314948619128, 47.50568734793187]]], [[[-2.2919536769428275, 47.50568734793187], [-2.288236592806668, 47.50940794809407], [-2.288236592806668, 47.50568734793187], [-2.2919536769428275, 47.50568734793187]]], [[[-2.3960320327552873, 47.50940794809407], [-2.392314948619128, 47.50568734793187], [-2.3960320327552873, 47.50568734793187], [-2.3960320327552873, 47.50940794809407]]], [[[-2.6271043577981543, 47.51684914841849], [-2.6271043577981543, 47.51312854825628], [-2.6345508409785827, 47.51312854825628], [-2.6345508409785827, 47.51684914841849], [-2.6271043577981543, 47.51684914841849]]], [[[-2.6196578746177264, 47.51684914841849], [-2.6264912491971626, 47.51684914841849], [-2.6264912491971626, 47.5242903487429], [-2.6196578746177264, 47.5242903487429], [-2.6196578746177264, 47.51684914841849]]], [[[-2.7276318807339344, 47.56149635036496], [-2.72390863914372, 47.56149635036496], [-2.72390863914372, 47.55405515004055], [-2.7276318807339344, 47.55405515004055], [-2.7276318807339344, 47.56149635036496]]], [[[-3.0254912079510596, 47.5875405515004], [-3.0217679663608457, 47.58381995133819], [-3.0254912079510596, 47.58381995133819], [-3.0254912079510596, 47.5875405515004]]], [[[-2.6978459480122217, 47.602422952149226], [-2.6978459480122217, 47.59498175182481], [-2.7052924311926496, 47.59498175182481], [-2.7052924311926496, 47.602422952149226], [-2.6978459480122217, 47.602422952149226]]], [[[-2.8020967125382157, 47.609864152473634], [-2.7983734709480017, 47.609864152473634], [-2.7983734709480017, 47.602422952149226], [-2.8020967125382157, 47.602422952149226], [-2.8020967125382157, 47.609864152473634]]], [[[-2.712738914373078, 47.609864152473634], [-2.7052924311926496, 47.609864152473634], [-2.7052924311926496, 47.602422952149226], [-2.712738914373078, 47.602422952149226], [-2.712738914373078, 47.609864152473634]]], [[[-2.712738914373078, 47.613584752635845], [-2.709015672782864, 47.61730535279805], [-2.709015672782864, 47.613584752635845], [-2.712738914373078, 47.613584752635845]]], [[[-2.9510263761467783, 47.62102595296025], [-2.9510263761467783, 47.613584752635845], [-2.9547496177369923, 47.613584752635845], [-2.9547496177369923, 47.62102595296025], [-2.9510263761467783, 47.62102595296025]]], [[[-2.8542220948012127, 47.62102595296025], [-2.8504988532109983, 47.61730535279805], [-2.8542220948012127, 47.61730535279805], [-2.8542220948012127, 47.62102595296025]]], [[[-2.6978459480122217, 47.61730535279805], [-2.6941227064220077, 47.62102595296025], [-2.6941227064220077, 47.61730535279805], [-2.6978459480122217, 47.61730535279805]]], [[[-2.6978459480122217, 47.62102595296025], [-2.7052924311926496, 47.62102595296025], [-2.7052924311926496, 47.62474655312246], [-2.6978459480122217, 47.62474655312246], [-2.6978459480122217, 47.62102595296025]]], [[[-2.9584728593272063, 47.62102595296025], [-2.9547496177369923, 47.62474655312246], [-2.9547496177369923, 47.62102595296025], [-2.9584728593272063, 47.62102595296025]]], [[[-2.7052924311926496, 47.64334955393349], [-2.7052924311926496, 47.62846715328467], [-2.709015672782864, 47.62846715328467], [-2.709015672782864, 47.64334955393349], [-2.7052924311926496, 47.64334955393349]]], [[[-3.211653287461763, 47.650790754257905], [-3.211653287461763, 47.66567315490673], [-3.215376529051977, 47.66939375506893], [-3.207930045871549, 47.66939375506893], [-3.207930045871549, 47.650790754257905], [-3.211653287461763, 47.650790754257905]]], [[[-3.207930045871549, 47.67311435523114], [-3.204206804281335, 47.66939375506893], [-3.207930045871549, 47.66939375506893], [-3.207930045871549, 47.67311435523114]]], [[[-3.204206804281335, 47.67311435523114], [-3.204206804281335, 47.68055555555555], [-3.2004835626911206, 47.68055555555555], [-3.2004835626911206, 47.67311435523114], [-3.204206804281335, 47.67311435523114]]], [[[-3.323350535168185, 47.74752635847526], [-3.323350535168185, 47.74008515815085], [-3.3345202599388273, 47.74008515815085], [-3.3345202599388273, 47.74752635847526], [-3.323350535168185, 47.74752635847526]]], [[[-3.323350535168185, 47.751246958637466], [-3.319627293577971, 47.74752635847526], [-3.323350535168185, 47.74752635847526], [-3.323350535168185, 47.751246958637466]]], [[[-3.3531364678898976, 47.75496755879967], [-3.349413226299683, 47.751246958637466], [-3.3531364678898976, 47.751246958637466], [-3.3531364678898976, 47.75496755879967]]], [[[-2.716462155963292, 48.56605839416058], [-2.7462480886850047, 48.56605839416058], [-2.7462480886850047, 48.56977899432279], [-2.764864296636075, 48.57349959448499], [-2.768587538226289, 48.58466139497161], [-2.7834805045871454, 48.588381995133815], [-2.7834805045871454, 48.59210259529602], [-2.7946502293577873, 48.59210259529602], [-2.8020967125382157, 48.62930859691808], [-2.8132664373088576, 48.63302919708029], [-2.8132664373088576, 48.6404703974047], [-2.8244361620795, 48.65163219789132], [-2.8244361620795, 48.65907339821573], [-2.8430523700305703, 48.662793998377936], [-2.8579453363914267, 48.67767639902676], [-2.8653918195718546, 48.67767639902676], [-2.8653918195718546, 48.673955798864554], [-2.880284785932711, 48.67767639902676], [-2.887731269113139, 48.699999999999996], [-1.9611331888246515, 48.699999999999996], [-1.9648502729608106, 48.69255879967558], [-1.994586946050085, 48.68883819951338], [-1.994586946050085, 48.67023519870235], [-2.0020211143224036, 48.67023519870235], [-2.0020211143224036, 48.66651459854014], [-2.0168894508670405, 48.662793998377936], [-2.0168894508670405, 48.65907339821573], [-2.039191955683996, 48.65907339821573], [-2.039191955683996, 48.64419099756691], [-2.031757787411678, 48.64419099756691], [-2.0354748715478372, 48.63302919708029], [-2.0206065350032, 48.62930859691808], [-2.0206065350032, 48.61814679643146], [-2.013172366730881, 48.61070559610705], [-2.0168894508670405, 48.599543795620434], [-2.0206065350032, 48.599543795620434], [-2.0206065350032, 48.60698499594485], [-2.031757787411678, 48.61070559610705], [-2.031757787411678, 48.625587996755876], [-2.0429090398201555, 48.62930859691808], [-2.050343208092474, 48.64419099756691], [-2.083796965317908, 48.64419099756691], [-2.083796965317908, 48.6404703974047], [-2.0986653018625447, 48.636749797242494], [-2.0986653018625447, 48.6404703974047], [-2.1098165542710228, 48.6404703974047], [-2.113533638407182, 48.65163219789132], [-2.117250722543341, 48.65163219789132], [-2.1209678066795004, 48.6404703974047], [-2.154421563904934, 48.636749797242494], [-2.1581386480410933, 48.62186739659367], [-2.1878753211303676, 48.62186739659367], [-2.1841582369942083, 48.62930859691808], [-2.191592405266527, 48.63302919708029], [-2.191592405266527, 48.62930859691808], [-2.206460741811164, 48.62930859691808], [-2.2138949100834826, 48.61814679643146], [-2.2287632466281195, 48.61814679643146], [-2.2287632466281195, 48.62186739659367], [-2.2399144990365976, 48.62186739659367], [-2.2399144990365976, 48.62930859691808], [-2.247348667308916, 48.62930859691808], [-2.247348667308916, 48.65163219789132], [-2.269651172125872, 48.65163219789132], [-2.269651172125872, 48.64419099756691], [-2.284519508670509, 48.6404703974047], [-2.288236592806668, 48.65163219789132], [-2.295670761078987, 48.65163219789132], [-2.288236592806668, 48.67023519870235], [-2.314256181759783, 48.673955798864554], [-2.314256181759783, 48.68883819951338], [-2.321690350032102, 48.69255879967558], [-2.321690350032102, 48.68883819951338], [-2.32912451830442, 48.68883819951338], [-2.3328416024405794, 48.673955798864554], [-2.355144107257535, 48.67023519870235], [-2.355144107257535, 48.66651459854014], [-2.3625782755298537, 48.66651459854014], [-2.3625782755298537, 48.65907339821573], [-2.3960320327552873, 48.65535279805352], [-2.3997491168914467, 48.64419099756691], [-2.4146174534360836, 48.64419099756691], [-2.4146174534360836, 48.65163219789132], [-2.4220516217084023, 48.65163219789132], [-2.4220516217084023, 48.65907339821573], [-2.4926762202954285, 48.65163219789132], [-2.4926762202954285, 48.6404703974047], [-2.4852420520231098, 48.636749797242494], [-2.4852420520231098, 48.625587996755876], [-2.496393304431588, 48.62186739659367], [-2.500110388567747, 48.61070559610705], [-2.526129977520862, 48.60698499594485], [-2.526129977520862, 48.60326439578264], [-2.5595837347462957, 48.60326439578264], [-2.563300818882455, 48.60698499594485], [-2.567017903018614, 48.588381995133815], [-2.5818862395632514, 48.58466139497161], [-2.5856033236994107, 48.57349959448499], [-2.593037491971729, 48.57349959448499], [-2.5967545761078883, 48.56605839416058], [-2.612211391437298, 48.56605839416058], [-2.6196578746177264, 48.55861719383617], [-2.6903994648317937, 48.55489659367396], [-2.6903994648317937, 48.55861719383617], [-2.712738914373078, 48.55861719383617], [-2.716462155963292, 48.56605839416058]], [[-2.7797572629969314, 48.64419099756691], [-2.776034021406717, 48.636749797242494], [-2.768587538226289, 48.636749797242494], [-2.768587538226289, 48.6404703974047], [-2.761141055045861, 48.6404703974047], [-2.761141055045861, 48.65163219789132], [-2.768587538226289, 48.65163219789132], [-2.768587538226289, 48.64419099756691], [-2.776034021406717, 48.64419099756691], [-2.7797572629969314, 48.65907339821573], [-2.7872037461773593, 48.65907339821573], [-2.7946502293577873, 48.66651459854014], [-2.8095431957186436, 48.66651459854014], [-2.8095431957186436, 48.662793998377936], [-2.8020967125382157, 48.662793998377936], [-2.7946502293577873, 48.64419099756691], [-2.7797572629969314, 48.64419099756691]], [[-2.481524967886951, 48.673955798864554], [-2.4852420520231098, 48.68511759935117], [-2.4926762202954285, 48.68511759935117], [-2.4926762202954285, 48.673955798864554], [-2.481524967886951, 48.673955798864554]], [[-2.0800798811817485, 48.67767639902676], [-2.0800798811817485, 48.673955798864554], [-2.0689286287732704, 48.673955798864554], [-2.0689286287732704, 48.67767639902676], [-2.0800798811817485, 48.67767639902676]], [[-2.0949482177263854, 48.65907339821573], [-2.0949482177263854, 48.65535279805352], [-2.087514049454067, 48.65535279805352], [-2.087514049454067, 48.65907339821573], [-2.0949482177263854, 48.65907339821573]], [[-2.0800798811817485, 48.65907339821573], [-2.0800798811817485, 48.65535279805352], [-2.0689286287732704, 48.65535279805352], [-2.0689286287732704, 48.65907339821573], [-2.0800798811817485, 48.65907339821573]], [[-2.169289900449571, 48.6404703974047], [-2.169289900449571, 48.636749797242494], [-2.1581386480410933, 48.636749797242494], [-2.1581386480410933, 48.6404703974047], [-2.169289900449571, 48.6404703974047]], [[-2.5818862395632514, 48.62186739659367], [-2.5818862395632514, 48.61814679643146], [-2.5744520712909327, 48.61814679643146], [-2.5744520712909327, 48.62186739659367], [-2.5818862395632514, 48.62186739659367]]], [[[-1.9760015253692886, 46.76810397553516], [-1.9722844412331293, 46.76810397553516], [-1.9722844412331293, 46.76065749235474], [-1.9760015253692886, 46.76065749235474], [-1.9760015253692886, 46.76810397553516]]], [[[-2.009455282594722, 46.78299694189602], [-2.005738198458563, 46.77927370030581], [-2.009455282594722, 46.77927370030581], [-2.009455282594722, 46.78299694189602]]], [[[-2.005738198458563, 46.79044342507645], [-2.005738198458563, 46.78672018348623], [-2.013172366730881, 46.78672018348623], [-2.013172366730881, 46.79044342507645], [-2.005738198458563, 46.79044342507645]]], [[[-1.9760015253692886, 46.79788990825688], [-1.983435693641607, 46.79788990825688], [-1.983435693641607, 46.79044342507645], [-1.9908698619139256, 46.79044342507645], [-1.9908698619139256, 46.77927370030581], [-1.983435693641607, 46.77927370030581], [-1.983435693641607, 46.77555045871559], [-1.994586946050085, 46.77555045871559], [-1.9983040301862443, 46.77927370030581], [-1.994586946050085, 46.79788990825688], [-2.0020211143224036, 46.79788990825688], [-2.0020211143224036, 46.809059633027516], [-1.9983040301862443, 46.80533639143731], [-1.994586946050085, 46.809059633027516], [-1.9908698619139256, 46.80533639143731], [-1.9760015253692886, 46.80533639143731], [-1.9760015253692886, 46.79788990825688]]], [[[-2.005738198458563, 46.79044342507645], [-2.0020211143224036, 46.79416666666666], [-2.0020211143224036, 46.79044342507645], [-2.005738198458563, 46.79044342507645]]], [[[-2.0168894508670405, 46.79044342507645], [-2.013172366730881, 46.79416666666666], [-2.013172366730881, 46.79044342507645], [-2.0168894508670405, 46.79044342507645]]], [[[-1.9797186095054478, 46.81278287461773], [-1.983435693641607, 46.809059633027516], [-1.983435693641607, 46.81278287461773], [-1.9797186095054478, 46.81278287461773]]], [[[-1.9797186095054478, 46.82022935779816], [-1.9722844412331293, 46.81650611620795], [-1.9722844412331293, 46.81278287461773], [-1.9797186095054478, 46.81278287461773], [-1.9797186095054478, 46.82022935779816]]], [[[-2.1098165542710228, 46.82022935779816], [-2.1060994701348634, 46.82395259938838], [-2.1060994701348634, 46.82022935779816], [-2.1098165542710228, 46.82022935779816]]], [[[-2.0354748715478372, 46.827675840978586], [-2.031757787411678, 46.8313990825688], [-2.031757787411678, 46.827675840978586], [-2.0354748715478372, 46.827675840978586]]], [[[-2.046626123956315, 46.827675840978586], [-2.0429090398201555, 46.8313990825688], [-2.0429090398201555, 46.827675840978586], [-2.046626123956315, 46.827675840978586]]], [[[-2.009455282594722, 46.83884556574923], [-2.009455282594722, 46.8313990825688], [-2.013172366730881, 46.8313990825688], [-2.013172366730881, 46.83884556574923], [-2.009455282594722, 46.83884556574923]]], [[[-2.0280407032755186, 46.83884556574923], [-2.0280407032755186, 46.8313990825688], [-2.031757787411678, 46.8313990825688], [-2.031757787411678, 46.83884556574923], [-2.0280407032755186, 46.83884556574923]]], [[[-2.083796965317908, 46.8574617737003], [-2.087514049454067, 46.853738532110086], [-2.07264571290943, 46.853738532110086], [-2.07264571290943, 46.861185015290516], [-2.0689286287732704, 46.861185015290516], [-2.061494460500952, 46.853738532110086], [-2.061494460500952, 46.861185015290516], [-2.050343208092474, 46.861185015290516], [-2.046626123956315, 46.85001529051987], [-2.039191955683996, 46.85001529051987], [-2.039191955683996, 46.8574617737003], [-2.0354748715478372, 46.8574617737003], [-2.031757787411678, 46.853738532110086], [-2.0354748715478372, 46.84256880733945], [-2.031757787411678, 46.83884556574923], [-2.039191955683996, 46.8313990825688], [-2.039191955683996, 46.83884556574923], [-2.0540602922286335, 46.84256880733945], [-2.0540602922286335, 46.83884556574923], [-2.061494460500952, 46.83884556574923], [-2.061494460500952, 46.8313990825688], [-2.0689286287732704, 46.8313990825688], [-2.061494460500952, 46.82395259938838], [-2.076362797045589, 46.82395259938838], [-2.076362797045589, 46.81650611620795], [-2.083796965317908, 46.81650611620795], [-2.0800798811817485, 46.827675840978586], [-2.0986653018625447, 46.827675840978586], [-2.0949482177263854, 46.83884556574923], [-2.102382385998704, 46.84629204892966], [-2.102382385998704, 46.853738532110086], [-2.0986653018625447, 46.853738532110086], [-2.0949482177263854, 46.861185015290516], [-2.083796965317908, 46.86490825688073], [-2.083796965317908, 46.8574617737003]], [[-2.061494460500952, 46.83884556574923], [-2.065211544637111, 46.84256880733945], [-2.065211544637111, 46.83884556574923], [-2.061494460500952, 46.83884556574923]], [[-2.0986653018625447, 46.853738532110086], [-2.0949482177263854, 46.85001529051987], [-2.0949482177263854, 46.853738532110086], [-2.0986653018625447, 46.853738532110086]], [[-2.0949482177263854, 46.84629204892966], [-2.087514049454067, 46.84629204892966], [-2.087514049454067, 46.85001529051987], [-2.0949482177263854, 46.85001529051987], [-2.0949482177263854, 46.84629204892966]], [[-2.087514049454067, 46.83884556574923], [-2.083796965317908, 46.84256880733945], [-2.087514049454067, 46.84256880733945], [-2.087514049454067, 46.83884556574923]], [[-2.083796965317908, 46.8313990825688], [-2.0800798811817485, 46.8313990825688], [-2.0800798811817485, 46.83884556574923], [-2.083796965317908, 46.83884556574923], [-2.083796965317908, 46.8313990825688]], [[-2.07264571290943, 46.83884556574923], [-2.07264571290943, 46.84256880733945], [-2.0800798811817485, 46.84256880733945], [-2.0800798811817485, 46.83884556574923], [-2.07264571290943, 46.83884556574923]], [[-2.07264571290943, 46.8313990825688], [-2.076362797045589, 46.827675840978586], [-2.07264571290943, 46.827675840978586], [-2.07264571290943, 46.8313990825688]]], [[[-1.983435693641607, 46.85001529051987], [-1.9797186095054478, 46.853738532110086], [-1.9797186095054478, 46.85001529051987], [-1.983435693641607, 46.85001529051987]]], [[[-2.0168894508670405, 46.8574617737003], [-2.013172366730881, 46.853738532110086], [-2.0168894508670405, 46.853738532110086], [-2.0168894508670405, 46.8574617737003]]], [[[-2.102382385998704, 46.861185015290516], [-2.0986653018625447, 46.8574617737003], [-2.102382385998704, 46.8574617737003], [-2.102382385998704, 46.861185015290516]]], [[[-2.009455282594722, 46.86490825688073], [-2.009455282594722, 46.8574617737003], [-2.013172366730881, 46.8574617737003], [-2.013172366730881, 46.86490825688073], [-2.009455282594722, 46.86490825688073]]], [[[-2.0429090398201555, 46.86490825688073], [-2.0354748715478372, 46.86490825688073], [-2.0354748715478372, 46.861185015290516], [-2.0429090398201555, 46.861185015290516], [-2.0429090398201555, 46.86490825688073]]], [[[-2.0986653018625447, 46.872354740061155], [-2.0949482177263854, 46.872354740061155], [-2.0949482177263854, 46.861185015290516], [-2.0986653018625447, 46.861185015290516], [-2.0986653018625447, 46.872354740061155]]], [[[-2.117250722543341, 46.872354740061155], [-2.113533638407182, 46.872354740061155], [-2.113533638407182, 46.86490825688073], [-2.117250722543341, 46.86490825688073], [-2.117250722543341, 46.872354740061155]]], [[[-2.031757787411678, 46.87607798165137], [-2.0280407032755186, 46.872354740061155], [-2.0206065350032, 46.872354740061155], [-2.0168894508670405, 46.861185015290516], [-2.031757787411678, 46.861185015290516], [-2.031757787411678, 46.87607798165137]]], [[[-2.0168894508670405, 46.87607798165137], [-2.013172366730881, 46.872354740061155], [-2.0168894508670405, 46.872354740061155], [-2.0168894508670405, 46.87607798165137]]], [[[-2.0949482177263854, 46.879801223241586], [-2.087514049454067, 46.879801223241586], [-2.087514049454067, 46.87607798165137], [-2.0949482177263854, 46.87607798165137], [-2.0949482177263854, 46.879801223241586]]], [[[-2.117250722543341, 46.87607798165137], [-2.113533638407182, 46.879801223241586], [-2.113533638407182, 46.87607798165137], [-2.117250722543341, 46.87607798165137]]], [[[-2.0429090398201555, 46.87607798165137], [-2.039191955683996, 46.879801223241586], [-2.039191955683996, 46.87607798165137], [-2.0429090398201555, 46.87607798165137]]], [[[-2.113533638407182, 46.898417431192655], [-2.1098165542710228, 46.89469418960244], [-2.113533638407182, 46.89469418960244], [-2.113533638407182, 46.898417431192655]]], [[[-2.0168894508670405, 46.898417431192655], [-2.0168894508670405, 46.89469418960244], [-2.0280407032755186, 46.89469418960244], [-2.0280407032755186, 46.898417431192655], [-2.0168894508670405, 46.898417431192655]]], [[[-2.113533638407182, 46.91331039755351], [-2.1060994701348634, 46.9095871559633], [-2.1060994701348634, 46.90214067278287], [-2.117250722543341, 46.90214067278287], [-2.113533638407182, 46.91331039755351]]], [[[-2.0540602922286335, 46.92075688073394], [-2.050343208092474, 46.924480122324155], [-2.050343208092474, 46.92075688073394], [-2.0540602922286335, 46.92075688073394]]], [[[-2.07264571290943, 46.943096330275225], [-2.0689286287732704, 46.94681957186544], [-2.0689286287732704, 46.943096330275225], [-2.07264571290943, 46.943096330275225]]], [[[-2.061494460500952, 46.943096330275225], [-2.065211544637111, 46.943096330275225], [-2.065211544637111, 46.950542813455655], [-2.061494460500952, 46.950542813455655], [-2.061494460500952, 46.943096330275225]]], [[[-2.061494460500952, 46.95426605504587], [-2.0540602922286335, 46.95426605504587], [-2.0540602922286335, 46.950542813455655], [-2.061494460500952, 46.950542813455655], [-2.061494460500952, 46.95426605504587]]], [[[-2.0540602922286335, 46.95798929663608], [-2.050343208092474, 46.95426605504587], [-2.0540602922286335, 46.95426605504587], [-2.0540602922286335, 46.95798929663608]]], [[[-2.046626123956315, 46.95798929663608], [-2.050343208092474, 46.961712538226294], [-2.046626123956315, 46.961712538226294], [-2.046626123956315, 46.95798929663608]]], [[[-1.9797186095054478, 46.97660550458715], [-1.9797186095054478, 46.969159021406725], [-1.983435693641607, 46.969159021406725], [-1.983435693641607, 46.97660550458715], [-1.9797186095054478, 46.97660550458715]]], [[[-1.9797186095054478, 46.98032874617736], [-1.9760015253692886, 46.97660550458715], [-1.9797186095054478, 46.97660550458715], [-1.9797186095054478, 46.98032874617736]]], [[[-2.013172366730881, 46.98405198776758], [-2.009455282594722, 46.98032874617736], [-2.013172366730881, 46.98032874617736], [-2.013172366730881, 46.98405198776758]]], [[[-1.9648502729608106, 47.01756116207951], [-1.9611331888246515, 47.01756116207951], [-1.9611331888246515, 47.006391437308864], [-1.9760015253692886, 47.00266819571865], [-1.9722844412331293, 47.013837920489294], [-1.994586946050085, 47.013837920489294], [-2.0020211143224036, 47.02128440366972], [-1.983435693641607, 47.02500764525993], [-1.9797186095054478, 47.032454128440364], [-1.9760015253692886, 47.02873088685015], [-1.96856735709697, 47.032454128440364], [-1.9648502729608106, 47.01756116207951]]], [[[-2.0020211143224036, 47.129258409785926], [-1.9760015253692886, 47.129258409785926], [-1.9760015253692886, 47.12553516819571], [-2.005738198458563, 47.1218119266055], [-2.0020211143224036, 47.129258409785926]]], [[[-2.0280407032755186, 47.14042813455657], [-2.0206065350032, 47.14042813455657], [-2.0206065350032, 47.13670489296636], [-2.0280407032755186, 47.13670489296636], [-2.0280407032755186, 47.14042813455657]]], [[[-2.087514049454067, 47.2154805352798], [-2.083796965317908, 47.2117599351176], [-2.087514049454067, 47.2117599351176], [-2.087514049454067, 47.2154805352798]]], [[[-2.0949482177263854, 47.2154805352798], [-2.0949482177263854, 47.219201135442006], [-2.087514049454067, 47.219201135442006], [-2.087514049454067, 47.2154805352798], [-2.0949482177263854, 47.2154805352798]]], [[[-1.9908698619139256, 47.28989253852392], [-1.9797186095054478, 47.28989253852392], [-1.9797186095054478, 47.28617193836172], [-1.9908698619139256, 47.28617193836172], [-1.9908698619139256, 47.28989253852392]]], [[[-2.0280407032755186, 47.29733373884833], [-2.009455282594722, 47.29733373884833], [-2.009455282594722, 47.28989253852392], [-2.0280407032755186, 47.28989253852392], [-2.0280407032755186, 47.29733373884833]]], [[[-2.031757787411678, 47.29733373884833], [-2.0280407032755186, 47.30105433901054], [-2.0280407032755186, 47.29733373884833], [-2.031757787411678, 47.29733373884833]]], [[[-2.1358361432241377, 47.30105433901054], [-2.1358361432241377, 47.29733373884833], [-2.143270311496456, 47.29733373884833], [-2.143270311496456, 47.30105433901054], [-2.1358361432241377, 47.30105433901054]]], [[[-2.1246848908156597, 47.30105433901054], [-2.1246848908156597, 47.29733373884833], [-2.1321190590879784, 47.29733373884833], [-2.1321190590879784, 47.30105433901054], [-2.1246848908156597, 47.30105433901054]]], [[[-2.113533638407182, 47.341980940794805], [-2.1060994701348634, 47.341980940794805], [-2.1060994701348634, 47.3382603406326], [-2.113533638407182, 47.3382603406326], [-2.113533638407182, 47.341980940794805]]], [[[-2.046626123956315, 47.34570154095701], [-2.046626123956315, 47.35686334144363], [-2.039191955683996, 47.35686334144363], [-2.039191955683996, 47.34942214111922], [-2.0354748715478372, 47.34942214111922], [-2.039191955683996, 47.3382603406326], [-2.046626123956315, 47.34570154095701]]], [[[-2.065211544637111, 47.36058394160583], [-2.0689286287732704, 47.353142741281424], [-2.076362797045589, 47.353142741281424], [-2.076362797045589, 47.36058394160583], [-2.065211544637111, 47.36058394160583]]], [[[-2.0949482177263854, 47.36802514193025], [-2.087514049454067, 47.36802514193025], [-2.087514049454067, 47.36058394160583], [-2.0949482177263854, 47.36058394160583], [-2.0949482177263854, 47.36802514193025]]], [[[-2.005738198458563, 48.588381995133815], [-2.005738198458563, 48.59210259529602], [-1.994586946050085, 48.59210259529602], [-1.9908698619139256, 48.56977899432279], [-1.9983040301862443, 48.57349959448499], [-1.9983040301862443, 48.588381995133815], [-2.005738198458563, 48.588381995133815]]], [[[-2.0168894508670405, 48.599543795620434], [-2.013172366730881, 48.59582319545823], [-2.005738198458563, 48.59582319545823], [-2.005738198458563, 48.59210259529602], [-2.0168894508670405, 48.59210259529602], [-2.0168894508670405, 48.599543795620434]]], [[[-1.8012985709698024, 46.50747706422018], [-1.797581486833643, 46.51120030581039], [-1.797581486833643, 46.50747706422018], [-1.8012985709698024, 46.50747706422018]]], [[[-1.8050156551059615, 46.51864678899082], [-1.8012985709698024, 46.51864678899082], [-1.8012985709698024, 46.51120030581039], [-1.8050156551059615, 46.51120030581039], [-1.8050156551059615, 46.51864678899082]]], [[[-1.7901473185613246, 46.552155963302745], [-1.782713150289006, 46.54470948012232], [-1.7901473185613246, 46.54470948012232], [-1.7901473185613246, 46.552155963302745]]], [[[-1.7938644026974837, 46.56332568807339], [-1.7901473185613246, 46.559602446483176], [-1.7938644026974837, 46.559602446483176], [-1.7938644026974837, 46.56332568807339]]], [[[-1.9313965157353772, 46.719701834862384], [-1.9239623474630585, 46.72714831804281], [-1.9239623474630585, 46.719701834862384], [-1.9313965157353772, 46.719701834862384]]], [[[-1.9313965157353772, 46.72714831804281], [-1.9351135998715365, 46.72342507645259], [-1.9351135998715365, 46.72714831804281], [-1.9313965157353772, 46.72714831804281]]], [[[-1.9090940109184216, 46.72714831804281], [-1.9090940109184216, 46.72342507645259], [-1.91652817919074, 46.72342507645259], [-1.91652817919074, 46.72714831804281], [-1.9090940109184216, 46.72714831804281]]], [[[-1.9053769267822622, 46.73459480122324], [-1.9053769267822622, 46.72714831804281], [-1.9090940109184216, 46.72714831804281], [-1.9090940109184216, 46.73459480122324], [-1.9053769267822622, 46.73459480122324]]], [[[-1.9611331888246515, 46.738318042813454], [-1.9611331888246515, 46.73459480122324], [-1.96856735709697, 46.73459480122324], [-1.96856735709697, 46.738318042813454], [-1.9611331888246515, 46.738318042813454]]], [[[-1.9016598426461029, 46.74204128440367], [-1.8979427585099435, 46.738318042813454], [-1.9016598426461029, 46.738318042813454], [-1.9016598426461029, 46.74204128440367]]], [[[-1.8942256743737844, 46.74204128440367], [-1.8979427585099435, 46.74576452599388], [-1.8942256743737844, 46.74576452599388], [-1.8942256743737844, 46.74204128440367]]], [[[-1.9611331888246515, 46.74204128440367], [-1.96856735709697, 46.74204128440367], [-1.9648502729608106, 46.75321100917431], [-1.9611331888246515, 46.75321100917431], [-1.9611331888246515, 46.74204128440367]]], [[[-1.96856735709697, 46.75693425076452], [-1.9648502729608106, 46.75321100917431], [-1.96856735709697, 46.75321100917431], [-1.96856735709697, 46.75693425076452]]], [[[-1.9053769267822622, 46.79044342507645], [-1.9128110950545807, 46.77927370030581], [-1.9239623474630585, 46.77927370030581], [-1.9276794315992178, 46.77182721712538], [-1.9351135998715365, 46.77182721712538], [-1.9351135998715365, 46.76810397553516], [-1.9276794315992178, 46.76810397553516], [-1.9276794315992178, 46.76065749235474], [-1.91652817919074, 46.76065749235474], [-1.91652817919074, 46.75693425076452], [-1.9053769267822622, 46.76065749235474], [-1.9128110950545807, 46.74948776758409], [-1.9276794315992178, 46.74948776758409], [-1.9313965157353772, 46.76065749235474], [-1.9388306840076956, 46.75321100917431], [-1.9462648522800143, 46.75321100917431], [-1.9499819364161735, 46.76810397553516], [-1.9574161046884921, 46.76810397553516], [-1.9574161046884921, 46.77555045871559], [-1.9648502729608106, 46.77927370030581], [-1.9574161046884921, 46.78672018348623], [-1.9462648522800143, 46.78672018348623], [-1.9351135998715365, 46.79788990825688], [-1.9313965157353772, 46.79788990825688], [-1.9313965157353772, 46.79044342507645], [-1.9239623474630585, 46.78299694189602], [-1.91652817919074, 46.78299694189602], [-1.91652817919074, 46.79044342507645], [-1.9053769267822622, 46.79044342507645]], [[-1.9499819364161735, 46.77555045871559], [-1.942547768143855, 46.77555045871559], [-1.942547768143855, 46.78299694189602], [-1.9499819364161735, 46.78299694189602], [-1.9499819364161735, 46.77555045871559]], [[-1.942547768143855, 46.76065749235474], [-1.9388306840076956, 46.76065749235474], [-1.9388306840076956, 46.76810397553516], [-1.942547768143855, 46.76810397553516], [-1.942547768143855, 46.76065749235474]]], [[[-1.9611331888246515, 46.79416666666666], [-1.9574161046884921, 46.78672018348623], [-1.96856735709697, 46.78672018348623], [-1.96856735709697, 46.79416666666666], [-1.9611331888246515, 46.79416666666666]]], [[[-1.9239623474630585, 46.79788990825688], [-1.91652817919074, 46.79788990825688], [-1.91652817919074, 46.79044342507645], [-1.9239623474630585, 46.79044342507645], [-1.9239623474630585, 46.79788990825688]]], [[[-1.9499819364161735, 46.79416666666666], [-1.9574161046884921, 46.79416666666666], [-1.9574161046884921, 46.80533639143731], [-1.9388306840076956, 46.80533639143731], [-1.9388306840076956, 46.79788990825688], [-1.942547768143855, 46.79416666666666], [-1.9499819364161735, 46.79788990825688], [-1.9499819364161735, 46.79416666666666]]], [[[-1.9499819364161735, 46.81278287461773], [-1.9499819364161735, 46.809059633027516], [-1.9611331888246515, 46.809059633027516], [-1.9611331888246515, 46.81278287461773], [-1.9499819364161735, 46.81278287461773]]], [[[-1.9462648522800143, 46.81278287461773], [-1.942547768143855, 46.809059633027516], [-1.9462648522800143, 46.809059633027516], [-1.9462648522800143, 46.81278287461773]]], [[[-1.9351135998715365, 46.809059633027516], [-1.9313965157353772, 46.81278287461773], [-1.9313965157353772, 46.809059633027516], [-1.9351135998715365, 46.809059633027516]]], [[[-1.9351135998715365, 46.81278287461773], [-1.942547768143855, 46.81278287461773], [-1.9462648522800143, 46.82022935779816], [-1.9388306840076956, 46.82022935779816], [-1.9351135998715365, 46.81278287461773]]], [[[-1.9722844412331293, 46.81650611620795], [-1.96856735709697, 46.82022935779816], [-1.96856735709697, 46.81650611620795], [-1.9722844412331293, 46.81650611620795]]], [[[-1.9313965157353772, 46.827675840978586], [-1.9239623474630585, 46.82022935779816], [-1.9313965157353772, 46.82022935779816], [-1.9313965157353772, 46.827675840978586]]], [[[-1.91652817919074, 46.827675840978586], [-1.9128110950545807, 46.82395259938838], [-1.91652817919074, 46.82395259938838], [-1.91652817919074, 46.827675840978586]]], [[[-1.9574161046884921, 46.8313990825688], [-1.9499819364161735, 46.8313990825688], [-1.9499819364161735, 46.827675840978586], [-1.9574161046884921, 46.827675840978586], [-1.9574161046884921, 46.8313990825688]]], [[[-1.9462648522800143, 46.83884556574923], [-1.942547768143855, 46.84256880733945], [-1.942547768143855, 46.83884556574923], [-1.9462648522800143, 46.83884556574923]]], [[[-1.96856735709697, 46.85001529051987], [-1.9611331888246515, 46.85001529051987], [-1.9611331888246515, 46.84256880733945], [-1.96856735709697, 46.84256880733945], [-1.96856735709697, 46.85001529051987]]], [[[-1.9239623474630585, 46.84629204892966], [-1.9239623474630585, 46.85001529051987], [-1.9090940109184216, 46.85001529051987], [-1.9053769267822622, 46.84256880733945], [-1.9351135998715365, 46.83884556574923], [-1.9351135998715365, 46.84256880733945], [-1.9462648522800143, 46.84629204892966], [-1.9462648522800143, 46.85001529051987], [-1.9351135998715365, 46.85001529051987], [-1.9351135998715365, 46.853738532110086], [-1.942547768143855, 46.853738532110086], [-1.942547768143855, 46.861185015290516], [-1.9276794315992178, 46.8574617737003], [-1.9313965157353772, 46.85001529051987], [-1.9239623474630585, 46.84629204892966]]], [[[-1.9499819364161735, 46.853738532110086], [-1.9499819364161735, 46.85001529051987], [-1.9574161046884921, 46.85001529051987], [-1.9574161046884921, 46.853738532110086], [-1.9499819364161735, 46.853738532110086]]], [[[-1.9128110950545807, 46.943096330275225], [-1.9090940109184216, 46.94681957186544], [-1.9090940109184216, 46.943096330275225], [-1.9128110950545807, 46.943096330275225]]], [[[-1.890508590237625, 46.95798929663608], [-1.875640253692988, 46.95798929663608], [-1.875640253692988, 46.95426605504587], [-1.890508590237625, 46.95426605504587], [-1.890508590237625, 46.95798929663608]]], [[[-1.9388306840076956, 46.987775229357794], [-1.9499819364161735, 46.98032874617736], [-1.9499819364161735, 46.987775229357794], [-1.942547768143855, 46.995221712538225], [-1.9388306840076956, 46.987775229357794]]], [[[-1.91652817919074, 47.006391437308864], [-1.9128110950545807, 47.00266819571865], [-1.91652817919074, 47.00266819571865], [-1.91652817919074, 47.006391437308864]]], [[[-1.9499819364161735, 47.006391437308864], [-1.9499819364161735, 47.00266819571865], [-1.9611331888246515, 47.00266819571865], [-1.9611331888246515, 47.006391437308864], [-1.9499819364161735, 47.006391437308864]]], [[[-1.9276794315992178, 47.01756116207951], [-1.9239623474630585, 47.02128440366972], [-1.9239623474630585, 47.01756116207951], [-1.9276794315992178, 47.01756116207951]]], [[[-1.96856735709697, 47.04734709480122], [-1.9648502729608106, 47.04734709480122], [-1.9648502729608106, 47.039900611620794], [-1.96856735709697, 47.039900611620794], [-1.96856735709697, 47.04734709480122]]], [[[-1.797581486833643, 47.16649082568807], [-1.7938644026974837, 47.17021406727828], [-1.7938644026974837, 47.16649082568807], [-1.797581486833643, 47.16649082568807]]], [[[-1.8087327392421209, 47.17021406727828], [-1.8050156551059615, 47.17455393349554], [-1.8050156551059615, 47.17021406727828], [-1.8087327392421209, 47.17021406727828]]], [[[-1.823601075786758, 47.173937308868496], [-1.8347523281952358, 47.17766055045871], [-1.8347523281952358, 47.18510703363914], [-1.8273181599229174, 47.18510703363914], [-1.823601075786758, 47.173937308868496]]], [[[-1.8533377488760323, 47.193156934306565], [-1.8421864964675545, 47.193156934306565], [-1.8421864964675545, 47.181995133819946], [-1.8533377488760323, 47.18571573398215], [-1.8533377488760323, 47.193156934306565]]], [[[-1.8793573378291473, 47.193156934306565], [-1.8793573378291473, 47.19687753446877], [-1.8607719171483508, 47.20059813463098], [-1.8644890012845101, 47.192553516819565], [-1.8793573378291473, 47.193156934306565]]], [[[-1.890508590237625, 47.2117599351176], [-1.890508590237625, 47.20431873479318], [-1.8942256743737844, 47.20431873479318], [-1.8942256743737844, 47.2117599351176], [-1.890508590237625, 47.2117599351176]]], [[[-1.8533377488760323, 47.20431873479318], [-1.8607719171483508, 47.20059813463098], [-1.8682060854206695, 47.20803933495539], [-1.8682060854206695, 47.22664233576642], [-1.8644890012845101, 47.22664233576642], [-1.8644890012845101, 47.2154805352798], [-1.8570548330121914, 47.219201135442006], [-1.8570548330121914, 47.2117599351176], [-1.8533377488760323, 47.2117599351176], [-1.8533377488760323, 47.20431873479318]]], [[[-1.9016598426461029, 47.2117599351176], [-1.8979427585099435, 47.2154805352798], [-1.8979427585099435, 47.2117599351176], [-1.9016598426461029, 47.2117599351176]]], [[[-1.7752789820166874, 47.23408353609083], [-1.771561897880528, 47.23780413625304], [-1.771561897880528, 47.23408353609083], [-1.7752789820166874, 47.23408353609083]]], [[[-1.91652817919074, 48.699999999999996], [-1.9016598426461029, 48.699999999999996], [-1.9016598426461029, 48.69627939983779], [-1.91652817919074, 48.69627939983779], [-1.91652817919074, 48.699999999999996]]], [[[-1.942547768143855, 48.699999999999996], [-1.942547768143855, 48.69627939983779], [-1.9574161046884921, 48.69627939983779], [-1.9574161046884921, 48.699999999999996], [-1.942547768143855, 48.699999999999996]]], [[[-1.373833895311485, 43.50111524163568], [-1.3701168111753257, 43.49739776951672], [-1.373833895311485, 43.49739776951672], [-1.373833895311485, 43.50111524163568]]], [[[-1.3887022318561222, 43.49739776951672], [-1.3849851477199628, 43.50111524163568], [-1.3849851477199628, 43.49739776951672], [-1.3887022318561222, 43.49739776951672]]], [[[-1.4110047366730778, 43.50111524163568], [-1.4072876525369187, 43.504832713754645], [-1.4072876525369187, 43.50111524163568], [-1.4110047366730778, 43.50111524163568]]], [[[-1.2734726236351845, 43.50111524163568], [-1.2846238760436623, 43.50111524163568], [-1.2846238760436623, 43.504832713754645], [-1.2734726236351845, 43.5085501858736], [-1.2734726236351845, 43.50111524163568]]], [[[-1.2920580443159808, 43.51226765799256], [-1.2920580443159808, 43.5085501858736], [-1.2994922125882995, 43.5085501858736], [-1.2994922125882995, 43.51226765799256], [-1.2920580443159808, 43.51226765799256]]], [[[-1.254887202954388, 43.5085501858736], [-1.254887202954388, 43.51970260223048], [-1.240018866409751, 43.51970260223048], [-1.240018866409751, 43.52342007434944], [-1.228867614001273, 43.527137546468396], [-1.2363017822735916, 43.504832713754645], [-1.254887202954388, 43.5085501858736]]], [[[-1.3552484746306885, 43.51970260223048], [-1.3515313904945294, 43.51970260223048], [-1.3515313904945294, 43.51226765799256], [-1.3552484746306885, 43.51226765799256], [-1.3552484746306885, 43.51970260223048]]], [[[-1.2214334457289546, 43.53457249070632], [-1.2177163615927953, 43.53457249070632], [-1.2177163615927953, 43.527137546468396], [-1.2214334457289546, 43.527137546468396], [-1.2214334457289546, 43.53457249070632]]], [[[-1.2102821933204766, 43.53457249070632], [-1.2065651091843175, 43.538289962825274], [-1.2065651091843175, 43.53457249070632], [-1.2102821933204766, 43.53457249070632]]], [[[-1.1991309409119988, 43.54200743494423], [-1.1991309409119988, 43.53457249070632], [-1.2028480250481581, 43.53457249070632], [-1.2028480250481581, 43.54200743494423], [-1.1991309409119988, 43.54200743494423]]], [[[-1.4072876525369187, 43.59776951672862], [-1.4035705684007593, 43.60520446096654], [-1.3924193159922815, 43.60148698884758], [-1.3924193159922815, 43.58289962825278], [-1.4072876525369187, 43.58289962825278], [-1.4072876525369187, 43.590334572490704], [-1.3961364001284406, 43.590334572490704], [-1.3961364001284406, 43.59776951672862], [-1.4072876525369187, 43.59776951672862]]], [[[-1.1508088471419282, 44.73531598513011], [-1.1470917630057689, 44.739033457249064], [-1.1470917630057689, 44.73531598513011], [-1.1508088471419282, 44.73531598513011]]], [[[-1.1508088471419282, 44.739033457249064], [-1.1582430154142467, 44.739033457249064], [-1.1582430154142467, 44.74275092936803], [-1.1508088471419282, 44.74275092936803], [-1.1508088471419282, 44.739033457249064]]], [[[-1.1731113519588838, 44.746468401486986], [-1.1693942678227247, 44.75018587360594], [-1.1693942678227247, 44.746468401486986], [-1.1731113519588838, 44.746468401486986]]], [[[-1.1656771836865654, 45.81495412844036], [-1.161960099550406, 45.81123088685015], [-1.1656771836865654, 45.81123088685015], [-1.1656771836865654, 45.81495412844036]]], [[[-1.1508088471419282, 45.900588685015286], [-1.1508088471419282, 45.893142201834856], [-1.1582430154142467, 45.893142201834856], [-1.1582430154142467, 45.900588685015286], [-1.1508088471419282, 45.900588685015286]]], [[[-1.4964976718047414, 46.194724770642196], [-1.5076489242132192, 46.19844801223241], [-1.5076489242132192, 46.20589449541284], [-1.5113660083493785, 46.20589449541284], [-1.5076489242132192, 46.21706422018348], [-1.5002147559409007, 46.21706422018348], [-1.5002147559409007, 46.20589449541284], [-1.492780587668582, 46.20217125382263], [-1.4964976718047414, 46.194724770642196]]], [[[-1.5225172607578563, 46.220787461773696], [-1.5113660083493785, 46.220787461773696], [-1.5113660083493785, 46.21706422018348], [-1.518800176621697, 46.213340978593266], [-1.5225172607578563, 46.220787461773696]]], [[[-1.518800176621697, 46.23568042813455], [-1.518800176621697, 46.22823394495413], [-1.5225172607578563, 46.22823394495413], [-1.5225172607578563, 46.23568042813455], [-1.518800176621697, 46.23568042813455]]], [[[-1.492780587668582, 46.239403669724766], [-1.492780587668582, 46.23568042813455], [-1.5076489242132192, 46.23568042813455], [-1.5076489242132192, 46.239403669724766], [-1.492780587668582, 46.239403669724766]]], [[[-1.2697555394990252, 46.29897553516819], [-1.2771897077713437, 46.30642201834862], [-1.2734726236351845, 46.31759174311926], [-1.2660384553628659, 46.31759174311926], [-1.2623213712267067, 46.29897553516819], [-1.2697555394990252, 46.29897553516819]]], [[[-1.213999277456636, 46.30642201834862], [-1.2102821933204766, 46.31759174311926], [-1.2065651091843175, 46.31759174311926], [-1.2065651091843175, 46.302698776758405], [-1.213999277456636, 46.30642201834862]]], [[[-1.2214334457289546, 46.276636085626905], [-1.2214334457289546, 46.284082568807335], [-1.2437359505459102, 46.284082568807335], [-1.2511701188182287, 46.291529051987766], [-1.2474530346820696, 46.302698776758405], [-1.240018866409751, 46.302698776758405], [-1.2437359505459102, 46.30642201834862], [-1.240018866409751, 46.321314984709474], [-1.2363017822735916, 46.321314984709474], [-1.240018866409751, 46.33248470948012], [-1.2325846981374324, 46.33248470948012], [-1.2363017822735916, 46.34365443425076], [-1.2214334457289546, 46.33993119266054], [-1.2214334457289546, 46.35110091743119], [-1.2177163615927953, 46.35110091743119], [-1.213999277456636, 46.33248470948012], [-1.2065651091843175, 46.33248470948012], [-1.2065651091843175, 46.33993119266054], [-1.1954138567758397, 46.33993119266054], [-1.1954138567758397, 46.336207951070335], [-1.1768284360950432, 46.336207951070335], [-1.1731113519588838, 46.33993119266054], [-1.1693942678227247, 46.33248470948012], [-1.161960099550406, 46.33993119266054], [-1.1582430154142467, 46.33248470948012], [-1.1470917630057689, 46.33248470948012], [-1.1433746788696095, 46.31759174311926], [-1.161960099550406, 46.321314984709474], [-1.161960099550406, 46.32503822629969], [-1.1693942678227247, 46.32503822629969], [-1.1693942678227247, 46.321314984709474], [-1.1991309409119988, 46.321314984709474], [-1.2028480250481581, 46.31759174311926], [-1.2102821933204766, 46.32503822629969], [-1.213999277456636, 46.310145259938835], [-1.2214334457289546, 46.310145259938835], [-1.2214334457289546, 46.30642201834862], [-1.2177163615927953, 46.30642201834862], [-1.2177163615927953, 46.295252293577974], [-1.2028480250481581, 46.302698776758405], [-1.2028480250481581, 46.295252293577974], [-1.2102821933204766, 46.295252293577974], [-1.2102821933204766, 46.28780581039755], [-1.213999277456636, 46.28780581039755], [-1.213999277456636, 46.272912844036696], [-1.2214334457289546, 46.276636085626905]], [[-1.228867614001273, 46.321314984709474], [-1.2214334457289546, 46.321314984709474], [-1.2214334457289546, 46.32503822629969], [-1.228867614001273, 46.32503822629969], [-1.228867614001273, 46.321314984709474]], [[-1.2363017822735916, 46.310145259938835], [-1.2325846981374324, 46.30642201834862], [-1.2325846981374324, 46.310145259938835], [-1.2363017822735916, 46.310145259938835]], [[-1.2325846981374324, 46.291529051987766], [-1.228867614001273, 46.28780581039755], [-1.228867614001273, 46.291529051987766], [-1.2325846981374324, 46.291529051987766]]], [[[-1.280906791907503, 46.31759174311926], [-1.2771897077713437, 46.31759174311926], [-1.2771897077713437, 46.310145259938835], [-1.280906791907503, 46.310145259938835], [-1.280906791907503, 46.31759174311926]]], [[[-1.2660384553628659, 46.321314984709474], [-1.2623213712267067, 46.328761467889905], [-1.2474530346820696, 46.32503822629969], [-1.2474530346820696, 46.30642201834862], [-1.2623213712267067, 46.30642201834862], [-1.2623213712267067, 46.321314984709474], [-1.2660384553628659, 46.321314984709474]]], [[[-1.306926380860618, 46.32503822629969], [-1.3106434649967773, 46.328761467889905], [-1.3143605491329367, 46.33248470948012], [-1.306926380860618, 46.33248470948012], [-1.306926380860618, 46.32503822629969]]], [[[-1.1842626043673616, 46.34365443425076], [-1.1768284360950432, 46.34365443425076], [-1.1768284360950432, 46.33993119266054], [-1.1842626043673616, 46.33993119266054], [-1.1842626043673616, 46.34365443425076]]], [[[-1.2363017822735916, 46.373440366972474], [-1.2325846981374324, 46.37716360856269], [-1.2325846981374324, 46.373440366972474], [-1.2363017822735916, 46.373440366972474]]], [[[-1.254887202954388, 46.40322629969418], [-1.2474530346820696, 46.40322629969418], [-1.2474530346820696, 46.39577981651376], [-1.254887202954388, 46.39577981651376], [-1.254887202954388, 46.40322629969418]]], [[[-1.1842626043673616, 46.42928899082568], [-1.187979688503521, 46.42184250764526], [-1.1991309409119988, 46.42556574923547], [-1.1991309409119988, 46.42928899082568], [-1.1842626043673616, 46.42928899082568]]], [[[-1.6600493737957496, 47.05479357798165], [-1.6563322896595905, 47.05107033639143], [-1.6600493737957496, 47.05107033639143], [-1.6600493737957496, 47.05479357798165]]], [[[-1.678634794476546, 47.058516819571864], [-1.6712006262042276, 47.058516819571864], [-1.6712006262042276, 47.05107033639143], [-1.678634794476546, 47.05107033639143], [-1.678634794476546, 47.058516819571864]]], [[[-1.6935031310211832, 47.05479357798165], [-1.6897860468850239, 47.058516819571864], [-1.6897860468850239, 47.05479357798165], [-1.6935031310211832, 47.05479357798165]]], [[[-1.6674835420680683, 47.05479357798165], [-1.663766457931909, 47.058516819571864], [-1.663766457931909, 47.05479357798165], [-1.6674835420680683, 47.05479357798165]]], [[[-1.6972202151573426, 47.06596330275229], [-1.6972202151573426, 47.058516819571864], [-1.7009372992935017, 47.058516819571864], [-1.7009372992935017, 47.06596330275229], [-1.6972202151573426, 47.06596330275229]]], [[[-1.7418252247912538, 47.06596330275229], [-1.7418252247912538, 47.06224006116207], [-1.7492593930635725, 47.06224006116207], [-1.7492593930635725, 47.06596330275229], [-1.7418252247912538, 47.06596330275229]]], [[[-1.7418252247912538, 47.07340978593272], [-1.7343910565189353, 47.0696865443425], [-1.7343910565189353, 47.06596330275229], [-1.7418252247912538, 47.06596330275229], [-1.7418252247912538, 47.07340978593272]]], [[[-1.7269568882466166, 47.06596330275229], [-1.7195227199742982, 47.07340978593272], [-1.7158056358381388, 47.06596330275229], [-1.7269568882466166, 47.06596330275229]]], [[[-1.7195227199742982, 47.08085626911315], [-1.7158056358381388, 47.08085626911315], [-1.7158056358381388, 47.07340978593272], [-1.7195227199742982, 47.07340978593272], [-1.7195227199742982, 47.08085626911315]]], [[[-1.730673972382776, 47.08457951070336], [-1.730673972382776, 47.08085626911315], [-1.7381081406550947, 47.08085626911315], [-1.7381081406550947, 47.08457951070336], [-1.730673972382776, 47.08457951070336]]], [[[-1.7195227199742982, 47.09202599388379], [-1.7195227199742982, 47.08085626911315], [-1.7269568882466166, 47.08085626911315], [-1.7269568882466166, 47.09202599388379], [-1.7195227199742982, 47.09202599388379]]], [[[-1.6451810372511126, 47.08830275229357], [-1.6563322896595905, 47.08830275229357], [-1.6563322896595905, 47.0696865443425], [-1.6600493737957496, 47.06596330275229], [-1.6674835420680683, 47.0696865443425], [-1.6674835420680683, 47.06224006116207], [-1.6712006262042276, 47.06224006116207], [-1.6823518786127054, 47.07340978593272], [-1.6935031310211832, 47.0696865443425], [-1.6972202151573426, 47.08085626911315], [-1.7083714675658204, 47.08085626911315], [-1.7009372992935017, 47.09202599388379], [-1.7158056358381388, 47.095749235474], [-1.7158056358381388, 47.10319571865443], [-1.7009372992935017, 47.10319571865443], [-1.7083714675658204, 47.11064220183486], [-1.6935031310211832, 47.11064220183486], [-1.6897860468850239, 47.1218119266055], [-1.6563322896595905, 47.1218119266055], [-1.6600493737957496, 47.10691896024464], [-1.652615205523431, 47.10691896024464], [-1.652615205523431, 47.095749235474], [-1.6451810372511126, 47.095749235474], [-1.6451810372511126, 47.08830275229357]], [[-1.6935031310211832, 47.10319571865443], [-1.6972202151573426, 47.09947247706422], [-1.6935031310211832, 47.09947247706422], [-1.6935031310211832, 47.10319571865443]], [[-1.663766457931909, 47.08085626911315], [-1.6600493737957496, 47.08830275229357], [-1.678634794476546, 47.08830275229357], [-1.678634794476546, 47.08085626911315], [-1.663766457931909, 47.08085626911315]]], [[[-1.637746868978794, 47.10319571865443], [-1.6340297848426346, 47.10691896024464], [-1.6340297848426346, 47.10319571865443], [-1.637746868978794, 47.10319571865443]]], [[[-1.7604106454720503, 47.10691896024464], [-1.756693561335891, 47.10319571865443], [-1.7604106454720503, 47.10319571865443], [-1.7604106454720503, 47.10691896024464]]], [[[-1.7492593930635725, 47.11064220183486], [-1.7492593930635725, 47.10691896024464], [-1.756693561335891, 47.10691896024464], [-1.756693561335891, 47.11064220183486], [-1.7492593930635725, 47.11064220183486]]], [[[-1.7343910565189353, 47.129258409785926], [-1.730673972382776, 47.12553516819571], [-1.7343910565189353, 47.12553516819571], [-1.7343910565189353, 47.129258409785926]]], [[[-1.7418252247912538, 47.16276758409786], [-1.7381081406550947, 47.16649082568807], [-1.7381081406550947, 47.16276758409786], [-1.7418252247912538, 47.16276758409786]]], [[[-1.6265956165703161, 47.16276758409786], [-1.6228785324341568, 47.16649082568807], [-1.6228785324341568, 47.16276758409786], [-1.6265956165703161, 47.16276758409786]]], [[[-1.6042931117533605, 47.17827453365774], [-1.6042931117533605, 47.18883027522936], [-1.6005760276172012, 47.18883027522936], [-1.6005760276172012, 47.17766055045871], [-1.6042931117533605, 47.17827453365774]]], [[[-1.3961364001284406, 47.2154805352798], [-1.3924193159922815, 47.2117599351176], [-1.3961364001284406, 47.2117599351176], [-1.3961364001284406, 47.2154805352798]]], [[[-1.1693942678227247, 47.35686334144363], [-1.1656771836865654, 47.36058394160583], [-1.1656771836865654, 47.35686334144363], [-1.1693942678227247, 47.35686334144363]]], [[[-1.652615205523431, 48.68511759935117], [-1.6600493737957496, 48.68511759935117], [-1.6600493737957496, 48.67767639902676], [-1.678634794476546, 48.67023519870235], [-1.6823518786127054, 48.662793998377936], [-1.6935031310211832, 48.662793998377936], [-1.7009372992935017, 48.65163219789132], [-1.7158056358381388, 48.65163219789132], [-1.7158056358381388, 48.64419099756691], [-1.730673972382776, 48.64419099756691], [-1.730673972382776, 48.6404703974047], [-1.7418252247912538, 48.6404703974047], [-1.7418252247912538, 48.64419099756691], [-1.797581486833643, 48.64419099756691], [-1.797581486833643, 48.65163219789132], [-1.8050156551059615, 48.65163219789132], [-1.8050156551059615, 48.64419099756691], [-1.8124498233782802, 48.64419099756691], [-1.8124498233782802, 48.65163219789132], [-1.8273181599229174, 48.65163219789132], [-1.8273181599229174, 48.65535279805352], [-1.8384694123313952, 48.65907339821573], [-1.8384694123313952, 48.68883819951338], [-1.8459035806037136, 48.69255879967558], [-1.8459035806037136, 48.699999999999996], [-1.637746868978794, 48.699999999999996], [-1.652615205523431, 48.68511759935117]]], [[[-1.0058425658317163, 43.48996282527881], [-1.002125481695557, 43.493680297397766], [-1.002125481695557, 43.48996282527881], [-1.0058425658317163, 43.48996282527881]]], [[[-1.0913355009633796, 44.664684014869884], [-1.0913355009633796, 44.65724907063196], [-1.095052585099539, 44.65724907063196], [-1.095052585099539, 44.664684014869884], [-1.0913355009633796, 44.664684014869884]]], [[[-1.1024867533718576, 44.664684014869884], [-1.1024867533718576, 44.66840148698884], [-1.109920921644176, 44.66840148698884], [-1.109920921644176, 44.672118959107806], [-1.095052585099539, 44.66840148698884], [-1.095052585099539, 44.664684014869884], [-1.1024867533718576, 44.664684014869884]]], [[[-1.0801842485549018, 44.672118959107806], [-1.0913355009633796, 44.67583643122676], [-1.0913355009633796, 44.67955390334572], [-1.0801842485549018, 44.67955390334572], [-1.0801842485549018, 44.672118959107806]]], [[[-1.0727500802825833, 44.68698884758364], [-1.069032996146424, 44.68698884758364], [-1.069032996146424, 44.67955390334572], [-1.0727500802825833, 44.67955390334572], [-1.0727500802825833, 44.68698884758364]]], [[[-1.109920921644176, 44.72416356877323], [-1.1062038375080168, 44.727881040892186], [-1.1062038375080168, 44.72416356877323], [-1.109920921644176, 44.72416356877323]]], [[[-1.1396575947334504, 44.74275092936803], [-1.135940510597291, 44.739033457249064], [-1.1396575947334504, 44.739033457249064], [-1.1396575947334504, 44.74275092936803]]], [[[-0.83113961143223, 45.27508409785932], [-0.8274225272960708, 45.27508409785932], [-0.8274225272960708, 45.2676376146789], [-0.83113961143223, 45.2676376146789], [-0.83113961143223, 45.27508409785932]]], [[[-0.8125541907514336, 45.278807339449536], [-0.8051200224791151, 45.278807339449536], [-0.8051200224791151, 45.27508409785932], [-0.8125541907514336, 45.27508409785932], [-0.8125541907514336, 45.278807339449536]]], [[[-0.9686717244701234, 45.33465596330275], [-0.9649546403339642, 45.33837920489296], [-0.9649546403339642, 45.33465596330275], [-0.9686717244701234, 45.33465596330275]]], [[[-0.9575204720616456, 45.35327217125382], [-0.9538033879254864, 45.33837920489296], [-0.9612375561978049, 45.33837920489296], [-0.9649546403339642, 45.35327217125382], [-0.9575204720616456, 45.35327217125382]]], [[[-0.9686717244701234, 45.360718654434244], [-0.9686717244701234, 45.33837920489296], [-0.9723888086062827, 45.33837920489296], [-0.976105892742442, 45.356995412844036], [-0.9686717244701234, 45.360718654434244]]], [[[-0.9798229768786013, 45.37933486238532], [-0.976105892742442, 45.38305810397553], [-0.976105892742442, 45.37933486238532], [-0.9798229768786013, 45.37933486238532]]], [[[-1.0653159120102647, 45.37933486238532], [-1.0615988278741055, 45.38305810397553], [-1.0615988278741055, 45.37933486238532], [-1.0653159120102647, 45.37933486238532]]], [[[-0.9612375561978049, 45.37188837920489], [-0.9575204720616456, 45.368165137614675], [-0.9649546403339642, 45.368165137614675], [-0.9686717244701234, 45.39050458715596], [-0.9538033879254864, 45.394227828746175], [-0.9538033879254864, 45.39795107033639], [-0.9426521355170084, 45.39795107033639], [-0.9426521355170084, 45.386781345565744], [-0.950086303789327, 45.386781345565744], [-0.950086303789327, 45.37933486238532], [-0.9612375561978049, 45.37933486238532], [-0.9612375561978049, 45.37188837920489]], [[-0.9538033879254864, 45.394227828746175], [-0.950086303789327, 45.39050458715596], [-0.950086303789327, 45.394227828746175], [-0.9538033879254864, 45.394227828746175]]], [[[-1.0132767341040347, 45.37933486238532], [-1.0132767341040347, 45.38305810397553], [-1.0244279865125128, 45.38305810397553], [-1.0207109023763534, 45.39795107033639], [-0.9984083975593977, 45.394227828746175], [-1.0132767341040347, 45.37933486238532]], [[-1.0058425658317163, 45.394227828746175], [-1.0095596499678756, 45.39050458715596], [-1.0058425658317163, 45.39050458715596], [-1.0058425658317163, 45.394227828746175]]], [[[-0.976105892742442, 45.394227828746175], [-0.9723888086062827, 45.39050458715596], [-0.976105892742442, 45.39050458715596], [-0.976105892742442, 45.394227828746175]]], [[[-0.9352179672446899, 45.4277370030581], [-0.9538033879254864, 45.431460244648314], [-0.9538033879254864, 45.438906727828744], [-0.950086303789327, 45.43518348623853], [-0.9389350513808492, 45.438906727828744], [-0.9352179672446899, 45.4277370030581]]], [[[-0.9909742292870791, 45.45007645259938], [-0.9872571451509199, 45.4537996941896], [-0.9872571451509199, 45.45007645259938], [-0.9909742292870791, 45.45007645259938]]], [[[-1.0207109023763534, 45.47241590214067], [-1.0095596499678756, 45.47241590214067], [-1.0095596499678756, 45.46869266055045], [-1.0207109023763534, 45.46869266055045], [-1.0207109023763534, 45.47241590214067]]], [[[-0.9798229768786013, 45.47613914373088], [-0.9798229768786013, 45.47241590214067], [-0.9872571451509199, 45.47241590214067], [-0.9872571451509199, 45.47613914373088], [-0.9798229768786013, 45.47613914373088]]], [[[-1.0281450706486719, 45.48730886850152], [-1.0244279865125128, 45.47613914373088], [-1.0318621547848312, 45.47613914373088], [-1.0355792389209906, 45.48730886850152], [-1.0281450706486719, 45.48730886850152]]], [[[-1.0355792389209906, 45.49103211009174], [-1.043013407193309, 45.483585626911314], [-1.043013407193309, 45.49103211009174], [-1.0355792389209906, 45.49103211009174]]], [[[-1.043013407193309, 45.49475535168195], [-1.0467304913294684, 45.49103211009174], [-1.0467304913294684, 45.49475535168195], [-1.043013407193309, 45.49475535168195]]], [[[-1.0578817437379462, 45.49475535168195], [-1.0541646596017868, 45.49847859327217], [-1.0541646596017868, 45.49475535168195], [-1.0578817437379462, 45.49475535168195]]], [[[-1.0653159120102647, 45.50220183486238], [-1.0653159120102647, 45.49475535168195], [-1.069032996146424, 45.49475535168195], [-1.069032996146424, 45.50220183486238], [-1.0653159120102647, 45.50220183486238]]], [[[-1.0764671644187427, 45.50220183486238], [-1.0764671644187427, 45.5059250764526], [-1.069032996146424, 45.5059250764526], [-1.069032996146424, 45.50220183486238], [-1.0764671644187427, 45.50220183486238]]], [[[-1.0653159120102647, 45.554327217125376], [-1.0615988278741055, 45.55805045871559], [-1.0615988278741055, 45.554327217125376], [-1.0653159120102647, 45.554327217125376]]], [[[-1.1062038375080168, 45.77027522935779], [-1.0987696692356983, 45.77027522935779], [-1.0987696692356983, 45.76655198776758], [-1.1062038375080168, 45.76655198776758], [-1.1062038375080168, 45.77027522935779]]], [[[-1.1433746788696095, 45.80750764525993], [-1.1322234264611317, 45.79633792048929], [-1.1285063423249726, 45.78516819571865], [-1.1173550899164946, 45.78516819571865], [-1.1062038375080168, 45.77027522935779], [-1.1136380057803354, 45.77027522935779], [-1.1173550899164946, 45.777721712538224], [-1.1285063423249726, 45.777721712538224], [-1.1470917630057689, 45.803784403669724], [-1.161960099550406, 45.803784403669724], [-1.161960099550406, 45.81123088685015], [-1.1433746788696095, 45.80750764525993]]], [[[-1.0355792389209906, 45.85590978593272], [-1.0318621547848312, 45.8521865443425], [-1.0355792389209906, 45.8521865443425], [-1.0355792389209906, 45.85590978593272]]], [[[-1.043013407193309, 45.85963302752293], [-1.0392963230571497, 45.85590978593272], [-1.043013407193309, 45.85590978593272], [-1.043013407193309, 45.85963302752293]]], [[[-1.1024867533718576, 45.87080275229357], [-1.0987696692356983, 45.874525993883786], [-1.0987696692356983, 45.87080275229357], [-1.1024867533718576, 45.87080275229357]]], [[[-1.069032996146424, 45.874525993883786], [-1.0653159120102647, 45.878249235474], [-1.0653159120102647, 45.874525993883786], [-1.069032996146424, 45.874525993883786]]], [[[-1.0764671644187427, 45.893142201834856], [-1.0727500802825833, 45.893142201834856], [-1.069032996146424, 45.88197247706422], [-1.0801842485549018, 45.88197247706422], [-1.0764671644187427, 45.893142201834856]]], [[[-1.0578817437379462, 45.956437308868495], [-1.0578817437379462, 45.952714067278286], [-1.0839013326910611, 45.952714067278286], [-1.0839013326910611, 45.956437308868495], [-1.0578817437379462, 45.956437308868495]]], [[[-1.0913355009633796, 45.956437308868495], [-1.0913355009633796, 45.96016055045871], [-1.0839013326910611, 45.96016055045871], [-1.0839013326910611, 45.956437308868495], [-1.0913355009633796, 45.956437308868495]]], [[[-1.135940510597291, 46.30642201834862], [-1.1322234264611317, 46.310145259938835], [-1.1322234264611317, 46.30642201834862], [-1.135940510597291, 46.30642201834862]]], [[[-1.1247892581888133, 46.32503822629969], [-1.1173550899164946, 46.32503822629969], [-1.1173550899164946, 46.321314984709474], [-1.1247892581888133, 46.321314984709474], [-1.1247892581888133, 46.32503822629969]]], [[[-1.109920921644176, 46.321314984709474], [-1.1062038375080168, 46.32503822629969], [-1.1062038375080168, 46.321314984709474], [-1.109920921644176, 46.321314984709474]]], [[[-1.1433746788696095, 46.328761467889905], [-1.1396575947334504, 46.32503822629969], [-1.1433746788696095, 46.32503822629969], [-1.1433746788696095, 46.328761467889905]]], [[[-1.1173550899164946, 46.32503822629969], [-1.1136380057803354, 46.33248470948012], [-1.109920921644176, 46.33248470948012], [-1.109920921644176, 46.32503822629969], [-1.1173550899164946, 46.32503822629969]]], [[[-1.135940510597291, 46.328761467889905], [-1.1322234264611317, 46.33248470948012], [-1.1322234264611317, 46.328761467889905], [-1.135940510597291, 46.328761467889905]]], [[[-1.0578817437379462, 46.35110091743119], [-1.0467304913294684, 46.35110091743119], [-1.0467304913294684, 46.34365443425076], [-1.0615988278741055, 46.33993119266054], [-1.0578817437379462, 46.35110091743119]]], [[[-1.0392963230571497, 46.354824159021405], [-1.0355792389209906, 46.354824159021405], [-1.0355792389209906, 46.34365443425076], [-1.0392963230571497, 46.34365443425076], [-1.0392963230571497, 46.354824159021405]]], [[[-1.0244279865125128, 46.354824159021405], [-1.0207109023763534, 46.35110091743119], [-1.0244279865125128, 46.35110091743119], [-1.0244279865125128, 46.354824159021405]]], [[[-1.0467304913294684, 46.3808868501529], [-1.0467304913294684, 46.37716360856269], [-1.0541646596017868, 46.37716360856269], [-1.0541646596017868, 46.3808868501529], [-1.0467304913294684, 46.3808868501529]]], [[[-1.043013407193309, 46.39577981651376], [-1.0392963230571497, 46.392056574923544], [-1.043013407193309, 46.392056574923544], [-1.043013407193309, 46.39577981651376]]], [[[-1.0764671644187427, 46.399503058103974], [-1.0764671644187427, 46.392056574923544], [-1.0801842485549018, 46.392056574923544], [-1.0801842485549018, 46.399503058103974], [-1.0764671644187427, 46.399503058103974]]], [[[-1.0392963230571497, 46.399503058103974], [-1.0355792389209906, 46.39577981651376], [-1.0392963230571497, 46.39577981651376], [-1.0392963230571497, 46.399503058103974]]], [[[-1.0578817437379462, 46.399503058103974], [-1.0467304913294684, 46.399503058103974], [-1.0467304913294684, 46.39577981651376], [-1.0578817437379462, 46.39577981651376], [-1.0578817437379462, 46.399503058103974]]], [[[-1.0578817437379462, 46.41439602446483], [-1.043013407193309, 46.41067278287461], [-1.043013407193309, 46.4069495412844], [-1.0653159120102647, 46.4069495412844], [-1.0578817437379462, 46.41439602446483]]], [[[-1.0541646596017868, 46.42184250764526], [-1.0467304913294684, 46.42184250764526], [-1.0467304913294684, 46.41439602446483], [-1.0541646596017868, 46.41439602446483], [-1.0541646596017868, 46.42184250764526]]]]}}, {"type": "Feature", "properties": {"t": "b2", "lvl": 2}, "geometry": {"type": "MultiPolygon", "coordinates": [[[[-4.395644113149836, 43.38215613382899], [-4.388197629969408, 43.38587360594795], [-4.384474388379194, 43.37472118959107], [-4.395644113149836, 43.37472118959107], [-4.395644113149836, 43.38215613382899]]], [[[-3.82226490825687, 43.445353159851294], [-3.825988149847084, 43.44163568773234], [-3.825988149847084, 43.445353159851294], [-3.82226490825687, 43.445353159851294]]], [[[-5.388104089219326, 43.52342007434944], [-5.391821561338285, 43.51970260223048], [-5.391821561338285, 43.52342007434944], [-5.388104089219326, 43.52342007434944]]], [[[-4.644609665427504, 43.40817843866171], [-4.659479553903341, 43.40446096654275], [-4.659479553903341, 43.40817843866171], [-4.666914498141259, 43.40817843866171], [-4.666914498141259, 43.41561338289962], [-4.711524163568768, 43.41561338289962], [-4.711524163568768, 43.419330855018586], [-4.722676579925646, 43.419330855018586], [-4.722676579925646, 43.42304832713754], [-4.752416356877319, 43.42304832713754], [-4.756133828996278, 43.43048327137546], [-4.767286245353155, 43.43048327137546], [-4.767286245353155, 43.43420074349442], [-4.837918215613378, 43.44163568773234], [-4.841635687732337, 43.452788104089215], [-4.852788104089215, 43.452788104089215], [-4.852788104089215, 43.445353159851294], [-4.860223048327133, 43.445353159851294], [-4.860223048327133, 43.452788104089215], [-4.867657992565051, 43.452788104089215], [-4.867657992565051, 43.445353159851294], [-4.878810408921928, 43.445353159851294], [-4.878810408921928, 43.452788104089215], [-4.897397769516724, 43.452788104089215], [-4.897397769516724, 43.45650557620817], [-4.91226765799256, 43.45650557620817], [-4.91226765799256, 43.46022304832713], [-4.927137546468397, 43.46022304832713], [-4.927137546468397, 43.463940520446094], [-5.03866171003717, 43.463940520446094], [-5.03866171003717, 43.46765799256505], [-5.053531598513007, 43.46765799256505], [-5.053531598513007, 43.47137546468401], [-5.075836431226761, 43.47137546468401], [-5.08327137546468, 43.47881040892193], [-5.116728624535312, 43.47881040892193], [-5.120446096654271, 43.48996282527881], [-5.16505576208178, 43.486245353159845], [-5.16505576208178, 43.47881040892193], [-5.2208178438661665, 43.47881040892193], [-5.2245353159851255, 43.48996282527881], [-5.24684014869888, 43.49739776951672], [-5.2505576208178395, 43.504832713754645], [-5.2691449814126345, 43.5085501858736], [-5.2691449814126345, 43.52342007434944], [-5.2877323420074305, 43.53085501858736], [-5.2914498141263895, 43.538289962825274], [-5.354646840148694, 43.538289962825274], [-5.354646840148694, 43.53457249070632], [-5.365799256505571, 43.538289962825274], [-5.365799256505571, 43.54200743494423], [-5.388104089219326, 43.538289962825274], [-5.395539033457244, 43.545724907063196], [-5.395539033457244, 43.55687732342007], [-5.41040892193308, 43.55687732342007], [-5.41040892193308, 43.56059479553903], [-5.425278810408917, 43.56059479553903], [-5.425278810408917, 43.55687732342007], [-5.484758364312263, 43.55687732342007], [-5.484758364312263, 43.54944237918215], [-5.499628252788099, 43.54944237918215], [-5.499628252788099, 43.55687732342007], [-5.529368029739772, 43.55687732342007], [-5.529368029739772, 43.54944237918215], [-5.544237918215608, 43.54944237918215], [-5.544237918215608, 43.55687732342007], [-5.592565055762077, 43.55687732342007], [-5.592565055762077, 43.54944237918215], [-5.599999999999995, 43.54944237918215], [-5.599999999999995, 43.55687732342007], [-5.614869888475831, 43.55687732342007], [-5.62230483271375, 43.56431226765799], [-5.626022304832709, 43.55687732342007], [-5.640892193308545, 43.55687732342007], [-5.640892193308545, 43.54944237918215], [-5.648327137546463, 43.54944237918215], [-5.648327137546463, 43.545724907063196], [-5.659479553903341, 43.545724907063196], [-5.6631970260223, 43.55687732342007], [-5.666914498141259, 43.55687732342007], [-5.670631970260218, 43.545724907063196], [-5.692936802973973, 43.545724907063196], [-5.689219330855014, 43.55687732342007], [-5.685501858736055, 43.55687732342007], [-5.685501858736055, 43.56059479553903], [-5.692936802973973, 43.56059479553903], [-5.692936802973973, 43.55687732342007], [-5.700371747211891, 43.56059479553903], [-5.700371747211891, 43.56802973977695], [-5.689219330855014, 43.56802973977695], [-5.692936802973973, 43.57546468401487], [-5.711524163568768, 43.57546468401487], [-5.711524163568768, 43.571747211895904], [-5.737546468401482, 43.57546468401487], [-5.7449814126394, 43.58289962825278], [-5.7449814126394, 43.590334572490704], [-5.759851301115237, 43.590334572490704], [-5.771003717472114, 43.60148698884758], [-5.771003717472114, 43.6089219330855], [-5.78959107806691, 43.612639405204455], [-5.78959107806691, 43.62379182156133], [-5.782156133828992, 43.62379182156133], [-5.782156133828992, 43.63494423791821], [-5.797026022304828, 43.63494423791821], [-5.797026022304828, 43.63866171003717], [-5.811895910780664, 43.63494423791821], [-5.815613382899624, 43.64609665427509], [-5.834200743494419, 43.64609665427509], [-5.834200743494419, 43.653531598513005], [-5.841635687732337, 43.653531598513005], [-5.841635687732337, 43.664684014869884], [-5.860223048327133, 43.664684014869884], [-5.863940520446092, 43.66096654275093], [-5.863940520446092, 43.63866171003717], [-5.878810408921928, 43.63494423791821], [-5.882527881040888, 43.62750929368029], [-5.893680297397765, 43.62750929368029], [-5.893680297397765, 43.631226765799255], [-5.91598513011152, 43.62750929368029], [-5.91598513011152, 43.6089219330855], [-5.919702602230479, 43.60520446096654], [-5.942007434944233, 43.60520446096654], [-5.949442379182152, 43.58289962825278], [-5.964312267657988, 43.58289962825278], [-5.964312267657988, 43.579182156133825], [-5.968029739776947, 43.58289962825278], [-6.001486988847579, 43.579182156133825], [-6.001486988847579, 43.58289962825278], [-6.016356877323416, 43.58289962825278], [-6.016356877323416, 43.59405204460966], [-6.023791821561334, 43.59405204460966], [-6.023791821561334, 43.590334572490704], [-6.034944237918211, 43.59405204460966], [-6.03866171003717, 43.58289962825278], [-6.057249070631966, 43.57546468401487], [-6.057249070631966, 43.571747211895904], [-6.12416356877323, 43.56059479553903], [-6.12416356877323, 43.56431226765799], [-6.150185873605944, 43.56802973977695], [-6.150185873605944, 43.571747211895904], [-6.183643122676576, 43.571747211895904], [-6.183643122676576, 43.56802973977695], [-6.191078066914494, 43.56802973977695], [-6.191078066914494, 43.57546468401487], [-6.187360594795535, 43.57546468401487], [-6.191078066914494, 43.58289962825278], [-6.198513011152412, 43.57546468401487], [-6.20594795539033, 43.57546468401487], [-6.209665427509289, 43.590334572490704], [-6.213382899628248, 43.590334572490704], [-6.213382899628248, 43.58289962825278], [-6.2245353159851255, 43.58289962825278], [-6.2245353159851255, 43.59405204460966], [-6.24684014869888, 43.59776951672862], [-6.2579925650557575, 43.579182156133825], [-6.2728624535315936, 43.58289962825278], [-6.280297397769512, 43.57546468401487], [-6.2951672862453485, 43.57546468401487], [-6.2988847583643075, 43.56802973977695], [-6.3286245353159805, 43.56802973977695], [-6.3286245353159805, 43.56431226765799], [-6.350929368029735, 43.56059479553903], [-6.350929368029735, 43.55687732342007], [-6.365799256505571, 43.55687732342007], [-6.365799256505571, 43.56059479553903], [-6.3806691449814075, 43.56059479553903], [-6.3806691449814075, 43.56431226765799], [-6.436431226765794, 43.56059479553903], [-6.436431226765794, 43.56431226765799], [-6.451301115241631, 43.56431226765799], [-6.451301115241631, 43.56802973977695], [-6.466171003717467, 43.571747211895904], [-6.466171003717467, 43.57546468401487], [-6.473605947955385, 43.57546468401487], [-6.473605947955385, 43.56802973977695], [-6.481040892193303, 43.56802973977695], [-6.481040892193303, 43.55687732342007], [-6.510780669144976, 43.55687732342007], [-6.510780669144976, 43.54944237918215], [-6.521933085501854, 43.54944237918215], [-6.521933085501854, 43.55687732342007], [-6.533085501858731, 43.55687732342007], [-6.533085501858731, 43.54944237918215], [-6.53680297397769, 43.54944237918215], [-6.53680297397769, 43.55687732342007], [-6.544237918215608, 43.55687732342007], [-6.544237918215608, 43.56059479553903], [-6.551672862453527, 43.56059479553903], [-6.551672862453527, 43.55687732342007], [-6.559107806691445, 43.55687732342007], [-6.559107806691445, 43.56059479553903], [-6.599999999999995, 43.56059479553903], [-6.599999999999995, 48.699999999999996], [-4.168526376146778, 48.699999999999996], [-4.1759728593272065, 48.69255879967558], [-4.190865825688062, 48.69255879967558], [-4.190865825688062, 48.68883819951338], [-4.202035550458705, 48.68883819951338], [-4.202035550458705, 48.68511759935117], [-4.209482033639133, 48.68883819951338], [-4.213205275229347, 48.673955798864554], [-4.220651758409775, 48.673955798864554], [-4.224374999999989, 48.66651459854014], [-4.242991207951059, 48.66651459854014], [-4.242991207951059, 48.662793998377936], [-4.257884174311916, 48.662793998377936], [-4.261607415902129, 48.67023519870235], [-4.272777140672772, 48.67023519870235], [-4.272777140672772, 48.673955798864554], [-4.332349006116197, 48.67767639902676], [-4.332349006116197, 48.68511759935117], [-4.354688455657482, 48.68511759935117], [-4.354688455657482, 48.67767639902676], [-4.36213493883791, 48.67767639902676], [-4.36213493883791, 48.68511759935117], [-4.365858180428123, 48.68511759935117], [-4.365858180428123, 48.673955798864554], [-4.38075114678898, 48.673955798864554], [-4.388197629969408, 48.66651459854014], [-4.3993673547400505, 48.66651459854014], [-4.3993673547400505, 48.662793998377936], [-4.451492737003047, 48.662793998377936], [-4.4477694954128335, 48.65907339821573], [-4.4477694954128335, 48.64419099756691], [-4.477555428134545, 48.6404703974047], [-4.470108944954117, 48.63302919708029], [-4.485001911314974, 48.63302919708029], [-4.485001911314974, 48.62930859691808], [-4.49989487767583, 48.62930859691808], [-4.49989487767583, 48.63302919708029], [-4.514787844036686, 48.63302919708029], [-4.514787844036686, 48.636749797242494], [-4.566913226299683, 48.636749797242494], [-4.566913226299683, 48.6404703974047], [-4.589252675840967, 48.636749797242494], [-4.592975917431182, 48.62930859691808], [-4.604145642201824, 48.62930859691808], [-4.599999999999995, 48.62186739659367], [-4.589252675840967, 48.61814679643146], [-4.589252675840967, 48.61070559610705], [-4.607434944237913, 48.61070559610705], [-4.607434944237913, 48.61814679643146], [-4.62230483271375, 48.61814679643146], [-4.62230483271375, 48.61070559610705], [-4.629739776951668, 48.61070559610705], [-4.637174721189586, 48.60326439578264], [-4.637174721189586, 48.599543795620434], [-4.629739776951668, 48.599543795620434], [-4.626022304832709, 48.58466139497161], [-4.644609665427504, 48.588381995133815], [-4.648327137546464, 48.59582319545823], [-4.659479553903341, 48.59210259529602], [-4.652044609665423, 48.5809407948094], [-4.681784386617096, 48.588381995133815], [-4.685501858736055, 48.57349959448499], [-4.692936802973973, 48.57349959448499], [-4.692936802973973, 48.5809407948094], [-4.70408921933085, 48.5809407948094], [-4.70408921933085, 48.57349959448499], [-4.715241635687728, 48.56977899432279], [-4.715241635687728, 48.562337793998374], [-4.733828996282523, 48.562337793998374], [-4.741263940520441, 48.551175993511755], [-4.752416356877319, 48.551175993511755], [-4.756133828996278, 48.53629359286293], [-4.771003717472114, 48.53257299270073], [-4.771003717472114, 48.52885239253852], [-4.782156133828992, 48.53257299270073], [-4.782156133828992, 48.52141119221411], [-4.785873605947951, 48.52141119221411], [-4.782156133828992, 48.5176905920519], [-4.782156133828992, 48.50652879156528], [-4.785873605947951, 48.50652879156528], [-4.782156133828992, 48.49164639091646], [-4.785873605947951, 48.49164639091646], [-4.785873605947951, 48.48420519059205], [-4.771003717472114, 48.476763990267635], [-4.771003717472114, 48.46932278994322], [-4.782156133828992, 48.465602189781016], [-4.774721189591073, 48.45816098945661], [-4.782156133828992, 48.45816098945661], [-4.78959107806691, 48.450719789132194], [-4.793308550185869, 48.42467558799675], [-4.797026022304828, 48.42467558799675], [-4.800743494423787, 48.413513787510134], [-4.78959107806691, 48.40979318734793], [-4.78959107806691, 48.402351987023515], [-4.782156133828992, 48.402351987023515], [-4.782156133828992, 48.38746958637469], [-4.767286245353155, 48.38374898621249], [-4.774721189591073, 48.365145985401455], [-4.785873605947951, 48.365145985401455], [-4.785873605947951, 48.37258718572587], [-4.793308550185869, 48.37258718572587], [-4.793308550185869, 48.36142538523925], [-4.785873605947951, 48.35770478507705], [-4.785873605947951, 48.35026358475263], [-4.774721189591073, 48.35026358475263], [-4.774721189591073, 48.34654298459043], [-4.785873605947951, 48.34282238442822], [-4.782156133828992, 48.3316605839416], [-4.774721189591073, 48.3316605839416], [-4.767286245353155, 48.32421938361719], [-4.763568773234196, 48.327939983779395], [-4.741263940520441, 48.327939983779395], [-4.741263940520441, 48.3316605839416], [-4.733828996282523, 48.3316605839416], [-4.733828996282523, 48.327939983779395], [-4.70408921933085, 48.3316605839416], [-4.696654275092932, 48.353984184914836], [-4.670631970260218, 48.353984184914836], [-4.670631970260218, 48.35026358475263], [-4.659479553903341, 48.35026358475263], [-4.659479553903341, 48.34654298459043], [-4.637174721189586, 48.34654298459043], [-4.633457249070627, 48.33910178426601], [-4.611152416356872, 48.33910178426601], [-4.611152416356872, 48.34282238442822], [-4.589252675840967, 48.34654298459043], [-4.589252675840967, 48.35026358475263], [-4.5594667431192555, 48.353984184914836], [-4.555743501529041, 48.36142538523925], [-4.552020259938827, 48.35770478507705], [-4.533404051987756, 48.35770478507705], [-4.529680810397543, 48.365145985401455], [-4.522234327217115, 48.365145985401455], [-4.522234327217115, 48.37258718572587], [-4.5036181192660445, 48.37630778588807], [-4.5036181192660445, 48.38002838605028], [-4.485001911314974, 48.38002838605028], [-4.485001911314974, 48.38374898621249], [-4.477555428134545, 48.38374898621249], [-4.477555428134545, 48.38002838605028], [-4.466385703363904, 48.38002838605028], [-4.466385703363904, 48.38374898621249], [-4.444046253822619, 48.38002838605028], [-4.444046253822619, 48.38374898621249], [-4.432876529051977, 48.38374898621249], [-4.432876529051977, 48.38746958637469], [-4.3993673547400505, 48.391190186536896], [-4.3993673547400505, 48.38746958637469], [-4.410537079510693, 48.38746958637469], [-4.410537079510693, 48.38374898621249], [-4.425430045871549, 48.38374898621249], [-4.432876529051977, 48.37630778588807], [-4.444046253822619, 48.37630778588807], [-4.444046253822619, 48.37258718572587], [-4.436599770642191, 48.37258718572587], [-4.436599770642191, 48.365145985401455], [-4.4477694954128335, 48.36142538523925], [-4.4477694954128335, 48.353984184914836], [-4.4552159785932615, 48.353984184914836], [-4.4477694954128335, 48.34282238442822], [-4.4552159785932615, 48.33910178426601], [-4.458939220183475, 48.32421938361719], [-4.417983562691121, 48.3316605839416], [-4.421706804281334, 48.327939983779395], [-4.417983562691121, 48.32049878345499], [-4.384474388379194, 48.32049878345499], [-4.384474388379194, 48.316778183292776], [-4.38075114678898, 48.32049878345499], [-4.365858180428123, 48.32049878345499], [-4.365858180428123, 48.32421938361719], [-4.354688455657482, 48.32421938361719], [-4.354688455657482, 48.32049878345499], [-4.339795489296625, 48.32421938361719], [-4.3435187308868395, 48.31305758313057], [-4.269053899082558, 48.30933698296837], [-4.269053899082558, 48.30561638280616], [-4.254160932721701, 48.30561638280616], [-4.254160932721701, 48.29817518248175], [-4.250437691131488, 48.29817518248175], [-4.250437691131488, 48.28701338199513], [-4.257884174311916, 48.28701338199513], [-4.261607415902129, 48.29817518248175], [-4.321179281345555, 48.29817518248175], [-4.321179281345555, 48.29445458231954], [-4.358411697247695, 48.290733982157334], [-4.36213493883791, 48.28329278183293], [-4.38075114678898, 48.28329278183293], [-4.38075114678898, 48.279572181670716], [-4.414260321100906, 48.279572181670716], [-4.417983562691121, 48.29445458231954], [-4.466385703363904, 48.29445458231954], [-4.466385703363904, 48.290733982157334], [-4.5036181192660445, 48.28701338199513], [-4.5036181192660445, 48.290733982157334], [-4.514787844036686, 48.290733982157334], [-4.514787844036686, 48.29817518248175], [-4.5110646024464724, 48.29817518248175], [-4.5110646024464724, 48.30561638280616], [-4.49989487767583, 48.30561638280616], [-4.49989487767583, 48.31305758313057], [-4.514787844036686, 48.31305758313057], [-4.522234327217115, 48.30561638280616], [-4.522234327217115, 48.29817518248175], [-4.525957568807328, 48.29817518248175], [-4.529680810397543, 48.30933698296837], [-4.540850535168185, 48.30933698296837], [-4.540850535168185, 48.29817518248175], [-4.552020259938827, 48.29817518248175], [-4.548297018348613, 48.316778183292776], [-4.540850535168185, 48.316778183292776], [-4.540850535168185, 48.327939983779395], [-4.533404051987756, 48.3316605839416], [-4.533404051987756, 48.34654298459043], [-4.566913226299683, 48.33910178426601], [-4.566913226299683, 48.3316605839416], [-4.585529434250754, 48.32421938361719], [-4.581806192660539, 48.30933698296837], [-4.574359709480111, 48.30933698296837], [-4.574359709480111, 48.29445458231954], [-4.570636467889897, 48.29445458231954], [-4.574359709480111, 48.28329278183293], [-4.592975917431182, 48.279572181670716], [-4.592975917431182, 48.28329278183293], [-4.60042240061161, 48.28329278183293], [-4.607868883792038, 48.290733982157334], [-4.614869888475832, 48.28329278183293], [-4.633457249070627, 48.28329278183293], [-4.633457249070627, 48.279572181670716], [-4.62230483271375, 48.27585158150851], [-4.626022304832709, 48.253527980535274], [-4.614869888475832, 48.26096918085969], [-4.614869888475832, 48.25724858069748], [-4.604145642201824, 48.25724858069748], [-4.599999999999995, 48.24980738037307], [-4.581806192660539, 48.24980738037307], [-4.581806192660539, 48.253527980535274], [-4.5594667431192555, 48.253527980535274], [-4.555743501529041, 48.24980738037307], [-4.5594667431192555, 48.242366180048656], [-4.574359709480111, 48.23864557988645], [-4.566913226299683, 48.22004257907542], [-4.563189984709469, 48.22004257907542], [-4.563189984709469, 48.20888077858881], [-4.5594667431192555, 48.20888077858881], [-4.5594667431192555, 48.18283657745336], [-4.563189984709469, 48.18283657745336], [-4.5594667431192555, 48.167954176804535], [-4.540850535168185, 48.167954176804535], [-4.537127293577971, 48.18283657745336], [-4.5185110856269, 48.19027777777777], [-4.514787844036686, 48.20888077858881], [-4.492448394495402, 48.22004257907542], [-4.496171636085616, 48.23492497972425], [-4.462662461773689, 48.23864557988645], [-4.462662461773689, 48.23492497972425], [-4.4477694954128335, 48.23492497972425], [-4.444046253822619, 48.22376317923763], [-4.429153287461763, 48.22748377939983], [-4.429153287461763, 48.22376317923763], [-4.417983562691121, 48.22376317923763], [-4.417983562691121, 48.22004257907542], [-4.38075114678898, 48.216321978913214], [-4.377027905198766, 48.205160178426596], [-4.328625764525983, 48.205160178426596], [-4.328625764525983, 48.20143957826439], [-4.317456039755341, 48.20143957826439], [-4.317456039755341, 48.19399837793998], [-4.310009556574912, 48.19027777777777], [-4.310009556574912, 48.18283657745336], [-4.302563073394484, 48.17539537712895], [-4.306286314984699, 48.171674776966746], [-4.302563073394484, 48.15679237631792], [-4.2876701070336285, 48.15307177615571], [-4.2876701070336285, 48.130748175182475], [-4.291393348623842, 48.130748175182475], [-4.2951165902140565, 48.104703974047034], [-4.302563073394484, 48.104703974047034], [-4.306286314984699, 48.097262773722626], [-4.321179281345555, 48.097262773722626], [-4.321179281345555, 48.10098337388483], [-4.350965214067267, 48.104703974047034], [-4.350965214067267, 48.108424574209245], [-4.36213493883791, 48.108424574209245], [-4.36213493883791, 48.11214517437145], [-4.384474388379194, 48.11214517437145], [-4.384474388379194, 48.108424574209245], [-4.425430045871549, 48.108424574209245], [-4.432876529051977, 48.10098337388483], [-4.48127866972476, 48.10098337388483], [-4.485001911314974, 48.08982157339821], [-4.540850535168185, 48.08982157339821], [-4.552020259938827, 48.07865977291159], [-4.5594667431192555, 48.07865977291159], [-4.5594667431192555, 48.082380373073796], [-4.592975917431182, 48.082380373073796], [-4.592975917431182, 48.07865977291159], [-4.607868883792038, 48.07865977291159], [-4.607868883792038, 48.07493917274939], [-4.62230483271375, 48.07493917274939], [-4.62230483271375, 48.071218572587185], [-4.626485091743108, 48.07493917274939], [-4.633457249070627, 48.07493917274939], [-4.633457249070627, 48.071218572587185], [-4.6631970260223, 48.071218572587185], [-4.6631970260223, 48.07493917274939], [-4.670631970260218, 48.07493917274939], [-4.678066914498136, 48.067497972424974], [-4.718959107806687, 48.067497972424974], [-4.715241635687728, 48.045174371451736], [-4.733828996282523, 48.045174371451736], [-4.737546468401482, 48.04145377128953], [-4.733828996282523, 48.034012570965125], [-4.711524163568768, 48.034012570965125], [-4.711524163568768, 48.030291970802914], [-4.700371747211891, 48.030291970802914], [-4.700371747211891, 48.02657137064071], [-4.696654275092932, 48.030291970802914], [-4.692936802973973, 48.02657137064071], [-4.659479553903341, 48.02657137064071], [-4.659479553903341, 48.019130170316295], [-4.648327137546464, 48.019130170316295], [-4.648327137546464, 48.02657137064071], [-4.633457249070627, 48.02657137064071], [-4.633457249070627, 48.019130170316295], [-4.626022304832709, 48.019130170316295], [-4.626022304832709, 48.01540957015409], [-4.604145642201824, 48.01540957015409], [-4.596699159021396, 48.007968369829676], [-4.574359709480111, 48.00424776966747], [-4.574359709480111, 48.00052716950527], [-4.5594667431192555, 48.00052716950527], [-4.552020259938827, 48.01168896999189], [-4.548297018348613, 48.007968369829676], [-4.533404051987756, 48.007968369829676], [-4.533404051987756, 48.00424776966747], [-4.496171636085616, 48.00052716950527], [-4.496171636085616, 47.996806569343065], [-4.485001911314974, 47.993085969180854], [-4.485001911314974, 47.985644768856446], [-4.458939220183475, 47.981924168694235], [-4.451492737003047, 47.970762368207616], [-4.432876529051977, 47.96704176804541], [-4.421706804281334, 47.95587996755879], [-4.421706804281334, 47.944718167072175], [-4.395644113149836, 47.92983576642335], [-4.388197629969408, 47.907512165450115], [-4.38075114678898, 47.90379156528791], [-4.38075114678898, 47.896350364963496], [-4.373304663608552, 47.88890916463909], [-4.373304663608552, 47.87774736415247], [-4.365858180428123, 47.87774736415247], [-4.365858180428123, 47.870306163828054], [-4.358411697247695, 47.86286496350365], [-4.358411697247695, 47.84426196269261], [-4.354688455657482, 47.84426196269261], [-4.358411697247695, 47.833100162205994], [-4.384474388379194, 47.82565896188159], [-4.388197629969408, 47.799614760746145], [-4.3919208715596225, 47.799614760746145], [-4.3919208715596225, 47.795894160583934], [-4.373304663608552, 47.79217356042173], [-4.373304663608552, 47.78845296025953], [-4.3435187308868395, 47.78473236009732], [-4.339795489296625, 47.79217356042173], [-4.324902522935769, 47.78845296025953], [-4.313732798165127, 47.799614760746145], [-4.302563073394484, 47.799614760746145], [-4.302563073394484, 47.79217356042173], [-4.2876701070336285, 47.79217356042173], [-4.2876701070336285, 47.78473236009732], [-4.261607415902129, 47.78845296025953], [-4.261607415902129, 47.79217356042173], [-4.216928516819561, 47.79217356042173], [-4.209482033639133, 47.799614760746145], [-4.205758792048918, 47.799614760746145], [-4.205758792048918, 47.79217356042173], [-4.1759728593272065, 47.795894160583934], [-4.1759728593272065, 47.80705596107055], [-4.164803134556564, 47.80705596107055], [-4.164803134556564, 47.80333536090835], [-4.153633409785922, 47.80705596107055], [-4.157356651376136, 47.810776561232764], [-4.153633409785922, 47.84054136253041], [-4.142463685015279, 47.84426196269261], [-4.142463685015279, 47.85914436334144], [-4.138740443425066, 47.86286496350365], [-4.112677752293567, 47.86286496350365], [-4.112677752293567, 47.870306163828054], [-4.105231269113139, 47.870306163828054], [-4.105231269113139, 47.86286496350365], [-4.097784785932711, 47.86286496350365], [-4.097784785932711, 47.85914436334144], [-4.094061544342496, 47.86286496350365], [-4.0791685779816405, 47.86286496350365], [-4.0791685779816405, 47.85914436334144], [-4.053105886850142, 47.85542376317923], [-4.053105886850142, 47.84054136253041], [-4.049382645259928, 47.836820762368205], [-4.034489678899072, 47.836820762368205], [-4.030766437308857, 47.85170316301703], [-3.9749178134556464, 47.85542376317923], [-3.982364296636075, 47.86286496350365], [-3.982364296636075, 47.88890916463909], [-3.956301605504576, 47.89262976480129], [-3.956301605504576, 47.88890916463909], [-3.945131880733934, 47.88890916463909], [-3.945131880733934, 47.88146796431467], [-3.9376853975535058, 47.88146796431467], [-3.9376853975535058, 47.874026763990265], [-3.94140863914372, 47.874026763990265], [-3.9376853975535058, 47.86286496350365], [-3.930238914373078, 47.870306163828054], [-3.9153459480122215, 47.86658556366585], [-3.9153459480122215, 47.86286496350365], [-3.92279243119265, 47.86286496350365], [-3.92279243119265, 47.85542376317923], [-3.9041762232415795, 47.85170316301703], [-3.9078994648317935, 47.836820762368205], [-3.889283256880723, 47.82937956204379], [-3.889283256880723, 47.82193836171938], [-3.878113532110081, 47.82193836171938], [-3.870667048929653, 47.80705596107055], [-3.8594973241590105, 47.80705596107055], [-3.8557740825687965, 47.80333536090835], [-3.8594973241590105, 47.79217356042173], [-3.818541666666656, 47.795894160583934], [-3.818541666666656, 47.79217356042173], [-3.8073719418960135, 47.79217356042173], [-3.7999254587155855, 47.78473236009732], [-3.7962022171253715, 47.79217356042173], [-3.7515233180428025, 47.79217356042173], [-3.7515233180428025, 47.795894160583934], [-3.7403535932721605, 47.795894160583934], [-3.736630351681946, 47.80333536090835], [-3.725460626911304, 47.80333536090835], [-3.718014143730876, 47.79217356042173], [-3.706844418960234, 47.79217356042173], [-3.706844418960234, 47.78845296025953], [-3.6919514525993775, 47.78473236009732], [-3.6919514525993775, 47.77729115977291], [-3.6845049694189496, 47.77729115977291], [-3.6845049694189496, 47.773570559610704], [-3.677058486238521, 47.773570559610704], [-3.677058486238521, 47.77729115977291], [-3.650995795107023, 47.77729115977291], [-3.650995795107023, 47.773570559610704], [-3.6323795871559525, 47.773570559610704], [-3.6323795871559525, 47.76984995944849], [-3.5281288226299585, 47.762408759124085], [-3.5244055810397446, 47.75496755879967], [-3.513235856269102, 47.751246958637466], [-3.513235856269102, 47.74008515815085], [-3.509512614678888, 47.74008515815085], [-3.505789373088674, 47.72892335766423], [-3.494619648318032, 47.72892335766423], [-3.479726681957176, 47.714040957015406], [-3.479726681957176, 47.70659975669099], [-3.4685569571865336, 47.70659975669099], [-3.4611104740061056, 47.699158556366584], [-3.453663990825677, 47.699158556366584], [-3.453663990825677, 47.69543795620437], [-3.427601299694179, 47.699158556366584], [-3.427601299694179, 47.70287915652879], [-3.4164315749235366, 47.699158556366584], [-3.4164315749235366, 47.69543795620437], [-3.4127083333333226, 47.699158556366584], [-3.38292240061161, 47.699158556366584], [-3.375475917431182, 47.70659975669099], [-3.375475917431182, 47.714040957015406], [-3.371752675840968, 47.714040957015406], [-3.371752675840968, 47.725202757502025], [-3.3680294342507535, 47.72892335766423], [-3.3568597094801116, 47.725202757502025], [-3.3568597094801116, 47.73264395782643], [-3.3531364678898976, 47.73264395782643], [-3.3531364678898976, 47.721482157339814], [-3.3680294342507535, 47.714040957015406], [-3.3680294342507535, 47.70287915652879], [-3.3643061926605395, 47.70287915652879], [-3.3680294342507535, 47.687996755879965], [-3.3643061926605395, 47.684276155717754], [-3.3568597094801116, 47.684276155717754], [-3.349413226299683, 47.69171735604217], [-3.3121808103975425, 47.69171735604217], [-3.3121808103975425, 47.687996755879965], [-3.2972878440366866, 47.687996755879965], [-3.2972878440366866, 47.684276155717754], [-3.2823948776758303, 47.684276155717754], [-3.260055428134546, 47.66195255474452], [-3.2451624617736896, 47.66195255474452], [-3.2302694954128333, 47.647070154095694], [-3.211653287461763, 47.64334955393349], [-3.211653287461763, 47.63590835360908], [-3.204206804281335, 47.63218775344687], [-3.204206804281335, 47.62102595296025], [-3.1744208715596223, 47.613584752635845], [-3.1706976299694083, 47.602422952149226], [-3.16325114678898, 47.602422952149226], [-3.155804663608552, 47.58381995133819], [-3.1446349388379096, 47.58009935117599], [-3.148358180428124, 47.56893755068937], [-3.1446349388379096, 47.56893755068937], [-3.1446349388379096, 47.55405515004055], [-3.1409116972476956, 47.55405515004055], [-3.1446349388379096, 47.54289334955393], [-3.155804663608552, 47.54289334955393], [-3.159527905198766, 47.53173154906731], [-3.1669743883791943, 47.53173154906731], [-3.159527905198766, 47.5242903487429], [-3.155804663608552, 47.49824614760746], [-3.148358180428124, 47.49824614760746], [-3.1446349388379096, 47.48336374695863], [-3.1371884556574816, 47.47592254663422], [-3.1111257645259833, 47.47592254663422], [-3.1111257645259833, 47.47220194647201], [-3.099956039755341, 47.47220194647201], [-3.099956039755341, 47.464760746147604], [-3.0776165902140566, 47.464760746147604], [-3.0738933486238427, 47.4610401459854], [-3.0738933486238427, 47.47220194647201], [-3.0887863149846986, 47.47592254663422], [-3.099956039755341, 47.490804947283046], [-3.107402522935769, 47.490804947283046], [-3.1148490061161973, 47.51312854825628], [-3.1222954892966253, 47.51312854825628], [-3.1222954892966253, 47.5242903487429], [-3.1148490061161973, 47.5242903487429], [-3.1148490061161973, 47.54289334955393], [-3.1111257645259833, 47.54289334955393], [-3.107402522935769, 47.55777575020275], [-3.0738933486238427, 47.56149635036496], [-3.0738933486238427, 47.565216950527166], [-3.040384174311916, 47.565216950527166], [-3.040384174311916, 47.56893755068937], [-3.0292144495412736, 47.56893755068937], [-3.0292144495412736, 47.565216950527166], [-3.0180447247706312, 47.56149635036496], [-3.0180447247706312, 47.58009935117599], [-3.0105982415902033, 47.58009935117599], [-3.0105982415902033, 47.56893755068937], [-3.0031517584097753, 47.56149635036496], [-2.995705275229347, 47.56149635036496], [-2.991982033639133, 47.55405515004055], [-2.988258792048919, 47.55405515004055], [-2.988258792048919, 47.56149635036496], [-2.9770890672782766, 47.56149635036496], [-2.9733658256880626, 47.55033454987834], [-2.9584728593272063, 47.55033454987834], [-2.9584728593272063, 47.54661394971613], [-2.9659193425076347, 47.54661394971613], [-2.9621961009174202, 47.53173154906731], [-2.939856651376136, 47.528010948905106], [-2.939856651376136, 47.53173154906731], [-2.9510263761467783, 47.53173154906731], [-2.9510263761467783, 47.539172749391724], [-2.939856651376136, 47.54289334955393], [-2.9249636850152796, 47.56149635036496], [-2.932410168195708, 47.565216950527166], [-2.936133409785922, 47.58381995133819], [-2.9473031345565643, 47.58381995133819], [-2.9510263761467783, 47.59498175182481], [-2.9621961009174202, 47.602422952149226], [-2.9584728593272063, 47.613584752635845], [-2.9547496177369923, 47.613584752635845], [-2.9547496177369923, 47.602422952149226], [-2.9473031345565643, 47.59498175182481], [-2.939856651376136, 47.59498175182481], [-2.939856651376136, 47.5875405515004], [-2.932410168195708, 47.5875405515004], [-2.932410168195708, 47.58009935117599], [-2.9175172018348516, 47.58381995133819], [-2.9137939602446377, 47.56893755068937], [-2.9063474770642093, 47.56893755068937], [-2.9063474770642093, 47.576378751013785], [-2.8989009938837813, 47.576378751013785], [-2.8989009938837813, 47.56893755068937], [-2.8951777522935673, 47.56893755068937], [-2.8951777522935673, 47.58009935117599], [-2.887731269113139, 47.576378751013785], [-2.887731269113139, 47.59126115166261], [-2.884008027522925, 47.59498175182481], [-2.8616685779816406, 47.59498175182481], [-2.8579453363914267, 47.61730535279805], [-2.8542220948012127, 47.613584752635845], [-2.8467756116207843, 47.613584752635845], [-2.8467756116207843, 47.61730535279805], [-2.828159403669714, 47.613584752635845], [-2.820712920489286, 47.62102595296025], [-2.8020967125382157, 47.62102595296025], [-2.8020967125382157, 47.61730535279805], [-2.7909269877675733, 47.62102595296025], [-2.7909269877675733, 47.613584752635845], [-2.7834805045871454, 47.613584752635845], [-2.7834805045871454, 47.609864152473634], [-2.7983734709480017, 47.609864152473634], [-2.7983734709480017, 47.613584752635845], [-2.820712920489286, 47.609864152473634], [-2.820712920489286, 47.602422952149226], [-2.8244361620795, 47.602422952149226], [-2.820712920489286, 47.5875405515004], [-2.816989678899072, 47.5875405515004], [-2.816989678899072, 47.58009935117599], [-2.8020967125382157, 47.58381995133819], [-2.7946502293577873, 47.59126115166261], [-2.764864296636075, 47.5875405515004], [-2.764864296636075, 47.565216950527166], [-2.776034021406717, 47.56893755068937], [-2.776034021406717, 47.576378751013785], [-2.7946502293577873, 47.58381995133819], [-2.7983734709480017, 47.565216950527166], [-2.8132664373088576, 47.565216950527166], [-2.820712920489286, 47.55777575020275], [-2.828159403669714, 47.55777575020275], [-2.831882645259928, 47.55033454987834], [-2.8579453363914267, 47.55033454987834], [-2.8579453363914267, 47.55405515004055], [-2.8653918195718546, 47.55405515004055], [-2.8653918195718546, 47.55777575020275], [-2.872838302752283, 47.55777575020275], [-2.872838302752283, 47.56149635036496], [-2.8914545107033534, 47.56893755068937], [-2.8914545107033534, 47.56149635036496], [-2.8951777522935673, 47.565216950527166], [-2.9137939602446377, 47.56149635036496], [-2.9212404434250656, 47.54661394971613], [-2.9063474770642093, 47.54289334955393], [-2.9063474770642093, 47.53173154906731], [-2.8914545107033534, 47.53173154906731], [-2.8914545107033534, 47.539172749391724], [-2.884008027522925, 47.539172749391724], [-2.880284785932711, 47.528010948905106], [-2.872838302752283, 47.528010948905106], [-2.8653918195718546, 47.51684914841849], [-2.8542220948012127, 47.51312854825628], [-2.8542220948012127, 47.49452554744525], [-2.831882645259928, 47.490804947283046], [-2.828159403669714, 47.48336374695863], [-2.8020967125382157, 47.48336374695863], [-2.8020967125382157, 47.47964314679643], [-2.7983734709480017, 47.48336374695863], [-2.764864296636075, 47.48336374695863], [-2.764864296636075, 47.48708434712084], [-2.7425248470947907, 47.49452554744525], [-2.7425248470947907, 47.49824614760746], [-2.7313551223241483, 47.49452554744525], [-2.7313551223241483, 47.50568734793187], [-2.716462155963292, 47.50568734793187], [-2.716462155963292, 47.49452554744525], [-2.7052924311926496, 47.49824614760746], [-2.7052924311926496, 47.49452554744525], [-2.6941227064220077, 47.49452554744525], [-2.6903994648317937, 47.48708434712084], [-2.6717832568807234, 47.48708434712084], [-2.6717832568807234, 47.490804947283046], [-2.656890290519867, 47.49452554744525], [-2.653167048929653, 47.50940794809407], [-2.6419973241590107, 47.50568734793187], [-2.6382740825687967, 47.490804947283046], [-2.6227741650610032, 47.490804947283046], [-2.6227741650610032, 47.49452554744525], [-2.58932040783557, 47.490804947283046], [-2.593037491971729, 47.49824614760746], [-2.5818862395632514, 47.50940794809407], [-2.5744520712909327, 47.50940794809407], [-2.5744520712909327, 47.50568734793187], [-2.5707349871547733, 47.50940794809407], [-2.53728122992934, 47.50568734793187], [-2.53728122992934, 47.490804947283046], [-2.5298470616570214, 47.48708434712084], [-2.5298470616570214, 47.48336374695863], [-2.511261640976225, 47.49452554744525], [-2.511261640976225, 47.47964314679643], [-2.5038274727039065, 47.47964314679643], [-2.5038274727039065, 47.47220194647201], [-2.514978725112384, 47.47220194647201], [-2.514978725112384, 47.464760746147604], [-2.511261640976225, 47.464760746147604], [-2.511261640976225, 47.453598945660985], [-2.5038274727039065, 47.453598945660985], [-2.5038274727039065, 47.44615774533657], [-2.496393304431588, 47.44243714517437], [-2.496393304431588, 47.43499594484995], [-2.488959136159269, 47.43499594484995], [-2.488959136159269, 47.416392944038925], [-2.496393304431588, 47.40895174371451], [-2.5224128933847028, 47.40523114355231], [-2.5298470616570214, 47.390348742903484], [-2.5595837347462957, 47.390348742903484], [-2.5595837347462957, 47.38290754257907], [-2.5707349871547733, 47.379186942416865], [-2.5707349871547733, 47.37546634225466], [-2.563300818882455, 47.37546634225466], [-2.5558666506101364, 47.36802514193025], [-2.540998314065499, 47.36802514193025], [-2.540998314065499, 47.36058394160583], [-2.5298470616570214, 47.36058394160583], [-2.526129977520862, 47.34942214111922], [-2.511261640976225, 47.3382603406326], [-2.511261640976225, 47.31965733982157], [-2.5224128933847028, 47.315936739659364], [-2.5224128933847028, 47.31221613949716], [-2.533564145793181, 47.31221613949716], [-2.540998314065499, 47.304774939172745], [-2.552149566473977, 47.304774939172745], [-2.5558666506101364, 47.30105433901054], [-2.552149566473977, 47.28989253852392], [-2.5224128933847028, 47.28617193836172], [-2.5224128933847028, 47.28245133819951], [-2.500110388567747, 47.278730738037304], [-2.500110388567747, 47.2750101378751], [-2.4852420520231098, 47.2750101378751], [-2.4852420520231098, 47.27128953771289], [-2.462939547206154, 47.27128953771289], [-2.459222463069995, 47.26384833738848], [-2.444354126525358, 47.26384833738848], [-2.444354126525358, 47.256407137064066], [-2.4109003692999242, 47.256407137064066], [-2.4109003692999242, 47.26384833738848], [-2.3997491168914467, 47.26384833738848], [-2.392314948619128, 47.27128953771289], [-2.3625782755298537, 47.27128953771289], [-2.3625782755298537, 47.267568937550685], [-2.355144107257535, 47.267568937550685], [-2.355144107257535, 47.256407137064066], [-2.3439928548490574, 47.25268653690186], [-2.340275770712898, 47.24524533657745], [-2.321690350032102, 47.24524533657745], [-2.321690350032102, 47.24152473641524], [-2.3068220134874644, 47.23780413625304], [-2.3068220134874644, 47.23408353609083], [-2.269651172125872, 47.23780413625304], [-2.2547828355812345, 47.25268653690186], [-2.2287632466281195, 47.25268653690186], [-2.2287632466281195, 47.256407137064066], [-2.221329078355801, 47.256407137064066], [-2.221329078355801, 47.26384833738848], [-2.206460741811164, 47.267568937550685], [-2.1990265735388452, 47.278730738037304], [-2.1878753211303676, 47.278730738037304], [-2.1767240687218896, 47.28989253852392], [-2.169289900449571, 47.2750101378751], [-2.1841582369942083, 47.267568937550685], [-2.1841582369942083, 47.25268653690186], [-2.1878753211303676, 47.25268653690186], [-2.191592405266527, 47.23408353609083], [-2.1990265735388452, 47.23408353609083], [-2.1990265735388452, 47.22664233576642], [-2.2027436576750046, 47.22664233576642], [-2.2027436576750046, 47.2117599351176], [-2.2138949100834826, 47.20803933495539], [-2.2138949100834826, 47.193156934306565], [-2.1990265735388452, 47.193156934306565], [-2.1990265735388452, 47.19687753446877], [-2.1841582369942083, 47.19687753446877], [-2.180441152858049, 47.20059813463098], [-2.180441152858049, 47.192553516819565], [-2.1841582369942083, 47.192553516819565], [-2.1841582369942083, 47.18571573398215], [-2.191592405266527, 47.181995133819946], [-2.191592405266527, 47.17766055045871], [-2.1990265735388452, 47.17766055045871], [-2.1990265735388452, 47.17021406727828], [-2.2101778259473233, 47.17021406727828], [-2.217611994219642, 47.16276758409786], [-2.236197414900438, 47.16276758409786], [-2.236197414900438, 47.155321100917426], [-2.247348667308916, 47.15159785932721], [-2.247348667308916, 47.14042813455657], [-2.2547828355812345, 47.14042813455657], [-2.2547828355812345, 47.13298165137614], [-2.251065751445075, 47.129258409785926], [-2.243631583172757, 47.13298165137614], [-2.243631583172757, 47.129258409785926], [-2.206460741811164, 47.12553516819571], [-2.206460741811164, 47.1218119266055], [-2.1767240687218896, 47.1218119266055], [-2.1767240687218896, 47.11808868501529], [-2.165572816313412, 47.11808868501529], [-2.165572816313412, 47.11064220183486], [-2.139553227360297, 47.11064220183486], [-2.139553227360297, 47.10691896024464], [-2.1098165542710228, 47.10319571865443], [-2.113533638407182, 47.09202599388379], [-2.1060994701348634, 47.09202599388379], [-2.1060994701348634, 47.08830275229357], [-2.113533638407182, 47.08830275229357], [-2.113533638407182, 47.08085626911315], [-2.0949482177263854, 47.08085626911315], [-2.0949482177263854, 47.07340978593272], [-2.0689286287732704, 47.0696865443425], [-2.061494460500952, 47.06224006116207], [-2.065211544637111, 47.01756116207951], [-2.076362797045589, 47.013837920489294], [-2.076362797045589, 46.99894495412843], [-2.083796965317908, 46.995221712538225], [-2.083796965317908, 46.987775229357794], [-2.087514049454067, 46.987775229357794], [-2.087514049454067, 46.995221712538225], [-2.0949482177263854, 46.995221712538225], [-2.0949482177263854, 46.987775229357794], [-2.102382385998704, 46.987775229357794], [-2.1060994701348634, 46.99149847094801], [-2.102382385998704, 47.006391437308864], [-2.113533638407182, 47.006391437308864], [-2.113533638407182, 47.013837920489294], [-2.1246848908156597, 47.013837920489294], [-2.1246848908156597, 47.01756116207951], [-2.1321190590879784, 47.01756116207951], [-2.1321190590879784, 47.013837920489294], [-2.1358361432241377, 47.01756116207951], [-2.191592405266527, 47.01756116207951], [-2.191592405266527, 47.013837920489294], [-2.2027436576750046, 47.013837920489294], [-2.2027436576750046, 47.006391437308864], [-2.2101778259473233, 47.006391437308864], [-2.2101778259473233, 47.013837920489294], [-2.217611994219642, 47.013837920489294], [-2.22504616249196, 47.02500764525993], [-2.236197414900438, 47.02500764525993], [-2.247348667308916, 47.039900611620794], [-2.262217003853553, 47.03617737003058], [-2.262217003853553, 47.032454128440364], [-2.27708534039819, 47.032454128440364], [-2.27708534039819, 47.03617737003058], [-2.288236592806668, 47.039900611620794], [-2.288236592806668, 47.032454128440364], [-2.3179732658959424, 47.032454128440364], [-2.314256181759783, 47.01756116207951], [-2.32912451830442, 47.013837920489294], [-2.3328416024405794, 46.99894495412843], [-2.3439928548490574, 46.99894495412843], [-2.3588611913936943, 46.98405198776758], [-2.3625782755298537, 46.987775229357794], [-2.3737295279383317, 46.98405198776758], [-2.3737295279383317, 46.97660550458715], [-2.38116369621065, 46.97660550458715], [-2.377446612074491, 46.96543577981651], [-2.3848807803468093, 46.961712538226294], [-2.3848807803468093, 46.95426605504587], [-2.3625782755298537, 46.95426605504587], [-2.3588611913936943, 46.961712538226294], [-2.3477099389852167, 46.961712538226294], [-2.3477099389852167, 46.95798929663608], [-2.325407434168261, 46.961712538226294], [-2.321690350032102, 46.95798929663608], [-2.321690350032102, 46.96543577981651], [-2.3179732658959424, 46.96543577981651], [-2.3068220134874644, 46.95426605504587], [-2.2733682562620308, 46.95426605504587], [-2.2733682562620308, 46.950542813455655], [-2.251065751445075, 46.94681957186544], [-2.247348667308916, 46.943096330275225], [-2.251065751445075, 46.917033639143725], [-2.243631583172757, 46.9095871559633], [-2.22504616249196, 46.9095871559633], [-2.22504616249196, 46.90214067278287], [-2.221329078355801, 46.90214067278287], [-2.217611994219642, 46.91331039755351], [-2.2101778259473233, 46.91331039755351], [-2.2101778259473233, 46.92075688073394], [-2.2027436576750046, 46.92075688073394], [-2.1990265735388452, 46.917033639143725], [-2.2027436576750046, 46.91331039755351], [-2.1990265735388452, 46.898417431192655], [-2.191592405266527, 46.898417431192655], [-2.191592405266527, 46.887247706422016], [-2.1878753211303676, 46.887247706422016], [-2.1878753211303676, 46.879801223241586], [-2.1990265735388452, 46.87607798165137], [-2.1990265735388452, 46.86490825688073], [-2.1841582369942083, 46.86490825688073], [-2.180441152858049, 46.8574617737003], [-2.2138949100834826, 46.85001529051987], [-2.2101778259473233, 46.84256880733945], [-2.1990265735388452, 46.84629204892966], [-2.1990265735388452, 46.83884556574923], [-2.206460741811164, 46.8313990825688], [-2.206460741811164, 46.809059633027516], [-2.191592405266527, 46.809059633027516], [-2.191592405266527, 46.80533639143731], [-2.1990265735388452, 46.80533639143731], [-2.1990265735388452, 46.79788990825688], [-2.2101778259473233, 46.79788990825688], [-2.2138949100834826, 46.79044342507645], [-2.206460741811164, 46.78299694189602], [-2.2027436576750046, 46.78672018348623], [-2.180441152858049, 46.78672018348623], [-2.1767240687218896, 46.79416666666666], [-2.154421563904934, 46.79044342507645], [-2.1507044797687747, 46.78299694189602], [-2.117250722543341, 46.78299694189602], [-2.117250722543341, 46.78672018348623], [-2.113533638407182, 46.78299694189602], [-2.1060994701348634, 46.78299694189602], [-2.1060994701348634, 46.78672018348623], [-2.102382385998704, 46.78299694189602], [-2.083796965317908, 46.78299694189602], [-2.083796965317908, 46.77927370030581], [-2.0689286287732704, 46.77555045871559], [-2.065211544637111, 46.76810397553516], [-2.0540602922286335, 46.76810397553516], [-2.0540602922286335, 46.76065749235474], [-2.0354748715478372, 46.75321100917431], [-2.0280407032755186, 46.74204128440367], [-2.013172366730881, 46.738318042813454], [-2.005738198458563, 46.72342507645259], [-1.9908698619139256, 46.719701834862384], [-1.9908698619139256, 46.70853211009174], [-1.983435693641607, 46.70853211009174], [-1.983435693641607, 46.70108562691131], [-1.9760015253692886, 46.70108562691131], [-1.9722844412331293, 46.68991590214067], [-1.9499819364161735, 46.68991590214067], [-1.9313965157353772, 46.667576452599384], [-1.91652817919074, 46.66385321100917], [-1.9128110950545807, 46.6452370030581], [-1.9016598426461029, 46.63406727828746], [-1.8942256743737844, 46.63406727828746], [-1.8867915061014657, 46.6191743119266], [-1.8793573378291473, 46.6191743119266], [-1.875640253692988, 46.611727828746176], [-1.8644890012845101, 46.60800458715596], [-1.8607719171483508, 46.58194189602446], [-1.8570548330121914, 46.58194189602446], [-1.8533377488760323, 46.57077217125382], [-1.8459035806037136, 46.57077217125382], [-1.8421864964675545, 46.54843272171254], [-1.8347523281952358, 46.54470948012232], [-1.8310352440590765, 46.51864678899082], [-1.8273181599229174, 46.51864678899082], [-1.8273181599229174, 46.49630733944954], [-1.823601075786758, 46.49258409785932], [-1.8087327392421209, 46.49258409785932], [-1.8087327392421209, 46.4851376146789], [-1.7938644026974837, 46.4851376146789], [-1.7938644026974837, 46.49258409785932], [-1.782713150289006, 46.49258409785932], [-1.782713150289006, 46.4851376146789], [-1.7678448137443687, 46.48141437308868], [-1.7678448137443687, 46.47396788990825], [-1.756693561335891, 46.47396788990825], [-1.7492593930635725, 46.46652140672782], [-1.7381081406550947, 46.46652140672782], [-1.730673972382776, 46.4590749235474], [-1.7232398041104575, 46.4590749235474], [-1.7195227199742982, 46.44790519877675], [-1.7083714675658204, 46.44790519877675], [-1.7009372992935017, 46.44045871559633], [-1.6860689627488645, 46.44045871559633], [-1.6860689627488645, 46.43673547400611], [-1.6712006262042276, 46.4330122324159], [-1.6712006262042276, 46.42928899082568], [-1.663766457931909, 46.42928899082568], [-1.6600493737957496, 46.42184250764526], [-1.652615205523431, 46.42184250764526], [-1.652615205523431, 46.41439602446483], [-1.6340297848426346, 46.41439602446483], [-1.6340297848426346, 46.41067278287461], [-1.6228785324341568, 46.41067278287461], [-1.6228785324341568, 46.4069495412844], [-1.5931418593448825, 46.4069495412844], [-1.5894247752087234, 46.399503058103974], [-1.5819906069364047, 46.399503058103974], [-1.5819906069364047, 46.40322629969418], [-1.5485368497109713, 46.40322629969418], [-1.5485368497109713, 46.399503058103974], [-1.544819765574812, 46.40322629969418], [-1.5225172607578563, 46.40322629969418], [-1.5225172607578563, 46.399503058103974], [-1.5113660083493785, 46.399503058103974], [-1.5076489242132192, 46.392056574923544], [-1.4964976718047414, 46.38833333333333], [-1.4964976718047414, 46.3808868501529], [-1.4890635035324227, 46.373440366972474], [-1.4853464193962636, 46.35854740061162], [-1.4816293352601042, 46.35854740061162], [-1.4816293352601042, 46.336207951070335], [-1.440741409762352, 46.336207951070335], [-1.440741409762352, 46.33248470948012], [-1.4147218208092371, 46.336207951070335], [-1.4147218208092371, 46.33248470948012], [-1.4035705684007593, 46.33248470948012], [-1.4035705684007593, 46.328761467889905], [-1.3440972222222107, 46.32503822629969], [-1.3440972222222107, 46.321314984709474], [-1.332945969813733, 46.31759174311926], [-1.332945969813733, 46.30642201834862], [-1.3255118015414145, 46.30642201834862], [-1.3255118015414145, 46.29897553516819], [-1.3180776332690958, 46.295252293577974], [-1.3180776332690958, 46.284082568807335], [-1.306926380860618, 46.284082568807335], [-1.306926380860618, 46.276636085626905], [-1.2994922125882995, 46.276636085626905], [-1.2994922125882995, 46.26918960244648], [-1.2734726236351845, 46.26918960244648], [-1.2734726236351845, 46.265466360856266], [-1.2474530346820696, 46.265466360856266], [-1.2474530346820696, 46.26174311926605], [-1.240018866409751, 46.26174311926605], [-1.240018866409751, 46.25429663608562], [-1.2474530346820696, 46.246850152905196], [-1.2474530346820696, 46.231957186544335], [-1.228867614001273, 46.22451070336391], [-1.2363017822735916, 46.20217125382263], [-1.228867614001273, 46.194724770642196], [-1.2214334457289546, 46.194724770642196], [-1.2214334457289546, 46.19100152905198], [-1.213999277456636, 46.19100152905198], [-1.2214334457289546, 46.18355504587156], [-1.228867614001273, 46.18355504587156], [-1.228867614001273, 46.17238532110091], [-1.2363017822735916, 46.16493883792049], [-1.2363017822735916, 46.15749235474006], [-1.2325846981374324, 46.15749235474006], [-1.2363017822735916, 46.15004587155963], [-1.2065651091843175, 46.14632262996941], [-1.2065651091843175, 46.1425993883792], [-1.1954138567758397, 46.1425993883792], [-1.1954138567758397, 46.13515290519877], [-1.1768284360950432, 46.13142966360856], [-1.1768284360950432, 46.12025993883792], [-1.1656771836865654, 46.1165366972477], [-1.1582430154142467, 46.10909021406727], [-1.1582430154142467, 46.10164373088685], [-1.1508088471419282, 46.10164373088685], [-1.135940510597291, 46.08675076452599], [-1.135940510597291, 46.079304281345564], [-1.1322234264611317, 46.079304281345564], [-1.1322234264611317, 46.0644113149847], [-1.1396575947334504, 46.05696483180428], [-1.1285063423249726, 46.04579510703363], [-1.1322234264611317, 46.02345565749235], [-1.1508088471419282, 46.008562691131495], [-1.1508088471419282, 45.99739296636085], [-1.1433746788696095, 45.989946483180425], [-1.161960099550406, 45.982499999999995], [-1.1582430154142467, 45.963883792048925], [-1.1508088471419282, 45.963883792048925], [-1.1508088471419282, 45.956437308868495], [-1.1433746788696095, 45.94899082568807], [-1.1433746788696095, 45.926651376146786], [-1.135940510597291, 45.919204892966356], [-1.1396575947334504, 45.893142201834856], [-1.1433746788696095, 45.893142201834856], [-1.1396575947334504, 45.90803516819572], [-1.1433746788696095, 45.90803516819572], [-1.1470917630057689, 45.92292813455657], [-1.1693942678227247, 45.919204892966356], [-1.1693942678227247, 45.90803516819572], [-1.1768284360950432, 45.90803516819572], [-1.1768284360950432, 45.91548165137614], [-1.187979688503521, 45.926651376146786], [-1.187979688503521, 45.93409785932721], [-1.1954138567758397, 45.93409785932721], [-1.2028480250481581, 45.94154434250764], [-1.2028480250481581, 45.94899082568807], [-1.2214334457289546, 45.956437308868495], [-1.2214334457289546, 45.963883792048925], [-1.228867614001273, 45.963883792048925], [-1.228867614001273, 45.97505351681957], [-1.2437359505459102, 45.989946483180425], [-1.254887202954388, 45.989946483180425], [-1.254887202954388, 45.99366972477064], [-1.2994922125882995, 45.99366972477064], [-1.2994922125882995, 45.99739296636085], [-1.306926380860618, 45.99739296636085], [-1.306926380860618, 46.008562691131495], [-1.3143605491329367, 46.016009174311925], [-1.3217947174052551, 46.016009174311925], [-1.3255118015414145, 46.02345565749235], [-1.332945969813733, 46.02345565749235], [-1.332945969813733, 46.03090214067278], [-1.3403801380860516, 46.03090214067278], [-1.3440972222222107, 46.04207186544342], [-1.3552484746306885, 46.04207186544342], [-1.3552484746306885, 46.04579510703363], [-1.3701168111753257, 46.04207186544342], [-1.3663997270391666, 46.053241590214064], [-1.3812680635838035, 46.053241590214064], [-1.3849851477199628, 46.0644113149847], [-1.3924193159922815, 46.0644113149847], [-1.3924193159922815, 46.06813455657492], [-1.4035705684007593, 46.06813455657492], [-1.4035705684007593, 46.05696483180428], [-1.4184389049453965, 46.05696483180428], [-1.425873073217715, 46.04951834862385], [-1.4184389049453965, 46.01228593272171], [-1.4110047366730778, 46.01228593272171], [-1.4110047366730778, 46.00483944954128], [-1.4035705684007593, 46.00483944954128], [-1.4035705684007593, 45.99739296636085], [-1.3961364001284406, 45.99739296636085], [-1.3961364001284406, 45.989946483180425], [-1.4147218208092371, 45.98622324159021], [-1.4147218208092371, 45.97877675840978], [-1.4035705684007593, 45.971330275229356], [-1.4035705684007593, 45.937821100917425], [-1.3887022318561222, 45.937821100917425], [-1.3849851477199628, 45.926651376146786], [-1.373833895311485, 45.926651376146786], [-1.3701168111753257, 45.919204892966356], [-1.3552484746306885, 45.919204892966356], [-1.3552484746306885, 45.91175840978593], [-1.34781430635837, 45.91175840978593], [-1.3403801380860516, 45.900588685015286], [-1.3217947174052551, 45.9043119266055], [-1.3217947174052551, 45.900588685015286], [-1.3143605491329367, 45.900588685015286], [-1.3143605491329367, 45.893142201834856], [-1.3032092967244586, 45.893142201834856], [-1.2994922125882995, 45.88569571865443], [-1.2883409601798217, 45.88569571865443], [-1.2846238760436623, 45.878249235474], [-1.2771897077713437, 45.878249235474], [-1.2660384553628659, 45.83357033639143], [-1.254887202954388, 45.82984709480122], [-1.254887202954388, 45.81495412844036], [-1.2660384553628659, 45.81495412844036], [-1.2660384553628659, 45.803784403669724], [-1.240018866409751, 45.803784403669724], [-1.240018866409751, 45.80006116207951], [-1.2325846981374324, 45.80006116207951], [-1.228867614001273, 45.80750764525993], [-1.2177163615927953, 45.81123088685015], [-1.213999277456636, 45.79633792048929], [-1.228867614001273, 45.79633792048929], [-1.228867614001273, 45.78889143730886], [-1.240018866409751, 45.78889143730886], [-1.240018866409751, 45.78516819571865], [-1.254887202954388, 45.78144495412844], [-1.2511701188182287, 45.777721712538224], [-1.254887202954388, 45.733042813455654], [-1.2474530346820696, 45.72559633027522], [-1.2474530346820696, 45.706980122324154], [-1.2511701188182287, 45.706980122324154], [-1.2474530346820696, 45.695810397553515], [-1.2511701188182287, 45.6920871559633], [-1.240018866409751, 45.6920871559633], [-1.2325846981374324, 45.67347094801223], [-1.213999277456636, 45.669747706422015], [-1.2177163615927953, 45.677194189602446], [-1.228867614001273, 45.677194189602446], [-1.228867614001273, 45.6920871559633], [-1.2214334457289546, 45.6920871559633], [-1.2214334457289546, 45.68464067278287], [-1.187979688503521, 45.680917431192654], [-1.1805455202312025, 45.67347094801223], [-1.161960099550406, 45.669747706422015], [-1.161960099550406, 45.6660244648318], [-1.1508088471419282, 45.6660244648318], [-1.1508088471419282, 45.662301223241585], [-1.135940510597291, 45.65857798165137], [-1.135940510597291, 45.651131498470946], [-1.1285063423249726, 45.651131498470946], [-1.1285063423249726, 45.64740825688073], [-1.1136380057803354, 45.64740825688073], [-1.1136380057803354, 45.643685015290515], [-1.0913355009633796, 45.6399617737003], [-1.0913355009633796, 45.636238532110085], [-1.0764671644187427, 45.636238532110085], [-1.069032996146424, 45.62879204892966], [-1.0615988278741055, 45.62879204892966], [-1.0578817437379462, 45.62134556574923], [-1.043013407193309, 45.62134556574923], [-1.043013407193309, 45.6138990825688], [-1.0244279865125128, 45.6138990825688], [-1.0207109023763534, 45.599006116207946], [-1.0095596499678756, 45.599006116207946], [-1.0095596499678756, 45.59528287461773], [-0.9984083975593977, 45.59155963302752], [-0.9984083975593977, 45.57666666666666], [-0.9909742292870791, 45.56922018348624], [-0.9798229768786013, 45.56922018348624], [-0.976105892742442, 45.56177370030581], [-0.9686717244701234, 45.56177370030581], [-0.9612375561978049, 45.554327217125376], [-0.9352179672446899, 45.554327217125376], [-0.9352179672446899, 45.54688073394495], [-0.9277837989723714, 45.54688073394495], [-0.924066714836212, 45.53943425076452], [-0.9166325465638935, 45.53943425076452], [-0.9166325465638935, 45.53571100917431], [-0.9091983782915749, 45.53571100917431], [-0.9017642100192564, 45.52826452599388], [-0.8906129576107785, 45.52826452599388], [-0.8868958734746193, 45.52081804281345], [-0.8645933686576636, 45.51709480122324], [-0.8645933686576636, 45.50964831804281], [-0.8497250321130264, 45.5059250764526], [-0.8497250321130264, 45.50220183486238], [-0.8385737797045486, 45.50220183486238], [-0.8385737797045486, 45.49475535168195], [-0.8274225272960708, 45.49103211009174], [-0.8237054431599115, 45.47613914373088], [-0.8051200224791151, 45.47241590214067], [-0.7902516859344779, 45.457522935779814], [-0.7902516859344779, 45.438906727828744], [-0.7828175176621595, 45.44262996941896], [-0.7791004335260001, 45.43518348623853], [-0.7716662652536815, 45.43518348623853], [-0.7716662652536815, 45.4277370030581], [-0.7567979287090445, 45.412844036697244], [-0.7567979287090445, 45.39795107033639], [-0.7493637604367259, 45.394227828746175], [-0.7493637604367259, 45.38305810397553], [-0.7419295921644073, 45.37933486238532], [-0.7419295921644073, 45.36444189602446], [-0.7344954238920888, 45.36444189602446], [-0.7307783397559294, 45.33837920489296], [-0.7270612556197702, 45.33837920489296], [-0.7270612556197702, 45.32720948012232], [-0.723344171483611, 45.32720948012232], [-0.7196270873474516, 45.30859327217125], [-0.7159100032112924, 45.30859327217125], [-0.7159100032112924, 45.2937003058104], [-0.712192919075133, 45.2937003058104], [-0.7084758349389738, 45.25646788990825], [-0.7010416666666552, 45.25646788990825], [-0.7010416666666552, 45.20806574923547], [-0.7084758349389738, 45.20806574923547], [-0.712192919075133, 45.234128440366966], [-0.7159100032112924, 45.234128440366966], [-0.7159100032112924, 45.252744648318036], [-0.723344171483611, 45.252744648318036], [-0.7196270873474516, 45.24902140672783], [-0.723344171483611, 45.19628252788104], [-0.7196270873474516, 45.19628252788104], [-0.7196270873474516, 45.18884758364312], [-0.712192919075133, 45.18513011152416], [-0.7084758349389738, 45.17455657492354], [-0.7010416666666552, 45.17455657492354], [-0.7010416666666552, 45.118215613382894], [-0.7084758349389738, 45.118215613382894], [-0.7084758349389738, 45.125650557620816], [-0.712192919075133, 45.125650557620816], [-0.7159100032112924, 45.14052044609665], [-0.7196270873474516, 45.14052044609665], [-0.723344171483611, 45.159107806691445], [-0.7307783397559294, 45.1628252788104], [-0.7344954238920888, 45.17769516728624], [-0.7419295921644073, 45.17769516728624], [-0.7419295921644073, 45.18572629969419], [-0.7493637604367259, 45.19317278287461], [-0.7493637604367259, 45.21178899082568], [-0.7530808445728852, 45.21178899082568], [-0.7493637604367259, 45.234128440366966], [-0.7530808445728852, 45.234128440366966], [-0.7530808445728852, 45.252744648318036], [-0.7567979287090445, 45.252744648318036], [-0.7567979287090445, 45.26391437308868], [-0.7605150128452037, 45.26391437308868], [-0.7605150128452037, 45.27508409785932], [-0.764232096981363, 45.27508409785932], [-0.764232096981363, 45.286253822629966], [-0.7679491811175223, 45.286253822629966], [-0.7716662652536815, 45.297423547400605], [-0.7791004335260001, 45.297423547400605], [-0.7791004335260001, 45.30859327217125], [-0.7939687700706373, 45.323486238532105], [-0.7939687700706373, 45.330932721712536], [-0.8014029383429558, 45.33465596330275], [-0.8051200224791151, 45.35327217125382], [-0.8125541907514336, 45.35327217125382], [-0.8237054431599115, 45.368165137614675], [-0.83113961143223, 45.368165137614675], [-0.8385737797045486, 45.38305810397553], [-0.8497250321130264, 45.38305810397553], [-0.8534421162491858, 45.39050458715596], [-0.8608762845215043, 45.39050458715596], [-0.8757446210661415, 45.40539755351681], [-0.8868958734746193, 45.40539755351681], [-0.8868958734746193, 45.412844036697244], [-0.8943300417469379, 45.412844036697244], [-0.9017642100192564, 45.42401376146788], [-0.9166325465638935, 45.4277370030581], [-0.9203496307000528, 45.43518348623853], [-0.9277837989723714, 45.43518348623853], [-0.9277837989723714, 45.44262996941896], [-0.9389350513808492, 45.4537996941896], [-0.9426521355170084, 45.46869266055045], [-0.9538033879254864, 45.46869266055045], [-0.9538033879254864, 45.47241590214067], [-0.9686717244701234, 45.47613914373088], [-0.9686717244701234, 45.483585626911314], [-0.9872571451509199, 45.48730886850152], [-0.9909742292870791, 45.49475535168195], [-1.002125481695557, 45.49475535168195], [-1.0132767341040347, 45.5059250764526], [-1.0207109023763534, 45.5059250764526], [-1.0244279865125128, 45.51709480122324], [-1.0318621547848312, 45.51709480122324], [-1.0392963230571497, 45.52454128440367], [-1.043013407193309, 45.54315749235474], [-1.0541646596017868, 45.54688073394495], [-1.0541646596017868, 45.554327217125376], [-1.0653159120102647, 45.56549694189602], [-1.0653159120102647, 45.572943425076446], [-1.0801842485549018, 45.572943425076446], [-1.0801842485549018, 45.56922018348624], [-1.1024867533718576, 45.56549694189602], [-1.1062038375080168, 45.56177370030581], [-1.1062038375080168, 45.54315749235474], [-1.1173550899164946, 45.53198776758409], [-1.1285063423249726, 45.52826452599388], [-1.1396575947334504, 45.51709480122324], [-1.1396575947334504, 45.50964831804281], [-1.1470917630057689, 45.5059250764526], [-1.1470917630057689, 45.49847859327217], [-1.1582430154142467, 45.49475535168195], [-1.1582430154142467, 45.48730886850152], [-1.161960099550406, 45.48730886850152], [-1.161960099550406, 45.47241590214067], [-1.1656771836865654, 45.47241590214067], [-1.161960099550406, 45.431460244648314], [-1.1731113519588838, 45.420290519877675], [-1.1731113519588838, 45.412844036697244], [-1.1693942678227247, 45.412844036697244], [-1.1693942678227247, 45.386781345565744], [-1.1731113519588838, 45.386781345565744], [-1.1731113519588838, 45.37933486238532], [-1.1693942678227247, 45.37933486238532], [-1.1693942678227247, 45.330932721712536], [-1.1731113519588838, 45.330932721712536], [-1.1693942678227247, 45.286253822629966], [-1.1731113519588838, 45.286253822629966], [-1.1731113519588838, 45.25646788990825], [-1.1768284360950432, 45.25646788990825], [-1.1805455202312025, 45.1894495412844], [-1.1842626043673616, 45.1894495412844], [-1.187979688503521, 45.14423791821561], [-1.1954138567758397, 45.14423791821561], [-1.1954138567758397, 45.11078066914498], [-1.2028480250481581, 45.10334572490706], [-1.2028480250481581, 45.073605947955386], [-1.2065651091843175, 45.073605947955386], [-1.2065651091843175, 45.05873605947955], [-1.2028480250481581, 45.05501858736059], [-1.2065651091843175, 45.05501858736059], [-1.2065651091843175, 45.03643122676579], [-1.2102821933204766, 45.03643122676579], [-1.2065651091843175, 45.032713754646835], [-1.2102821933204766, 45.02899628252788], [-1.2102821933204766, 44.98438661710037], [-1.213999277456636, 44.98438661710037], [-1.213999277456636, 44.96208178438661], [-1.2177163615927953, 44.96208178438661], [-1.2177163615927953, 44.94349442379182], [-1.2214334457289546, 44.94349442379182], [-1.2214334457289546, 44.91375464684015], [-1.228867614001273, 44.91375464684015], [-1.228867614001273, 44.87657992565055], [-1.2325846981374324, 44.87657992565055], [-1.2363017822735916, 44.82825278810409], [-1.240018866409751, 44.82825278810409], [-1.240018866409751, 44.81338289962825], [-1.2437359505459102, 44.81338289962825], [-1.2437359505459102, 44.78364312267657], [-1.2474530346820696, 44.78364312267657], [-1.2474530346820696, 44.76133828996282], [-1.2511701188182287, 44.76133828996282], [-1.254887202954388, 44.716728624535314], [-1.2623213712267067, 44.716728624535314], [-1.2623213712267067, 44.6907063197026], [-1.2660384553628659, 44.6907063197026], [-1.2660384553628659, 44.672118959107806], [-1.2697555394990252, 44.672118959107806], [-1.2660384553628659, 44.66840148698884], [-1.2697555394990252, 44.664684014869884], [-1.2697555394990252, 44.63494423791821], [-1.2734726236351845, 44.63494423791821], [-1.2697555394990252, 44.631226765799255], [-1.2697555394990252, 44.61635687732342], [-1.2511701188182287, 44.61635687732342], [-1.2474530346820696, 44.620074349442376], [-1.2474530346820696, 44.64237918215613], [-1.240018866409751, 44.64609665427509], [-1.240018866409751, 44.68327137546468], [-1.2363017822735916, 44.68327137546468], [-1.2325846981374324, 44.705576208178435], [-1.213999277456636, 44.71301115241635], [-1.213999277456636, 44.716728624535314], [-1.2065651091843175, 44.716728624535314], [-1.2065651091843175, 44.72044609665427], [-1.1991309409119988, 44.72044609665427], [-1.1991309409119988, 44.72416356877323], [-1.1693942678227247, 44.727881040892186], [-1.1731113519588838, 44.72044609665427], [-1.1842626043673616, 44.72044609665427], [-1.1842626043673616, 44.716728624535314], [-1.1693942678227247, 44.716728624535314], [-1.1693942678227247, 44.71301115241635], [-1.1582430154142467, 44.71301115241635], [-1.1508088471419282, 44.705576208178435], [-1.1396575947334504, 44.705576208178435], [-1.1322234264611317, 44.71301115241635], [-1.135940510597291, 44.70185873605948], [-1.1508088471419282, 44.70185873605948], [-1.1508088471419282, 44.694423791821556], [-1.1582430154142467, 44.694423791821556], [-1.1582430154142467, 44.6907063197026], [-1.1508088471419282, 44.6907063197026], [-1.1508088471419282, 44.67955390334572], [-1.1322234264611317, 44.67955390334572], [-1.1285063423249726, 44.68698884758364], [-1.1247892581888133, 44.68327137546468], [-1.1024867533718576, 44.68327137546468], [-1.1024867533718576, 44.6907063197026], [-1.095052585099539, 44.68327137546468], [-1.1062038375080168, 44.67955390334572], [-1.1062038375080168, 44.67583643122676], [-1.1433746788696095, 44.672118959107806], [-1.1433746788696095, 44.66840148698884], [-1.1285063423249726, 44.66840148698884], [-1.1285063423249726, 44.664684014869884], [-1.1582430154142467, 44.664684014869884], [-1.1582430154142467, 44.66840148698884], [-1.1954138567758397, 44.66840148698884], [-1.1954138567758397, 44.664684014869884], [-1.2028480250481581, 44.664684014869884], [-1.2028480250481581, 44.65724907063196], [-1.213999277456636, 44.653531598513005], [-1.2102821933204766, 44.64981412639405], [-1.2102821933204766, 44.612639405204455], [-1.2177163615927953, 44.60520446096654], [-1.2214334457289546, 44.590334572490704], [-1.228867614001273, 44.590334572490704], [-1.2363017822735916, 44.571747211895904], [-1.2437359505459102, 44.571747211895904], [-1.2437359505459102, 44.56431226765799], [-1.2511701188182287, 44.56059479553903], [-1.254887202954388, 44.545724907063196], [-1.2734726236351845, 44.54200743494423], [-1.2734726236351845, 44.538289962825274], [-1.2660384553628659, 44.538289962825274], [-1.2623213712267067, 44.5085501858736], [-1.254887202954388, 44.5085501858736], [-1.254887202954388, 44.493680297397766], [-1.2623213712267067, 44.493680297397766], [-1.2660384553628659, 44.43048327137546], [-1.2697555394990252, 44.43048327137546], [-1.2697555394990252, 44.411895910780665], [-1.2734726236351845, 44.411895910780665], [-1.2697555394990252, 44.400743494423786], [-1.2734726236351845, 44.400743494423786], [-1.2734726236351845, 44.378438661710035], [-1.2771897077713437, 44.378438661710035], [-1.2771897077713437, 44.3635687732342], [-1.280906791907503, 44.3635687732342], [-1.280906791907503, 44.33382899628253], [-1.2846238760436623, 44.33382899628253], [-1.2920580443159808, 44.26691449814126], [-1.2994922125882995, 44.26691449814126], [-1.3032092967244586, 44.22602230483271], [-1.306926380860618, 44.22602230483271], [-1.3106434649967773, 44.18513011152416], [-1.3143605491329367, 44.18513011152416], [-1.3143605491329367, 44.159107806691445], [-1.3180776332690958, 44.159107806691445], [-1.3180776332690958, 44.14423791821561], [-1.3217947174052551, 44.14423791821561], [-1.3217947174052551, 44.12936802973977], [-1.3255118015414145, 44.12936802973977], [-1.3255118015414145, 44.11078066914498], [-1.332945969813733, 44.11078066914498], [-1.3366630539498923, 44.084758364312265], [-1.3403801380860516, 44.084758364312265], [-1.3403801380860516, 44.06617100371747], [-1.3440972222222107, 44.06617100371747], [-1.3440972222222107, 44.05501858736059], [-1.34781430635837, 44.05501858736059], [-1.34781430635837, 44.043866171003714], [-1.3515313904945294, 44.043866171003714], [-1.3515313904945294, 44.032713754646835], [-1.3552484746306885, 44.032713754646835], [-1.3552484746306885, 44.00669144981412], [-1.3589655587668479, 44.00669144981412], [-1.3589655587668479, 43.99553903345724], [-1.3663997270391666, 43.99553903345724], [-1.3663997270391666, 43.97695167286245], [-1.3701168111753257, 43.97695167286245], [-1.3701168111753257, 43.958364312267655], [-1.373833895311485, 43.958364312267655], [-1.373833895311485, 43.94349442379182], [-1.3775509794476444, 43.94349442379182], [-1.3775509794476444, 43.92490706319702], [-1.3812680635838035, 43.92490706319702], [-1.3812680635838035, 43.91003717472118], [-1.3849851477199628, 43.91003717472118], [-1.3849851477199628, 43.895167286245346], [-1.3924193159922815, 43.88773234200743], [-1.3961364001284406, 43.86171003717472], [-1.4035705684007593, 43.86171003717472], [-1.4035705684007593, 43.84684014869888], [-1.4072876525369187, 43.84684014869888], [-1.4110047366730778, 43.81710037174721], [-1.4147218208092371, 43.81710037174721], [-1.4184389049453965, 43.791078066914494], [-1.4221559890815556, 43.791078066914494], [-1.4221559890815556, 43.779925650557615], [-1.425873073217715, 43.779925650557615], [-1.4295901573538743, 43.75018587360594], [-1.4370243256261928, 43.75018587360594], [-1.4370243256261928, 43.739033457249064], [-1.440741409762352, 43.739033457249064], [-1.440741409762352, 43.72044609665427], [-1.4444584938985114, 43.72044609665427], [-1.4444584938985114, 43.705576208178435], [-1.4481755780346706, 43.705576208178435], [-1.4481755780346706, 43.664684014869884], [-1.45189266217083, 43.664684014869884], [-1.4556097463069892, 43.63494423791821], [-1.4630439145793077, 43.631226765799255], [-1.4630439145793077, 43.62379182156133], [-1.4704780828516264, 43.62379182156133], [-1.4741951669877855, 43.6089219330855], [-1.4890635035324227, 43.59405204460966], [-1.4890635035324227, 43.58289962825278], [-1.4964976718047414, 43.579182156133825], [-1.5002147559409007, 43.56802973977695], [-1.5076489242132192, 43.56802973977695], [-1.5076489242132192, 43.56059479553903], [-1.5150830924855376, 43.55687732342007], [-1.5150830924855376, 43.545724907063196], [-1.5262343448940157, 43.538289962825274], [-1.5336685131663341, 43.51970260223048], [-1.5411026814386526, 43.51970260223048], [-1.5411026814386526, 43.51226765799256], [-1.5634051862556084, 43.48996282527881], [-1.5782735228002456, 43.48996282527881], [-1.5745564386640862, 43.47881040892193], [-1.5819906069364047, 43.47509293680297], [-1.585707691072564, 43.46022304832713], [-1.5968589434810418, 43.452788104089215], [-1.6005760276172012, 43.43791821561338], [-1.6154443641618383, 43.43420074349442], [-1.6154443641618383, 43.43048327137546], [-1.6265956165703161, 43.43048327137546], [-1.6340297848426346, 43.419330855018586], [-1.652615205523431, 43.41561338289962], [-1.652615205523431, 43.40817843866171], [-1.663766457931909, 43.40817843866171], [-1.6674835420680683, 43.39330855018587], [-1.6823518786127054, 43.39330855018587], [-1.6860689627488645, 43.400743494423786], [-1.6935031310211832, 43.400743494423786], [-1.6935031310211832, 43.39702602230483], [-1.7343910565189353, 43.38959107806691], [-1.7343910565189353, 43.38587360594795], [-1.7641277296082096, 43.38959107806691], [-1.7678448137443687, 43.38215613382899], [-1.7938644026974837, 43.38215613382899], [-1.7938644026974837, 43.39702602230483], [-1.8050156551059615, 43.39702602230483], [-1.8050156551059615, 43.39330855018587], [-1.8198839916505987, 43.39330855018587], [-1.8198839916505987, 43.38959107806691], [-1.8384694123313952, 43.38959107806691], [-1.8459035806037136, 43.38215613382899], [-1.8607719171483508, 43.38215613382899], [-1.8607719171483508, 43.37472118959107], [-1.8719231695568286, 43.37472118959107], [-1.8793573378291473, 43.36728624535316], [-1.8793573378291473, 43.359851301115235], [-1.8867915061014657, 43.359851301115235], [-1.8979427585099435, 43.34869888475836], [-1.9090940109184216, 43.34869888475836], [-1.9090940109184216, 43.34126394052044], [-1.9239623474630585, 43.34126394052044], [-1.9239623474630585, 43.337546468401484], [-1.9611331888246515, 43.337546468401484], [-1.9611331888246515, 43.34126394052044], [-1.96856735709697, 43.34126394052044], [-1.96856735709697, 43.337546468401484], [-1.9760015253692886, 43.337546468401484], [-1.9760015253692886, 43.33011152416356], [-1.9983040301862443, 43.33011152416356], [-1.9983040301862443, 43.32267657992565], [-2.005738198458563, 43.32267657992565], [-2.005738198458563, 43.326394052044606], [-2.0354748715478372, 43.326394052044606], [-2.0354748715478372, 43.32267657992565], [-2.050343208092474, 43.32267657992565], [-2.050343208092474, 43.318959107806684], [-2.065211544637111, 43.318959107806684], [-2.065211544637111, 43.31524163568773], [-2.1060994701348634, 43.31152416356877], [-2.1060994701348634, 43.30408921933085], [-2.117250722543341, 43.30408921933085], [-2.1209678066795004, 43.29665427509293], [-2.1321190590879784, 43.29665427509293], [-2.1321190590879784, 43.292936802973976], [-2.1358361432241377, 43.29665427509293], [-2.180441152858049, 43.292936802973976], [-2.180441152858049, 43.29665427509293], [-2.191592405266527, 43.29665427509293], [-2.191592405266527, 43.30037174721189], [-2.2027436576750046, 43.30408921933085], [-2.2027436576750046, 43.31524163568773], [-2.2101778259473233, 43.31524163568773], [-2.2101778259473233, 43.31152416356877], [-2.217611994219642, 43.31152416356877], [-2.217611994219642, 43.31524163568773], [-2.243631583172757, 43.31524163568773], [-2.243631583172757, 43.31152416356877], [-2.251065751445075, 43.31152416356877], [-2.251065751445075, 43.30408921933085], [-2.258499919717394, 43.31152416356877], [-2.258499919717394, 43.30408921933085], [-2.27708534039819, 43.30408921933085], [-2.27708534039819, 43.30037174721189], [-2.32912451830442, 43.30037174721189], [-2.32912451830442, 43.30408921933085], [-2.3588611913936943, 43.30408921933085], [-2.3588611913936943, 43.31152416356877], [-2.3737295279383317, 43.31152416356877], [-2.3737295279383317, 43.31524163568773], [-2.3885978644829686, 43.318959107806684], [-2.3960320327552873, 43.326394052044606], [-2.4220516217084023, 43.326394052044606], [-2.4220516217084023, 43.33382899628253], [-2.429485789980721, 43.33382899628253], [-2.429485789980721, 43.337546468401484], [-2.4666566313423135, 43.34126394052044], [-2.470373715478473, 43.35613382899628], [-2.481524967886951, 43.35613382899628], [-2.488959136159269, 43.36728624535316], [-2.511261640976225, 43.37472118959107], [-2.511261640976225, 43.38215613382899], [-2.552149566473977, 43.38215613382899], [-2.5595837347462957, 43.39330855018587], [-2.6264912491971626, 43.39702602230483], [-2.6264912491971626, 43.400743494423786], [-2.6382740825687967, 43.40446096654275], [-2.6382740825687967, 43.419330855018586], [-2.6457205657492247, 43.419330855018586], [-2.6457205657492247, 43.42304832713754], [-2.653167048929653, 43.41561338289962], [-2.6792297400611513, 43.419330855018586], [-2.6866762232415793, 43.400743494423786], [-2.6903994648317937, 43.400743494423786], [-2.6978459480122217, 43.419330855018586], [-2.720185397553506, 43.42304832713754], [-2.720185397553506, 43.43048327137546], [-2.7388016055045763, 43.43048327137546], [-2.7425248470947907, 43.44163568773234], [-2.7462480886850047, 43.44163568773234], [-2.7462480886850047, 43.45650557620817], [-2.7574178134556466, 43.46022304832713], [-2.7574178134556466, 43.45650557620817], [-2.7872037461773593, 43.452788104089215], [-2.7872037461773593, 43.445353159851294], [-2.7946502293577873, 43.445353159851294], [-2.8020967125382157, 43.43420074349442], [-2.8132664373088576, 43.43420074349442], [-2.8132664373088576, 43.43791821561338], [-2.8691150611620686, 43.43420074349442], [-2.8691150611620686, 43.43791821561338], [-2.880284785932711, 43.43791821561338], [-2.880284785932711, 43.44163568773234], [-2.884008027522925, 43.43791821561338], [-2.9026242354739953, 43.43791821561338], [-2.9026242354739953, 43.44163568773234], [-2.9510263761467783, 43.43791821561338], [-2.9584728593272063, 43.43048327137546], [-2.9547496177369923, 43.419330855018586], [-2.9733658256880626, 43.419330855018586], [-2.9770890672782766, 43.40446096654275], [-2.988258792048919, 43.40446096654275], [-3.0031517584097753, 43.38959107806691], [-3.0180447247706312, 43.38959107806691], [-3.0180447247706312, 43.38587360594795], [-3.040384174311916, 43.38215613382899], [-3.040384174311916, 43.371003717472114], [-3.0329376911314876, 43.3635687732342], [-3.0254912079510596, 43.3635687732342], [-3.0254912079510596, 43.35613382899628], [-3.0180447247706312, 43.35241635687732], [-3.0217679663608457, 43.34869888475836], [-3.0180447247706312, 43.33011152416356], [-3.0254912079510596, 43.33011152416356], [-3.0329376911314876, 43.337546468401484], [-3.0366609327217016, 43.35241635687732], [-3.040384174311916, 43.34869888475836], [-3.0590003822629863, 43.34869888475836], [-3.0664468654434143, 43.35613382899628], [-3.0887863149846986, 43.359851301115235], [-3.0887863149846986, 43.3635687732342], [-3.099956039755341, 43.3635687732342], [-3.099956039755341, 43.36728624535316], [-3.1111257645259833, 43.36728624535316], [-3.1148490061161973, 43.35613382899628], [-3.1297419724770537, 43.35613382899628], [-3.1297419724770537, 43.359851301115235], [-3.1371884556574816, 43.359851301115235], [-3.1371884556574816, 43.35613382899628], [-3.1669743883791943, 43.35613382899628], [-3.1706976299694083, 43.3635687732342], [-3.1930370795106926, 43.36728624535316], [-3.1967603211009066, 43.37472118959107], [-3.207930045871549, 43.37472118959107], [-3.207930045871549, 43.38215613382899], [-3.215376529051977, 43.38215613382899], [-3.215376529051977, 43.38959107806691], [-3.2265462538226193, 43.38959107806691], [-3.219099770642191, 43.39702602230483], [-3.2302694954128333, 43.39702602230483], [-3.2302694954128333, 43.400743494423786], [-3.3010110856269006, 43.40817843866171], [-3.3010110856269006, 43.41561338289962], [-3.3121808103975425, 43.41561338289962], [-3.3121808103975425, 43.40817843866171], [-3.323350535168185, 43.40446096654275], [-3.323350535168185, 43.419330855018586], [-3.3419667431192552, 43.419330855018586], [-3.3419667431192552, 43.42304832713754], [-3.349413226299683, 43.42304832713754], [-3.349413226299683, 43.419330855018586], [-3.371752675840968, 43.419330855018586], [-3.371752675840968, 43.42304832713754], [-3.4201548165137505, 43.42304832713754], [-3.4201548165137505, 43.419330855018586], [-3.435047782874607, 43.419330855018586], [-3.4424942660550353, 43.4267657992565], [-3.4424942660550353, 43.43791821561338], [-3.423878058103965, 43.44163568773234], [-3.423878058103965, 43.463940520446094], [-3.427601299694179, 43.46765799256505], [-3.4462175076452493, 43.46765799256505], [-3.4462175076452493, 43.47137546468401], [-3.4760034403669615, 43.46765799256505], [-3.479726681957176, 43.47509293680297], [-3.490896406727818, 43.47137546468401], [-3.487173165137604, 43.47881040892193], [-3.4983428899082463, 43.47881040892193], [-3.4983428899082463, 43.486245353159845], [-3.513235856269102, 43.486245353159845], [-3.5169590978593166, 43.49739776951672], [-3.543021788990815, 43.49739776951672], [-3.543021788990815, 43.5085501858736], [-3.550468272171243, 43.5085501858736], [-3.550468272171243, 43.51226765799256], [-3.5765309633027416, 43.51226765799256], [-3.5802542048929555, 43.5085501858736], [-3.5839774464831695, 43.51970260223048], [-3.598870412844026, 43.51970260223048], [-3.60259365443424, 43.5085501858736], [-3.62120986238531, 43.504832713754645], [-3.62120986238531, 43.50111524163568], [-3.654719036697237, 43.50111524163568], [-3.654719036697237, 43.49739776951672], [-3.669612003058093, 43.493680297397766], [-3.669612003058093, 43.48996282527881], [-3.680781727828735, 43.48996282527881], [-3.6845049694189496, 43.47881040892193], [-3.6956746941895915, 43.47881040892193], [-3.6956746941895915, 43.486245353159845], [-3.706844418960234, 43.486245353159845], [-3.706844418960234, 43.47881040892193], [-3.732907110091732, 43.47881040892193], [-3.732907110091732, 43.463940520446094], [-3.7478000764525885, 43.463940520446094], [-3.7515233180428025, 43.46765799256505], [-3.758969801223231, 43.46022304832713], [-3.781309250764515, 43.46022304832713], [-3.781309250764515, 43.44163568773234], [-3.785032492354729, 43.43791821561338], [-3.788755733944943, 43.44163568773234], [-3.7962022171253715, 43.44163568773234], [-3.7962022171253715, 43.43791821561338], [-3.818541666666656, 43.44163568773234], [-3.818541666666656, 43.452788104089215], [-3.811095183486228, 43.452788104089215], [-3.8036487003057995, 43.463940520446094], [-3.762693042813445, 43.46765799256505], [-3.762693042813445, 43.47509293680297], [-3.781309250764515, 43.47509293680297], [-3.781309250764515, 43.48996282527881], [-3.788755733944943, 43.49739776951672], [-3.82226490825687, 43.49739776951672], [-3.82226490825687, 43.493680297397766], [-3.837157874617726, 43.48996282527881], [-3.837157874617726, 43.486245353159845], [-3.84088111620794, 43.48996282527881], [-3.844604357798154, 43.486245353159845], [-3.8594973241590105, 43.486245353159845], [-3.8594973241590105, 43.47881040892193], [-3.889283256880723, 43.47881040892193], [-3.889283256880723, 43.47509293680297], [-3.893006498470937, 43.47881040892193], [-3.9153459480122215, 43.47881040892193], [-3.9153459480122215, 43.47509293680297], [-3.948855122324148, 43.47137546468401], [-3.9637480886850045, 43.45650557620817], [-3.9749178134556464, 43.452788104089215], [-3.9749178134556464, 43.445353159851294], [-4.000980504587145, 43.445353159851294], [-4.004703746177359, 43.44163568773234], [-4.008426987767574, 43.452788104089215], [-4.027043195718644, 43.452788104089215], [-4.027043195718644, 43.445353159851294], [-4.038212920489285, 43.44163568773234], [-4.038212920489285, 43.43791821561338], [-4.0419361620795, 43.43791821561338], [-4.0419361620795, 43.445353159851294], [-4.049382645259928, 43.445353159851294], [-4.053105886850142, 43.43791821561338], [-4.0717220948012125, 43.43791821561338], [-4.0717220948012125, 43.43420074349442], [-4.097784785932711, 43.43791821561338], [-4.097784785932711, 43.43048327137546], [-4.105231269113139, 43.43048327137546], [-4.112677752293567, 43.42304832713754], [-4.164803134556564, 43.41561338289962], [-4.164803134556564, 43.40817843866171], [-4.1759728593272065, 43.40817843866171], [-4.1759728593272065, 43.40446096654275], [-4.187142584097848, 43.40817843866171], [-4.187142584097848, 43.40446096654275], [-4.216928516819561, 43.40446096654275], [-4.216928516819561, 43.400743494423786], [-4.242991207951059, 43.40446096654275], [-4.242991207951059, 43.400743494423786], [-4.269053899082558, 43.400743494423786], [-4.276500382262986, 43.39330855018587], [-4.2876701070336285, 43.39330855018587], [-4.2876701070336285, 43.39702602230483], [-4.328625764525983, 43.39330855018587], [-4.328625764525983, 43.39702602230483], [-4.339795489296625, 43.39702602230483], [-4.339795489296625, 43.40817843866171], [-4.354688455657482, 43.40817843866171], [-4.365858180428123, 43.39702602230483], [-4.395644113149836, 43.39702602230483], [-4.395644113149836, 43.400743494423786], [-4.4552159785932615, 43.400743494423786], [-4.4552159785932615, 43.39702602230483], [-4.5110646024464724, 43.400743494423786], [-4.5110646024464724, 43.39702602230483], [-4.522234327217115, 43.39702602230483], [-4.522234327217115, 43.400743494423786], [-4.533404051987756, 43.400743494423786], [-4.533404051987756, 43.40446096654275], [-4.574359709480111, 43.39702602230483], [-4.574359709480111, 43.400743494423786], [-4.630208333333322, 43.400743494423786], [-4.630208333333322, 43.40446096654275], [-4.644609665427504, 43.40446096654275], [-4.644609665427504, 43.40817843866171]], [[-2.828159403669714, 47.56149635036496], [-2.8356058868501424, 47.56149635036496], [-2.8356058868501424, 47.55777575020275], [-2.828159403669714, 47.55777575020275], [-2.828159403669714, 47.56149635036496]], [[-2.533564145793181, 47.48708434712084], [-2.53728122992934, 47.48336374695863], [-2.533564145793181, 47.48336374695863], [-2.533564145793181, 47.48708434712084]], [[-2.251065751445075, 47.039900611620794], [-2.2547828355812345, 47.05107033639143], [-2.269651172125872, 47.05107033639143], [-2.269651172125872, 47.04734709480122], [-2.258499919717394, 47.04734709480122], [-2.258499919717394, 47.039900611620794], [-2.251065751445075, 47.039900611620794]], [[-2.247348667308916, 46.9095871559633], [-2.247348667308916, 46.90214067278287], [-2.243631583172757, 46.90214067278287], [-2.243631583172757, 46.9095871559633], [-2.247348667308916, 46.9095871559633]], [[-2.221329078355801, 46.90214067278287], [-2.217611994219642, 46.898417431192655], [-2.217611994219642, 46.90214067278287], [-2.221329078355801, 46.90214067278287]], [[-1.5819906069364047, 46.399503058103974], [-1.5782735228002456, 46.39577981651376], [-1.5782735228002456, 46.399503058103974], [-1.5819906069364047, 46.399503058103974]], [[-1.1470917630057689, 45.51709480122324], [-1.1582430154142467, 45.51709480122324], [-1.161960099550406, 45.49847859327217], [-1.1582430154142467, 45.49847859327217], [-1.1582430154142467, 45.5059250764526], [-1.1470917630057689, 45.5059250764526], [-1.1470917630057689, 45.51709480122324]], [[-1.1582430154142467, 44.705576208178435], [-1.161960099550406, 44.70929368029739], [-1.1768284360950432, 44.70929368029739], [-1.1768284360950432, 44.71301115241635], [-1.2065651091843175, 44.71301115241635], [-1.213999277456636, 44.70185873605948], [-1.2214334457289546, 44.70185873605948], [-1.2214334457289546, 44.68698884758364], [-1.228867614001273, 44.68698884758364], [-1.228867614001273, 44.68327137546468], [-1.2214334457289546, 44.68327137546468], [-1.2214334457289546, 44.67583643122676], [-1.2177163615927953, 44.67955390334572], [-1.1656771836865654, 44.67583643122676], [-1.1582430154142467, 44.705576208178435]], [[-1.2177163615927953, 44.66840148698884], [-1.2065651091843175, 44.672118959107806], [-1.2065651091843175, 44.67583643122676], [-1.2177163615927953, 44.67583643122676], [-1.2177163615927953, 44.66840148698884]], [[-1.2734726236351845, 44.54200743494423], [-1.2771897077713437, 44.545724907063196], [-1.2771897077713437, 44.54200743494423], [-1.2734726236351845, 44.54200743494423]], [[-4.730111524163564, 48.58466139497161], [-4.737546468401482, 48.58466139497161], [-4.737546468401482, 48.5809407948094], [-4.730111524163564, 48.5809407948094], [-4.730111524163564, 48.58466139497161]], [[-5.105576208178434, 48.48420519059205], [-5.101858736059475, 48.476763990267635], [-5.109293680297393, 48.476763990267635], [-5.113011152416352, 48.465602189781016], [-5.127881040892189, 48.465602189781016], [-5.127881040892189, 48.46188158961881], [-5.146468401486984, 48.4544403892944], [-5.146468401486984, 48.450719789132194], [-5.101858736059475, 48.4544403892944], [-5.105576208178434, 48.44699918896999], [-5.120446096654271, 48.44327858880778], [-5.120446096654271, 48.43211678832116], [-5.116728624535312, 48.43583738848337], [-5.101858736059475, 48.43583738848337], [-5.101858736059475, 48.44327858880778], [-5.094423791821557, 48.43583738848337], [-5.094423791821557, 48.44327858880778], [-5.086988847583639, 48.44327858880778], [-5.08327137546468, 48.450719789132194], [-5.060966542750925, 48.450719789132194], [-5.053531598513007, 48.45816098945661], [-5.03866171003717, 48.45816098945661], [-5.034944237918211, 48.46188158961881], [-5.034944237918211, 48.465602189781016], [-5.053531598513007, 48.465602189781016], [-5.049814126394048, 48.48048459042984], [-5.064684014869884, 48.48048459042984], [-5.072118959107802, 48.487925790754254], [-5.07955390334572, 48.48420519059205], [-5.07955390334572, 48.476763990267635], [-5.094423791821557, 48.476763990267635], [-5.094423791821557, 48.48420519059205], [-5.105576208178434, 48.48420519059205]], [[-5.016356877323416, 48.43211678832116], [-5.016356877323416, 48.42467558799675], [-5.012639405204456, 48.42467558799675], [-5.012639405204456, 48.43211678832116], [-5.016356877323416, 48.43211678832116]], [[-5.023791821561334, 48.42467558799675], [-5.023791821561334, 48.42095498783455], [-5.016356877323416, 48.42095498783455], [-5.016356877323416, 48.42467558799675], [-5.023791821561334, 48.42467558799675]], [[-4.975464684014865, 48.428396188158956], [-4.990334572490702, 48.428396188158956], [-4.994052044609661, 48.413513787510134], [-4.971747211895906, 48.413513787510134], [-4.975464684014865, 48.428396188158956]], [[-4.990334572490702, 48.39491078669911], [-4.979182156133824, 48.39491078669911], [-4.975464684014865, 48.38374898621249], [-4.964312267657988, 48.38374898621249], [-4.968029739776947, 48.37630778588807], [-4.95687732342007, 48.37258718572587], [-4.960594795539029, 48.36142538523925], [-4.938289962825274, 48.365145985401455], [-4.938289962825274, 48.37258718572587], [-4.934572490706315, 48.37258718572587], [-4.934572490706315, 48.391190186536896], [-4.945724907063192, 48.39491078669911], [-4.945724907063192, 48.413513787510134], [-4.95687732342007, 48.40979318734793], [-4.95687732342007, 48.402351987023515], [-4.982899628252784, 48.402351987023515], [-4.990334572490702, 48.39491078669911]], [[-4.904832713754642, 48.365145985401455], [-4.897397769516724, 48.365145985401455], [-4.897397769516724, 48.37258718572587], [-4.889962825278806, 48.37258718572587], [-4.889962825278806, 48.365145985401455], [-4.878810408921928, 48.36142538523925], [-4.875092936802969, 48.365145985401455], [-4.878810408921928, 48.38746958637469], [-4.91226765799256, 48.391190186536896], [-4.91226765799256, 48.38746958637469], [-4.927137546468397, 48.38374898621249], [-4.927137546468397, 48.37258718572587], [-4.904832713754642, 48.37258718572587], [-4.904832713754642, 48.365145985401455]], [[-4.863940520446092, 48.37630778588807], [-4.867657992565051, 48.37630778588807], [-4.867657992565051, 48.365145985401455], [-4.863940520446092, 48.365145985401455], [-4.863940520446092, 48.37630778588807]], [[-4.863940520446092, 48.35770478507705], [-4.878810408921928, 48.34654298459043], [-4.875092936802969, 48.33910178426601], [-4.837918215613378, 48.34282238442822], [-4.845353159851296, 48.36142538523925], [-4.863940520446092, 48.35770478507705]], [[-4.845353159851296, 48.030291970802914], [-4.834200743494419, 48.030291970802914], [-4.834200743494419, 48.03773317112733], [-4.856505576208174, 48.04145377128953], [-4.860223048327133, 48.04889497161395], [-4.87137546468401, 48.04889497161395], [-4.87137546468401, 48.045174371451736], [-4.889962825278806, 48.045174371451736], [-4.893680297397765, 48.04889497161395], [-4.897397769516724, 48.045174371451736], [-4.897397769516724, 48.03773317112733], [-4.845353159851296, 48.034012570965125], [-4.845353159851296, 48.030291970802914]], [[-4.36213493883791, 48.31305758313057], [-4.365858180428123, 48.316778183292776], [-4.365858180428123, 48.31305758313057], [-4.36213493883791, 48.31305758313057]], [[-4.317456039755341, 48.30933698296837], [-4.328625764525983, 48.30933698296837], [-4.328625764525983, 48.30561638280616], [-4.317456039755341, 48.30561638280616], [-4.317456039755341, 48.30933698296837]], [[-4.377027905198766, 48.29445458231954], [-4.388197629969408, 48.29445458231954], [-4.388197629969408, 48.290733982157334], [-4.377027905198766, 48.290733982157334], [-4.377027905198766, 48.29445458231954]], [[-4.49989487767583, 48.65163219789132], [-4.5036181192660445, 48.65535279805352], [-4.5036181192660445, 48.65163219789132], [-4.49989487767583, 48.65163219789132]], [[-2.6271043577981543, 47.416392944038925], [-2.6271043577981543, 47.41267234387672], [-2.619057080924844, 47.41267234387672], [-2.619057080924844, 47.416392944038925], [-2.6271043577981543, 47.416392944038925]], [[-2.1990265735388452, 47.26384833738848], [-2.1990265735388452, 47.256407137064066], [-2.191592405266527, 47.256407137064066], [-2.191592405266527, 47.26384833738848], [-2.1990265735388452, 47.26384833738848]], [[-2.1990265735388452, 47.256407137064066], [-2.2027436576750046, 47.25268653690186], [-2.1990265735388452, 47.25268653690186], [-2.1990265735388452, 47.256407137064066]], [[-2.2027436576750046, 47.25268653690186], [-2.2101778259473233, 47.24524533657745], [-2.217611994219642, 47.24524533657745], [-2.221329078355801, 47.23408353609083], [-2.2287632466281195, 47.23408353609083], [-2.221329078355801, 47.24524533657745], [-2.236197414900438, 47.24524533657745], [-2.236197414900438, 47.24152473641524], [-2.243631583172757, 47.24152473641524], [-2.247348667308916, 47.23408353609083], [-2.2547828355812345, 47.23408353609083], [-2.262217003853553, 47.22664233576642], [-2.251065751445075, 47.22664233576642], [-2.247348667308916, 47.2117599351176], [-2.22504616249196, 47.2154805352798], [-2.22504616249196, 47.219201135442006], [-2.217611994219642, 47.219201135442006], [-2.217611994219642, 47.22664233576642], [-2.2101778259473233, 47.230362935928625], [-2.2101778259473233, 47.23780413625304], [-2.2027436576750046, 47.24524533657745], [-2.2027436576750046, 47.25268653690186]], [[-2.3848807803468093, 47.24896593673966], [-2.3960320327552873, 47.24896593673966], [-2.3960320327552873, 47.24524533657745], [-2.3848807803468093, 47.24524533657745], [-2.3848807803468093, 47.24896593673966]], [[-2.3477099389852167, 47.23780413625304], [-2.355144107257535, 47.23780413625304], [-2.355144107257535, 47.23408353609083], [-2.3477099389852167, 47.23408353609083], [-2.3477099389852167, 47.23780413625304]], [[-2.500110388567747, 47.19687753446877], [-2.4926762202954285, 47.18883027522936], [-2.4852420520231098, 47.18883027522936], [-2.4852420520231098, 47.20059813463098], [-2.496393304431588, 47.20431873479318], [-2.500110388567747, 47.19687753446877]], [[-2.4778078837507915, 47.18510703363914], [-2.481524967886951, 47.18571573398215], [-2.481524967886951, 47.18510703363914], [-2.4778078837507915, 47.18510703363914]], [[-2.462939547206154, 47.17827453365774], [-2.4666566313423135, 47.181995133819946], [-2.4666566313423135, 47.17827453365774], [-2.462939547206154, 47.17827453365774]], [[-4.339795489296625, 47.77729115977291], [-4.347241972477053, 47.77729115977291], [-4.347241972477053, 47.773570559610704], [-4.339795489296625, 47.773570559610704], [-4.339795489296625, 47.77729115977291]], [[-4.030766437308857, 47.773570559610704], [-4.034489678899072, 47.77729115977291], [-4.034489678899072, 47.773570559610704], [-4.030766437308857, 47.773570559610704]], [[-4.0419361620795, 47.76984995944849], [-4.045659403669714, 47.773570559610704], [-4.045659403669714, 47.76984995944849], [-4.0419361620795, 47.76984995944849]], [[-3.7999254587155855, 47.76984995944849], [-3.8036487003057995, 47.773570559610704], [-3.8036487003057995, 47.76984995944849], [-3.7999254587155855, 47.76984995944849]], [[-3.9749178134556464, 47.71776155717761], [-3.9711945718654325, 47.721482157339814], [-3.9749178134556464, 47.72892335766423], [-3.9935340214067168, 47.725202757502025], [-3.9935340214067168, 47.72892335766423], [-4.012150229357787, 47.72892335766423], [-4.0158734709480015, 47.73264395782643], [-4.0158734709480015, 47.71776155717761], [-4.004703746177359, 47.714040957015406], [-4.004703746177359, 47.70287915652879], [-3.9935340214067168, 47.70287915652879], [-3.989810779816503, 47.71776155717761], [-3.9749178134556464, 47.71776155717761]], [[-4.027043195718644, 47.714040957015406], [-4.027043195718644, 47.70659975669099], [-4.012150229357787, 47.70659975669099], [-4.012150229357787, 47.714040957015406], [-4.027043195718644, 47.714040957015406]], [[-3.948855122324148, 47.71776155717761], [-3.956301605504576, 47.71776155717761], [-3.956301605504576, 47.725202757502025], [-3.9637480886850045, 47.725202757502025], [-3.9711945718654325, 47.714040957015406], [-3.948855122324148, 47.714040957015406], [-3.948855122324148, 47.71776155717761]], [[-3.509512614678888, 47.63590835360908], [-3.4983428899082463, 47.63590835360908], [-3.490896406727818, 47.62846715328467], [-3.4685569571865336, 47.62474655312246], [-3.4685569571865336, 47.62102595296025], [-3.4424942660550353, 47.62102595296025], [-3.4424942660550353, 47.62474655312246], [-3.427601299694179, 47.62102595296025], [-3.427601299694179, 47.61730535279805], [-3.4164315749235366, 47.62102595296025], [-3.4164315749235366, 47.64334955393349], [-3.423878058103965, 47.64334955393349], [-3.423878058103965, 47.647070154095694], [-3.457387232415891, 47.647070154095694], [-3.457387232415891, 47.650790754257905], [-3.479726681957176, 47.650790754257905], [-3.479726681957176, 47.65451135442011], [-3.494619648318032, 47.65451135442011], [-3.4983428899082463, 47.65823195458231], [-3.4983428899082463, 47.65451135442011], [-3.5169590978593166, 47.65451135442011], [-3.509512614678888, 47.63590835360908]], [[-2.8616685779816406, 47.56149635036496], [-2.8504988532109983, 47.565216950527166], [-2.8467756116207843, 47.58009935117599], [-2.8430523700305703, 47.576378751013785], [-2.8244361620795, 47.58009935117599], [-2.8244361620795, 47.59498175182481], [-2.831882645259928, 47.59498175182481], [-2.8356058868501424, 47.609864152473634], [-2.8467756116207843, 47.609864152473634], [-2.8467756116207843, 47.602422952149226], [-2.8542220948012127, 47.602422952149226], [-2.8579453363914267, 47.58381995133819], [-2.8616685779816406, 47.58381995133819], [-2.8616685779816406, 47.56149635036496]], [[-2.8653918195718546, 47.58009935117599], [-2.8691150611620686, 47.58381995133819], [-2.8691150611620686, 47.58009935117599], [-2.8653918195718546, 47.58009935117599]], [[-2.8504988532109983, 47.55405515004055], [-2.8430523700305703, 47.55777575020275], [-2.8430523700305703, 47.56149635036496], [-2.8504988532109983, 47.56149635036496], [-2.8504988532109983, 47.55405515004055]], [[-3.16325114678898, 47.55777575020275], [-3.1706976299694083, 47.55777575020275], [-3.1706976299694083, 47.55405515004055], [-3.16325114678898, 47.55405515004055], [-3.16325114678898, 47.55777575020275]], [[-2.932410168195708, 47.539172749391724], [-2.936133409785922, 47.54289334955393], [-2.936133409785922, 47.539172749391724], [-2.932410168195708, 47.539172749391724]], [[-3.0664468654434143, 47.4610401459854], [-3.0701701070336282, 47.464760746147604], [-3.0701701070336282, 47.4610401459854], [-3.0664468654434143, 47.4610401459854]], [[-3.0329376911314876, 47.42383414436334], [-3.0292144495412736, 47.42011354420113], [-3.0292144495412736, 47.42383414436334], [-3.0329376911314876, 47.42383414436334]], [[-3.0292144495412736, 47.42011354420113], [-3.0254912079510596, 47.416392944038925], [-3.0254912079510596, 47.42011354420113], [-3.0292144495412736, 47.42011354420113]], [[-3.0217679663608457, 47.41267234387672], [-3.0105982415902033, 47.41267234387672], [-3.0105982415902033, 47.416392944038925], [-3.0217679663608457, 47.42011354420113], [-3.0217679663608457, 47.41267234387672]], [[-2.9733658256880626, 47.38290754257907], [-2.9584728593272063, 47.38290754257907], [-2.9547496177369923, 47.37174574209245], [-2.9473031345565643, 47.37174574209245], [-2.9510263761467783, 47.38662814274128], [-2.9473031345565643, 47.390348742903484], [-2.936133409785922, 47.38662814274128], [-2.936133409785922, 47.39406934306569], [-2.939856651376136, 47.39406934306569], [-2.939856651376136, 47.4015105433901], [-2.9473031345565643, 47.4015105433901], [-2.9473031345565643, 47.39406934306569], [-2.9733658256880626, 47.39406934306569], [-2.9733658256880626, 47.4015105433901], [-2.999428516819561, 47.40523114355231], [-2.999428516819561, 47.39406934306569], [-2.9770890672782766, 47.390348742903484], [-2.9733658256880626, 47.38290754257907]], [[-3.267501911314974, 47.35686334144363], [-3.260055428134546, 47.34942214111922], [-3.260055428134546, 47.3382603406326], [-3.2526089449541176, 47.3382603406326], [-3.2451624617736896, 47.330819140308186], [-3.2451624617736896, 47.31965733982157], [-3.2526089449541176, 47.31221613949716], [-3.2451624617736896, 47.31221613949716], [-3.2451624617736896, 47.304774939172745], [-3.2302694954128333, 47.30105433901054], [-3.2302694954128333, 47.29733373884833], [-3.219099770642191, 47.29733373884833], [-3.219099770642191, 47.28989253852392], [-3.215376529051977, 47.28989253852392], [-3.215376529051977, 47.29733373884833], [-3.2004835626911206, 47.29733373884833], [-3.2004835626911206, 47.28989253852392], [-3.1967603211009066, 47.28989253852392], [-3.1967603211009066, 47.29733373884833], [-3.1669743883791943, 47.30105433901054], [-3.16325114678898, 47.28989253852392], [-3.1446349388379096, 47.28989253852392], [-3.1446349388379096, 47.28617193836172], [-3.1260187308868392, 47.28617193836172], [-3.1222954892966253, 47.28989253852392], [-3.1222954892966253, 47.28617193836172], [-3.107402522935769, 47.28617193836172], [-3.099956039755341, 47.278730738037304], [-3.0887863149846986, 47.278730738037304], [-3.0887863149846986, 47.28245133819951], [-3.0776165902140566, 47.28245133819951], [-3.0738933486238427, 47.29733373884833], [-3.0664468654434143, 47.29733373884833], [-3.0664468654434143, 47.304774939172745], [-3.0590003822629863, 47.30849553933495], [-3.0627236238532003, 47.31965733982157], [-3.107402522935769, 47.31965733982157], [-3.1111257645259833, 47.330819140308186], [-3.1409116972476956, 47.33453974047039], [-3.148358180428124, 47.34942214111922], [-3.155804663608552, 47.34942214111922], [-3.155804663608552, 47.36802514193025], [-3.1930370795106926, 47.36802514193025], [-3.2004835626911206, 47.37546634225466], [-3.215376529051977, 47.37546634225466], [-3.219099770642191, 47.38290754257907], [-3.2414392201834756, 47.38290754257907], [-3.2451624617736896, 47.390348742903484], [-3.2526089449541176, 47.390348742903484], [-3.2526089449541176, 47.37546634225466], [-3.26377866972476, 47.37546634225466], [-3.26377866972476, 47.35686334144363], [-3.267501911314974, 47.35686334144363]], [[-2.9696425840978486, 47.35686334144363], [-2.9733658256880626, 47.36058394160583], [-2.9733658256880626, 47.35686334144363], [-2.9696425840978486, 47.35686334144363]], [[-2.9063474770642093, 47.34942214111922], [-2.9137939602446377, 47.34942214111922], [-2.9137939602446377, 47.34570154095701], [-2.9063474770642093, 47.34570154095701], [-2.9063474770642093, 47.34942214111922]], [[-2.8691150611620686, 47.33453974047039], [-2.8616685779816406, 47.33453974047039], [-2.8616685779816406, 47.34942214111922], [-2.872838302752283, 47.34942214111922], [-2.872838302752283, 47.34570154095701], [-2.8951777522935673, 47.34942214111922], [-2.8951777522935673, 47.3382603406326], [-2.887731269113139, 47.330819140308186], [-2.8691150611620686, 47.330819140308186], [-2.8691150611620686, 47.33453974047039]], [[-2.8430523700305703, 47.33453974047039], [-2.8467756116207843, 47.3382603406326], [-2.8467756116207843, 47.33453974047039], [-2.8430523700305703, 47.33453974047039]], [[-2.831882645259928, 47.330819140308186], [-2.8356058868501424, 47.330819140308186], [-2.8356058868501424, 47.32337793998378], [-2.831882645259928, 47.32337793998378], [-2.831882645259928, 47.330819140308186]], [[-2.6457205657492247, 47.28989253852392], [-2.6494438073394386, 47.28245133819951], [-2.6345508409785827, 47.28245133819951], [-2.6345508409785827, 47.30105433901054], [-2.6382740825687967, 47.304774939172745], [-2.6457205657492247, 47.30105433901054], [-2.6457205657492247, 47.29733373884833], [-2.6382740825687967, 47.29733373884833], [-2.6382740825687967, 47.28989253852392], [-2.6457205657492247, 47.28989253852392]], [[-0.7270612556197702, 45.18200305810397], [-0.7196270873474516, 45.159107806691445], [-0.712192919075133, 45.15539033457249], [-0.7084758349389738, 45.159107806691445], [-0.712192919075133, 45.17769516728624], [-0.7270612556197702, 45.18200305810397]], [[-1.228867614001273, 44.66840148698884], [-1.228867614001273, 44.67955390334572], [-1.2325846981374324, 44.67955390334572], [-1.2325846981374324, 44.66840148698884], [-1.228867614001273, 44.66840148698884]], [[-1.2177163615927953, 44.64237918215613], [-1.2177163615927953, 44.64981412639405], [-1.2214334457289546, 44.64981412639405], [-1.2214334457289546, 44.64237918215613], [-1.2177163615927953, 44.64237918215613]], [[-1.2214334457289546, 44.620074349442376], [-1.2177163615927953, 44.63494423791821], [-1.228867614001273, 44.63494423791821], [-1.2325846981374324, 44.62379182156133], [-1.2214334457289546, 44.620074349442376]], [[-1.254887202954388, 44.59776951672862], [-1.254887202954388, 44.590334572490704], [-1.2511701188182287, 44.590334572490704], [-1.2511701188182287, 44.59776951672862], [-1.2474530346820696, 44.59776951672862], [-1.2511701188182287, 44.612639405204455], [-1.254887202954388, 44.6089219330855], [-1.2734726236351845, 44.6089219330855], [-1.2734726236351845, 44.60148698884758], [-1.254887202954388, 44.59776951672862]], [[-1.2325846981374324, 44.59776951672862], [-1.2363017822735916, 44.60148698884758], [-1.2363017822735916, 44.59776951672862], [-1.2325846981374324, 44.59776951672862]], [[-1.240018866409751, 44.59776951672862], [-1.240018866409751, 44.590334572490704], [-1.2437359505459102, 44.58661710037174], [-1.2363017822735916, 44.58661710037174], [-1.2363017822735916, 44.59776951672862], [-1.240018866409751, 44.59776951672862]], [[-1.2437359505459102, 44.58661710037174], [-1.2511701188182287, 44.58289962825278], [-1.2511701188182287, 44.57546468401487], [-1.2437359505459102, 44.579182156133825], [-1.2437359505459102, 44.58661710037174]], [[-1.2623213712267067, 44.57546468401487], [-1.2623213712267067, 44.56802973977695], [-1.2511701188182287, 44.56802973977695], [-1.2511701188182287, 44.57546468401487], [-1.2623213712267067, 44.57546468401487]], [[-1.2697555394990252, 44.57546468401487], [-1.2660384553628659, 44.579182156133825], [-1.2697555394990252, 44.579182156133825], [-1.2697555394990252, 44.57546468401487]], [[-2.32912451830442, 47.058516819571864], [-2.340275770712898, 47.058516819571864], [-2.340275770712898, 47.039900611620794], [-2.32912451830442, 47.039900611620794], [-2.32912451830442, 47.04734709480122], [-2.325407434168261, 47.04734709480122], [-2.32912451830442, 47.058516819571864]], [[-2.355144107257535, 47.03617737003058], [-2.3588611913936943, 47.05107033639143], [-2.377446612074491, 47.05107033639143], [-2.3737295279383317, 47.039900611620794], [-2.3588611913936943, 47.039900611620794], [-2.3588611913936943, 47.03617737003058], [-2.355144107257535, 47.03617737003058]], [[-2.3439928548490574, 47.039900611620794], [-2.351427023121376, 47.039900611620794], [-2.351427023121376, 47.03617737003058], [-2.3439928548490574, 47.03617737003058], [-2.3439928548490574, 47.039900611620794]], [[-2.3960320327552873, 46.98032874617736], [-2.407183285163765, 46.98032874617736], [-2.407183285163765, 46.97660550458715], [-2.3960320327552873, 46.97660550458715], [-2.3960320327552873, 46.98032874617736]], [[-2.2919536769428275, 46.935649847094794], [-2.2808024245343494, 46.935649847094794], [-2.2808024245343494, 46.943096330275225], [-2.288236592806668, 46.943096330275225], [-2.288236592806668, 46.94681957186544], [-2.2919536769428275, 46.943096330275225], [-2.3068220134874644, 46.943096330275225], [-2.303104929351305, 46.931926605504586], [-2.2919536769428275, 46.931926605504586], [-2.2919536769428275, 46.935649847094794]], [[-2.2733682562620308, 46.931926605504586], [-2.2808024245343494, 46.931926605504586], [-2.2808024245343494, 46.92820336391437], [-2.2733682562620308, 46.92820336391437], [-2.2733682562620308, 46.931926605504586]], [[-2.3997491168914467, 46.712255351681954], [-2.3848807803468093, 46.70853211009174], [-2.3848807803468093, 46.70108562691131], [-2.3737295279383317, 46.70108562691131], [-2.3737295279383317, 46.693639143730884], [-2.355144107257535, 46.693639143730884], [-2.355144107257535, 46.68991590214067], [-2.340275770712898, 46.68991590214067], [-2.340275770712898, 46.686192660550454], [-2.325407434168261, 46.686192660550454], [-2.3179732658959424, 46.693639143730884], [-2.3105390976236237, 46.693639143730884], [-2.3105390976236237, 46.68991590214067], [-2.284519508670509, 46.68991590214067], [-2.284519508670509, 46.70108562691131], [-2.2919536769428275, 46.70108562691131], [-2.2919536769428275, 46.70853211009174], [-2.303104929351305, 46.70853211009174], [-2.3068220134874644, 46.71597859327217], [-2.314256181759783, 46.71597859327217], [-2.321690350032102, 46.72342507645259], [-2.3439928548490574, 46.72342507645259], [-2.3439928548490574, 46.72714831804281], [-2.351427023121376, 46.72714831804281], [-2.351427023121376, 46.73459480122324], [-2.366295359666013, 46.73459480122324], [-2.366295359666013, 46.738318042813454], [-2.392314948619128, 46.738318042813454], [-2.3960320327552873, 46.72714831804281], [-2.407183285163765, 46.72714831804281], [-2.407183285163765, 46.719701834862384], [-2.3997491168914467, 46.719701834862384], [-2.3997491168914467, 46.712255351681954]], [[-1.5894247752087234, 46.26174311926605], [-1.5968589434810418, 46.25057339449541], [-1.5894247752087234, 46.246850152905196], [-1.5894247752087234, 46.23568042813455], [-1.5782735228002456, 46.22451070336391], [-1.5634051862556084, 46.22451070336391], [-1.559688102119449, 46.220787461773696], [-1.559688102119449, 46.20589449541284], [-1.5522539338471306, 46.19844801223241], [-1.544819765574812, 46.19844801223241], [-1.5411026814386526, 46.19100152905198], [-1.518800176621697, 46.18727828746177], [-1.5113660083493785, 46.17983180428134], [-1.5113660083493785, 46.17238532110091], [-1.4964976718047414, 46.17238532110091], [-1.4890635035324227, 46.16493883792049], [-1.4741951669877855, 46.16493883792049], [-1.4741951669877855, 46.17983180428134], [-1.4704780828516264, 46.17983180428134], [-1.4741951669877855, 46.18727828746177], [-1.4593268304431486, 46.18727828746177], [-1.4593268304431486, 46.17983180428134], [-1.45189266217083, 46.17983180428134], [-1.45189266217083, 46.17238532110091], [-1.4444584938985114, 46.17238532110091], [-1.4444584938985114, 46.168662079510696], [-1.4370243256261928, 46.168662079510696], [-1.4370243256261928, 46.17238532110091], [-1.4221559890815556, 46.17238532110091], [-1.4221559890815556, 46.168662079510696], [-1.3924193159922815, 46.17238532110091], [-1.3887022318561222, 46.16493883792049], [-1.373833895311485, 46.16121559633027], [-1.3701168111753257, 46.15376911314984], [-1.3589655587668479, 46.15376911314984], [-1.3589655587668479, 46.15004587155963], [-1.3403801380860516, 46.14632262996941], [-1.3403801380860516, 46.1425993883792], [-1.3180776332690958, 46.1425993883792], [-1.3180776332690958, 46.13515290519877], [-1.2994922125882995, 46.13515290519877], [-1.2994922125882995, 46.13142966360856], [-1.2734726236351845, 46.13142966360856], [-1.2697555394990252, 46.1425993883792], [-1.2660384553628659, 46.1425993883792], [-1.2660384553628659, 46.15376911314984], [-1.254887202954388, 46.15749235474006], [-1.254887202954388, 46.16493883792049], [-1.2623213712267067, 46.16493883792049], [-1.2697555394990252, 46.17238532110091], [-1.2697555394990252, 46.19100152905198], [-1.2846238760436623, 46.19100152905198], [-1.2883409601798217, 46.18727828746177], [-1.2883409601798217, 46.19100152905198], [-1.2994922125882995, 46.19100152905198], [-1.2994922125882995, 46.194724770642196], [-1.3180776332690958, 46.194724770642196], [-1.3255118015414145, 46.20217125382263], [-1.3440972222222107, 46.20589449541284], [-1.34781430635837, 46.21706422018348], [-1.3812680635838035, 46.220787461773696], [-1.3849851477199628, 46.231957186544335], [-1.440741409762352, 46.23568042813455], [-1.440741409762352, 46.239403669724766], [-1.45189266217083, 46.239403669724766], [-1.45189266217083, 46.246850152905196], [-1.4704780828516264, 46.246850152905196], [-1.4816293352601042, 46.258019877675835], [-1.492780587668582, 46.258019877675835], [-1.492780587668582, 46.26174311926605], [-1.5225172607578563, 46.26174311926605], [-1.5336685131663341, 46.25057339449541], [-1.5559710179832897, 46.25057339449541], [-1.5634051862556084, 46.258019877675835], [-1.5745564386640862, 46.258019877675835], [-1.585707691072564, 46.26918960244648], [-1.5931418593448825, 46.26918960244648], [-1.5968589434810418, 46.265466360856266], [-1.5968589434810418, 46.26174311926605], [-1.5894247752087234, 46.26174311926605]], [[-1.1731113519588838, 46.00483944954128], [-1.1656771836865654, 46.00483944954128], [-1.1656771836865654, 45.99739296636085], [-1.161960099550406, 45.99739296636085], [-1.1582430154142467, 46.01228593272171], [-1.1508088471419282, 46.01228593272171], [-1.1508088471419282, 46.016009174311925], [-1.1582430154142467, 46.016009174311925], [-1.1582430154142467, 46.02345565749235], [-1.1656771836865654, 46.02345565749235], [-1.1656771836865654, 46.027178899082564], [-1.187979688503521, 46.027178899082564], [-1.187979688503521, 46.016009174311925], [-1.1805455202312025, 46.008562691131495], [-1.1731113519588838, 46.008562691131495], [-1.1731113519588838, 46.00483944954128]], [[-1.2325846981374324, 45.99366972477064], [-1.2214334457289546, 45.99366972477064], [-1.2214334457289546, 45.99739296636085], [-1.2325846981374324, 45.99739296636085], [-1.2325846981374324, 45.99366972477064]], [[-1.2214334457289546, 45.99366972477064], [-1.2177163615927953, 45.98622324159021], [-1.2102821933204766, 45.98622324159021], [-1.213999277456636, 45.99366972477064], [-1.2214334457289546, 45.99366972477064]], [[-1.2660384553628659, 45.78516819571865], [-1.2474530346820696, 45.78889143730886], [-1.2474530346820696, 45.79633792048929], [-1.2660384553628659, 45.79633792048929], [-1.2660384553628659, 45.78516819571865]], [[-1.254887202954388, 45.77399847094801], [-1.2660384553628659, 45.77399847094801], [-1.2660384553628659, 45.77027522935779], [-1.254887202954388, 45.77027522935779], [-1.254887202954388, 45.77399847094801]], [[-1.1954138567758397, 45.67347094801223], [-1.1991309409119988, 45.677194189602446], [-1.1991309409119988, 45.67347094801223], [-1.1954138567758397, 45.67347094801223]], [[-1.1842626043673616, 45.580389908256876], [-1.161960099550406, 45.580389908256876], [-1.161960099550406, 45.58783639143731], [-1.1470917630057689, 45.59528287461773], [-1.1470917630057689, 45.60272935779816], [-1.161960099550406, 45.60272935779816], [-1.161960099550406, 45.599006116207946], [-1.1731113519588838, 45.599006116207946], [-1.1731113519588838, 45.60272935779816], [-1.1805455202312025, 45.599006116207946], [-1.1842626043673616, 45.60272935779816], [-1.1842626043673616, 45.599006116207946], [-1.1954138567758397, 45.599006116207946], [-1.1954138567758397, 45.59155963302752], [-1.1842626043673616, 45.58783639143731], [-1.1842626043673616, 45.580389908256876]], [[-0.9723888086062827, 45.52826452599388], [-0.976105892742442, 45.53198776758409], [-0.976105892742442, 45.52826452599388], [-0.9723888086062827, 45.52826452599388]], [[-0.9686717244701234, 45.52826452599388], [-0.9649546403339642, 45.52454128440367], [-0.9649546403339642, 45.52826452599388], [-0.9686717244701234, 45.52826452599388]], [[-0.9649546403339642, 45.52081804281345], [-0.9575204720616456, 45.52081804281345], [-0.9575204720616456, 45.52454128440367], [-0.9649546403339642, 45.52454128440367], [-0.9649546403339642, 45.52081804281345]], [[-0.9575204720616456, 45.51709480122324], [-0.950086303789327, 45.51709480122324], [-0.950086303789327, 45.52081804281345], [-0.9575204720616456, 45.52081804281345], [-0.9575204720616456, 45.51709480122324]], [[-0.950086303789327, 45.50964831804281], [-0.9426521355170084, 45.50964831804281], [-0.9426521355170084, 45.5059250764526], [-0.9315008831085306, 45.5059250764526], [-0.9315008831085306, 45.50964831804281], [-0.9389350513808492, 45.50964831804281], [-0.9389350513808492, 45.51709480122324], [-0.950086303789327, 45.51709480122324], [-0.950086303789327, 45.50964831804281]], [[-0.9723888086062827, 45.49103211009174], [-0.976105892742442, 45.49475535168195], [-0.976105892742442, 45.49103211009174], [-0.9723888086062827, 45.49103211009174]], [[-1.1731113519588838, 45.47241590214067], [-1.1768284360950432, 45.47613914373088], [-1.1768284360950432, 45.49103211009174], [-1.1805455202312025, 45.49103211009174], [-1.1842626043673616, 45.48730886850152], [-1.1805455202312025, 45.47241590214067], [-1.1731113519588838, 45.47241590214067]], [[-0.9017642100192564, 45.46496941896024], [-0.88317878933846, 45.45007645259938], [-0.88317878933846, 45.438906727828744], [-0.8720275369299821, 45.438906727828744], [-0.8645933686576636, 45.4277370030581], [-0.8497250321130264, 45.431460244648314], [-0.8757446210661415, 45.46496941896024], [-0.8943300417469379, 45.46869266055045], [-0.8980471258830971, 45.483585626911314], [-0.9166325465638935, 45.49103211009174], [-0.9166325465638935, 45.483585626911314], [-0.9091983782915749, 45.483585626911314], [-0.9017642100192564, 45.46496941896024]], [[-0.8348566955683894, 45.483585626911314], [-0.8385737797045486, 45.48730886850152], [-0.8385737797045486, 45.483585626911314], [-0.8348566955683894, 45.483585626911314]], [[-0.8385737797045486, 45.41656727828746], [-0.8199883590237522, 45.394227828746175], [-0.8051200224791151, 45.39050458715596], [-0.8051200224791151, 45.39795107033639], [-0.8199883590237522, 45.4016743119266], [-0.8237054431599115, 45.412844036697244], [-0.8385737797045486, 45.4277370030581], [-0.8497250321130264, 45.4277370030581], [-0.8534421162491858, 45.420290519877675], [-0.8385737797045486, 45.41656727828746]], [[-0.7307783397559294, 45.22295871559633], [-0.7344954238920888, 45.22295871559633], [-0.7344954238920888, 45.2155122324159], [-0.7307783397559294, 45.2155122324159], [-0.7307783397559294, 45.22295871559633]]], [[[-4.269053899082558, 48.28329278183293], [-4.269053899082558, 48.28701338199513], [-4.257884174311916, 48.28701338199513], [-4.257884174311916, 48.28329278183293], [-4.269053899082558, 48.28329278183293]]], [[[-4.365858180428123, 48.327939983779395], [-4.365858180428123, 48.34282238442822], [-4.350965214067267, 48.34282238442822], [-4.350965214067267, 48.33910178426601], [-4.358411697247695, 48.33910178426601], [-4.358411697247695, 48.3316605839416], [-4.350965214067267, 48.3316605839416], [-4.350965214067267, 48.327939983779395], [-4.365858180428123, 48.327939983779395]]], [[[-4.388197629969408, 48.391190186536896], [-4.395644113149836, 48.391190186536896], [-4.395644113149836, 48.39491078669911], [-4.388197629969408, 48.39491078669911], [-4.388197629969408, 48.391190186536896]]], [[[-4.377027905198766, 48.39491078669911], [-4.38075114678898, 48.39863138686131], [-4.377027905198766, 48.39863138686131], [-4.377027905198766, 48.39491078669911]]], [[[-4.373304663608552, 48.39863138686131], [-4.373304663608552, 48.402351987023515], [-4.365858180428123, 48.402351987023515], [-4.365858180428123, 48.39863138686131], [-4.373304663608552, 48.39863138686131]]], [[[-4.36213493883791, 48.402351987023515], [-4.365858180428123, 48.402351987023515], [-4.365858180428123, 48.40979318734793], [-4.36213493883791, 48.40979318734793], [-4.36213493883791, 48.402351987023515]]], [[[-4.585529434250754, 48.60326439578264], [-4.585529434250754, 48.60698499594485], [-4.574359709480111, 48.60698499594485], [-4.574359709480111, 48.60326439578264], [-4.585529434250754, 48.60326439578264]]], [[[-4.585529434250754, 48.61070559610705], [-4.589252675840967, 48.60698499594485], [-4.589252675840967, 48.61070559610705], [-4.585529434250754, 48.61070559610705]]], [[[-3.8632205657492245, 48.67767639902676], [-3.8632205657492245, 48.68511759935117], [-3.874390290519867, 48.68883819951338], [-3.878113532110081, 48.69627939983779], [-3.893006498470937, 48.69627939983779], [-3.889283256880723, 48.67767639902676], [-3.878113532110081, 48.67767639902676], [-3.878113532110081, 48.66651459854014], [-3.866943807339439, 48.65907339821573], [-3.866943807339439, 48.65163219789132], [-3.870667048929653, 48.65163219789132], [-3.878113532110081, 48.662793998377936], [-3.889283256880723, 48.65907339821573], [-3.889283256880723, 48.673955798864554], [-3.896729740061151, 48.67767639902676], [-3.896729740061151, 48.68511759935117], [-3.9116227064220075, 48.68883819951338], [-3.9116227064220075, 48.69627939983779], [-3.9078994648317935, 48.699999999999996], [-3.8594973241590105, 48.699999999999996], [-3.8632205657492245, 48.69627939983779], [-3.8594973241590105, 48.69255879967558], [-3.8594973241590105, 48.67767639902676], [-3.8632205657492245, 48.67767639902676]]], [[[-3.94140863914372, 48.68883819951338], [-3.945131880733934, 48.68883819951338], [-3.945131880733934, 48.699999999999996], [-3.9376853975535058, 48.69255879967558], [-3.9376853975535058, 48.67767639902676], [-3.94140863914372, 48.67767639902676], [-3.94140863914372, 48.68883819951338]]], [[[-3.70312117737002, 48.69627939983779], [-3.70312117737002, 48.699999999999996], [-3.6658887614678792, 48.699999999999996], [-3.6658887614678792, 48.69627939983779], [-3.680781727828735, 48.69627939983779], [-3.680781727828735, 48.69255879967558], [-3.70312117737002, 48.69627939983779]]], [[[-4.105231269113139, 48.69627939983779], [-4.108954510703353, 48.699999999999996], [-4.105231269113139, 48.699999999999996], [-4.105231269113139, 48.69627939983779]]], [[[-4.0717220948012125, 48.69627939983779], [-4.101508027522925, 48.69627939983779], [-4.101508027522925, 48.699999999999996], [-4.0717220948012125, 48.699999999999996], [-4.0717220948012125, 48.69627939983779]]], [[[-2.2287632466281195, 46.92820336391437], [-2.236197414900438, 46.92820336391437], [-2.236197414900438, 46.931926605504586], [-2.2287632466281195, 46.931926605504586], [-2.2287632466281195, 46.92820336391437]]], [[[-2.32912451830442, 46.96543577981651], [-2.3328416024405794, 46.969159021406725], [-2.32912451830442, 46.969159021406725], [-2.32912451830442, 46.96543577981651]]], [[[-2.32912451830442, 46.98032874617736], [-2.3328416024405794, 46.98405198776758], [-2.32912451830442, 46.98405198776758], [-2.32912451830442, 46.98032874617736]]], [[[-2.236197414900438, 47.31965733982157], [-2.2399144990365976, 47.315936739659364], [-2.2399144990365976, 47.31965733982157], [-2.236197414900438, 47.31965733982157]]], [[[-2.221329078355801, 47.330819140308186], [-2.221329078355801, 47.3382603406326], [-2.2138949100834826, 47.3382603406326], [-2.2138949100834826, 47.330819140308186], [-2.221329078355801, 47.330819140308186]]], [[[-2.3105390976236237, 47.36058394160583], [-2.314256181759783, 47.35686334144363], [-2.314256181759783, 47.36058394160583], [-2.3105390976236237, 47.36058394160583]]], [[[-2.4220516217084023, 47.49452554744525], [-2.4257687058445616, 47.49824614760746], [-2.4220516217084023, 47.49824614760746], [-2.4220516217084023, 47.49452554744525]]], [[[-2.444354126525358, 47.49452554744525], [-2.444354126525358, 47.49824614760746], [-2.43320287411688, 47.49824614760746], [-2.43320287411688, 47.49452554744525], [-2.444354126525358, 47.49452554744525]]], [[[-2.288236592806668, 47.50940794809407], [-2.2919536769428275, 47.50568734793187], [-2.2919536769428275, 47.50940794809407], [-2.288236592806668, 47.50940794809407]]], [[[-2.6419973241590107, 47.50940794809407], [-2.6457205657492247, 47.51312854825628], [-2.6419973241590107, 47.51312854825628], [-2.6419973241590107, 47.50940794809407]]], [[[-2.9547496177369923, 47.54289334955393], [-2.9584728593272063, 47.54661394971613], [-2.9547496177369923, 47.54661394971613], [-2.9547496177369923, 47.54289334955393]]], [[[-2.761141055045861, 47.565216950527166], [-2.764864296636075, 47.56149635036496], [-2.764864296636075, 47.565216950527166], [-2.761141055045861, 47.565216950527166]]], [[[-2.9137939602446377, 47.58009935117599], [-2.9137939602446377, 47.58381995133819], [-2.9026242354739953, 47.58381995133819], [-2.9026242354739953, 47.58009935117599], [-2.9137939602446377, 47.58009935117599]]], [[[-2.9510263761467783, 47.61730535279805], [-2.9547496177369923, 47.613584752635845], [-2.9547496177369923, 47.61730535279805], [-2.9510263761467783, 47.61730535279805]]], [[[-3.207930045871549, 47.65451135442011], [-3.211653287461763, 47.65823195458231], [-3.207930045871549, 47.65823195458231], [-3.207930045871549, 47.65451135442011]]], [[[-3.207930045871549, 47.66195255474452], [-3.211653287461763, 47.66567315490673], [-3.207930045871549, 47.66567315490673], [-3.207930045871549, 47.66195255474452]]], [[[-3.211653287461763, 47.66939375506893], [-3.215376529051977, 47.66567315490673], [-3.215376529051977, 47.66939375506893], [-3.211653287461763, 47.66939375506893]]], [[[-3.349413226299683, 47.74008515815085], [-3.349413226299683, 47.74752635847526], [-3.345689984709469, 47.74752635847526], [-3.345689984709469, 47.736364557988644], [-3.3531364678898976, 47.73264395782643], [-3.3531364678898976, 47.74008515815085], [-3.349413226299683, 47.74008515815085]]], [[[-2.6227741650610032, 48.562337793998374], [-2.6382740825687967, 48.562337793998374], [-2.6382740825687967, 48.55861719383617], [-2.6903994648317937, 48.55861719383617], [-2.6903994648317937, 48.562337793998374], [-2.7313551223241483, 48.56605839416058], [-2.7313551223241483, 48.56977899432279], [-2.7574178134556466, 48.57349959448499], [-2.7574178134556466, 48.5809407948094], [-2.776034021406717, 48.58466139497161], [-2.7797572629969314, 48.59210259529602], [-2.7872037461773593, 48.59210259529602], [-2.7872037461773593, 48.599543795620434], [-2.7909269877675733, 48.599543795620434], [-2.7872037461773593, 48.61070559610705], [-2.7946502293577873, 48.61814679643146], [-2.7946502293577873, 48.625587996755876], [-2.8132664373088576, 48.636749797242494], [-2.816989678899072, 48.65163219789132], [-2.828159403669714, 48.662793998377936], [-2.8430523700305703, 48.662793998377936], [-2.8579453363914267, 48.67767639902676], [-2.880284785932711, 48.67767639902676], [-2.887731269113139, 48.699999999999996], [-1.9611331888246515, 48.699999999999996], [-1.9648502729608106, 48.69255879967558], [-1.9760015253692886, 48.69627939983779], [-1.9797186095054478, 48.68883819951338], [-1.994586946050085, 48.68883819951338], [-1.9983040301862443, 48.68511759935117], [-1.9983040301862443, 48.67023519870235], [-2.005738198458563, 48.67023519870235], [-2.005738198458563, 48.66651459854014], [-2.0206065350032, 48.66651459854014], [-2.0280407032755186, 48.65907339821573], [-2.031757787411678, 48.662793998377936], [-2.0429090398201555, 48.65907339821573], [-2.0429090398201555, 48.65163219789132], [-2.0354748715478372, 48.64419099756691], [-2.0354748715478372, 48.63302919708029], [-2.0206065350032, 48.62930859691808], [-2.0206065350032, 48.61814679643146], [-2.013172366730881, 48.61070559610705], [-2.0168894508670405, 48.599543795620434], [-2.0206065350032, 48.599543795620434], [-2.0206065350032, 48.61070559610705], [-2.0280407032755186, 48.61070559610705], [-2.0280407032755186, 48.61814679643146], [-2.031757787411678, 48.61814679643146], [-2.031757787411678, 48.62930859691808], [-2.0429090398201555, 48.62930859691808], [-2.046626123956315, 48.6404703974047], [-2.0540602922286335, 48.64419099756691], [-2.0540602922286335, 48.65163219789132], [-2.0689286287732704, 48.65535279805352], [-2.076362797045589, 48.662793998377936], [-2.0800798811817485, 48.65907339821573], [-2.0986653018625447, 48.65907339821573], [-2.0986653018625447, 48.65535279805352], [-2.07264571290943, 48.65163219789132], [-2.07264571290943, 48.64419099756691], [-2.083796965317908, 48.64419099756691], [-2.083796965317908, 48.6404703974047], [-2.102382385998704, 48.6404703974047], [-2.102382385998704, 48.64419099756691], [-2.113533638407182, 48.64419099756691], [-2.113533638407182, 48.65163219789132], [-2.117250722543341, 48.65163219789132], [-2.1209678066795004, 48.6404703974047], [-2.1581386480410933, 48.636749797242494], [-2.1581386480410933, 48.625587996755876], [-2.1730069845857303, 48.625587996755876], [-2.1730069845857303, 48.62930859691808], [-2.1841582369942083, 48.625587996755876], [-2.1841582369942083, 48.63302919708029], [-2.1990265735388452, 48.63302919708029], [-2.1990265735388452, 48.62930859691808], [-2.2101778259473233, 48.62930859691808], [-2.2138949100834826, 48.62186739659367], [-2.221329078355801, 48.62186739659367], [-2.221329078355801, 48.625587996755876], [-2.2399144990365976, 48.625587996755876], [-2.243631583172757, 48.65163219789132], [-2.269651172125872, 48.65163219789132], [-2.269651172125872, 48.64419099756691], [-2.284519508670509, 48.64419099756691], [-2.284519508670509, 48.65163219789132], [-2.2919536769428275, 48.65535279805352], [-2.288236592806668, 48.67023519870235], [-2.314256181759783, 48.673955798864554], [-2.314256181759783, 48.68883819951338], [-2.321690350032102, 48.69255879967558], [-2.321690350032102, 48.68883819951338], [-2.32912451830442, 48.68883819951338], [-2.3328416024405794, 48.673955798864554], [-2.355144107257535, 48.67023519870235], [-2.3625782755298537, 48.662793998377936], [-2.3885978644829686, 48.65907339821573], [-2.3885978644829686, 48.65535279805352], [-2.3997491168914467, 48.65535279805352], [-2.3997491168914467, 48.65163219789132], [-2.418334537572243, 48.65163219789132], [-2.4220516217084023, 48.65907339821573], [-2.455505378933836, 48.65907339821573], [-2.455505378933836, 48.65535279805352], [-2.4926762202954285, 48.65163219789132], [-2.4926762202954285, 48.6404703974047], [-2.4852420520231098, 48.636749797242494], [-2.4852420520231098, 48.62930859691808], [-2.496393304431588, 48.61814679643146], [-2.5038274727039065, 48.61814679643146], [-2.5038274727039065, 48.61070559610705], [-2.5298470616570214, 48.60698499594485], [-2.5298470616570214, 48.60326439578264], [-2.5595837347462957, 48.60326439578264], [-2.5595837347462957, 48.60698499594485], [-2.567017903018614, 48.60698499594485], [-2.567017903018614, 48.59582319545823], [-2.5707349871547733, 48.59582319545823], [-2.5744520712909327, 48.58466139497161], [-2.5856033236994107, 48.58466139497161], [-2.58932040783557, 48.57349959448499], [-2.6227741650610032, 48.562337793998374]], [[-2.1581386480410933, 48.6404703974047], [-2.169289900449571, 48.6404703974047], [-2.169289900449571, 48.636749797242494], [-2.1581386480410933, 48.636749797242494], [-2.1581386480410933, 48.6404703974047]], [[-2.8132664373088576, 48.67023519870235], [-2.8095431957186436, 48.66651459854014], [-2.8095431957186436, 48.67023519870235], [-2.8132664373088576, 48.67023519870235]], [[-2.8095431957186436, 48.65907339821573], [-2.8020967125382157, 48.65907339821573], [-2.7909269877675733, 48.6404703974047], [-2.7797572629969314, 48.6404703974047], [-2.7797572629969314, 48.636749797242494], [-2.7574178134556466, 48.6404703974047], [-2.764864296636075, 48.65535279805352], [-2.776034021406717, 48.65163219789132], [-2.7909269877675733, 48.66651459854014], [-2.8095431957186436, 48.66651459854014], [-2.8095431957186436, 48.65907339821573]], [[-2.768587538226289, 48.63302919708029], [-2.776034021406717, 48.63302919708029], [-2.776034021406717, 48.62930859691808], [-2.768587538226289, 48.62930859691808], [-2.768587538226289, 48.63302919708029]], [[-2.488959136159269, 48.67023519870235], [-2.488959136159269, 48.673955798864554], [-2.481524967886951, 48.673955798864554], [-2.4852420520231098, 48.68511759935117], [-2.4926762202954285, 48.68511759935117], [-2.4926762202954285, 48.67767639902676], [-2.496393304431588, 48.67767639902676], [-2.488959136159269, 48.67023519870235]], [[-2.0800798811817485, 48.67767639902676], [-2.0800798811817485, 48.673955798864554], [-2.0689286287732704, 48.673955798864554], [-2.0689286287732704, 48.67767639902676], [-2.0800798811817485, 48.67767639902676]], [[-2.0689286287732704, 48.673955798864554], [-2.065211544637111, 48.67023519870235], [-2.065211544637111, 48.673955798864554], [-2.0689286287732704, 48.673955798864554]], [[-2.0540602922286335, 48.67023519870235], [-2.0540602922286335, 48.673955798864554], [-2.061494460500952, 48.673955798864554], [-2.061494460500952, 48.67023519870235], [-2.0540602922286335, 48.67023519870235]], [[-2.1060994701348634, 48.662793998377936], [-2.102382385998704, 48.66651459854014], [-2.1060994701348634, 48.66651459854014], [-2.1060994701348634, 48.662793998377936]], [[-2.5707349871547733, 48.61814679643146], [-2.5707349871547733, 48.62186739659367], [-2.5818862395632514, 48.62186739659367], [-2.5818862395632514, 48.61814679643146], [-2.5707349871547733, 48.61814679643146]]], [[[-3.60259365443424, 48.68883819951338], [-3.62120986238531, 48.68883819951338], [-3.62120986238531, 48.69255879967558], [-3.6323795871559525, 48.68883819951338], [-3.6435493119265945, 48.699999999999996], [-3.5877006880733835, 48.699999999999996], [-3.5877006880733835, 48.69627939983779], [-3.595147171253812, 48.69627939983779], [-3.60259365443424, 48.68883819951338]]], [[[-1.2102821933204766, 45.80006116207951], [-1.2102821933204766, 45.803784403669724], [-1.1991309409119988, 45.803784403669724], [-1.1991309409119988, 45.80006116207951], [-1.2102821933204766, 45.80006116207951]]], [[[-1.213999277456636, 45.81123088685015], [-1.2177163615927953, 45.81495412844036], [-1.213999277456636, 45.81495412844036], [-1.213999277456636, 45.81123088685015]]], [[[-1.187979688503521, 45.81867737003058], [-1.2028480250481581, 45.81867737003058], [-1.2028480250481581, 45.82240061162079], [-1.187979688503521, 45.82240061162079], [-1.187979688503521, 45.81867737003058]]], [[[-2.180441152858049, 46.81650611620795], [-2.180441152858049, 46.809059633027516], [-2.1878753211303676, 46.809059633027516], [-2.1878753211303676, 46.81278287461773], [-2.180441152858049, 46.81650611620795]]], [[[-2.1469873956326153, 46.89097094801223], [-2.1581386480410933, 46.89097094801223], [-2.1581386480410933, 46.89469418960244], [-2.1469873956326153, 46.89469418960244], [-2.1469873956326153, 46.89097094801223]]], [[[-2.1098165542710228, 46.98032874617736], [-2.113533638407182, 46.98405198776758], [-2.1098165542710228, 46.98405198776758], [-2.1098165542710228, 46.98032874617736]]], [[[-2.191592405266527, 46.99894495412843], [-2.191592405266527, 47.006391437308864], [-2.1878753211303676, 47.006391437308864], [-2.1878753211303676, 46.99894495412843], [-2.191592405266527, 46.99894495412843]]], [[[-1.7195227199742982, 47.08457951070336], [-1.7269568882466166, 47.08457951070336], [-1.7269568882466166, 47.08830275229357], [-1.7195227199742982, 47.08830275229357], [-1.7195227199742982, 47.08457951070336]]], [[[-1.9797186095054478, 47.12553516819571], [-1.983435693641607, 47.129258409785926], [-1.9797186095054478, 47.129258409785926], [-1.9797186095054478, 47.12553516819571]]], [[[-1.6228785324341568, 47.16276758409786], [-1.6265956165703161, 47.16649082568807], [-1.6228785324341568, 47.16649082568807], [-1.6228785324341568, 47.16276758409786]]], [[[-1.6005760276172012, 47.17766055045871], [-1.6042931117533605, 47.17766055045871], [-1.6042931117533605, 47.18883027522936], [-1.6005760276172012, 47.18883027522936], [-1.6005760276172012, 47.17766055045871]]], [[[-2.2138949100834826, 47.3382603406326], [-2.2138949100834826, 47.341980940794805], [-2.206460741811164, 47.341980940794805], [-2.206460741811164, 47.3382603406326], [-2.2138949100834826, 47.3382603406326]]], [[[-2.1060994701348634, 47.341980940794805], [-2.1098165542710228, 47.3382603406326], [-2.1098165542710228, 47.341980940794805], [-2.1060994701348634, 47.341980940794805]]], [[[-2.206460741811164, 47.341980940794805], [-2.2027436576750046, 47.34570154095701], [-2.2027436576750046, 47.341980940794805], [-2.206460741811164, 47.341980940794805]]], [[[-2.1990265735388452, 47.34942214111922], [-2.2027436576750046, 47.34570154095701], [-2.2027436576750046, 47.34942214111922], [-2.1990265735388452, 47.34942214111922]]], [[[-1.9908698619139256, 48.57349959448499], [-1.994586946050085, 48.57349959448499], [-1.994586946050085, 48.58466139497161], [-1.9908698619139256, 48.58466139497161], [-1.9908698619139256, 48.57349959448499]]], [[[-1.994586946050085, 48.58466139497161], [-1.9983040301862443, 48.588381995133815], [-1.994586946050085, 48.588381995133815], [-1.994586946050085, 48.58466139497161]]], [[[-2.0020211143224036, 48.588381995133815], [-2.005738198458563, 48.59210259529602], [-2.0020211143224036, 48.59210259529602], [-2.0020211143224036, 48.588381995133815]]], [[[-2.0168894508670405, 48.599543795620434], [-2.009455282594722, 48.59582319545823], [-2.009455282594722, 48.59210259529602], [-2.0168894508670405, 48.59210259529602], [-2.0168894508670405, 48.599543795620434]]], [[[-1.6712006262042276, 48.68883819951338], [-1.6712006262042276, 48.68511759935117], [-1.6860689627488645, 48.68511759935117], [-1.6860689627488645, 48.67767639902676], [-1.6935031310211832, 48.67767639902676], [-1.6935031310211832, 48.673955798864554], [-1.7158056358381388, 48.67023519870235], [-1.7232398041104575, 48.65907339821573], [-1.7381081406550947, 48.662793998377936], [-1.7381081406550947, 48.66651459854014], [-1.7529764771997316, 48.66651459854014], [-1.756693561335891, 48.65907339821573], [-1.8198839916505987, 48.65907339821573], [-1.8198839916505987, 48.662793998377936], [-1.8310352440590765, 48.66651459854014], [-1.8310352440590765, 48.68511759935117], [-1.8384694123313952, 48.68511759935117], [-1.8459035806037136, 48.69255879967558], [-1.8459035806037136, 48.699999999999996], [-1.652615205523431, 48.699999999999996], [-1.6563322896595905, 48.69255879967558], [-1.6712006262042276, 48.68883819951338]]], [[[-1.91652817919074, 48.69627939983779], [-1.91652817919074, 48.699999999999996], [-1.9090940109184216, 48.699999999999996], [-1.9090940109184216, 48.69627939983779], [-1.91652817919074, 48.69627939983779]]], [[[-1.002125481695557, 43.493680297397766], [-1.0058425658317163, 43.48996282527881], [-1.0058425658317163, 43.493680297397766], [-1.002125481695557, 43.493680297397766]]], [[[-1.1693942678227247, 44.727881040892186], [-1.1693942678227247, 44.739033457249064], [-1.1656771836865654, 44.739033457249064], [-1.1656771836865654, 44.727881040892186], [-1.1693942678227247, 44.727881040892186]]], [[[-1.1024867533718576, 45.76655198776758], [-1.1062038375080168, 45.77027522935779], [-1.1024867533718576, 45.77027522935779], [-1.1024867533718576, 45.76655198776758]]], [[[-1.109920921644176, 45.77399847094801], [-1.1062038375080168, 45.77027522935779], [-1.109920921644176, 45.77027522935779], [-1.109920921644176, 45.77399847094801]]], [[[-1.109920921644176, 45.77399847094801], [-1.1173550899164946, 45.77399847094801], [-1.1173550899164946, 45.777721712538224], [-1.109920921644176, 45.777721712538224], [-1.109920921644176, 45.77399847094801]]], [[[-1.1247892581888133, 45.777721712538224], [-1.1247892581888133, 45.78144495412844], [-1.1173550899164946, 45.78144495412844], [-1.1173550899164946, 45.777721712538224], [-1.1247892581888133, 45.777721712538224]]], [[[-1.1285063423249726, 45.78516819571865], [-1.1247892581888133, 45.78144495412844], [-1.1285063423249726, 45.78144495412844], [-1.1285063423249726, 45.78516819571865]]], [[[-1.135940510597291, 45.78516819571865], [-1.1396575947334504, 45.78889143730886], [-1.1396575947334504, 45.79633792048929], [-1.1322234264611317, 45.79633792048929], [-1.1285063423249726, 45.78516819571865], [-1.135940510597291, 45.78516819571865]]], [[[-1.1396575947334504, 45.79633792048929], [-1.1433746788696095, 45.80006116207951], [-1.1396575947334504, 45.80006116207951], [-1.1396575947334504, 45.79633792048929]]], [[[-1.1470917630057689, 45.803784403669724], [-1.1433746788696095, 45.80006116207951], [-1.1470917630057689, 45.80006116207951], [-1.1470917630057689, 45.803784403669724]]], [[[-1.1470917630057689, 45.80750764525993], [-1.1508088471419282, 45.803784403669724], [-1.1508088471419282, 45.80750764525993], [-1.1470917630057689, 45.80750764525993]]], [[[-1.1991309409119988, 45.803784403669724], [-1.1991309409119988, 45.80750764525993], [-1.1842626043673616, 45.80750764525993], [-1.1842626043673616, 45.803784403669724], [-1.1991309409119988, 45.803784403669724]]], [[[-1.1842626043673616, 45.82240061162079], [-1.1842626043673616, 45.82984709480122], [-1.1805455202312025, 45.82984709480122], [-1.1805455202312025, 45.82240061162079], [-1.1842626043673616, 45.82240061162079]]], [[[-1.1768284360950432, 45.83357033639143], [-1.1805455202312025, 45.82984709480122], [-1.1805455202312025, 45.83357033639143], [-1.1768284360950432, 45.83357033639143]]], [[[-1.1805455202312025, 45.83729357798165], [-1.1842626043673616, 45.84101681957186], [-1.1805455202312025, 45.84101681957186], [-1.1805455202312025, 45.83729357798165]]], [[[-1.1842626043673616, 45.84474006116208], [-1.1842626043673616, 45.85590978593272], [-1.1805455202312025, 45.85590978593272], [-1.1805455202312025, 45.84474006116208], [-1.1842626043673616, 45.84474006116208]]], [[[-1.161960099550406, 45.88197247706422], [-1.161960099550406, 45.88569571865443], [-1.1508088471419282, 45.88569571865443], [-1.1508088471419282, 45.88197247706422], [-1.161960099550406, 45.88197247706422]]], [[[-1.1508088471419282, 45.88569571865443], [-1.1470917630057689, 45.88941896024465], [-1.1470917630057689, 45.88569571865443], [-1.1508088471419282, 45.88569571865443]]], [[[-1.1433746788696095, 45.893142201834856], [-1.1470917630057689, 45.88941896024465], [-1.1470917630057689, 45.893142201834856], [-1.1433746788696095, 45.893142201834856]]]]}}, {"type": "Feature", "properties": {"t": "b5", "lvl": 5}, "geometry": {"type": "MultiPolygon", "coordinates": [[[[-6.599999999999995, 48.699999999999996], [-4.172249617736992, 48.699999999999996], [-4.172249617736992, 48.69627939983779], [-4.209482033639133, 48.68883819951338], [-4.216928516819561, 48.673955798864554], [-4.2392679663608455, 48.67023519870235], [-4.2392679663608455, 48.66651459854014], [-4.254160932721701, 48.66651459854014], [-4.257884174311916, 48.673955798864554], [-4.306286314984699, 48.67767639902676], [-4.306286314984699, 48.68511759935117], [-4.313732798165127, 48.68511759935117], [-4.313732798165127, 48.67767639902676], [-4.321179281345555, 48.67767639902676], [-4.321179281345555, 48.68511759935117], [-4.347241972477053, 48.68511759935117], [-4.347241972477053, 48.68883819951338], [-4.354688455657482, 48.68511759935117], [-4.354688455657482, 48.67767639902676], [-4.358411697247695, 48.67767639902676], [-4.358411697247695, 48.68511759935117], [-4.373304663608552, 48.68511759935117], [-4.373304663608552, 48.67767639902676], [-4.38075114678898, 48.67767639902676], [-4.384474388379194, 48.67023519870235], [-4.395644113149836, 48.67023519870235], [-4.395644113149836, 48.66651459854014], [-4.406813837920478, 48.66651459854014], [-4.406813837920478, 48.662793998377936], [-4.410537079510693, 48.66651459854014], [-4.429153287461763, 48.66651459854014], [-4.429153287461763, 48.662793998377936], [-4.458939220183475, 48.66651459854014], [-4.451492737003047, 48.65907339821573], [-4.4552159785932615, 48.64419099756691], [-4.466385703363904, 48.64419099756691], [-4.466385703363904, 48.6404703974047], [-4.485001911314974, 48.64419099756691], [-4.48127866972476, 48.6404703974047], [-4.485001911314974, 48.63302919708029], [-4.574359709480111, 48.6404703974047], [-4.574359709480111, 48.636749797242494], [-4.596699159021396, 48.63302919708029], [-4.596699159021396, 48.62930859691808], [-4.614869888475832, 48.62930859691808], [-4.614869888475832, 48.625587996755876], [-4.604145642201824, 48.625587996755876], [-4.596699159021396, 48.61814679643146], [-4.589252675840967, 48.61814679643146], [-4.589252675840967, 48.61070559610705], [-4.60042240061161, 48.61070559610705], [-4.60042240061161, 48.61814679643146], [-4.62230483271375, 48.61814679643146], [-4.62230483271375, 48.61070559610705], [-4.633457249070627, 48.61070559610705], [-4.637174721189586, 48.60326439578264], [-4.644609665427504, 48.60326439578264], [-4.644609665427504, 48.599543795620434], [-4.629739776951668, 48.59582319545823], [-4.633457249070627, 48.588381995133815], [-4.644609665427504, 48.59210259529602], [-4.644609665427504, 48.59582319545823], [-4.655762081784382, 48.59582319545823], [-4.655762081784382, 48.59210259529602], [-4.6631970260223, 48.59210259529602], [-4.659479553903341, 48.58466139497161], [-4.685501858736055, 48.588381995133815], [-4.689219330855014, 48.5809407948094], [-4.70408921933085, 48.5809407948094], [-4.70408921933085, 48.57349959448499], [-4.715241635687728, 48.57349959448499], [-4.715241635687728, 48.56977899432279], [-4.733828996282523, 48.56977899432279], [-4.730111524163564, 48.58466139497161], [-4.737546468401482, 48.588381995133815], [-4.741263940520441, 48.56977899432279], [-4.737546468401482, 48.56605839416058], [-4.718959107806687, 48.56605839416058], [-4.718959107806687, 48.562337793998374], [-4.733828996282523, 48.562337793998374], [-4.741263940520441, 48.551175993511755], [-4.756133828996278, 48.551175993511755], [-4.756133828996278, 48.53629359286293], [-4.782156133828992, 48.53257299270073], [-4.782156133828992, 48.525131792376314], [-4.785873605947951, 48.525131792376314], [-4.782156133828992, 48.50652879156528], [-4.785873605947951, 48.50652879156528], [-4.78959107806691, 48.48420519059205], [-4.785873605947951, 48.48420519059205], [-4.785873605947951, 48.476763990267635], [-4.774721189591073, 48.476763990267635], [-4.774721189591073, 48.46932278994322], [-4.785873605947951, 48.465602189781016], [-4.782156133828992, 48.45816098945661], [-4.797026022304828, 48.44327858880778], [-4.800743494423787, 48.413513787510134], [-4.78959107806691, 48.40979318734793], [-4.78959107806691, 48.402351987023515], [-4.782156133828992, 48.402351987023515], [-4.782156133828992, 48.38746958637469], [-4.774721189591073, 48.38746958637469], [-4.767286245353155, 48.38002838605028], [-4.771003717472114, 48.37258718572587], [-4.793308550185869, 48.37258718572587], [-4.793308550185869, 48.35770478507705], [-4.782156133828992, 48.35026358475263], [-4.785873605947951, 48.34654298459043], [-4.785873605947951, 48.3316605839416], [-4.782156133828992, 48.327939983779395], [-4.767286245353155, 48.327939983779395], [-4.767286245353155, 48.32421938361719], [-4.741263940520441, 48.327939983779395], [-4.741263940520441, 48.3316605839416], [-4.711524163568768, 48.327939983779395], [-4.711524163568768, 48.3316605839416], [-4.70408921933085, 48.3316605839416], [-4.70408921933085, 48.33910178426601], [-4.696654275092932, 48.33910178426601], [-4.700371747211891, 48.34654298459043], [-4.685501858736055, 48.35026358475263], [-4.685501858736055, 48.353984184914836], [-4.644609665427504, 48.34654298459043], [-4.644609665427504, 48.34282238442822], [-4.633457249070627, 48.34282238442822], [-4.633457249070627, 48.33910178426601], [-4.607434944237913, 48.33910178426601], [-4.607434944237913, 48.34282238442822], [-4.585529434250754, 48.34654298459043], [-4.585529434250754, 48.35026358475263], [-4.566913226299683, 48.35026358475263], [-4.5594667431192555, 48.35770478507705], [-4.533404051987756, 48.35770478507705], [-4.533404051987756, 48.36142538523925], [-4.5185110856269, 48.365145985401455], [-4.514787844036686, 48.37630778588807], [-4.5036181192660445, 48.37630778588807], [-4.5036181192660445, 48.38002838605028], [-4.488725152905188, 48.38002838605028], [-4.488725152905188, 48.37258718572587], [-4.451492737003047, 48.38002838605028], [-4.458939220183475, 48.37258718572587], [-4.4552159785932615, 48.3316605839416], [-4.462662461773689, 48.32421938361719], [-4.421706804281334, 48.327939983779395], [-4.421706804281334, 48.32049878345499], [-4.414260321100906, 48.32049878345499], [-4.414260321100906, 48.316778183292776], [-4.384474388379194, 48.316778183292776], [-4.38075114678898, 48.31305758313057], [-4.373304663608552, 48.32049878345499], [-4.377027905198766, 48.30933698296837], [-4.358411697247695, 48.30933698296837], [-4.358411697247695, 48.31305758313057], [-4.324902522935769, 48.31305758313057], [-4.324902522935769, 48.30933698296837], [-4.350965214067267, 48.30561638280616], [-4.350965214067267, 48.29817518248175], [-4.36213493883791, 48.28701338199513], [-4.377027905198766, 48.28701338199513], [-4.377027905198766, 48.290733982157334], [-4.365858180428123, 48.290733982157334], [-4.365858180428123, 48.29817518248175], [-4.395644113149836, 48.29445458231954], [-4.3919208715596225, 48.28701338199513], [-4.414260321100906, 48.290733982157334], [-4.414260321100906, 48.29445458231954], [-4.470108944954117, 48.29445458231954], [-4.470108944954117, 48.290733982157334], [-4.488725152905188, 48.29445458231954], [-4.488725152905188, 48.28701338199513], [-4.496171636085616, 48.28701338199513], [-4.496171636085616, 48.290733982157334], [-4.5110646024464724, 48.29445458231954], [-4.5110646024464724, 48.29817518248175], [-4.496171636085616, 48.29817518248175], [-4.49989487767583, 48.31305758313057], [-4.514787844036686, 48.31305758313057], [-4.514787844036686, 48.30933698296837], [-4.529680810397543, 48.31305758313057], [-4.529680810397543, 48.30933698296837], [-4.537127293577971, 48.30933698296837], [-4.529680810397543, 48.316778183292776], [-4.533404051987756, 48.34654298459043], [-4.548297018348613, 48.34654298459043], [-4.548297018348613, 48.34282238442822], [-4.566913226299683, 48.33910178426601], [-4.566913226299683, 48.3316605839416], [-4.585529434250754, 48.32421938361719], [-4.581806192660539, 48.30933698296837], [-4.574359709480111, 48.30933698296837], [-4.574359709480111, 48.29445458231954], [-4.570636467889897, 48.290733982157334], [-4.581806192660539, 48.28701338199513], [-4.585529434250754, 48.279572181670716], [-4.596699159021396, 48.28329278183293], [-4.60042240061161, 48.290733982157334], [-4.607868883792038, 48.290733982157334], [-4.614869888475832, 48.28329278183293], [-4.633457249070627, 48.28329278183293], [-4.633457249070627, 48.279572181670716], [-4.62230483271375, 48.27585158150851], [-4.629739776951668, 48.25724858069748], [-4.626022304832709, 48.253527980535274], [-4.622761850152894, 48.25724858069748], [-4.604145642201824, 48.25724858069748], [-4.599999999999995, 48.24980738037307], [-4.581806192660539, 48.24980738037307], [-4.581806192660539, 48.253527980535274], [-4.574359709480111, 48.253527980535274], [-4.574359709480111, 48.24980738037307], [-4.566913226299683, 48.253527980535274], [-4.563189984709469, 48.24980738037307], [-4.563189984709469, 48.242366180048656], [-4.574359709480111, 48.242366180048656], [-4.574359709480111, 48.22748377939983], [-4.566913226299683, 48.22748377939983], [-4.563189984709469, 48.19399837793998], [-4.5594667431192555, 48.19399837793998], [-4.5594667431192555, 48.18283657745336], [-4.566913226299683, 48.179115977291154], [-4.563189984709469, 48.167954176804535], [-4.540850535168185, 48.167954176804535], [-4.537127293577971, 48.18283657745336], [-4.525957568807328, 48.18283657745336], [-4.5185110856269, 48.19027777777777], [-4.5185110856269, 48.20143957826439], [-4.5110646024464724, 48.20143957826439], [-4.5110646024464724, 48.21260137875101], [-4.49989487767583, 48.21260137875101], [-4.492448394495402, 48.22004257907542], [-4.488725152905188, 48.23492497972425], [-4.470108944954117, 48.23492497972425], [-4.466385703363904, 48.23864557988645], [-4.466385703363904, 48.23492497972425], [-4.451492737003047, 48.23492497972425], [-4.451492737003047, 48.22748377939983], [-4.444046253822619, 48.22004257907542], [-4.417983562691121, 48.22376317923763], [-4.417983562691121, 48.22004257907542], [-4.384474388379194, 48.216321978913214], [-4.377027905198766, 48.205160178426596], [-4.324902522935769, 48.20143957826439], [-4.324902522935769, 48.19399837793998], [-4.317456039755341, 48.19399837793998], [-4.313732798165127, 48.18283657745336], [-4.306286314984699, 48.179115977291154], [-4.302563073394484, 48.15679237631792], [-4.2951165902140565, 48.15679237631792], [-4.2951165902140565, 48.14935117599351], [-4.291393348623842, 48.14935117599351], [-4.291393348623842, 48.11958637469586], [-4.2951165902140565, 48.11958637469586], [-4.2951165902140565, 48.11214517437145], [-4.302563073394484, 48.11214517437145], [-4.306286314984699, 48.10098337388483], [-4.324902522935769, 48.10098337388483], [-4.324902522935769, 48.104703974047034], [-4.339795489296625, 48.104703974047034], [-4.339795489296625, 48.108424574209245], [-4.350965214067267, 48.104703974047034], [-4.358411697247695, 48.11214517437145], [-4.384474388379194, 48.11214517437145], [-4.384474388379194, 48.108424574209245], [-4.425430045871549, 48.108424574209245], [-4.432876529051977, 48.10098337388483], [-4.48127866972476, 48.10098337388483], [-4.48127866972476, 48.097262773722626], [-4.488725152905188, 48.097262773722626], [-4.488725152905188, 48.08982157339821], [-4.49989487767583, 48.08982157339821], [-4.49989487767583, 48.097262773722626], [-4.5036181192660445, 48.097262773722626], [-4.5036181192660445, 48.08982157339821], [-4.540850535168185, 48.08982157339821], [-4.548297018348613, 48.082380373073796], [-4.555743501529041, 48.082380373073796], [-4.555743501529041, 48.07865977291159], [-4.5594667431192555, 48.082380373073796], [-4.592975917431182, 48.082380373073796], [-4.592975917431182, 48.07865977291159], [-4.633457249070627, 48.07493917274939], [-4.633457249070627, 48.071218572587185], [-4.6631970260223, 48.071218572587185], [-4.6631970260223, 48.07493917274939], [-4.670631970260218, 48.07493917274939], [-4.678066914498136, 48.067497972424974], [-4.722676579925646, 48.067497972424974], [-4.718959107806687, 48.06377737226277], [-4.718959107806687, 48.045174371451736], [-4.737546468401482, 48.045174371451736], [-4.733828996282523, 48.034012570965125], [-4.711524163568768, 48.034012570965125], [-4.70408921933085, 48.02657137064071], [-4.6631970260223, 48.02657137064071], [-4.6631970260223, 48.019130170316295], [-4.607868883792038, 48.01540957015409], [-4.607868883792038, 48.01168896999189], [-4.592975917431182, 48.007968369829676], [-4.592975917431182, 48.00424776966747], [-4.574359709480111, 48.00424776966747], [-4.574359709480111, 48.00052716950527], [-4.555743501529041, 48.00052716950527], [-4.552020259938827, 48.007968369829676], [-4.540850535168185, 48.007968369829676], [-4.540850535168185, 48.00052716950527], [-4.548297018348613, 48.00052716950527], [-4.548297018348613, 47.996806569343065], [-4.5036181192660445, 48.00052716950527], [-4.5036181192660445, 47.996806569343065], [-4.485001911314974, 47.993085969180854], [-4.48127866972476, 47.981924168694235], [-4.466385703363904, 47.981924168694235], [-4.466385703363904, 47.97820356853203], [-4.451492737003047, 47.97448296836983], [-4.444046253822619, 47.96332116788321], [-4.432876529051977, 47.96332116788321], [-4.425430045871549, 47.95587996755879], [-4.421706804281334, 47.93727696674777], [-4.414260321100906, 47.93727696674777], [-4.406813837920478, 47.92611516626115], [-4.395644113149836, 47.922394566098944], [-4.388197629969408, 47.90007096512571], [-4.377027905198766, 47.88890916463909], [-4.373304663608552, 47.870306163828054], [-4.365858180428123, 47.870306163828054], [-4.365858180428123, 47.86286496350365], [-4.36213493883791, 47.86286496350365], [-4.358411697247695, 47.833100162205994], [-4.377027905198766, 47.82937956204379], [-4.377027905198766, 47.82565896188159], [-4.388197629969408, 47.82193836171938], [-4.388197629969408, 47.810776561232764], [-4.3919208715596225, 47.810776561232764], [-4.388197629969408, 47.80333536090835], [-4.395644113149836, 47.795894160583934], [-4.38075114678898, 47.79217356042173], [-4.38075114678898, 47.78845296025953], [-4.358411697247695, 47.78473236009732], [-4.358411697247695, 47.77729115977291], [-4.350965214067267, 47.77729115977291], [-4.350965214067267, 47.773570559610704], [-4.332349006116197, 47.773570559610704], [-4.332349006116197, 47.77729115977291], [-4.339795489296625, 47.77729115977291], [-4.339795489296625, 47.78845296025953], [-4.332349006116197, 47.78845296025953], [-4.332349006116197, 47.78473236009732], [-4.324902522935769, 47.78845296025953], [-4.321179281345555, 47.78473236009732], [-4.321179281345555, 47.79217356042173], [-4.313732798165127, 47.79217356042173], [-4.313732798165127, 47.795894160583934], [-4.291393348623842, 47.79217356042173], [-4.291393348623842, 47.78473236009732], [-4.283946865443414, 47.78473236009732], [-4.283946865443414, 47.77729115977291], [-4.257884174311916, 47.77729115977291], [-4.257884174311916, 47.78845296025953], [-4.246714449541273, 47.78845296025953], [-4.246714449541273, 47.79217356042173], [-4.213205275229347, 47.79217356042173], [-4.213205275229347, 47.795894160583934], [-4.1834193425076345, 47.79217356042173], [-4.1834193425076345, 47.795894160583934], [-4.172249617736992, 47.795894160583934], [-4.172249617736992, 47.80333536090835], [-4.164803134556564, 47.799614760746145], [-4.164803134556564, 47.80333536090835], [-4.149910168195707, 47.80705596107055], [-4.149910168195707, 47.81821776155717], [-4.142463685015279, 47.81821776155717], [-4.149910168195707, 47.82565896188159], [-4.142463685015279, 47.833100162205994], [-4.135017201834851, 47.833100162205994], [-4.135017201834851, 47.836820762368205], [-4.123847477064209, 47.833100162205994], [-4.1201242354739955, 47.836820762368205], [-4.123847477064209, 47.85170316301703], [-4.131293960244637, 47.85170316301703], [-4.131293960244637, 47.85542376317923], [-4.123847477064209, 47.85542376317923], [-4.123847477064209, 47.86286496350365], [-4.108954510703353, 47.86286496350365], [-4.108954510703353, 47.86658556366585], [-4.094061544342496, 47.85170316301703], [-4.082891819571855, 47.85170316301703], [-4.082891819571855, 47.84426196269261], [-4.0717220948012125, 47.84426196269261], [-4.0717220948012125, 47.85170316301703], [-4.0642756116207845, 47.85170316301703], [-4.0642756116207845, 47.84054136253041], [-4.053105886850142, 47.836820762368205], [-4.053105886850142, 47.82937956204379], [-4.045659403669714, 47.82937956204379], [-4.045659403669714, 47.82565896188159], [-4.0419361620795, 47.82937956204379], [-4.027043195718644, 47.82937956204379], [-4.027043195718644, 47.84054136253041], [-3.997257262996931, 47.84426196269261], [-3.997257262996931, 47.85170316301703], [-3.9749178134556464, 47.85170316301703], [-3.9711945718654325, 47.85542376317923], [-3.9749178134556464, 47.86658556366585], [-3.978641055045861, 47.86658556366585], [-3.978641055045861, 47.87774736415247], [-3.945131880733934, 47.88146796431467], [-3.948855122324148, 47.86658556366585], [-3.9376853975535058, 47.86286496350365], [-3.9376853975535058, 47.85914436334144], [-3.930238914373078, 47.86658556366585], [-3.92279243119265, 47.86658556366585], [-3.926515672782864, 47.85542376317923], [-3.9116227064220075, 47.85170316301703], [-3.9078994648317935, 47.833100162205994], [-3.896729740061151, 47.833100162205994], [-3.885560015290509, 47.81821776155717], [-3.878113532110081, 47.81821776155717], [-3.878113532110081, 47.810776561232764], [-3.866943807339439, 47.799614760746145], [-3.8594973241590105, 47.80333536090835], [-3.8594973241590105, 47.79217356042173], [-3.84088111620794, 47.79217356042173], [-3.84088111620794, 47.795894160583934], [-3.825988149847084, 47.79217356042173], [-3.82226490825687, 47.795894160583934], [-3.82226490825687, 47.79217356042173], [-3.811095183486228, 47.79217356042173], [-3.8073719418960135, 47.78473236009732], [-3.7962022171253715, 47.78473236009732], [-3.7962022171253715, 47.78845296025953], [-3.762693042813445, 47.78845296025953], [-3.762693042813445, 47.79217356042173], [-3.7403535932721605, 47.795894160583934], [-3.7403535932721605, 47.799614760746145], [-3.725460626911304, 47.799614760746145], [-3.714290902140662, 47.78845296025953], [-3.6956746941895915, 47.78473236009732], [-3.6956746941895915, 47.77729115977291], [-3.6882282110091635, 47.77729115977291], [-3.6882282110091635, 47.773570559610704], [-3.669612003058093, 47.773570559610704], [-3.669612003058093, 47.77729115977291], [-3.654719036697237, 47.773570559610704], [-3.650995795107023, 47.77729115977291], [-3.650995795107023, 47.773570559610704], [-3.6361028287461665, 47.773570559610704], [-3.6361028287461665, 47.76984995944849], [-3.617486620795096, 47.76984995944849], [-3.617486620795096, 47.76612935928629], [-3.6100401376146682, 47.76984995944849], [-3.6100401376146682, 47.76612935928629], [-3.539298547400601, 47.762408759124085], [-3.539298547400601, 47.758688158961874], [-3.5281288226299585, 47.758688158961874], [-3.5244055810397446, 47.751246958637466], [-3.513235856269102, 47.74752635847526], [-3.513235856269102, 47.736364557988644], [-3.5169590978593166, 47.736364557988644], [-3.513235856269102, 47.725202757502025], [-3.509512614678888, 47.72892335766423], [-3.490896406727818, 47.725202757502025], [-3.490896406727818, 47.71776155717761], [-3.479726681957176, 47.714040957015406], [-3.479726681957176, 47.70287915652879], [-3.457387232415891, 47.699158556366584], [-3.457387232415891, 47.69543795620437], [-3.4462175076452493, 47.69543795620437], [-3.4462175076452493, 47.699158556366584], [-3.423878058103965, 47.699158556366584], [-3.4201548165137505, 47.69171735604217], [-3.4164315749235366, 47.69543795620437], [-3.386645642201824, 47.69543795620437], [-3.386645642201824, 47.699158556366584], [-3.379199159021396, 47.699158556366584], [-3.371752675840968, 47.70659975669099], [-3.371752675840968, 47.71776155717761], [-3.3680294342507535, 47.71776155717761], [-3.371752675840968, 47.725202757502025], [-3.3643061926605395, 47.72892335766423], [-3.3643061926605395, 47.721482157339814], [-3.3568597094801116, 47.721482157339814], [-3.3568597094801116, 47.71776155717761], [-3.3680294342507535, 47.714040957015406], [-3.3680294342507535, 47.69543795620437], [-3.371752675840968, 47.69543795620437], [-3.3680294342507535, 47.684276155717754], [-3.3531364678898976, 47.684276155717754], [-3.3531364678898976, 47.687996755879965], [-3.3047343272171146, 47.687996755879965], [-3.3047343272171146, 47.684276155717754], [-3.2898413608562582, 47.684276155717754], [-3.2898413608562582, 47.68055555555555], [-3.2823948776758303, 47.68055555555555], [-3.2823948776758303, 47.67311435523114], [-3.267501911314974, 47.66939375506893], [-3.267501911314974, 47.66195255474452], [-3.2451624617736896, 47.65823195458231], [-3.2302694954128333, 47.64334955393349], [-3.219099770642191, 47.64334955393349], [-3.219099770642191, 47.63590835360908], [-3.207930045871549, 47.63218775344687], [-3.211653287461763, 47.62102595296025], [-3.2004835626911206, 47.61730535279805], [-3.204206804281335, 47.609864152473634], [-3.1930370795106926, 47.613584752635845], [-3.1930370795106926, 47.609864152473634], [-3.1855905963302646, 47.609864152473634], [-3.1855905963302646, 47.602422952149226], [-3.1818673547400502, 47.602422952149226], [-3.1818673547400502, 47.609864152473634], [-3.1744208715596223, 47.609864152473634], [-3.1669743883791943, 47.59126115166261], [-3.155804663608552, 47.58381995133819], [-3.155804663608552, 47.56893755068937], [-3.148358180428124, 47.56893755068937], [-3.148358180428124, 47.56149635036496], [-3.1744208715596223, 47.56149635036496], [-3.159527905198766, 47.54661394971613], [-3.1669743883791943, 47.5242903487429], [-3.159527905198766, 47.52056974858069], [-3.155804663608552, 47.49452554744525], [-3.1446349388379096, 47.490804947283046], [-3.1446349388379096, 47.48336374695863], [-3.1371884556574816, 47.47592254663422], [-3.1148490061161973, 47.47592254663422], [-3.1111257645259833, 47.464760746147604], [-3.0664468654434143, 47.4610401459854], [-3.0627236238532003, 47.45731954582319], [-3.0627236238532003, 47.464760746147604], [-3.0701701070336282, 47.464760746147604], [-3.0701701070336282, 47.47220194647201], [-3.0776165902140566, 47.47220194647201], [-3.0813398318042706, 47.47964314679643], [-3.0887863149846986, 47.47964314679643], [-3.103679281345555, 47.49452554744525], [-3.103679281345555, 47.50568734793187], [-3.1111257645259833, 47.50940794809407], [-3.107402522935769, 47.54661394971613], [-3.0701701070336282, 47.54661394971613], [-3.0701701070336282, 47.55405515004055], [-3.0590003822629863, 47.55405515004055], [-3.055277140672772, 47.56149635036496], [-3.0292144495412736, 47.565216950527166], [-3.0217679663608457, 47.55777575020275], [-3.0031517584097753, 47.56149635036496], [-3.0031517584097753, 47.55777575020275], [-2.988258792048919, 47.55405515004055], [-2.988258792048919, 47.54661394971613], [-2.9733658256880626, 47.54661394971613], [-2.9770890672782766, 47.54289334955393], [-2.9733658256880626, 47.53173154906731], [-2.9621961009174202, 47.53173154906731], [-2.9584728593272063, 47.5242903487429], [-2.939856651376136, 47.5242903487429], [-2.939856651376136, 47.528010948905106], [-2.9249636850152796, 47.53173154906731], [-2.9249636850152796, 47.539172749391724], [-2.932410168195708, 47.54289334955393], [-2.932410168195708, 47.55033454987834], [-2.9249636850152796, 47.55405515004055], [-2.9249636850152796, 47.565216950527166], [-2.932410168195708, 47.56893755068937], [-2.936133409785922, 47.58381995133819], [-2.9249636850152796, 47.576378751013785], [-2.9249636850152796, 47.56893755068937], [-2.9175172018348516, 47.56893755068937], [-2.9175172018348516, 47.576378751013785], [-2.9137939602446377, 47.576378751013785], [-2.9137939602446377, 47.565216950527166], [-2.9063474770642093, 47.565216950527166], [-2.9063474770642093, 47.56149635036496], [-2.9175172018348516, 47.56149635036496], [-2.9212404434250656, 47.54661394971613], [-2.9137939602446377, 47.539172749391724], [-2.9063474770642093, 47.539172749391724], [-2.9063474770642093, 47.53173154906731], [-2.887731269113139, 47.528010948905106], [-2.887731269113139, 47.52056974858069], [-2.8691150611620686, 47.51684914841849], [-2.8691150611620686, 47.50568734793187], [-2.880284785932711, 47.50568734793187], [-2.880284785932711, 47.49824614760746], [-2.8542220948012127, 47.49452554744525], [-2.8542220948012127, 47.48708434712084], [-2.8430523700305703, 47.48708434712084], [-2.8430523700305703, 47.48336374695863], [-2.828159403669714, 47.48336374695863], [-2.828159403669714, 47.47964314679643], [-2.761141055045861, 47.47964314679643], [-2.7536945718654326, 47.48708434712084], [-2.7313551223241483, 47.490804947283046], [-2.7313551223241483, 47.49452554744525], [-2.72390863914372, 47.49452554744525], [-2.72390863914372, 47.490804947283046], [-2.6978459480122217, 47.490804947283046], [-2.6978459480122217, 47.48708434712084], [-2.660613532110081, 47.48708434712084], [-2.660613532110081, 47.490804947283046], [-2.6494438073394386, 47.490804947283046], [-2.6494438073394386, 47.49452554744525], [-2.6419973241590107, 47.49452554744525], [-2.6419973241590107, 47.48708434712084], [-2.6227741650610032, 47.48708434712084], [-2.6227741650610032, 47.490804947283046], [-2.6159346330275124, 47.490804947283046], [-2.6159346330275124, 47.48708434712084], [-2.5967545761078883, 47.48708434712084], [-2.5967545761078883, 47.490804947283046], [-2.5856033236994107, 47.48708434712084], [-2.5856033236994107, 47.490804947283046], [-2.5744520712909327, 47.490804947283046], [-2.567017903018614, 47.48336374695863], [-2.567017903018614, 47.47220194647201], [-2.5595837347462957, 47.47220194647201], [-2.5595837347462957, 47.464760746147604], [-2.552149566473977, 47.464760746147604], [-2.552149566473977, 47.47220194647201], [-2.5484324823378177, 47.47220194647201], [-2.5484324823378177, 47.464760746147604], [-2.533564145793181, 47.4610401459854], [-2.526129977520862, 47.453598945660985], [-2.526129977520862, 47.44243714517437], [-2.5186958092485434, 47.44243714517437], [-2.511261640976225, 47.43499594484995], [-2.511261640976225, 47.42011354420113], [-2.526129977520862, 47.40523114355231], [-2.540998314065499, 47.4015105433901], [-2.540998314065499, 47.39406934306569], [-2.5558666506101364, 47.39406934306569], [-2.5558666506101364, 47.4015105433901], [-2.5595837347462957, 47.4015105433901], [-2.5595837347462957, 47.390348742903484], [-2.5744520712909327, 47.379186942416865], [-2.567017903018614, 47.37174574209245], [-2.552149566473977, 47.36802514193025], [-2.552149566473977, 47.36058394160583], [-2.533564145793181, 47.36058394160583], [-2.533564145793181, 47.353142741281424], [-2.5186958092485434, 47.341980940794805], [-2.5186958092485434, 47.32337793998378], [-2.5298470616570214, 47.31221613949716], [-2.5484324823378177, 47.31221613949716], [-2.5558666506101364, 47.304774939172745], [-2.5558666506101364, 47.28989253852392], [-2.5224128933847028, 47.28617193836172], [-2.514978725112384, 47.278730738037304], [-2.4852420520231098, 47.2750101378751], [-2.4852420520231098, 47.27128953771289], [-2.4666566313423135, 47.27128953771289], [-2.459222463069995, 47.26384833738848], [-2.4480712106615172, 47.26384833738848], [-2.4480712106615172, 47.256407137064066], [-2.418334537572243, 47.256407137064066], [-2.418334537572243, 47.25268653690186], [-2.3960320327552873, 47.256407137064066], [-2.3997491168914467, 47.24524533657745], [-2.392314948619128, 47.24524533657745], [-2.392314948619128, 47.24152473641524], [-2.38116369621065, 47.24152473641524], [-2.38116369621065, 47.24896593673966], [-2.377446612074491, 47.24524533657745], [-2.3625782755298537, 47.24524533657745], [-2.3625782755298537, 47.24152473641524], [-2.3737295279383317, 47.24152473641524], [-2.3737295279383317, 47.23408353609083], [-2.355144107257535, 47.23408353609083], [-2.355144107257535, 47.230362935928625], [-2.325407434168261, 47.23408353609083], [-2.325407434168261, 47.22664233576642], [-2.3179732658959424, 47.22664233576642], [-2.3179732658959424, 47.219201135442006], [-2.3105390976236237, 47.219201135442006], [-2.3105390976236237, 47.2117599351176], [-2.2733682562620308, 47.2117599351176], [-2.269651172125872, 47.20059813463098], [-2.262217003853553, 47.20059813463098], [-2.262217003853553, 47.19627675840978], [-2.2733682562620308, 47.192553516819565], [-2.2733682562620308, 47.17455393349554], [-2.269651172125872, 47.17455393349554], [-2.269651172125872, 47.17021406727828], [-2.2808024245343494, 47.17021406727828], [-2.2808024245343494, 47.16276758409786], [-2.2733682562620308, 47.155321100917426], [-2.2547828355812345, 47.15159785932721], [-2.2547828355812345, 47.13670489296636], [-2.258499919717394, 47.13670489296636], [-2.2547828355812345, 47.129258409785926], [-2.2287632466281195, 47.129258409785926], [-2.221329078355801, 47.1218119266055], [-2.1878753211303676, 47.1218119266055], [-2.1878753211303676, 47.11808868501529], [-2.180441152858049, 47.11808868501529], [-2.180441152858049, 47.11064220183486], [-2.154421563904934, 47.11064220183486], [-2.154421563904934, 47.10691896024464], [-2.143270311496456, 47.10319571865443], [-2.1469873956326153, 47.09202599388379], [-2.1246848908156597, 47.08830275229357], [-2.1246848908156597, 47.08457951070336], [-2.1098165542710228, 47.08085626911315], [-2.1098165542710228, 47.07340978593272], [-2.102382385998704, 47.06596330275229], [-2.087514049454067, 47.06596330275229], [-2.087514049454067, 47.058516819571864], [-2.0800798811817485, 47.05479357798165], [-2.076362797045589, 47.032454128440364], [-2.083796965317908, 47.032454128440364], [-2.083796965317908, 47.02873088685015], [-2.076362797045589, 47.02873088685015], [-2.076362797045589, 47.006391437308864], [-2.0800798811817485, 47.006391437308864], [-2.083796965317908, 46.995221712538225], [-2.0949482177263854, 46.995221712538225], [-2.0949482177263854, 46.99149847094801], [-2.0986653018625447, 46.99149847094801], [-2.0986653018625447, 46.99894495412843], [-2.0949482177263854, 46.99894495412843], [-2.0986653018625447, 47.013837920489294], [-2.1098165542710228, 47.013837920489294], [-2.117250722543341, 47.02128440366972], [-2.1358361432241377, 47.02128440366972], [-2.1358361432241377, 47.02500764525993], [-2.1507044797687747, 47.02128440366972], [-2.1507044797687747, 47.02500764525993], [-2.1581386480410933, 47.02500764525993], [-2.1581386480410933, 47.02873088685015], [-2.1767240687218896, 47.03617737003058], [-2.1730069845857303, 47.02128440366972], [-2.180441152858049, 47.02128440366972], [-2.1878753211303676, 47.02873088685015], [-2.1990265735388452, 47.02873088685015], [-2.191592405266527, 47.02128440366972], [-2.206460741811164, 47.01756116207951], [-2.206460741811164, 47.02128440366972], [-2.217611994219642, 47.02128440366972], [-2.22504616249196, 47.02873088685015], [-2.221329078355801, 47.03617737003058], [-2.2287632466281195, 47.03617737003058], [-2.2287632466281195, 47.039900611620794], [-2.2399144990365976, 47.03617737003058], [-2.247348667308916, 47.05107033639143], [-2.258499919717394, 47.05107033639143], [-2.258499919717394, 47.05479357798165], [-2.269651172125872, 47.05479357798165], [-2.269651172125872, 47.04734709480122], [-2.288236592806668, 47.04734709480122], [-2.288236592806668, 47.039900611620794], [-2.3105390976236237, 47.039900611620794], [-2.3105390976236237, 47.04734709480122], [-2.314256181759783, 47.04734709480122], [-2.314256181759783, 47.05107033639143], [-2.295670761078987, 47.05479357798165], [-2.295670761078987, 47.058516819571864], [-2.314256181759783, 47.058516819571864], [-2.3179732658959424, 47.05479357798165], [-2.3179732658959424, 47.058516819571864], [-2.340275770712898, 47.06224006116207], [-2.340275770712898, 47.058516819571864], [-2.3477099389852167, 47.058516819571864], [-2.3477099389852167, 47.05107033639143], [-2.355144107257535, 47.05107033639143], [-2.355144107257535, 47.05479357798165], [-2.377446612074491, 47.05107033639143], [-2.3737295279383317, 47.039900611620794], [-2.3625782755298537, 47.039900611620794], [-2.3625782755298537, 47.03617737003058], [-2.351427023121376, 47.032454128440364], [-2.351427023121376, 47.02500764525993], [-2.3588611913936943, 47.02500764525993], [-2.3588611913936943, 47.01756116207951], [-2.351427023121376, 47.01756116207951], [-2.351427023121376, 47.013837920489294], [-2.355144107257535, 47.013837920489294], [-2.355144107257535, 47.006391437308864], [-2.366295359666013, 47.006391437308864], [-2.366295359666013, 46.99894495412843], [-2.3737295279383317, 46.99894495412843], [-2.3737295279383317, 46.99149847094801], [-2.3848807803468093, 46.995221712538225], [-2.3848807803468093, 46.97660550458715], [-2.3960320327552873, 46.98032874617736], [-2.3960320327552873, 46.98405198776758], [-2.4109003692999242, 46.98405198776758], [-2.4146174534360836, 46.98032874617736], [-2.4146174534360836, 46.96543577981651], [-2.392314948619128, 46.969159021406725], [-2.3885978644829686, 46.96543577981651], [-2.392314948619128, 46.95426605504587], [-2.3848807803468093, 46.94681957186544], [-2.38116369621065, 46.950542813455655], [-2.3477099389852167, 46.950542813455655], [-2.3477099389852167, 46.95426605504587], [-2.3328416024405794, 46.950542813455655], [-2.3328416024405794, 46.95426605504587], [-2.325407434168261, 46.95426605504587], [-2.325407434168261, 46.950542813455655], [-2.314256181759783, 46.950542813455655], [-2.314256181759783, 46.931926605504586], [-2.3068220134874644, 46.931926605504586], [-2.303104929351305, 46.924480122324155], [-2.288236592806668, 46.924480122324155], [-2.284519508670509, 46.917033639143725], [-2.262217003853553, 46.917033639143725], [-2.262217003853553, 46.9095871559633], [-2.2547828355812345, 46.91331039755351], [-2.2547828355812345, 46.898417431192655], [-2.251065751445075, 46.898417431192655], [-2.2547828355812345, 46.8835244648318], [-2.251065751445075, 46.879801223241586], [-2.258499919717394, 46.872354740061155], [-2.247348667308916, 46.87607798165137], [-2.243631583172757, 46.86490825688073], [-2.2287632466281195, 46.86490825688073], [-2.2287632466281195, 46.8574617737003], [-2.22504616249196, 46.8574617737003], [-2.2287632466281195, 46.853738532110086], [-2.2287632466281195, 46.8313990825688], [-2.2399144990365976, 46.827675840978586], [-2.2399144990365976, 46.82022935779816], [-2.236197414900438, 46.82022935779816], [-2.2399144990365976, 46.809059633027516], [-2.2287632466281195, 46.80533639143731], [-2.221329078355801, 46.78672018348623], [-2.236197414900438, 46.78672018348623], [-2.236197414900438, 46.77927370030581], [-2.2287632466281195, 46.77927370030581], [-2.2287632466281195, 46.77555045871559], [-2.191592405266527, 46.77555045871559], [-2.191592405266527, 46.77927370030581], [-2.1767240687218896, 46.78299694189602], [-2.1730069845857303, 46.77182721712538], [-2.1209678066795004, 46.77555045871559], [-2.1209678066795004, 46.77182721712538], [-2.1060994701348634, 46.77182721712538], [-2.1060994701348634, 46.76810397553516], [-2.0800798811817485, 46.76810397553516], [-2.0800798811817485, 46.76065749235474], [-2.0689286287732704, 46.76065749235474], [-2.061494460500952, 46.75321100917431], [-2.0540602922286335, 46.75321100917431], [-2.050343208092474, 46.74576452599388], [-2.0354748715478372, 46.74204128440367], [-2.039191955683996, 46.72714831804281], [-2.005738198458563, 46.719701834862384], [-2.0020211143224036, 46.712255351681954], [-1.983435693641607, 46.70480886850152], [-1.9722844412331293, 46.686192660550454], [-1.9611331888246515, 46.686192660550454], [-1.9574161046884921, 46.67874617737002], [-1.9499819364161735, 46.67874617737002], [-1.9388306840076956, 46.667576452599384], [-1.9313965157353772, 46.667576452599384], [-1.9239623474630585, 46.648960244648315], [-1.91652817919074, 46.648960244648315], [-1.9016598426461029, 46.63406727828746], [-1.890508590237625, 46.615451070336384], [-1.8793573378291473, 46.615451070336384], [-1.8682060854206695, 46.604281345565745], [-1.8682060854206695, 46.58194189602446], [-1.8570548330121914, 46.57077217125382], [-1.8533377488760323, 46.552155963302745], [-1.8459035806037136, 46.552155963302745], [-1.8384694123313952, 46.54470948012232], [-1.8347523281952358, 46.52609327217125], [-1.8310352440590765, 46.52609327217125], [-1.8310352440590765, 46.50747706422018], [-1.8273181599229174, 46.50375382262997], [-1.8347523281952358, 46.50003058103975], [-1.8347523281952358, 46.49258409785932], [-1.8198839916505987, 46.49258409785932], [-1.8198839916505987, 46.4851376146789], [-1.7938644026974837, 46.4851376146789], [-1.7938644026974837, 46.49258409785932], [-1.7864302344251652, 46.49258409785932], [-1.7864302344251652, 46.4851376146789], [-1.7752789820166874, 46.4851376146789], [-1.7641277296082096, 46.47024464831804], [-1.7529764771997316, 46.47024464831804], [-1.7529764771997316, 46.46652140672782], [-1.7418252247912538, 46.46652140672782], [-1.7381081406550947, 46.4590749235474], [-1.7195227199742982, 46.45535168195718], [-1.7195227199742982, 46.44790519877675], [-1.7083714675658204, 46.44790519877675], [-1.7009372992935017, 46.43673547400611], [-1.6860689627488645, 46.43673547400611], [-1.678634794476546, 46.42928899082568], [-1.6674835420680683, 46.42928899082568], [-1.6488981213872718, 46.41067278287461], [-1.6005760276172012, 46.4069495412844], [-1.6005760276172012, 46.40322629969418], [-1.585707691072564, 46.399503058103974], [-1.585707691072564, 46.39577981651376], [-1.544819765574812, 46.399503058103974], [-1.544819765574812, 46.39577981651376], [-1.5262343448940157, 46.39577981651376], [-1.5225172607578563, 46.38833333333333], [-1.518800176621697, 46.38833333333333], [-1.518800176621697, 46.39577981651376], [-1.5113660083493785, 46.39577981651376], [-1.5076489242132192, 46.38833333333333], [-1.5002147559409007, 46.38833333333333], [-1.5002147559409007, 46.37716360856269], [-1.4853464193962636, 46.36227064220183], [-1.4816293352601042, 46.34365443425076], [-1.4890635035324227, 46.336207951070335], [-1.4816293352601042, 46.336207951070335], [-1.4816293352601042, 46.33248470948012], [-1.4221559890815556, 46.328761467889905], [-1.4221559890815556, 46.321314984709474], [-1.4110047366730778, 46.31759174311926], [-1.4147218208092371, 46.30642201834862], [-1.3701168111753257, 46.310145259938835], [-1.3663997270391666, 46.302698776758405], [-1.3589655587668479, 46.302698776758405], [-1.3589655587668479, 46.291529051987766], [-1.3515313904945294, 46.291529051987766], [-1.3440972222222107, 46.284082568807335], [-1.3403801380860516, 46.272912844036696], [-1.3180776332690958, 46.26918960244648], [-1.3180776332690958, 46.265466360856266], [-1.3032092967244586, 46.265466360856266], [-1.3032092967244586, 46.26174311926605], [-1.2846238760436623, 46.26174311926605], [-1.2846238760436623, 46.258019877675835], [-1.2734726236351845, 46.26174311926605], [-1.2697555394990252, 46.258019877675835], [-1.2697555394990252, 46.25429663608562], [-1.280906791907503, 46.25057339449541], [-1.2846238760436623, 46.22451070336391], [-1.3217947174052551, 46.22451070336391], [-1.3255118015414145, 46.21706422018348], [-1.34781430635837, 46.21706422018348], [-1.3589655587668479, 46.22823394495413], [-1.3701168111753257, 46.22823394495413], [-1.3701168111753257, 46.231957186544335], [-1.3552484746306885, 46.231957186544335], [-1.3552484746306885, 46.239403669724766], [-1.3701168111753257, 46.239403669724766], [-1.3701168111753257, 46.23568042813455], [-1.4295901573538743, 46.23568042813455], [-1.4295901573538743, 46.239403669724766], [-1.4444584938985114, 46.239403669724766], [-1.4444584938985114, 46.246850152905196], [-1.4741951669877855, 46.25429663608562], [-1.4779122511239449, 46.265466360856266], [-1.4816293352601042, 46.26174311926605], [-1.4890635035324227, 46.26174311926605], [-1.4890635035324227, 46.265466360856266], [-1.5411026814386526, 46.265466360856266], [-1.5411026814386526, 46.258019877675835], [-1.5634051862556084, 46.258019877675835], [-1.5671222703917675, 46.265466360856266], [-1.5782735228002456, 46.265466360856266], [-1.5819906069364047, 46.276636085626905], [-1.5931418593448825, 46.276636085626905], [-1.5931418593448825, 46.284082568807335], [-1.611727280025679, 46.28780581039755], [-1.611727280025679, 46.272912844036696], [-1.6042931117533605, 46.272912844036696], [-1.6042931117533605, 46.26918960244648], [-1.611727280025679, 46.26918960244648], [-1.611727280025679, 46.258019877675835], [-1.6042931117533605, 46.258019877675835], [-1.5968589434810418, 46.239403669724766], [-1.5894247752087234, 46.23568042813455], [-1.5894247752087234, 46.22823394495413], [-1.5819906069364047, 46.22823394495413], [-1.5745564386640862, 46.21706422018348], [-1.5634051862556084, 46.21706422018348], [-1.5634051862556084, 46.20589449541284], [-1.5522539338471306, 46.194724770642196], [-1.544819765574812, 46.194724770642196], [-1.5411026814386526, 46.18727828746177], [-1.5225172607578563, 46.18355504587156], [-1.5225172607578563, 46.17983180428134], [-1.5150830924855376, 46.17983180428134], [-1.5150830924855376, 46.17238532110091], [-1.492780587668582, 46.168662079510696], [-1.4853464193962636, 46.16121559633027], [-1.3887022318561222, 46.16493883792049], [-1.3887022318561222, 46.16121559633027], [-1.3775509794476444, 46.16121559633027], [-1.373833895311485, 46.15376911314984], [-1.3663997270391666, 46.15376911314984], [-1.3663997270391666, 46.15004587155963], [-1.3589655587668479, 46.15004587155963], [-1.3515313904945294, 46.1425993883792], [-1.3403801380860516, 46.1425993883792], [-1.3403801380860516, 46.13515290519877], [-1.3143605491329367, 46.13515290519877], [-1.3143605491329367, 46.13142966360856], [-1.2994922125882995, 46.13142966360856], [-1.2994922125882995, 46.12770642201834], [-1.2697555394990252, 46.12770642201834], [-1.2623213712267067, 46.15376911314984], [-1.254887202954388, 46.15376911314984], [-1.254887202954388, 46.16493883792049], [-1.2623213712267067, 46.16493883792049], [-1.2623213712267067, 46.17983180428134], [-1.2474530346820696, 46.17983180428134], [-1.2437359505459102, 46.18355504587156], [-1.2437359505459102, 46.168662079510696], [-1.2363017822735916, 46.168662079510696], [-1.2363017822735916, 46.15376911314984], [-1.240018866409751, 46.15376911314984], [-1.2363017822735916, 46.13515290519877], [-1.2065651091843175, 46.123983180428134], [-1.2065651091843175, 46.12025993883792], [-1.187979688503521, 46.1165366972477], [-1.1842626043673616, 46.10164373088685], [-1.1656771836865654, 46.09419724770642], [-1.1582430154142467, 46.079304281345564], [-1.1508088471419282, 46.079304281345564], [-1.1508088471419282, 46.05696483180428], [-1.1582430154142467, 46.05696483180428], [-1.1582430154142467, 46.053241590214064], [-1.1470917630057689, 46.04951834862385], [-1.1470917630057689, 46.04207186544342], [-1.1508088471419282, 46.04207186544342], [-1.1470917630057689, 46.01973241590213], [-1.1582430154142467, 46.02345565749235], [-1.1693942678227247, 46.04207186544342], [-1.1954138567758397, 46.04207186544342], [-1.1954138567758397, 46.016009174311925], [-1.1768284360950432, 46.008562691131495], [-1.1768284360950432, 45.99739296636085], [-1.1731113519588838, 45.99739296636085], [-1.1768284360950432, 45.971330275229356], [-1.1693942678227247, 45.971330275229356], [-1.1693942678227247, 45.963883792048925], [-1.1656771836865654, 45.963883792048925], [-1.1656771836865654, 45.952714067278286], [-1.1693942678227247, 45.952714067278286], [-1.1656771836865654, 45.93409785932721], [-1.1731113519588838, 45.93409785932721], [-1.1731113519588838, 45.926651376146786], [-1.1805455202312025, 45.926651376146786], [-1.1805455202312025, 45.93409785932721], [-1.1842626043673616, 45.93409785932721], [-1.1842626043673616, 45.94154434250764], [-1.1805455202312025, 45.94154434250764], [-1.1842626043673616, 45.952714067278286], [-1.187979688503521, 45.94899082568807], [-1.2065651091843175, 45.94899082568807], [-1.2214334457289546, 45.963883792048925], [-1.228867614001273, 45.963883792048925], [-1.228867614001273, 45.97505351681957], [-1.2363017822735916, 45.97877675840978], [-1.2363017822735916, 45.98622324159021], [-1.2437359505459102, 45.98622324159021], [-1.2511701188182287, 45.99366972477064], [-1.2697555394990252, 45.99366972477064], [-1.2734726236351845, 46.00483944954128], [-1.2994922125882995, 46.00483944954128], [-1.3180776332690958, 46.02345565749235], [-1.3217947174052551, 46.03834862385321], [-1.332945969813733, 46.03834862385321], [-1.3515313904945294, 46.05696483180428], [-1.3775509794476444, 46.05696483180428], [-1.3849851477199628, 46.06813455657492], [-1.3961364001284406, 46.06813455657492], [-1.3961364001284406, 46.07558103975535], [-1.4035705684007593, 46.07558103975535], [-1.4035705684007593, 46.06813455657492], [-1.4110047366730778, 46.0644113149847], [-1.4072876525369187, 46.05696483180428], [-1.4221559890815556, 46.05696483180428], [-1.425873073217715, 46.053241590214064], [-1.425873073217715, 46.02345565749235], [-1.4221559890815556, 46.02345565749235], [-1.4221559890815556, 46.01228593272171], [-1.4072876525369187, 45.99739296636085], [-1.4072876525369187, 45.989946483180425], [-1.4147218208092371, 45.989946483180425], [-1.4221559890815556, 45.982499999999995], [-1.4147218208092371, 45.97505351681957], [-1.4147218208092371, 45.963883792048925], [-1.4072876525369187, 45.963883792048925], [-1.4072876525369187, 45.937821100917425], [-1.3961364001284406, 45.93409785932721], [-1.3961364001284406, 45.926651376146786], [-1.3812680635838035, 45.92292813455657], [-1.3775509794476444, 45.91548165137614], [-1.3589655587668479, 45.91175840978593], [-1.34781430635837, 45.900588685015286], [-1.3366630539498923, 45.900588685015286], [-1.3366630539498923, 45.893142201834856], [-1.3255118015414145, 45.893142201834856], [-1.3217947174052551, 45.88569571865443], [-1.3106434649967773, 45.88941896024465], [-1.3106434649967773, 45.88197247706422], [-1.3032092967244586, 45.88197247706422], [-1.2994922125882995, 45.87080275229357], [-1.2846238760436623, 45.86707951070336], [-1.2846238760436623, 45.85963302752293], [-1.2771897077713437, 45.85590978593272], [-1.2734726236351845, 45.83357033639143], [-1.2660384553628659, 45.82984709480122], [-1.2660384553628659, 45.81867737003058], [-1.2734726236351845, 45.81867737003058], [-1.280906791907503, 45.81123088685015], [-1.280906791907503, 45.80006116207951], [-1.2697555394990252, 45.78889143730886], [-1.2697555394990252, 45.78144495412844], [-1.2771897077713437, 45.77399847094801], [-1.2660384553628659, 45.77027522935779], [-1.2660384553628659, 45.76655198776758], [-1.254887202954388, 45.76655198776758], [-1.254887202954388, 45.751659021406724], [-1.2623213712267067, 45.751659021406724], [-1.2660384553628659, 45.7181498470948], [-1.2623213712267067, 45.7181498470948], [-1.2623213712267067, 45.72559633027522], [-1.2511701188182287, 45.72559633027522], [-1.254887202954388, 45.714426605504585], [-1.2623213712267067, 45.714426605504585], [-1.2660384553628659, 45.6920871559633], [-1.2437359505459102, 45.6920871559633], [-1.2437359505459102, 45.68464067278287], [-1.228867614001273, 45.669747706422015], [-1.2102821933204766, 45.669747706422015], [-1.2102821933204766, 45.67347094801223], [-1.1731113519588838, 45.669747706422015], [-1.1731113519588838, 45.6660244648318], [-1.1396575947334504, 45.65857798165137], [-1.1396575947334504, 45.651131498470946], [-1.1322234264611317, 45.651131498470946], [-1.1322234264611317, 45.64740825688073], [-1.0913355009633796, 45.6399617737003], [-1.0913355009633796, 45.636238532110085], [-1.0801842485549018, 45.636238532110085], [-1.0727500802825833, 45.62879204892966], [-1.0653159120102647, 45.62879204892966], [-1.0653159120102647, 45.625068807339446], [-1.0578817437379462, 45.625068807339446], [-1.0578817437379462, 45.62134556574923], [-1.0467304913294684, 45.62134556574923], [-1.0467304913294684, 45.6138990825688], [-1.0244279865125128, 45.61017584097859], [-1.0207109023763534, 45.599006116207946], [-1.002125481695557, 45.59155963302752], [-0.9946913134232385, 45.56922018348624], [-0.9872571451509199, 45.56922018348624], [-0.9872571451509199, 45.56549694189602], [-0.9649546403339642, 45.55805045871559], [-0.9649546403339642, 45.554327217125376], [-0.9389350513808492, 45.554327217125376], [-0.9389350513808492, 45.54688073394495], [-0.924066714836212, 45.54315749235474], [-0.9203496307000528, 45.53571100917431], [-0.9091983782915749, 45.53571100917431], [-0.9054812941554157, 45.52826452599388], [-0.8757446210661415, 45.52081804281345], [-0.8757446210661415, 45.51709480122324], [-0.8683104527938229, 45.51709480122324], [-0.8683104527938229, 45.50964831804281], [-0.857159200385345, 45.50964831804281], [-0.8534421162491858, 45.50220183486238], [-0.8385737797045486, 45.49847859327217], [-0.8348566955683894, 45.49103211009174], [-0.8460079479768672, 45.49103211009174], [-0.8534421162491858, 45.49847859327217], [-0.8608762845215043, 45.49847859327217], [-0.8608762845215043, 45.49475535168195], [-0.8497250321130264, 45.483585626911314], [-0.8385737797045486, 45.483585626911314], [-0.8348566955683894, 45.46496941896024], [-0.8274225272960708, 45.46496941896024], [-0.8274225272960708, 45.457522935779814], [-0.8348566955683894, 45.45007645259938], [-0.8199883590237522, 45.45007645259938], [-0.8199883590237522, 45.431460244648314], [-0.8162712748875929, 45.431460244648314], [-0.8199883590237522, 45.42401376146788], [-0.8385737797045486, 45.4277370030581], [-0.8348566955683894, 45.44262996941896], [-0.8497250321130264, 45.438906727828744], [-0.857159200385345, 45.4537996941896], [-0.8683104527938229, 45.457522935779814], [-0.8683104527938229, 45.46496941896024], [-0.8868958734746193, 45.46869266055045], [-0.8943300417469379, 45.47613914373088], [-0.8943300417469379, 45.483585626911314], [-0.9091983782915749, 45.49475535168195], [-0.9091983782915749, 45.5059250764526], [-0.9166325465638935, 45.5059250764526], [-0.9166325465638935, 45.50964831804281], [-0.9277837989723714, 45.5059250764526], [-0.9426521355170084, 45.52081804281345], [-0.9538033879254864, 45.52081804281345], [-0.9612375561978049, 45.52826452599388], [-0.976105892742442, 45.53198776758409], [-0.976105892742442, 45.53571100917431], [-0.9946913134232385, 45.53943425076452], [-0.9909742292870791, 45.53198776758409], [-0.9798229768786013, 45.53198776758409], [-0.9686717244701234, 45.52081804281345], [-0.9612375561978049, 45.52081804281345], [-0.9575204720616456, 45.50964831804281], [-0.9426521355170084, 45.5059250764526], [-0.9277837989723714, 45.49103211009174], [-0.9315008831085306, 45.48730886850152], [-0.9277837989723714, 45.47613914373088], [-0.9166325465638935, 45.46496941896024], [-0.8980471258830971, 45.46124617737003], [-0.8980471258830971, 45.4537996941896], [-0.8906129576107785, 45.45007645259938], [-0.8906129576107785, 45.44262996941896], [-0.88317878933846, 45.43518348623853], [-0.8683104527938229, 45.431460244648314], [-0.8534421162491858, 45.41656727828746], [-0.8460079479768672, 45.41656727828746], [-0.8460079479768672, 45.40539755351681], [-0.8274225272960708, 45.4016743119266], [-0.8199883590237522, 45.386781345565744], [-0.8014029383429558, 45.38305810397553], [-0.7976858542067965, 45.37188837920489], [-0.7828175176621595, 45.360718654434244], [-0.7828175176621595, 45.35327217125382], [-0.8014029383429558, 45.34582568807339], [-0.8051200224791151, 45.356995412844036], [-0.8162712748875929, 45.360718654434244], [-0.8199883590237522, 45.37188837920489], [-0.8274225272960708, 45.37188837920489], [-0.8274225272960708, 45.37933486238532], [-0.8348566955683894, 45.386781345565744], [-0.8497250321130264, 45.386781345565744], [-0.8534421162491858, 45.394227828746175], [-0.8720275369299821, 45.4016743119266], [-0.8757446210661415, 45.412844036697244], [-0.8868958734746193, 45.412844036697244], [-0.8980471258830971, 45.4277370030581], [-0.9054812941554157, 45.4277370030581], [-0.9091983782915749, 45.43518348623853], [-0.924066714836212, 45.438906727828744], [-0.9277837989723714, 45.4537996941896], [-0.9352179672446899, 45.457522935779814], [-0.9352179672446899, 45.46496941896024], [-0.9426521355170084, 45.47241590214067], [-0.950086303789327, 45.47241590214067], [-0.9612375561978049, 45.49103211009174], [-0.9686717244701234, 45.49103211009174], [-0.9798229768786013, 45.50220183486238], [-0.9984083975593977, 45.5059250764526], [-1.002125481695557, 45.51709480122324], [-1.0132767341040347, 45.52826452599388], [-1.0207109023763534, 45.52826452599388], [-1.0244279865125128, 45.53571100917431], [-1.0281450706486719, 45.53571100917431], [-1.0281450706486719, 45.52826452599388], [-1.0355792389209906, 45.52826452599388], [-1.0467304913294684, 45.54688073394495], [-1.0541646596017868, 45.54688073394495], [-1.0578817437379462, 45.56549694189602], [-1.0653159120102647, 45.56549694189602], [-1.0653159120102647, 45.572943425076446], [-1.0727500802825833, 45.572943425076446], [-1.0727500802825833, 45.57666666666666], [-1.0839013326910611, 45.572943425076446], [-1.0839013326910611, 45.56922018348624], [-1.1062038375080168, 45.56549694189602], [-1.109920921644176, 45.53943425076452], [-1.1173550899164946, 45.53198776758409], [-1.1285063423249726, 45.53198776758409], [-1.1285063423249726, 45.52454128440367], [-1.1582430154142467, 45.52081804281345], [-1.1582430154142467, 45.51709480122324], [-1.187979688503521, 45.51709480122324], [-1.1842626043673616, 45.49847859327217], [-1.1991309409119988, 45.49475535168195], [-1.1954138567758397, 45.47613914373088], [-1.187979688503521, 45.47613914373088], [-1.187979688503521, 45.46496941896024], [-1.1656771836865654, 45.46124617737003], [-1.1656771836865654, 45.43518348623853], [-1.1731113519588838, 45.43518348623853], [-1.1805455202312025, 45.4277370030581], [-1.1805455202312025, 45.412844036697244], [-1.1842626043673616, 45.412844036697244], [-1.1842626043673616, 45.40539755351681], [-1.1768284360950432, 45.40539755351681], [-1.1768284360950432, 45.37188837920489], [-1.1731113519588838, 45.37188837920489], [-1.1731113519588838, 45.356995412844036], [-1.1693942678227247, 45.356995412844036], [-1.1731113519588838, 45.33837920489296], [-1.1768284360950432, 45.33837920489296], [-1.1768284360950432, 45.286253822629966], [-1.1731113519588838, 45.286253822629966], [-1.1731113519588838, 45.27508409785932], [-1.1768284360950432, 45.27508409785932], [-1.1768284360950432, 45.23040519877676], [-1.1805455202312025, 45.23040519877676], [-1.1805455202312025, 45.20806574923547], [-1.1842626043673616, 45.20806574923547], [-1.187979688503521, 45.15539033457249], [-1.1954138567758397, 45.15539033457249], [-1.1991309409119988, 45.10334572490706], [-1.2065651091843175, 45.0996282527881], [-1.2065651091843175, 45.04014869888476], [-1.2102821933204766, 45.04014869888476], [-1.2102821933204766, 45.02899628252788], [-1.213999277456636, 45.02899628252788], [-1.213999277456636, 44.97695167286245], [-1.2177163615927953, 44.97695167286245], [-1.2177163615927953, 44.958364312267655], [-1.2214334457289546, 44.958364312267655], [-1.2214334457289546, 44.917472118959104], [-1.228867614001273, 44.917472118959104], [-1.2363017822735916, 44.83940520446096], [-1.240018866409751, 44.83940520446096], [-1.2474530346820696, 44.78736059479554], [-1.2511701188182287, 44.78736059479554], [-1.2511701188182287, 44.75018587360594], [-1.254887202954388, 44.75018587360594], [-1.254887202954388, 44.73531598513011], [-1.2623213712267067, 44.73531598513011], [-1.2734726236351845, 44.631226765799255], [-1.2771897077713437, 44.631226765799255], [-1.2771897077713437, 44.620074349442376], [-1.280906791907503, 44.620074349442376], [-1.280906791907503, 44.60148698884758], [-1.2697555394990252, 44.59776951672862], [-1.2660384553628659, 44.58661710037174], [-1.2474530346820696, 44.590334572490704], [-1.2474530346820696, 44.58289962825278], [-1.2511701188182287, 44.579182156133825], [-1.254887202954388, 44.58289962825278], [-1.2734726236351845, 44.58289962825278], [-1.280906791907503, 44.590334572490704], [-1.280906791907503, 44.59776951672862], [-1.2846238760436623, 44.59776951672862], [-1.2883409601798217, 44.58289962825278], [-1.2920580443159808, 44.58289962825278], [-1.2846238760436623, 44.57546468401487], [-1.2734726236351845, 44.57546468401487], [-1.2697555394990252, 44.56431226765799], [-1.2474530346820696, 44.56802973977695], [-1.2474530346820696, 44.56059479553903], [-1.2511701188182287, 44.56059479553903], [-1.254887202954388, 44.545724907063196], [-1.2623213712267067, 44.545724907063196], [-1.2623213712267067, 44.55315985130111], [-1.2734726236351845, 44.54944237918215], [-1.2771897077713437, 44.56059479553903], [-1.280906791907503, 44.56059479553903], [-1.280906791907503, 44.55315985130111], [-1.2883409601798217, 44.55315985130111], [-1.2883409601798217, 44.54200743494423], [-1.2660384553628659, 44.53457249070632], [-1.2660384553628659, 44.504832713754645], [-1.2623213712267067, 44.504832713754645], [-1.2623213712267067, 44.47881040892193], [-1.2660384553628659, 44.47509293680297], [-1.2623213712267067, 44.47137546468401], [-1.2660384553628659, 44.47137546468401], [-1.2660384553628659, 44.45650557620817], [-1.2697555394990252, 44.45650557620817], [-1.2697555394990252, 44.41561338289962], [-1.2771897077713437, 44.411895910780665], [-1.2734726236351845, 44.39330855018587], [-1.2771897077713437, 44.39330855018587], [-1.2771897077713437, 44.36728624535316], [-1.280906791907503, 44.36728624535316], [-1.280906791907503, 44.35613382899628], [-1.2846238760436623, 44.35613382899628], [-1.2846238760436623, 44.33382899628253], [-1.2883409601798217, 44.33382899628253], [-1.2920580443159808, 44.274349442379176], [-1.2994922125882995, 44.274349442379176], [-1.3032092967244586, 44.25947955390334], [-1.306926380860618, 44.25947955390334], [-1.3032092967244586, 44.25576208178438], [-1.3032092967244586, 44.23717472118959], [-1.306926380860618, 44.23717472118959], [-1.3106434649967773, 44.20371747211895], [-1.3143605491329367, 44.20371747211895], [-1.3217947174052551, 44.12936802973977], [-1.332945969813733, 44.12936802973977], [-1.332945969813733, 44.10334572490706], [-1.3366630539498923, 44.10334572490706], [-1.3366630539498923, 44.08847583643122], [-1.3440972222222107, 44.08104089219331], [-1.3440972222222107, 44.06245353159851], [-1.34781430635837, 44.06245353159851], [-1.34781430635837, 44.05130111524163], [-1.3515313904945294, 44.05130111524163], [-1.3515313904945294, 44.04014869888476], [-1.3552484746306885, 44.04014869888476], [-1.3552484746306885, 44.010408921933085], [-1.3589655587668479, 44.010408921933085], [-1.3589655587668479, 43.999256505576206], [-1.3701168111753257, 43.99553903345724], [-1.3701168111753257, 43.96208178438661], [-1.3812680635838035, 43.95092936802973], [-1.3775509794476444, 43.947211895910776], [-1.3812680635838035, 43.91375464684015], [-1.3849851477199628, 43.91375464684015], [-1.3887022318561222, 43.895167286245346], [-1.3961364001284406, 43.89144981412639], [-1.3961364001284406, 43.872862453531596], [-1.4072876525369187, 43.86914498141264], [-1.4072876525369187, 43.85799256505576], [-1.4110047366730778, 43.85799256505576], [-1.4072876525369187, 43.854275092936795], [-1.4110047366730778, 43.820817843866166], [-1.4147218208092371, 43.820817843866166], [-1.4184389049453965, 43.80594795539033], [-1.425873073217715, 43.798513011152416], [-1.4295901573538743, 43.76505576208178], [-1.4370243256261928, 43.76505576208178], [-1.4370243256261928, 43.75018587360594], [-1.440741409762352, 43.75018587360594], [-1.440741409762352, 43.73531598513011], [-1.4444584938985114, 43.73531598513011], [-1.4444584938985114, 43.716728624535314], [-1.4481755780346706, 43.716728624535314], [-1.4481755780346706, 43.694423791821556], [-1.45189266217083, 43.694423791821556], [-1.45189266217083, 43.653531598513005], [-1.4593268304431486, 43.64609665427509], [-1.4593268304431486, 43.63494423791821], [-1.4630439145793077, 43.63494423791821], [-1.4630439145793077, 43.62750929368029], [-1.4741951669877855, 43.62379182156133], [-1.4741951669877855, 43.612639405204455], [-1.4890635035324227, 43.59776951672862], [-1.492780587668582, 43.579182156133825], [-1.5002147559409007, 43.571747211895904], [-1.5076489242132192, 43.571747211895904], [-1.5076489242132192, 43.56431226765799], [-1.5150830924855376, 43.56059479553903], [-1.5150830924855376, 43.54944237918215], [-1.5336685131663341, 43.53085501858736], [-1.5336685131663341, 43.52342007434944], [-1.544819765574812, 43.51970260223048], [-1.5485368497109713, 43.504832713754645], [-1.559688102119449, 43.493680297397766], [-1.5782735228002456, 43.48996282527881], [-1.5782735228002456, 43.47881040892193], [-1.5894247752087234, 43.46765799256505], [-1.5894247752087234, 43.46022304832713], [-1.6005760276172012, 43.452788104089215], [-1.6005760276172012, 43.44163568773234], [-1.6154443641618383, 43.43791821561338], [-1.6154443641618383, 43.43048327137546], [-1.6303127007064755, 43.43048327137546], [-1.6340297848426346, 43.419330855018586], [-1.6563322896595905, 43.41561338289962], [-1.6563322896595905, 43.40817843866171], [-1.6674835420680683, 43.40817843866171], [-1.6712006262042276, 43.39330855018587], [-1.6823518786127054, 43.39330855018587], [-1.6823518786127054, 43.400743494423786], [-1.6972202151573426, 43.400743494423786], [-1.6972202151573426, 43.39702602230483], [-1.7083714675658204, 43.39702602230483], [-1.7083714675658204, 43.39330855018587], [-1.7492593930635725, 43.38959107806691], [-1.756693561335891, 43.39702602230483], [-1.7641277296082096, 43.38587360594795], [-1.782713150289006, 43.38215613382899], [-1.782713150289006, 43.38587360594795], [-1.7901473185613246, 43.38587360594795], [-1.7901473185613246, 43.39702602230483], [-1.8050156551059615, 43.39702602230483], [-1.8050156551059615, 43.39330855018587], [-1.8198839916505987, 43.39330855018587], [-1.8198839916505987, 43.38959107806691], [-1.8384694123313952, 43.38959107806691], [-1.8459035806037136, 43.38215613382899], [-1.8644890012845101, 43.38215613382899], [-1.8644890012845101, 43.37472118959107], [-1.8719231695568286, 43.37472118959107], [-1.8793573378291473, 43.36728624535316], [-1.8793573378291473, 43.359851301115235], [-1.8867915061014657, 43.359851301115235], [-1.8979427585099435, 43.34869888475836], [-1.9090940109184216, 43.34869888475836], [-1.9090940109184216, 43.34126394052044], [-1.9239623474630585, 43.34126394052044], [-1.9239623474630585, 43.337546468401484], [-1.9611331888246515, 43.337546468401484], [-1.9611331888246515, 43.34126394052044], [-1.96856735709697, 43.34126394052044], [-1.9797186095054478, 43.33011152416356], [-1.9983040301862443, 43.33011152416356], [-1.9983040301862443, 43.32267657992565], [-2.005738198458563, 43.32267657992565], [-2.009455282594722, 43.33011152416356], [-2.013172366730881, 43.326394052044606], [-2.039191955683996, 43.326394052044606], [-2.039191955683996, 43.32267657992565], [-2.050343208092474, 43.32267657992565], [-2.050343208092474, 43.318959107806684], [-2.1060994701348634, 43.31152416356877], [-2.1060994701348634, 43.30408921933085], [-2.117250722543341, 43.30408921933085], [-2.117250722543341, 43.30037174721189], [-2.1321190590879784, 43.29665427509293], [-2.1321190590879784, 43.292936802973976], [-2.1358361432241377, 43.29665427509293], [-2.180441152858049, 43.292936802973976], [-2.180441152858049, 43.29665427509293], [-2.191592405266527, 43.29665427509293], [-2.191592405266527, 43.30037174721189], [-2.2027436576750046, 43.30408921933085], [-2.2027436576750046, 43.31524163568773], [-2.2101778259473233, 43.31524163568773], [-2.2101778259473233, 43.31152416356877], [-2.2138949100834826, 43.31524163568773], [-2.243631583172757, 43.31524163568773], [-2.243631583172757, 43.31152416356877], [-2.251065751445075, 43.31152416356877], [-2.251065751445075, 43.30408921933085], [-2.2547828355812345, 43.30408921933085], [-2.2547828355812345, 43.31152416356877], [-2.262217003853553, 43.31152416356877], [-2.262217003853553, 43.30408921933085], [-2.27708534039819, 43.30408921933085], [-2.27708534039819, 43.30037174721189], [-2.32912451830442, 43.30037174721189], [-2.32912451830442, 43.30408921933085], [-2.3588611913936943, 43.30408921933085], [-2.3588611913936943, 43.31152416356877], [-2.3737295279383317, 43.31152416356877], [-2.3737295279383317, 43.31524163568773], [-2.3885978644829686, 43.318959107806684], [-2.3960320327552873, 43.326394052044606], [-2.418334537572243, 43.326394052044606], [-2.429485789980721, 43.337546468401484], [-2.4666566313423135, 43.34126394052044], [-2.470373715478473, 43.35613382899628], [-2.4852420520231098, 43.359851301115235], [-2.488959136159269, 43.36728624535316], [-2.496393304431588, 43.36728624535316], [-2.5038274727039065, 43.37472118959107], [-2.511261640976225, 43.37472118959107], [-2.511261640976225, 43.38215613382899], [-2.552149566473977, 43.38215613382899], [-2.5595837347462957, 43.39330855018587], [-2.6264912491971626, 43.39702602230483], [-2.6264912491971626, 43.400743494423786], [-2.6382740825687967, 43.40446096654275], [-2.6382740825687967, 43.419330855018586], [-2.6457205657492247, 43.419330855018586], [-2.6457205657492247, 43.42304832713754], [-2.656890290519867, 43.419330855018586], [-2.656890290519867, 43.41561338289962], [-2.6829529816513653, 43.419330855018586], [-2.6866762232415793, 43.40817843866171], [-2.6941227064220077, 43.40817843866171], [-2.6978459480122217, 43.419330855018586], [-2.712738914373078, 43.42304832713754], [-2.720185397553506, 43.43048327137546], [-2.7388016055045763, 43.43420074349442], [-2.7462480886850047, 43.44163568773234], [-2.7462480886850047, 43.45650557620817], [-2.7574178134556466, 43.46022304832713], [-2.7574178134556466, 43.45650557620817], [-2.7872037461773593, 43.452788104089215], [-2.7872037461773593, 43.445353159851294], [-2.7946502293577873, 43.445353159851294], [-2.8020967125382157, 43.43420074349442], [-2.8132664373088576, 43.43420074349442], [-2.8132664373088576, 43.43791821561338], [-2.8653918195718546, 43.43420074349442], [-2.8653918195718546, 43.43791821561338], [-2.880284785932711, 43.43791821561338], [-2.880284785932711, 43.44163568773234], [-2.8914545107033534, 43.44163568773234], [-2.8914545107033534, 43.43791821561338], [-2.8989009938837813, 43.43791821561338], [-2.8989009938837813, 43.44163568773234], [-2.9510263761467783, 43.43791821561338], [-2.9584728593272063, 43.43048327137546], [-2.9547496177369923, 43.419330855018586], [-2.9733658256880626, 43.419330855018586], [-2.9770890672782766, 43.40446096654275], [-2.988258792048919, 43.40446096654275], [-2.991982033639133, 43.39702602230483], [-3.0068749999999893, 43.39330855018587], [-3.0068749999999893, 43.38959107806691], [-3.040384174311916, 43.38215613382899], [-3.040384174311916, 43.371003717472114], [-3.0217679663608457, 43.35241635687732], [-3.0254912079510596, 43.337546468401484], [-3.0180447247706312, 43.337546468401484], [-3.0180447247706312, 43.33382899628253], [-3.0292144495412736, 43.33382899628253], [-3.0329376911314876, 43.337546468401484], [-3.0329376911314876, 43.35241635687732], [-3.0590003822629863, 43.34869888475836], [-3.0590003822629863, 43.35613382899628], [-3.0627236238532003, 43.35241635687732], [-3.0701701070336282, 43.35613382899628], [-3.0701701070336282, 43.3635687732342], [-3.0738933486238427, 43.3635687732342], [-3.0738933486238427, 43.35613382899628], [-3.0813398318042706, 43.3635687732342], [-3.096232798165127, 43.3635687732342], [-3.096232798165127, 43.36728624535316], [-3.1111257645259833, 43.36728624535316], [-3.1148490061161973, 43.35613382899628], [-3.1260187308868392, 43.35613382899628], [-3.1260187308868392, 43.359851301115235], [-3.159527905198766, 43.35613382899628], [-3.159527905198766, 43.359851301115235], [-3.1706976299694083, 43.359851301115235], [-3.1706976299694083, 43.3635687732342], [-3.1818673547400502, 43.3635687732342], [-3.1855905963302646, 43.371003717472114], [-3.204206804281335, 43.37472118959107], [-3.204206804281335, 43.38215613382899], [-3.211653287461763, 43.38215613382899], [-3.215376529051977, 43.38959107806691], [-3.2265462538226193, 43.38959107806691], [-3.2265462538226193, 43.39330855018587], [-3.219099770642191, 43.39330855018587], [-3.2265462538226193, 43.400743494423786], [-3.3010110856269006, 43.40817843866171], [-3.3010110856269006, 43.41561338289962], [-3.3121808103975425, 43.41561338289962], [-3.3121808103975425, 43.40817843866171], [-3.323350535168185, 43.40446096654275], [-3.323350535168185, 43.42304832713754], [-3.3345202599388273, 43.42304832713754], [-3.3345202599388273, 43.419330855018586], [-3.3419667431192552, 43.419330855018586], [-3.3419667431192552, 43.42304832713754], [-3.349413226299683, 43.42304832713754], [-3.349413226299683, 43.419330855018586], [-3.4201548165137505, 43.42304832713754], [-3.4201548165137505, 43.419330855018586], [-3.427601299694179, 43.419330855018586], [-3.438771024464821, 43.43048327137546], [-3.438771024464821, 43.43791821561338], [-3.423878058103965, 43.44163568773234], [-3.423878058103965, 43.463940520446094], [-3.427601299694179, 43.46765799256505], [-3.4424942660550353, 43.46765799256505], [-3.4424942660550353, 43.47137546468401], [-3.4722801987767475, 43.46765799256505], [-3.4760034403669615, 43.47509293680297], [-3.487173165137604, 43.47881040892193], [-3.487173165137604, 43.486245353159845], [-3.505789373088674, 43.486245353159845], [-3.5206823394495306, 43.50111524163568], [-3.539298547400601, 43.49739776951672], [-3.546745030581029, 43.51226765799256], [-3.5765309633027416, 43.51226765799256], [-3.5802542048929555, 43.5085501858736], [-3.5839774464831695, 43.51970260223048], [-3.598870412844026, 43.51970260223048], [-3.598870412844026, 43.51226765799256], [-3.6100401376146682, 43.51226765799256], [-3.62120986238531, 43.50111524163568], [-3.654719036697237, 43.50111524163568], [-3.654719036697237, 43.49739776951672], [-3.669612003058093, 43.493680297397766], [-3.669612003058093, 43.48996282527881], [-3.680781727828735, 43.48996282527881], [-3.6845049694189496, 43.47881040892193], [-3.6956746941895915, 43.47881040892193], [-3.6956746941895915, 43.486245353159845], [-3.706844418960234, 43.486245353159845], [-3.706844418960234, 43.47881040892193], [-3.732907110091732, 43.47881040892193], [-3.736630351681946, 43.46765799256505], [-3.762693042813445, 43.46765799256505], [-3.7552465596330165, 43.47509293680297], [-3.781309250764515, 43.47881040892193], [-3.781309250764515, 43.48996282527881], [-3.788755733944943, 43.49739776951672], [-3.82226490825687, 43.49739776951672], [-3.82226490825687, 43.493680297397766], [-3.833434633027512, 43.493680297397766], [-3.833434633027512, 43.48996282527881], [-3.8520508409785825, 43.48996282527881], [-3.8520508409785825, 43.486245353159845], [-3.8594973241590105, 43.486245353159845], [-3.8594973241590105, 43.47881040892193], [-3.874390290519867, 43.47881040892193], [-3.874390290519867, 43.486245353159845], [-3.885560015290509, 43.486245353159845], [-3.885560015290509, 43.47881040892193], [-3.92279243119265, 43.47881040892193], [-3.92279243119265, 43.47509293680297], [-3.933962155963292, 43.47509293680297], [-3.933962155963292, 43.47137546468401], [-3.945131880733934, 43.47509293680297], [-3.948855122324148, 43.46765799256505], [-3.9637480886850045, 43.463940520446094], [-3.9711945718654325, 43.452788104089215], [-3.9935340214067168, 43.452788104089215], [-3.9935340214067168, 43.445353159851294], [-4.008426987767574, 43.445353159851294], [-4.012150229357787, 43.45650557620817], [-4.027043195718644, 43.45650557620817], [-4.027043195718644, 43.445353159851294], [-4.034489678899072, 43.445353159851294], [-4.034489678899072, 43.44163568773234], [-4.049382645259928, 43.445353159851294], [-4.053105886850142, 43.43791821561338], [-4.075445336391426, 43.43791821561338], [-4.075445336391426, 43.43420074349442], [-4.086615061162068, 43.44163568773234], [-4.086615061162068, 43.43791821561338], [-4.097784785932711, 43.43791821561338], [-4.101508027522925, 43.43048327137546], [-4.108954510703353, 43.43048327137546], [-4.112677752293567, 43.42304832713754], [-4.153633409785922, 43.419330855018586], [-4.153633409785922, 43.41561338289962], [-4.164803134556564, 43.41561338289962], [-4.164803134556564, 43.40817843866171], [-4.1759728593272065, 43.40817843866171], [-4.1759728593272065, 43.40446096654275], [-4.190865825688062, 43.40817843866171], [-4.190865825688062, 43.40446096654275], [-4.216928516819561, 43.40446096654275], [-4.216928516819561, 43.400743494423786], [-4.242991207951059, 43.40446096654275], [-4.242991207951059, 43.400743494423786], [-4.269053899082558, 43.400743494423786], [-4.269053899082558, 43.39702602230483], [-4.2802236238532, 43.39702602230483], [-4.2802236238532, 43.39330855018587], [-4.2876701070336285, 43.39330855018587], [-4.291393348623842, 43.400743494423786], [-4.321179281345555, 43.39702602230483], [-4.321179281345555, 43.39330855018587], [-4.324902522935769, 43.39702602230483], [-4.339795489296625, 43.39702602230483], [-4.339795489296625, 43.400743494423786], [-4.332349006116197, 43.400743494423786], [-4.339795489296625, 43.40817843866171], [-4.358411697247695, 43.40817843866171], [-4.36213493883791, 43.400743494423786], [-4.373304663608552, 43.400743494423786], [-4.373304663608552, 43.39702602230483], [-4.3919208715596225, 43.39702602230483], [-4.3919208715596225, 43.400743494423786], [-4.4552159785932615, 43.400743494423786], [-4.4552159785932615, 43.39702602230483], [-4.514787844036686, 43.400743494423786], [-4.5185110856269, 43.39702602230483], [-4.5185110856269, 43.400743494423786], [-4.533404051987756, 43.400743494423786], [-4.533404051987756, 43.40446096654275], [-4.574359709480111, 43.39702602230483], [-4.574359709480111, 43.400743494423786], [-4.622761850152894, 43.400743494423786], [-4.622761850152894, 43.40446096654275], [-4.630208333333322, 43.400743494423786], [-4.630208333333322, 43.40446096654275], [-4.644609665427504, 43.40446096654275], [-4.644609665427504, 43.40817843866171], [-4.666914498141259, 43.40817843866171], [-4.666914498141259, 43.41561338289962], [-4.700371747211891, 43.41561338289962], [-4.700371747211891, 43.419330855018586], [-4.711524163568768, 43.41561338289962], [-4.718959107806687, 43.42304832713754], [-4.74869888475836, 43.42304832713754], [-4.756133828996278, 43.43048327137546], [-4.767286245353155, 43.43048327137546], [-4.767286245353155, 43.43420074349442], [-4.78959107806691, 43.43420074349442], [-4.78959107806691, 43.43791821561338], [-4.808178438661705, 43.43791821561338], [-4.808178438661705, 43.44163568773234], [-4.834200743494419, 43.44163568773234], [-4.834200743494419, 43.445353159851294], [-4.841635687732337, 43.445353159851294], [-4.841635687732337, 43.452788104089215], [-4.87137546468401, 43.452788104089215], [-4.87137546468401, 43.445353159851294], [-4.875092936802969, 43.445353159851294], [-4.875092936802969, 43.452788104089215], [-4.923420074349438, 43.46022304832713], [-4.930855018587356, 43.46765799256505], [-4.934572490706315, 43.463940520446094], [-4.971747211895906, 43.463940520446094], [-4.971747211895906, 43.46765799256505], [-4.975464684014865, 43.463940520446094], [-5.027509293680293, 43.463940520446094], [-5.027509293680293, 43.46765799256505], [-5.075836431226761, 43.47137546468401], [-5.08327137546468, 43.47881040892193], [-5.116728624535312, 43.47881040892193], [-5.116728624535312, 43.48996282527881], [-5.168773234200739, 43.486245353159845], [-5.168773234200739, 43.47881040892193], [-5.191078066914494, 43.47881040892193], [-5.191078066914494, 43.486245353159845], [-5.198513011152412, 43.486245353159845], [-5.198513011152412, 43.47881040892193], [-5.2208178438661665, 43.47881040892193], [-5.2245353159851255, 43.48996282527881], [-5.243122676579921, 43.49739776951672], [-5.24684014869888, 43.504832713754645], [-5.2691449814126345, 43.5085501858736], [-5.2691449814126345, 43.52342007434944], [-5.280297397769512, 43.527137546468396], [-5.2914498141263895, 43.538289962825274], [-5.365799256505571, 43.538289962825274], [-5.365799256505571, 43.54200743494423], [-5.388104089219326, 43.538289962825274], [-5.388104089219326, 43.545724907063196], [-5.395539033457244, 43.545724907063196], [-5.395539033457244, 43.55687732342007], [-5.41040892193308, 43.55687732342007], [-5.41040892193308, 43.56059479553903], [-5.425278810408917, 43.56059479553903], [-5.425278810408917, 43.55687732342007], [-5.443866171003712, 43.55687732342007], [-5.443866171003712, 43.56059479553903], [-5.447583643122671, 43.55687732342007], [-5.484758364312263, 43.55687732342007], [-5.484758364312263, 43.54944237918215], [-5.499628252788099, 43.54944237918215], [-5.499628252788099, 43.55687732342007], [-5.529368029739772, 43.55687732342007], [-5.529368029739772, 43.54944237918215], [-5.53680297397769, 43.54944237918215], [-5.53680297397769, 43.55687732342007], [-5.614869888475831, 43.55687732342007], [-5.618587360594791, 43.56431226765799], [-5.626022304832709, 43.56431226765799], [-5.626022304832709, 43.56059479553903], [-5.637174721189586, 43.56059479553903], [-5.640892193308545, 43.54944237918215], [-5.652044609665423, 43.54944237918215], [-5.652044609665423, 43.545724907063196], [-5.659479553903341, 43.545724907063196], [-5.6631970260223, 43.55687732342007], [-5.666914498141259, 43.55687732342007], [-5.666914498141259, 43.54944237918215], [-5.685501858736055, 43.54944237918215], [-5.685501858736055, 43.56431226765799], [-5.692936802973973, 43.55687732342007], [-5.700371747211891, 43.56431226765799], [-5.700371747211891, 43.56802973977695], [-5.685501858736055, 43.56802973977695], [-5.685501858736055, 43.571747211895904], [-5.692936802973973, 43.571747211895904], [-5.692936802973973, 43.58289962825278], [-5.700371747211891, 43.57546468401487], [-5.711524163568768, 43.57546468401487], [-5.711524163568768, 43.571747211895904], [-5.737546468401482, 43.57546468401487], [-5.7449814126394, 43.58289962825278], [-5.7449814126394, 43.590334572490704], [-5.759851301115237, 43.590334572490704], [-5.767286245353155, 43.6089219330855], [-5.78959107806691, 43.612639405204455], [-5.78959107806691, 43.62379182156133], [-5.778438661710032, 43.62750929368029], [-5.782156133828992, 43.63494423791821], [-5.808178438661705, 43.63866171003717], [-5.811895910780664, 43.64609665427509], [-5.834200743494419, 43.64609665427509], [-5.834200743494419, 43.653531598513005], [-5.841635687732337, 43.653531598513005], [-5.841635687732337, 43.664684014869884], [-5.860223048327133, 43.664684014869884], [-5.863940520446092, 43.66096654275093], [-5.863940520446092, 43.63866171003717], [-5.886245353159847, 43.631226765799255], [-5.886245353159847, 43.62750929368029], [-5.91598513011152, 43.631226765799255], [-5.91598513011152, 43.6089219330855], [-5.945724907063192, 43.60520446096654], [-5.949442379182152, 43.60148698884758], [-5.945724907063192, 43.590334572490704], [-5.953159851301111, 43.590334572490704], [-5.953159851301111, 43.58289962825278], [-5.990334572490702, 43.58289962825278], [-5.990334572490702, 43.579182156133825], [-6.001486988847579, 43.579182156133825], [-6.001486988847579, 43.58289962825278], [-6.012639405204456, 43.58289962825278], [-6.016356877323416, 43.59405204460966], [-6.03866171003717, 43.59405204460966], [-6.042379182156129, 43.579182156133825], [-6.064684014869884, 43.57546468401487], [-6.064684014869884, 43.571747211895904], [-6.08327137546468, 43.571747211895904], [-6.08327137546468, 43.56802973977695], [-6.094423791821557, 43.56802973977695], [-6.094423791821557, 43.56431226765799], [-6.113011152416352, 43.56431226765799], [-6.113011152416352, 43.56059479553903], [-6.135315985130107, 43.56431226765799], [-6.135315985130107, 43.56802973977695], [-6.150185873605944, 43.56802973977695], [-6.150185873605944, 43.571747211895904], [-6.168773234200739, 43.571747211895904], [-6.168773234200739, 43.57546468401487], [-6.187360594795535, 43.56802973977695], [-6.187360594795535, 43.58289962825278], [-6.20594795539033, 43.579182156133825], [-6.209665427509289, 43.590334572490704], [-6.213382899628248, 43.590334572490704], [-6.213382899628248, 43.58289962825278], [-6.2208178438661665, 43.58289962825278], [-6.2245353159851255, 43.59405204460966], [-6.243122676579921, 43.59776951672862], [-6.243122676579921, 43.60148698884758], [-6.2505576208178395, 43.59776951672862], [-6.2542750929367985, 43.58289962825278], [-6.276579925650553, 43.58289962825278], [-6.2840148698884715, 43.57546468401487], [-6.2988847583643075, 43.57546468401487], [-6.2988847583643075, 43.56802973977695], [-6.3323420074349395, 43.56802973977695], [-6.3323420074349395, 43.56431226765799], [-6.3434944237918165, 43.56431226765799], [-6.3434944237918165, 43.56059479553903], [-6.354646840148694, 43.56059479553903], [-6.354646840148694, 43.55687732342007], [-6.362081784386612, 43.55687732342007], [-6.36951672862453, 43.56431226765799], [-6.421561338289958, 43.56431226765799], [-6.421561338289958, 43.56059479553903], [-6.436431226765794, 43.56059479553903], [-6.436431226765794, 43.56431226765799], [-6.466171003717467, 43.571747211895904], [-6.466171003717467, 43.57546468401487], [-6.481040892193303, 43.571747211895904], [-6.484758364312263, 43.55687732342007], [-6.599999999999995, 43.56059479553903], [-6.599999999999995, 48.699999999999996]], [[-4.633457249070627, 48.61814679643146], [-4.637174721189586, 48.61814679643146], [-4.637174721189586, 48.61070559610705], [-4.633457249070627, 48.61070559610705], [-4.633457249070627, 48.61814679643146]], [[-4.78959107806691, 48.49164639091646], [-4.793308550185869, 48.49536699107867], [-4.793308550185869, 48.49164639091646], [-4.78959107806691, 48.49164639091646]], [[-4.496171636085616, 48.29817518248175], [-4.492448394495402, 48.29445458231954], [-4.492448394495402, 48.29817518248175], [-4.496171636085616, 48.29817518248175]], [[-3.1744208715596223, 47.56149635036496], [-3.1781441131498362, 47.565216950527166], [-3.1781441131498362, 47.56149635036496], [-3.1744208715596223, 47.56149635036496]], [[-2.083796965317908, 47.03617737003058], [-2.0986653018625447, 47.039900611620794], [-2.0986653018625447, 47.03617737003058], [-2.1469873956326153, 47.03617737003058], [-2.1469873956326153, 47.032454128440364], [-2.1098165542710228, 47.02873088685015], [-2.102382385998704, 47.01756116207951], [-2.087514049454067, 47.013837920489294], [-2.087514049454067, 47.02500764525993], [-2.0949482177263854, 47.02500764525993], [-2.0949482177263854, 47.032454128440364], [-2.083796965317908, 47.032454128440364], [-2.083796965317908, 47.03617737003058]], [[-2.117250722543341, 47.02128440366972], [-2.113533638407182, 47.02500764525993], [-2.117250722543341, 47.02500764525993], [-2.117250722543341, 47.02128440366972]], [[-2.1767240687218896, 47.03617737003058], [-2.180441152858049, 47.039900611620794], [-2.180441152858049, 47.03617737003058], [-2.1767240687218896, 47.03617737003058]], [[-2.1990265735388452, 47.032454128440364], [-2.2138949100834826, 47.03617737003058], [-2.217611994219642, 47.02873088685015], [-2.1990265735388452, 47.02873088685015], [-2.1990265735388452, 47.032454128440364]], [[-2.061494460500952, 46.74948776758409], [-2.061494460500952, 46.74576452599388], [-2.0540602922286335, 46.74576452599388], [-2.0540602922286335, 46.74948776758409], [-2.061494460500952, 46.74948776758409]], [[-1.5634051862556084, 46.39577981651376], [-1.559688102119449, 46.392056574923544], [-1.559688102119449, 46.39577981651376], [-1.5634051862556084, 46.39577981651376]], [[-1.5299514290301748, 46.38833333333333], [-1.5299514290301748, 46.392056574923544], [-1.5522539338471306, 46.392056574923544], [-1.5485368497109713, 46.3808868501529], [-1.518800176621697, 46.37716360856269], [-1.5225172607578563, 46.38833333333333], [-1.5299514290301748, 46.38833333333333]], [[-1.2437359505459102, 46.1425993883792], [-1.2474530346820696, 46.12770642201834], [-1.2363017822735916, 46.12770642201834], [-1.240018866409751, 46.1425993883792], [-1.2437359505459102, 46.1425993883792]], [[-0.9946913134232385, 45.54315749235474], [-1.002125481695557, 45.54315749235474], [-1.002125481695557, 45.53943425076452], [-0.9946913134232385, 45.53943425076452], [-0.9946913134232385, 45.54315749235474]], [[-0.8274225272960708, 45.386781345565744], [-0.83113961143223, 45.394227828746175], [-0.8385737797045486, 45.394227828746175], [-0.8348566955683894, 45.386781345565744], [-0.8274225272960708, 45.386781345565744]], [[-1.1285063423249726, 45.53571100917431], [-1.1173550899164946, 45.53943425076452], [-1.1173550899164946, 45.54315749235474], [-1.1285063423249726, 45.54688073394495], [-1.135940510597291, 45.53571100917431], [-1.1433746788696095, 45.53571100917431], [-1.1433746788696095, 45.52826452599388], [-1.1285063423249726, 45.53198776758409], [-1.1285063423249726, 45.53571100917431]], [[-1.2920580443159808, 44.57546468401487], [-1.2920580443159808, 44.56802973977695], [-1.2883409601798217, 44.56802973977695], [-1.2846238760436623, 44.57546468401487], [-1.2920580443159808, 44.57546468401487]], [[-4.715241635687728, 48.5809407948094], [-4.718959107806687, 48.58466139497161], [-4.718959107806687, 48.5809407948094], [-4.715241635687728, 48.5809407948094]], [[-4.756133828996278, 48.57349959448499], [-4.752416356877319, 48.56977899432279], [-4.74869888475836, 48.56605839416058], [-4.74869888475836, 48.57349959448499], [-4.756133828996278, 48.57349959448499]], [[-5.105576208178434, 48.48420519059205], [-5.101858736059475, 48.476763990267635], [-5.113011152416352, 48.476763990267635], [-5.116728624535312, 48.465602189781016], [-5.131598513011148, 48.465602189781016], [-5.131598513011148, 48.46188158961881], [-5.139033457249066, 48.46188158961881], [-5.146468401486984, 48.4544403892944], [-5.146468401486984, 48.450719789132194], [-5.101858736059475, 48.4544403892944], [-5.113011152416352, 48.44327858880778], [-5.127881040892189, 48.44327858880778], [-5.127881040892189, 48.43211678832116], [-5.086988847583639, 48.43583738848337], [-5.08327137546468, 48.450719789132194], [-5.060966542750925, 48.450719789132194], [-5.060966542750925, 48.4544403892944], [-5.049814126394048, 48.4544403892944], [-5.049814126394048, 48.45816098945661], [-5.034944237918211, 48.46188158961881], [-5.034944237918211, 48.465602189781016], [-5.049814126394048, 48.465602189781016], [-5.053531598513007, 48.46932278994322], [-5.049814126394048, 48.48048459042984], [-5.064684014869884, 48.48048459042984], [-5.072118959107802, 48.487925790754254], [-5.07955390334572, 48.48420519059205], [-5.07955390334572, 48.476763990267635], [-5.094423791821557, 48.476763990267635], [-5.094423791821557, 48.48420519059205], [-5.105576208178434, 48.48420519059205]], [[-5.008921933085497, 48.43211678832116], [-5.016356877323416, 48.43583738848337], [-5.016356877323416, 48.42467558799675], [-5.023791821561334, 48.42467558799675], [-5.023791821561334, 48.42095498783455], [-5.012639405204456, 48.42095498783455], [-5.008921933085497, 48.43211678832116]], [[-4.994052044609661, 48.402351987023515], [-4.990334572490702, 48.402351987023515], [-4.990334572490702, 48.39491078669911], [-4.979182156133824, 48.391190186536896], [-4.982899628252784, 48.38002838605028], [-4.975464684014865, 48.38002838605028], [-4.968029739776947, 48.37258718572587], [-4.968029739776947, 48.365145985401455], [-4.95687732342007, 48.36142538523925], [-4.95687732342007, 48.35770478507705], [-4.934572490706315, 48.36142538523925], [-4.927137546468397, 48.353984184914836], [-4.919702602230479, 48.353984184914836], [-4.919702602230479, 48.36142538523925], [-4.91226765799256, 48.36142538523925], [-4.91226765799256, 48.365145985401455], [-4.893680297397765, 48.365145985401455], [-4.889962825278806, 48.35770478507705], [-4.886245353159847, 48.36142538523925], [-4.863940520446092, 48.36142538523925], [-4.87137546468401, 48.35026358475263], [-4.886245353159847, 48.34654298459043], [-4.886245353159847, 48.33910178426601], [-4.878810408921928, 48.33910178426601], [-4.878810408921928, 48.3316605839416], [-4.886245353159847, 48.3316605839416], [-4.886245353159847, 48.316778183292776], [-4.87137546468401, 48.316778183292776], [-4.87137546468401, 48.32421938361719], [-4.863940520446092, 48.32421938361719], [-4.856505576208174, 48.3316605839416], [-4.845353159851296, 48.3316605839416], [-4.845353159851296, 48.32049878345499], [-4.834200743494419, 48.32049878345499], [-4.834200743494419, 48.327939983779395], [-4.83048327137546, 48.327939983779395], [-4.83048327137546, 48.33910178426601], [-4.834200743494419, 48.33910178426601], [-4.834200743494419, 48.35026358475263], [-4.841635687732337, 48.353984184914836], [-4.841635687732337, 48.36142538523925], [-4.856505576208174, 48.365145985401455], [-4.860223048327133, 48.38002838605028], [-4.87137546468401, 48.38002838605028], [-4.863940520446092, 48.38746958637469], [-4.875092936802969, 48.38746958637469], [-4.875092936802969, 48.39491078669911], [-4.901115241635683, 48.39863138686131], [-4.901115241635683, 48.39491078669911], [-4.930855018587356, 48.38746958637469], [-4.942007434944233, 48.39863138686131], [-4.942007434944233, 48.413513787510134], [-4.968029739776947, 48.40979318734793], [-4.975464684014865, 48.428396188158956], [-4.990334572490702, 48.428396188158956], [-4.99776951672862, 48.42095498783455], [-4.994052044609661, 48.402351987023515]], [[-5.001486988847579, 48.42095498783455], [-5.008921933085497, 48.413513787510134], [-5.001486988847579, 48.413513787510134], [-5.001486988847579, 48.42095498783455]], [[-4.893680297397765, 48.41723438767234], [-4.897397769516724, 48.42095498783455], [-4.897397769516724, 48.41723438767234], [-4.893680297397765, 48.41723438767234]], [[-4.901115241635683, 48.413513787510134], [-4.91226765799256, 48.413513787510134], [-4.91226765799256, 48.40979318734793], [-4.901115241635683, 48.40979318734793], [-4.901115241635683, 48.413513787510134]], [[-4.863940520446092, 48.391190186536896], [-4.867657992565051, 48.39491078669911], [-4.867657992565051, 48.391190186536896], [-4.863940520446092, 48.391190186536896]], [[-4.852788104089215, 48.32049878345499], [-4.856505576208174, 48.32421938361719], [-4.856505576208174, 48.32049878345499], [-4.852788104089215, 48.32049878345499]], [[-4.897397769516724, 48.316778183292776], [-4.901115241635683, 48.32049878345499], [-4.901115241635683, 48.316778183292776], [-4.897397769516724, 48.316778183292776]], [[-4.945724907063192, 48.04889497161395], [-4.949442379182152, 48.05261557177615], [-4.949442379182152, 48.04889497161395], [-4.945724907063192, 48.04889497161395]], [[-4.923420074349438, 48.05261557177615], [-4.927137546468397, 48.05261557177615], [-4.927137546468397, 48.045174371451736], [-4.923420074349438, 48.045174371451736], [-4.923420074349438, 48.05261557177615]], [[-4.908550185873601, 48.04889497161395], [-4.91226765799256, 48.05261557177615], [-4.91226765799256, 48.04889497161395], [-4.908550185873601, 48.04889497161395]], [[-4.875092936802969, 48.034012570965125], [-4.852788104089215, 48.034012570965125], [-4.852788104089215, 48.030291970802914], [-4.823048327137542, 48.030291970802914], [-4.83048327137546, 48.04145377128953], [-4.856505576208174, 48.045174371451736], [-4.863940520446092, 48.05261557177615], [-4.87137546468401, 48.05261557177615], [-4.87137546468401, 48.04889497161395], [-4.878810408921928, 48.04889497161395], [-4.878810408921928, 48.05261557177615], [-4.897397769516724, 48.04889497161395], [-4.901115241635683, 48.05261557177615], [-4.904832713754642, 48.04889497161395], [-4.901115241635683, 48.03773317112733], [-4.875092936802969, 48.03773317112733], [-4.875092936802969, 48.034012570965125]], [[-4.908550185873601, 48.04145377128953], [-4.91226765799256, 48.045174371451736], [-4.91226765799256, 48.04145377128953], [-4.908550185873601, 48.04145377128953]], [[-4.462662461773689, 48.35770478507705], [-4.470108944954117, 48.35770478507705], [-4.470108944954117, 48.353984184914836], [-4.462662461773689, 48.353984184914836], [-4.462662461773689, 48.35770478507705]], [[-4.5110646024464724, 48.65163219789132], [-4.49989487767583, 48.65163219789132], [-4.49989487767583, 48.65535279805352], [-4.5110646024464724, 48.65907339821573], [-4.5110646024464724, 48.65163219789132]], [[-2.615339996788685, 47.40895174371451], [-2.60476490825687, 47.41267234387672], [-2.6004716602440476, 47.42011354420113], [-2.6079058285163663, 47.42011354420113], [-2.6079058285163663, 47.416392944038925], [-2.6271043577981543, 47.42011354420113], [-2.6271043577981543, 47.40895174371451], [-2.615339996788685, 47.40895174371451]], [[-2.6345508409785827, 47.304774939172745], [-2.6494438073394386, 47.304774939172745], [-2.6457205657492247, 47.28617193836172], [-2.653167048929653, 47.278730738037304], [-2.664336773700295, 47.278730738037304], [-2.664336773700295, 47.27128953771289], [-2.6494438073394386, 47.27128953771289], [-2.6419973241590107, 47.26384833738848], [-2.6419973241590107, 47.2750101378751], [-2.6382740825687967, 47.27128953771289], [-2.630208333333322, 47.2750101378751], [-2.630208333333322, 47.30105433901054], [-2.6345508409785827, 47.30105433901054], [-2.6345508409785827, 47.304774939172745]], [[-2.6829529816513653, 43.4267657992565], [-2.6866762232415793, 43.43048327137546], [-2.6866762232415793, 43.4267657992565], [-2.6829529816513653, 43.4267657992565]], [[-2.3179732658959424, 47.2154805352798], [-2.325407434168261, 47.2154805352798], [-2.325407434168261, 47.2117599351176], [-2.3179732658959424, 47.2117599351176], [-2.3179732658959424, 47.2154805352798]], [[-2.500110388567747, 47.192553516819565], [-2.500110388567747, 47.18883027522936], [-2.4778078837507915, 47.18510703363914], [-2.4778078837507915, 47.17827453365774], [-2.470373715478473, 47.17827453365774], [-2.470373715478473, 47.17455393349554], [-2.455505378933836, 47.17455393349554], [-2.455505378933836, 47.181995133819946], [-2.462939547206154, 47.18571573398215], [-2.4666566313423135, 47.19627675840978], [-2.481524967886951, 47.19627675840978], [-2.481524967886951, 47.20059813463098], [-2.488959136159269, 47.20059813463098], [-2.488959136159269, 47.20431873479318], [-2.511261640976225, 47.20059813463098], [-2.511261640976225, 47.19687753446877], [-2.500110388567747, 47.192553516819565]], [[-4.131293960244637, 47.82565896188159], [-4.135017201834851, 47.82937956204379], [-4.135017201834851, 47.82565896188159], [-4.131293960244637, 47.82565896188159]], [[-4.027043195718644, 47.773570559610704], [-4.027043195718644, 47.78473236009732], [-4.034489678899072, 47.78473236009732], [-4.034489678899072, 47.77729115977291], [-4.0419361620795, 47.77729115977291], [-4.0419361620795, 47.773570559610704], [-4.027043195718644, 47.773570559610704]], [[-4.0419361620795, 47.773570559610704], [-4.045659403669714, 47.76984995944849], [-4.0419361620795, 47.76984995944849], [-4.0419361620795, 47.773570559610704]], [[-3.714290902140662, 47.78473236009732], [-3.718014143730876, 47.78473236009732], [-3.718014143730876, 47.77729115977291], [-3.714290902140662, 47.77729115977291], [-3.714290902140662, 47.78473236009732]], [[-3.7962022171253715, 47.77729115977291], [-3.8036487003057995, 47.773570559610704], [-3.8036487003057995, 47.76984995944849], [-3.7962022171253715, 47.76984995944849], [-3.7962022171253715, 47.77729115977291]], [[-3.956301605504576, 47.70659975669099], [-3.948855122324148, 47.70659975669099], [-3.948855122324148, 47.721482157339814], [-3.956301605504576, 47.721482157339814], [-3.956301605504576, 47.725202757502025], [-3.9711945718654325, 47.725202757502025], [-3.978641055045861, 47.73264395782643], [-3.9935340214067168, 47.73264395782643], [-3.9935340214067168, 47.72892335766423], [-3.997257262996931, 47.73264395782643], [-4.030766437308857, 47.73264395782643], [-4.027043195718644, 47.725202757502025], [-4.019596712538215, 47.725202757502025], [-4.019596712538215, 47.721482157339814], [-4.027043195718644, 47.721482157339814], [-4.027043195718644, 47.70287915652879], [-4.008426987767574, 47.70287915652879], [-4.004703746177359, 47.70659975669099], [-3.997257262996931, 47.699158556366584], [-3.997257262996931, 47.70287915652879], [-3.982364296636075, 47.70659975669099], [-3.982364296636075, 47.714040957015406], [-3.9674713302752185, 47.714040957015406], [-3.9674713302752185, 47.70659975669099], [-3.9600248470947905, 47.70659975669099], [-3.9600248470947905, 47.714040957015406], [-3.956301605504576, 47.714040957015406], [-3.956301605504576, 47.70659975669099]], [[-3.982364296636075, 47.70659975669099], [-3.978641055045861, 47.70287915652879], [-3.978641055045861, 47.70659975669099], [-3.982364296636075, 47.70659975669099]], [[-3.386645642201824, 47.684276155717754], [-3.379199159021396, 47.684276155717754], [-3.375475917431182, 47.69171735604217], [-3.386645642201824, 47.69171735604217], [-3.386645642201824, 47.684276155717754]], [[-3.509512614678888, 47.63590835360908], [-3.4983428899082463, 47.63590835360908], [-3.490896406727818, 47.62846715328467], [-3.4685569571865336, 47.62474655312246], [-3.4685569571865336, 47.62102595296025], [-3.427601299694179, 47.62102595296025], [-3.427601299694179, 47.61730535279805], [-3.4201548165137505, 47.61730535279805], [-3.4201548165137505, 47.609864152473634], [-3.4127083333333226, 47.61730535279805], [-3.4127083333333226, 47.64334955393349], [-3.438771024464821, 47.647070154095694], [-3.438771024464821, 47.650790754257905], [-3.453663990825677, 47.647070154095694], [-3.453663990825677, 47.650790754257905], [-3.4760034403669615, 47.650790754257905], [-3.4760034403669615, 47.65451135442011], [-3.505789373088674, 47.65823195458231], [-3.505789373088674, 47.65451135442011], [-3.5169590978593166, 47.65451135442011], [-3.509512614678888, 47.63590835360908]], [[-3.1744208715596223, 47.55033454987834], [-3.1781441131498362, 47.55405515004055], [-3.1781441131498362, 47.55033454987834], [-3.1744208715596223, 47.55033454987834]], [[-3.0887863149846986, 47.539172749391724], [-3.092509556574913, 47.539172749391724], [-3.092509556574913, 47.53173154906731], [-3.0887863149846986, 47.53173154906731], [-3.0887863149846986, 47.539172749391724]], [[-2.7872037461773593, 47.47592254663422], [-2.7946502293577873, 47.47592254663422], [-2.7946502293577873, 47.47220194647201], [-2.7872037461773593, 47.47220194647201], [-2.7872037461773593, 47.47592254663422]], [[-2.776034021406717, 47.47220194647201], [-2.7797572629969314, 47.47592254663422], [-2.7797572629969314, 47.47220194647201], [-2.776034021406717, 47.47220194647201]], [[-3.0738933486238427, 47.453598945660985], [-3.0776165902140566, 47.45731954582319], [-3.0776165902140566, 47.453598945660985], [-3.0738933486238427, 47.453598945660985]], [[-3.0068749999999893, 47.41267234387672], [-3.0105982415902033, 47.42011354420113], [-3.0254912079510596, 47.42011354420113], [-3.0254912079510596, 47.42383414436334], [-3.0366609327217016, 47.42383414436334], [-3.0254912079510596, 47.41267234387672], [-3.0068749999999893, 47.41267234387672]], [[-2.9621961009174202, 47.37174574209245], [-2.9547496177369923, 47.37546634225466], [-2.9473031345565643, 47.36802514193025], [-2.9473031345565643, 47.37174574209245], [-2.936133409785922, 47.37546634225466], [-2.936133409785922, 47.38662814274128], [-2.932410168195708, 47.38662814274128], [-2.936133409785922, 47.4015105433901], [-2.9473031345565643, 47.4015105433901], [-2.9473031345565643, 47.39406934306569], [-2.9584728593272063, 47.39406934306569], [-2.9584728593272063, 47.4015105433901], [-2.9659193425076347, 47.4015105433901], [-2.9659193425076347, 47.39406934306569], [-2.9696425840978486, 47.39406934306569], [-2.9696425840978486, 47.4015105433901], [-2.9770890672782766, 47.4015105433901], [-2.9770890672782766, 47.40523114355231], [-2.999428516819561, 47.40523114355231], [-2.999428516819561, 47.390348742903484], [-2.984535550458705, 47.390348742903484], [-2.984535550458705, 47.38662814274128], [-2.9733658256880626, 47.38662814274128], [-2.9733658256880626, 47.38290754257907], [-2.9621961009174202, 47.38290754257907], [-2.9621961009174202, 47.37174574209245]], [[-3.267501911314974, 47.353142741281424], [-3.26377866972476, 47.353142741281424], [-3.260055428134546, 47.3382603406326], [-3.2526089449541176, 47.3382603406326], [-3.2451624617736896, 47.330819140308186], [-3.2526089449541176, 47.31221613949716], [-3.2451624617736896, 47.304774939172745], [-3.2302694954128333, 47.30105433901054], [-3.2302694954128333, 47.29733373884833], [-3.219099770642191, 47.29733373884833], [-3.219099770642191, 47.28989253852392], [-3.211653287461763, 47.28989253852392], [-3.211653287461763, 47.29733373884833], [-3.2004835626911206, 47.29733373884833], [-3.2004835626911206, 47.28989253852392], [-3.1930370795106926, 47.28989253852392], [-3.1930370795106926, 47.29733373884833], [-3.1706976299694083, 47.30105433901054], [-3.1706976299694083, 47.29733373884833], [-3.16325114678898, 47.29733373884833], [-3.16325114678898, 47.28989253852392], [-3.107402522935769, 47.28617193836172], [-3.099956039755341, 47.278730738037304], [-3.0887863149846986, 47.278730738037304], [-3.0887863149846986, 47.28245133819951], [-3.0738933486238427, 47.28617193836172], [-3.0738933486238427, 47.29733373884833], [-3.0664468654434143, 47.29733373884833], [-3.0627236238532003, 47.30849553933495], [-3.055277140672772, 47.30849553933495], [-3.0627236238532003, 47.31965733982157], [-3.103679281345555, 47.31965733982157], [-3.107402522935769, 47.330819140308186], [-3.1222954892966253, 47.33453974047039], [-3.1222954892966253, 47.3382603406326], [-3.1371884556574816, 47.3382603406326], [-3.1446349388379096, 47.34570154095701], [-3.148358180428124, 47.36058394160583], [-3.155804663608552, 47.36058394160583], [-3.155804663608552, 47.36802514193025], [-3.1930370795106926, 47.36802514193025], [-3.2004835626911206, 47.37546634225466], [-3.211653287461763, 47.37546634225466], [-3.219099770642191, 47.38290754257907], [-3.237715978593261, 47.38290754257907], [-3.2451624617736896, 47.390348742903484], [-3.2526089449541176, 47.390348742903484], [-3.2526089449541176, 47.379186942416865], [-3.26377866972476, 47.37546634225466], [-3.267501911314974, 47.353142741281424]], [[-2.9175172018348516, 47.379186942416865], [-2.9212404434250656, 47.38290754257907], [-2.9212404434250656, 47.379186942416865], [-2.9175172018348516, 47.379186942416865]], [[-2.9212404434250656, 47.37174574209245], [-2.9249636850152796, 47.37546634225466], [-2.9249636850152796, 47.37174574209245], [-2.9212404434250656, 47.37174574209245]], [[-2.9733658256880626, 47.353142741281424], [-2.9584728593272063, 47.353142741281424], [-2.9584728593272063, 47.35686334144363], [-2.9733658256880626, 47.36058394160583], [-2.9733658256880626, 47.353142741281424]], [[-2.9063474770642093, 47.33453974047039], [-2.8989009938837813, 47.341980940794805], [-2.8951777522935673, 47.330819140308186], [-2.887731269113139, 47.330819140308186], [-2.887731269113139, 47.32337793998378], [-2.880284785932711, 47.330819140308186], [-2.880284785932711, 47.31965733982157], [-2.8691150611620686, 47.31965733982157], [-2.8691150611620686, 47.330819140308186], [-2.8579453363914267, 47.330819140308186], [-2.8616685779816406, 47.353142741281424], [-2.8691150611620686, 47.353142741281424], [-2.872838302752283, 47.34570154095701], [-2.9137939602446377, 47.353142741281424], [-2.9175172018348516, 47.3382603406326], [-2.9137939602446377, 47.33453974047039], [-2.9063474770642093, 47.33453974047039]], [[-2.939856651376136, 47.34942214111922], [-2.9473031345565643, 47.34942214111922], [-2.9473031345565643, 47.34570154095701], [-2.939856651376136, 47.34570154095701], [-2.939856651376136, 47.34942214111922]], [[-2.8430523700305703, 47.341980940794805], [-2.8504988532109983, 47.3382603406326], [-2.8504988532109983, 47.33453974047039], [-2.8430523700305703, 47.33453974047039], [-2.8430523700305703, 47.341980940794805]], [[-2.8356058868501424, 47.31965733982157], [-2.828159403669714, 47.32337793998378], [-2.828159403669714, 47.330819140308186], [-2.8356058868501424, 47.330819140308186], [-2.8356058868501424, 47.31965733982157]], [[-2.2399144990365976, 47.10691896024464], [-2.247348667308916, 47.10691896024464], [-2.247348667308916, 47.10319571865443], [-2.2399144990365976, 47.10319571865443], [-2.2399144990365976, 47.10691896024464]], [[-2.2027436576750046, 47.10319571865443], [-2.2101778259473233, 47.10319571865443], [-2.2101778259473233, 47.09947247706422], [-2.2027436576750046, 47.09947247706422], [-2.2027436576750046, 47.10319571865443]], [[-2.0986653018625447, 47.05107033639143], [-2.1098165542710228, 47.05479357798165], [-2.1098165542710228, 47.058516819571864], [-2.1209678066795004, 47.058516819571864], [-2.1209678066795004, 47.06224006116207], [-2.1321190590879784, 47.06224006116207], [-2.1321190590879784, 47.05479357798165], [-2.139553227360297, 47.05479357798165], [-2.139553227360297, 47.05107033639143], [-2.1098165542710228, 47.05107033639143], [-2.1098165542710228, 47.04734709480122], [-2.0986653018625447, 47.04734709480122], [-2.0986653018625447, 47.05107033639143]], [[-2.284519508670509, 46.84629204892966], [-2.27708534039819, 46.85001529051987], [-2.27708534039819, 46.8574617737003], [-2.284519508670509, 46.8574617737003], [-2.284519508670509, 46.84629204892966]], [[-2.3885978644829686, 46.70480886850152], [-2.3737295279383317, 46.70108562691131], [-2.3737295279383317, 46.693639143730884], [-2.3588611913936943, 46.693639143730884], [-2.3588611913936943, 46.68991590214067], [-2.3439928548490574, 46.68991590214067], [-2.3439928548490574, 46.686192660550454], [-2.325407434168261, 46.686192660550454], [-2.325407434168261, 46.68991590214067], [-2.314256181759783, 46.68991590214067], [-2.314256181759783, 46.693639143730884], [-2.284519508670509, 46.686192660550454], [-2.2808024245343494, 46.70108562691131], [-2.27708534039819, 46.70108562691131], [-2.27708534039819, 46.70853211009174], [-2.288236592806668, 46.70480886850152], [-2.295670761078987, 46.71597859327217], [-2.32912451830442, 46.72342507645259], [-2.325407434168261, 46.738318042813454], [-2.3328416024405794, 46.73459480122324], [-2.3328416024405794, 46.72714831804281], [-2.3439928548490574, 46.72714831804281], [-2.3439928548490574, 46.73459480122324], [-2.355144107257535, 46.73459480122324], [-2.355144107257535, 46.738318042813454], [-2.3960320327552873, 46.738318042813454], [-2.3997491168914467, 46.72714831804281], [-2.407183285163765, 46.72714831804281], [-2.407183285163765, 46.71597859327217], [-2.3997491168914467, 46.71597859327217], [-2.3885978644829686, 46.70480886850152]], [[-2.407183285163765, 46.73459480122324], [-2.4146174534360836, 46.73459480122324], [-2.4146174534360836, 46.72342507645259], [-2.407183285163765, 46.72714831804281], [-2.407183285163765, 46.73459480122324]], [[-1.8421864964675545, 46.49630733944954], [-1.8459035806037136, 46.50003058103975], [-1.8459035806037136, 46.49630733944954], [-1.8421864964675545, 46.49630733944954]], [[-1.45189266217083, 46.32503822629969], [-1.4556097463069892, 46.328761467889905], [-1.4556097463069892, 46.32503822629969], [-1.45189266217083, 46.32503822629969]], [[-1.3812680635838035, 46.284082568807335], [-1.3849851477199628, 46.28780581039755], [-1.3849851477199628, 46.284082568807335], [-1.3812680635838035, 46.284082568807335]], [[-1.3106434649967773, 46.22823394495413], [-1.3032092967244586, 46.231957186544335], [-1.3032092967244586, 46.239403669724766], [-1.3180776332690958, 46.23568042813455], [-1.3106434649967773, 46.22823394495413]], [[-1.240018866409751, 46.16121559633027], [-1.2437359505459102, 46.16493883792049], [-1.2437359505459102, 46.16121559633027], [-1.240018866409751, 46.16121559633027]], [[-1.2474530346820696, 46.01228593272171], [-1.228867614001273, 45.989946483180425], [-1.2065651091843175, 45.982499999999995], [-1.2065651091843175, 45.989946483180425], [-1.213999277456636, 45.99366972477064], [-1.213999277456636, 46.00483944954128], [-1.2214334457289546, 46.01228593272171], [-1.228867614001273, 46.01228593272171], [-1.2325846981374324, 46.01973241590213], [-1.254887202954388, 46.027178899082564], [-1.254887202954388, 46.01973241590213], [-1.2623213712267067, 46.01973241590213], [-1.2623213712267067, 46.016009174311925], [-1.2474530346820696, 46.01228593272171]], [[-1.2623213712267067, 46.01973241590213], [-1.2660384553628659, 46.02345565749235], [-1.2660384553628659, 46.01973241590213], [-1.2623213712267067, 46.01973241590213]], [[-1.187979688503521, 45.643685015290515], [-1.1842626043673616, 45.6399617737003], [-1.1842626043673616, 45.643685015290515], [-1.187979688503521, 45.643685015290515]], [[-1.1842626043673616, 45.636238532110085], [-1.1731113519588838, 45.632515290519876], [-1.1731113519588838, 45.6399617737003], [-1.1842626043673616, 45.6399617737003], [-1.1842626043673616, 45.636238532110085]], [[-1.2065651091843175, 45.6138990825688], [-1.2028480250481581, 45.6138990825688], [-1.2028480250481581, 45.625068807339446], [-1.2214334457289546, 45.625068807339446], [-1.2214334457289546, 45.61017584097859], [-1.228867614001273, 45.61017584097859], [-1.228867614001273, 45.60272935779816], [-1.2102821933204766, 45.60272935779816], [-1.2065651091843175, 45.6138990825688]], [[-1.1954138567758397, 45.580389908256876], [-1.2102821933204766, 45.56922018348624], [-1.2065651091843175, 45.54688073394495], [-1.187979688503521, 45.54688073394495], [-1.187979688503521, 45.554327217125376], [-1.1768284360950432, 45.554327217125376], [-1.1768284360950432, 45.54688073394495], [-1.1693942678227247, 45.54688073394495], [-1.1693942678227247, 45.554327217125376], [-1.161960099550406, 45.55805045871559], [-1.1656771836865654, 45.56922018348624], [-1.1582430154142467, 45.57666666666666], [-1.1508088471419282, 45.57666666666666], [-1.1470917630057689, 45.58783639143731], [-1.1433746788696095, 45.58783639143731], [-1.1433746788696095, 45.60272935779816], [-1.1656771836865654, 45.60272935779816], [-1.1656771836865654, 45.606452599388376], [-1.1731113519588838, 45.606452599388376], [-1.1805455202312025, 45.6138990825688], [-1.1991309409119988, 45.6138990825688], [-1.2028480250481581, 45.59528287461773], [-1.1954138567758397, 45.59155963302752], [-1.1954138567758397, 45.580389908256876]], [[-1.0764671644187427, 45.58783639143731], [-1.0839013326910611, 45.58783639143731], [-1.0839013326910611, 45.580389908256876], [-1.0764671644187427, 45.580389908256876], [-1.0764671644187427, 45.58783639143731]], [[-1.1433746788696095, 45.55805045871559], [-1.1470917630057689, 45.56177370030581], [-1.1470917630057689, 45.55805045871559], [-1.1433746788696095, 45.55805045871559]], [[-1.2177163615927953, 45.53943425076452], [-1.2214334457289546, 45.54315749235474], [-1.2214334457289546, 45.53943425076452], [-1.2177163615927953, 45.53943425076452]], [[-1.1842626043673616, 45.53943425076452], [-1.2102821933204766, 45.53943425076452], [-1.2102821933204766, 45.53571100917431], [-1.1954138567758397, 45.53198776758409], [-1.1954138567758397, 45.53571100917431], [-1.1842626043673616, 45.53571100917431], [-1.1842626043673616, 45.53943425076452]], [[-1.1470917630057689, 45.52454128440367], [-1.1508088471419282, 45.52826452599388], [-1.1508088471419282, 45.52454128440367], [-1.1470917630057689, 45.52454128440367]]], [[[-4.142463685015279, 47.833100162205994], [-4.146186926605494, 47.836820762368205], [-4.142463685015279, 47.836820762368205], [-4.142463685015279, 47.833100162205994]]], [[[-4.108954510703353, 47.870306163828054], [-4.112677752293567, 47.86658556366585], [-4.112677752293567, 47.870306163828054], [-4.108954510703353, 47.870306163828054]]], [[[-4.257884174311916, 48.28329278183293], [-4.261607415902129, 48.28701338199513], [-4.257884174311916, 48.28701338199513], [-4.257884174311916, 48.28329278183293]]], [[[-4.261607415902129, 48.29445458231954], [-4.261607415902129, 48.29817518248175], [-4.272777140672772, 48.29817518248175], [-4.272777140672772, 48.30561638280616], [-4.257884174311916, 48.30561638280616], [-4.257884174311916, 48.29817518248175], [-4.250437691131488, 48.29817518248175], [-4.250437691131488, 48.28701338199513], [-4.254160932721701, 48.28701338199513], [-4.254160932721701, 48.29445458231954], [-4.261607415902129, 48.29445458231954]]], [[[-4.310009556574912, 48.29817518248175], [-4.313732798165127, 48.29817518248175], [-4.313732798165127, 48.30561638280616], [-4.310009556574912, 48.30561638280616], [-4.310009556574912, 48.29817518248175]]], [[[-4.302563073394484, 48.30561638280616], [-4.306286314984699, 48.30933698296837], [-4.276500382262986, 48.30933698296837], [-4.276500382262986, 48.30561638280616], [-4.291393348623842, 48.30561638280616], [-4.291393348623842, 48.29817518248175], [-4.302563073394484, 48.29817518248175], [-4.302563073394484, 48.30561638280616]]], [[[-4.317456039755341, 48.30933698296837], [-4.321179281345555, 48.31305758313057], [-4.317456039755341, 48.31305758313057], [-4.317456039755341, 48.30933698296837]]], [[[-4.354688455657482, 48.316778183292776], [-4.36213493883791, 48.316778183292776], [-4.36213493883791, 48.32049878345499], [-4.354688455657482, 48.32049878345499], [-4.354688455657482, 48.316778183292776]]], [[[-4.919702602230479, 48.36142538523925], [-4.923420074349438, 48.365145985401455], [-4.919702602230479, 48.365145985401455], [-4.919702602230479, 48.36142538523925]]], [[[-4.979182156133824, 48.402351987023515], [-4.990334572490702, 48.402351987023515], [-4.990334572490702, 48.40979318734793], [-4.979182156133824, 48.40979318734793], [-4.979182156133824, 48.402351987023515]]], [[[-4.793308550185869, 48.428396188158956], [-4.797026022304828, 48.43211678832116], [-4.793308550185869, 48.43211678832116], [-4.793308550185869, 48.428396188158956]]], [[[-3.889283256880723, 48.67767639902676], [-3.893006498470937, 48.67767639902676], [-3.893006498470937, 48.68511759935117], [-3.889283256880723, 48.68511759935117], [-3.889283256880723, 48.67767639902676]]], [[[-3.94140863914372, 48.68511759935117], [-3.94140863914372, 48.69255879967558], [-3.9376853975535058, 48.69255879967558], [-3.9376853975535058, 48.68511759935117], [-3.94140863914372, 48.68511759935117]]], [[[-3.870667048929653, 48.68883819951338], [-3.878113532110081, 48.69627939983779], [-3.896729740061151, 48.69627939983779], [-3.893006498470937, 48.68511759935117], [-3.9041762232415795, 48.68511759935117], [-3.9078994648317935, 48.699999999999996], [-3.8632205657492245, 48.699999999999996], [-3.866943807339439, 48.69627939983779], [-3.8632205657492245, 48.68883819951338], [-3.870667048929653, 48.68883819951338]]], [[[-3.94140863914372, 48.69255879967558], [-3.945131880733934, 48.69255879967558], [-3.945131880733934, 48.699999999999996], [-3.94140863914372, 48.699999999999996], [-3.94140863914372, 48.69255879967558]]], [[[-4.097784785932711, 48.69627939983779], [-4.097784785932711, 48.699999999999996], [-4.086615061162068, 48.699999999999996], [-4.086615061162068, 48.69627939983779], [-4.097784785932711, 48.69627939983779]]], [[[-4.075445336391426, 48.69627939983779], [-4.0791685779816405, 48.699999999999996], [-4.075445336391426, 48.699999999999996], [-4.075445336391426, 48.69627939983779]]], [[[-3.8036487003057995, 43.452788104089215], [-3.811095183486228, 43.445353159851294], [-3.811095183486228, 43.45650557620817], [-3.785032492354729, 43.46022304832713], [-3.788755733944943, 43.445353159851294], [-3.8036487003057995, 43.445353159851294], [-3.8036487003057995, 43.452788104089215]]], [[[-2.314256181759783, 47.039900611620794], [-2.3179732658959424, 47.039900611620794], [-2.3179732658959424, 47.04734709480122], [-2.314256181759783, 47.04734709480122], [-2.314256181759783, 47.039900611620794]]], [[[-2.6494438073394386, 47.49824614760746], [-2.6494438073394386, 47.50568734793187], [-2.6457205657492247, 47.50568734793187], [-2.6457205657492247, 47.49824614760746], [-2.6494438073394386, 47.49824614760746]]], [[[-2.8579453363914267, 47.56149635036496], [-2.8542220948012127, 47.565216950527166], [-2.8542220948012127, 47.55405515004055], [-2.8653918195718546, 47.55405515004055], [-2.8653918195718546, 47.56149635036496], [-2.8579453363914267, 47.56149635036496]]], [[[-2.9063474770642093, 47.565216950527166], [-2.9063474770642093, 47.56893755068937], [-2.8989009938837813, 47.56893755068937], [-2.8989009938837813, 47.565216950527166], [-2.9063474770642093, 47.565216950527166]]], [[[-2.8951777522935673, 47.56893755068937], [-2.8951777522935673, 47.576378751013785], [-2.8914545107033534, 47.576378751013785], [-2.8914545107033534, 47.56893755068937], [-2.8951777522935673, 47.56893755068937]]], [[[-2.7872037461773593, 47.58381995133819], [-2.7983734709480017, 47.58009935117599], [-2.7983734709480017, 47.56893755068937], [-2.8132664373088576, 47.56893755068937], [-2.816989678899072, 47.56149635036496], [-2.820712920489286, 47.565216950527166], [-2.8467756116207843, 47.565216950527166], [-2.8430523700305703, 47.576378751013785], [-2.820712920489286, 47.576378751013785], [-2.820712920489286, 47.58009935117599], [-2.8095431957186436, 47.576378751013785], [-2.7983734709480017, 47.5875405515004], [-2.7834805045871454, 47.5875405515004], [-2.776034021406717, 47.58009935117599], [-2.7872037461773593, 47.58009935117599], [-2.7872037461773593, 47.58381995133819]]], [[[-2.8653918195718546, 47.576378751013785], [-2.8653918195718546, 47.56149635036496], [-2.880284785932711, 47.56149635036496], [-2.887731269113139, 47.56893755068937], [-2.884008027522925, 47.59126115166261], [-2.880284785932711, 47.59498175182481], [-2.8653918195718546, 47.59126115166261], [-2.8579453363914267, 47.59870235198702], [-2.8579453363914267, 47.5875405515004], [-2.8691150611620686, 47.58381995133819], [-2.8691150611620686, 47.576378751013785], [-2.8653918195718546, 47.576378751013785]]], [[[-2.936133409785922, 47.58381995133819], [-2.939856651376136, 47.5875405515004], [-2.936133409785922, 47.5875405515004], [-2.936133409785922, 47.58381995133819]]], [[[-2.9510263761467783, 47.59498175182481], [-2.939856651376136, 47.59126115166261], [-2.939856651376136, 47.5875405515004], [-2.9510263761467783, 47.5875405515004], [-2.9510263761467783, 47.59498175182481]]], [[[-2.9510263761467783, 47.59870235198702], [-2.9547496177369923, 47.602422952149226], [-2.9510263761467783, 47.602422952149226], [-2.9510263761467783, 47.59870235198702]]], [[[-2.8579453363914267, 47.613584752635845], [-2.8504988532109983, 47.609864152473634], [-2.8504988532109983, 47.602422952149226], [-2.8579453363914267, 47.602422952149226], [-2.8579453363914267, 47.613584752635845]]], [[[-2.8430523700305703, 47.609864152473634], [-2.8467756116207843, 47.613584752635845], [-2.8430523700305703, 47.613584752635845], [-2.8430523700305703, 47.609864152473634]]], [[[-2.8356058868501424, 47.609864152473634], [-2.8356058868501424, 47.613584752635845], [-2.8244361620795, 47.613584752635845], [-2.8244361620795, 47.609864152473634], [-2.8356058868501424, 47.609864152473634]]], [[[-3.349413226299683, 47.74008515815085], [-3.3531364678898976, 47.736364557988644], [-3.3531364678898976, 47.74008515815085], [-3.349413226299683, 47.74008515815085]]], [[[-2.7909269877675733, 48.62930859691808], [-2.7946502293577873, 48.63302919708029], [-2.7909269877675733, 48.63302919708029], [-2.7909269877675733, 48.62930859691808]]], [[[-2.6227741650610032, 48.56605839416058], [-2.6419973241590107, 48.56605839416058], [-2.6419973241590107, 48.562337793998374], [-2.6903994648317937, 48.56605839416058], [-2.6903994648317937, 48.56977899432279], [-2.716462155963292, 48.57349959448499], [-2.716462155963292, 48.5809407948094], [-2.7462480886850047, 48.5809407948094], [-2.7499713302752187, 48.588381995133815], [-2.7574178134556466, 48.588381995133815], [-2.764864296636075, 48.59582319545823], [-2.764864296636075, 48.61814679643146], [-2.7834805045871454, 48.61814679643146], [-2.7872037461773593, 48.62186739659367], [-2.7872037461773593, 48.62930859691808], [-2.764864296636075, 48.625587996755876], [-2.764864296636075, 48.6404703974047], [-2.761141055045861, 48.6404703974047], [-2.761141055045861, 48.63302919708029], [-2.7536945718654326, 48.6404703974047], [-2.7574178134556466, 48.65163219789132], [-2.7797572629969314, 48.65535279805352], [-2.7946502293577873, 48.67023519870235], [-2.8020967125382157, 48.67023519870235], [-2.8020967125382157, 48.66651459854014], [-2.8132664373088576, 48.67023519870235], [-2.8095431957186436, 48.65535279805352], [-2.8020967125382157, 48.65535279805352], [-2.8020967125382157, 48.6404703974047], [-2.8095431957186436, 48.6404703974047], [-2.8095431957186436, 48.65163219789132], [-2.816989678899072, 48.65163219789132], [-2.820712920489286, 48.65907339821573], [-2.8430523700305703, 48.66651459854014], [-2.8430523700305703, 48.67023519870235], [-2.8579453363914267, 48.673955798864554], [-2.8579453363914267, 48.67767639902676], [-2.8691150611620686, 48.67767639902676], [-2.8691150611620686, 48.68511759935117], [-2.880284785932711, 48.68511759935117], [-2.887731269113139, 48.699999999999996], [-1.9908698619139256, 48.699999999999996], [-1.9908698619139256, 48.69627939983779], [-1.9648502729608106, 48.699999999999996], [-1.9648502729608106, 48.69627939983779], [-1.9760015253692886, 48.69627939983779], [-1.983435693641607, 48.68883819951338], [-1.9983040301862443, 48.68883819951338], [-1.9983040301862443, 48.67767639902676], [-2.013172366730881, 48.673955798864554], [-2.0168894508670405, 48.66651459854014], [-2.039191955683996, 48.66651459854014], [-2.0429090398201555, 48.673955798864554], [-2.0540602922286335, 48.673955798864554], [-2.0540602922286335, 48.67767639902676], [-2.065211544637111, 48.673955798864554], [-2.065211544637111, 48.68511759935117], [-2.076362797045589, 48.68511759935117], [-2.0800798811817485, 48.673955798864554], [-2.061494460500952, 48.66651459854014], [-2.061494460500952, 48.65907339821573], [-2.0429090398201555, 48.65535279805352], [-2.0429090398201555, 48.64419099756691], [-2.039191955683996, 48.64419099756691], [-2.039191955683996, 48.636749797242494], [-2.031757787411678, 48.62930859691808], [-2.039191955683996, 48.62930859691808], [-2.046626123956315, 48.636749797242494], [-2.050343208092474, 48.65163219789132], [-2.061494460500952, 48.65163219789132], [-2.07264571290943, 48.662793998377936], [-2.102382385998704, 48.66651459854014], [-2.102382385998704, 48.67023519870235], [-2.1060994701348634, 48.67023519870235], [-2.102382385998704, 48.65163219789132], [-2.117250722543341, 48.65535279805352], [-2.1246848908156597, 48.6404703974047], [-2.139553227360297, 48.64419099756691], [-2.139553227360297, 48.6404703974047], [-2.1507044797687747, 48.636749797242494], [-2.154421563904934, 48.64419099756691], [-2.165572816313412, 48.64419099756691], [-2.169289900449571, 48.6404703974047], [-2.165572816313412, 48.62930859691808], [-2.180441152858049, 48.62930859691808], [-2.180441152858049, 48.63302919708029], [-2.217611994219642, 48.62930859691808], [-2.217611994219642, 48.63302919708029], [-2.2287632466281195, 48.63302919708029], [-2.2287632466281195, 48.636749797242494], [-2.243631583172757, 48.6404703974047], [-2.243631583172757, 48.65163219789132], [-2.2733682562620308, 48.65163219789132], [-2.2808024245343494, 48.65907339821573], [-2.288236592806668, 48.65907339821573], [-2.284519508670509, 48.67023519870235], [-2.3105390976236237, 48.673955798864554], [-2.314256181759783, 48.68883819951338], [-2.321690350032102, 48.69255879967558], [-2.321690350032102, 48.68883819951338], [-2.3328416024405794, 48.68511759935117], [-2.3328416024405794, 48.673955798864554], [-2.3588611913936943, 48.67023519870235], [-2.3625782755298537, 48.662793998377936], [-2.377446612074491, 48.662793998377936], [-2.377446612074491, 48.65907339821573], [-2.3885978644829686, 48.65907339821573], [-2.3885978644829686, 48.65535279805352], [-2.4146174534360836, 48.65163219789132], [-2.418334537572243, 48.65535279805352], [-2.4146174534360836, 48.662793998377936], [-2.4220516217084023, 48.662793998377936], [-2.4220516217084023, 48.65907339821573], [-2.4257687058445616, 48.662793998377936], [-2.43320287411688, 48.662793998377936], [-2.43320287411688, 48.65907339821573], [-2.4517882947976766, 48.662793998377936], [-2.459222463069995, 48.65535279805352], [-2.470373715478473, 48.65907339821573], [-2.470373715478473, 48.65535279805352], [-2.4926762202954285, 48.65163219789132], [-2.488959136159269, 48.62930859691808], [-2.496393304431588, 48.62186739659367], [-2.514978725112384, 48.61814679643146], [-2.514978725112384, 48.61070559610705], [-2.5224128933847028, 48.61070559610705], [-2.5224128933847028, 48.61814679643146], [-2.5298470616570214, 48.61814679643146], [-2.526129977520862, 48.60698499594485], [-2.5744520712909327, 48.60698499594485], [-2.5744520712909327, 48.60326439578264], [-2.5856033236994107, 48.599543795620434], [-2.5856033236994107, 48.59210259529602], [-2.593037491971729, 48.59210259529602], [-2.6004716602440476, 48.58466139497161], [-2.6004716602440476, 48.57349959448499], [-2.6227741650610032, 48.56605839416058]], [[-2.0800798811817485, 48.673955798864554], [-2.083796965317908, 48.67023519870235], [-2.0800798811817485, 48.67023519870235], [-2.0800798811817485, 48.673955798864554]], [[-2.5744520712909327, 48.60698499594485], [-2.5707349871547733, 48.61070559610705], [-2.5707349871547733, 48.62186739659367], [-2.5818862395632514, 48.625587996755876], [-2.5856033236994107, 48.61070559610705], [-2.5744520712909327, 48.60698499594485]], [[-2.7425248470947907, 48.65907339821573], [-2.7536945718654326, 48.65907339821573], [-2.7536945718654326, 48.65535279805352], [-2.7462480886850047, 48.65163219789132], [-2.7425248470947907, 48.65907339821573]], [[-2.4778078837507915, 48.673955798864554], [-2.470373715478473, 48.673955798864554], [-2.470373715478473, 48.67767639902676], [-2.4778078837507915, 48.67767639902676], [-2.4778078837507915, 48.68511759935117], [-2.496393304431588, 48.68511759935117], [-2.496393304431588, 48.67023519870235], [-2.4926762202954285, 48.66651459854014], [-2.481524967886951, 48.66651459854014], [-2.4778078837507915, 48.673955798864554]], [[-2.4666566313423135, 48.67767639902676], [-2.459222463069995, 48.673955798864554], [-2.459222463069995, 48.68511759935117], [-2.4666566313423135, 48.68511759935117], [-2.4666566313423135, 48.67767639902676]]], [[[-3.889283256880723, 48.673955798864554], [-3.878113532110081, 48.673955798864554], [-3.874390290519867, 48.662793998377936], [-3.889283256880723, 48.662793998377936], [-3.889283256880723, 48.673955798864554]]], [[[-3.6323795871559525, 48.69255879967558], [-3.6361028287461665, 48.699999999999996], [-3.60259365443424, 48.699999999999996], [-3.60259365443424, 48.69627939983779], [-3.617486620795096, 48.69627939983779], [-3.617486620795096, 48.69255879967558], [-3.6323795871559525, 48.69255879967558]]], [[[-3.6919514525993775, 48.69627939983779], [-3.6919514525993775, 48.699999999999996], [-3.669612003058093, 48.699999999999996], [-3.669612003058093, 48.69627939983779], [-3.6919514525993775, 48.69627939983779]]], [[[-1.2697555394990252, 44.54200743494423], [-1.2697555394990252, 44.54944237918215], [-1.2660384553628659, 44.54944237918215], [-1.2660384553628659, 44.54200743494423], [-1.2697555394990252, 44.54200743494423]]], [[[-1.2697555394990252, 44.56802973977695], [-1.2697555394990252, 44.571747211895904], [-1.2623213712267067, 44.571747211895904], [-1.2623213712267067, 44.56802973977695], [-1.2697555394990252, 44.56802973977695]]], [[[-1.2623213712267067, 45.70325688073394], [-1.254887202954388, 45.70325688073394], [-1.2511701188182287, 45.695810397553515], [-1.2623213712267067, 45.695810397553515], [-1.2623213712267067, 45.70325688073394]]], [[[-1.2511701188182287, 45.78889143730886], [-1.2437359505459102, 45.78889143730886], [-1.2437359505459102, 45.78516819571865], [-1.2511701188182287, 45.78516819571865], [-1.2511701188182287, 45.78889143730886]]], [[[-1.2437359505459102, 45.803784403669724], [-1.240018866409751, 45.79633792048929], [-1.228867614001273, 45.80006116207951], [-1.2325846981374324, 45.78889143730886], [-1.2437359505459102, 45.78889143730886], [-1.2437359505459102, 45.79633792048929], [-1.2697555394990252, 45.80006116207951], [-1.2697555394990252, 45.803784403669724], [-1.2437359505459102, 45.803784403669724]]], [[[-1.2437359505459102, 46.01973241590213], [-1.2474530346820696, 46.016009174311925], [-1.2474530346820696, 46.01973241590213], [-1.2437359505459102, 46.01973241590213]]], [[[-2.2399144990365976, 46.872354740061155], [-2.2399144990365976, 46.879801223241586], [-2.2287632466281195, 46.879801223241586], [-2.2287632466281195, 46.872354740061155], [-2.2399144990365976, 46.872354740061155]]], [[[-1.6228785324341568, 47.16649082568807], [-1.6265956165703161, 47.16276758409786], [-1.6265956165703161, 47.16649082568807], [-1.6228785324341568, 47.16649082568807]]], [[[-2.22504616249196, 47.17021406727828], [-2.2287632466281195, 47.16649082568807], [-2.2399144990365976, 47.16649082568807], [-2.2399144990365976, 47.16276758409786], [-2.258499919717394, 47.16276758409786], [-2.2547828355812345, 47.17021406727828], [-2.247348667308916, 47.17021406727828], [-2.247348667308916, 47.17455393349554], [-2.22504616249196, 47.17455393349554], [-2.22504616249196, 47.17021406727828]]], [[[-1.6005760276172012, 47.17766055045871], [-1.6042931117533605, 47.17766055045871], [-1.6042931117533605, 47.18883027522936], [-1.6005760276172012, 47.18883027522936], [-1.6005760276172012, 47.17766055045871]]], [[[-2.3105390976236237, 47.230362935928625], [-2.3105390976236237, 47.23408353609083], [-2.2919536769428275, 47.23408353609083], [-2.295670761078987, 47.22664233576642], [-2.3105390976236237, 47.230362935928625]]], [[[-2.269651172125872, 47.23408353609083], [-2.27708534039819, 47.22664233576642], [-2.2808024245343494, 47.23408353609083], [-2.258499919717394, 47.24524533657745], [-2.258499919717394, 47.23780413625304], [-2.269651172125872, 47.23408353609083]]], [[[-2.1990265735388452, 47.267568937550685], [-2.206460741811164, 47.25268653690186], [-2.221329078355801, 47.25268653690186], [-2.2287632466281195, 47.24524533657745], [-2.247348667308916, 47.24896593673966], [-2.247348667308916, 47.25268653690186], [-2.217611994219642, 47.256407137064066], [-2.2138949100834826, 47.267568937550685], [-2.2027436576750046, 47.267568937550685], [-2.1990265735388452, 47.2750101378751], [-2.180441152858049, 47.28245133819951], [-2.1878753211303676, 47.267568937550685], [-2.1990265735388452, 47.267568937550685]]], [[[-2.1767240687218896, 47.27128953771289], [-2.180441152858049, 47.2750101378751], [-2.1767240687218896, 47.2750101378751], [-2.1767240687218896, 47.27128953771289]]], [[[-2.1767240687218896, 47.28617193836172], [-2.180441152858049, 47.28245133819951], [-2.180441152858049, 47.28617193836172], [-2.1767240687218896, 47.28617193836172]]], [[[-2.288236592806668, 47.50568734793187], [-2.2919536769428275, 47.50940794809407], [-2.288236592806668, 47.50940794809407], [-2.288236592806668, 47.50568734793187]]], [[[-2.0168894508670405, 48.599543795620434], [-2.0206065350032, 48.60326439578264], [-2.0168894508670405, 48.60326439578264], [-2.0168894508670405, 48.599543795620434]]], [[[-2.0280407032755186, 48.62186739659367], [-2.031757787411678, 48.62186739659367], [-2.031757787411678, 48.62930859691808], [-2.0280407032755186, 48.62930859691808], [-2.0280407032755186, 48.62186739659367]]], [[[-1.7343910565189353, 48.68883819951338], [-1.7343910565189353, 48.68511759935117], [-1.7604106454720503, 48.68883819951338], [-1.7604106454720503, 48.67767639902676], [-1.771561897880528, 48.67767639902676], [-1.771561897880528, 48.67023519870235], [-1.797581486833643, 48.66651459854014], [-1.797581486833643, 48.67023519870235], [-1.8273181599229174, 48.67767639902676], [-1.8273181599229174, 48.68883819951338], [-1.8347523281952358, 48.68511759935117], [-1.8347523281952358, 48.69627939983779], [-1.8421864964675545, 48.69255879967558], [-1.8459035806037136, 48.699999999999996], [-1.7009372992935017, 48.699999999999996], [-1.7009372992935017, 48.69255879967558], [-1.7232398041104575, 48.69627939983779], [-1.7232398041104575, 48.68883819951338], [-1.7343910565189353, 48.68883819951338]], [[-1.8198839916505987, 48.68511759935117], [-1.8087327392421209, 48.68511759935117], [-1.8087327392421209, 48.68883819951338], [-1.8198839916505987, 48.69255879967558], [-1.8198839916505987, 48.68511759935117]]], [[[-1.1470917630057689, 44.66840148698884], [-1.1954138567758397, 44.66840148698884], [-1.1954138567758397, 44.664684014869884], [-1.2028480250481581, 44.664684014869884], [-1.2028480250481581, 44.65724907063196], [-1.2102821933204766, 44.65724907063196], [-1.2214334457289546, 44.64609665427509], [-1.228867614001273, 44.64609665427509], [-1.2363017822735916, 44.620074349442376], [-1.228867614001273, 44.612639405204455], [-1.2214334457289546, 44.612639405204455], [-1.2214334457289546, 44.620074349442376], [-1.213999277456636, 44.62379182156133], [-1.213999277456636, 44.64237918215613], [-1.2102821933204766, 44.64237918215613], [-1.2102821933204766, 44.612639405204455], [-1.2177163615927953, 44.60520446096654], [-1.2214334457289546, 44.590334572490704], [-1.228867614001273, 44.590334572490704], [-1.228867614001273, 44.58289962825278], [-1.2363017822735916, 44.579182156133825], [-1.2363017822735916, 44.571747211895904], [-1.2474530346820696, 44.56802973977695], [-1.2474530346820696, 44.57546468401487], [-1.240018866409751, 44.579182156133825], [-1.240018866409751, 44.58661710037174], [-1.2325846981374324, 44.58661710037174], [-1.2325846981374324, 44.59776951672862], [-1.228867614001273, 44.59776951672862], [-1.2325846981374324, 44.60148698884758], [-1.228867614001273, 44.6089219330855], [-1.2363017822735916, 44.612639405204455], [-1.240018866409751, 44.590334572490704], [-1.2474530346820696, 44.590334572490704], [-1.2437359505459102, 44.60520446096654], [-1.240018866409751, 44.60520446096654], [-1.2437359505459102, 44.61635687732342], [-1.2474530346820696, 44.61635687732342], [-1.2474530346820696, 44.63866171003717], [-1.240018866409751, 44.64609665427509], [-1.240018866409751, 44.672118959107806], [-1.2325846981374324, 44.664684014869884], [-1.2325846981374324, 44.64981412639405], [-1.228867614001273, 44.64981412639405], [-1.228867614001273, 44.653531598513005], [-1.2214334457289546, 44.653531598513005], [-1.2214334457289546, 44.664684014869884], [-1.213999277456636, 44.664684014869884], [-1.2102821933204766, 44.672118959107806], [-1.1991309409119988, 44.672118959107806], [-1.1991309409119988, 44.67583643122676], [-1.1247892581888133, 44.67955390334572], [-1.1247892581888133, 44.67583643122676], [-1.1470917630057689, 44.672118959107806], [-1.1470917630057689, 44.66840148698884]]], [[[-1.1582430154142467, 44.68327137546468], [-1.161960099550406, 44.68698884758364], [-1.1582430154142467, 44.68698884758364], [-1.1582430154142467, 44.68327137546468]]], [[[-1.2363017822735916, 44.68327137546468], [-1.2325846981374324, 44.70185873605948], [-1.2177163615927953, 44.70929368029739], [-1.2214334457289546, 44.694423791821556], [-1.228867614001273, 44.694423791821556], [-1.228867614001273, 44.68327137546468], [-1.2363017822735916, 44.68327137546468]]], [[[-1.213999277456636, 44.70929368029739], [-1.2177163615927953, 44.71301115241635], [-1.213999277456636, 44.71301115241635], [-1.213999277456636, 44.70929368029739]]], [[[-1.2028480250481581, 44.716728624535314], [-1.2028480250481581, 44.72044609665427], [-1.1954138567758397, 44.72044609665427], [-1.187979688503521, 44.71301115241635], [-1.213999277456636, 44.71301115241635], [-1.213999277456636, 44.716728624535314], [-1.2028480250481581, 44.716728624535314]]], [[[-0.7084758349389738, 45.21923547400611], [-0.7084758349389738, 45.22668195718654], [-0.7010416666666552, 45.22668195718654], [-0.7010416666666552, 45.21923547400611], [-0.7084758349389738, 45.21923547400611]]], [[[-0.7084758349389738, 45.234128440366966], [-0.712192919075133, 45.234128440366966], [-0.712192919075133, 45.24529816513761], [-0.7084758349389738, 45.24529816513761], [-0.7084758349389738, 45.234128440366966]]], [[[-0.7456466763005666, 45.22668195718654], [-0.7456466763005666, 45.21923547400611], [-0.7493637604367259, 45.21923547400611], [-0.7530808445728852, 45.2676376146789], [-0.7493637604367259, 45.2676376146789], [-0.7493637604367259, 45.252744648318036], [-0.7456466763005666, 45.252744648318036], [-0.7456466763005666, 45.234128440366966], [-0.7419295921644073, 45.234128440366966], [-0.7419295921644073, 45.22668195718654], [-0.7456466763005666, 45.22668195718654]]], [[[-0.7865346017983187, 45.323486238532105], [-0.7902516859344779, 45.32720948012232], [-0.7865346017983187, 45.32720948012232], [-0.7865346017983187, 45.323486238532105]]], [[[-0.7605150128452037, 45.323486238532105], [-0.7679491811175223, 45.330932721712536], [-0.7679491811175223, 45.33837920489296], [-0.7567979287090445, 45.33837920489296], [-0.7530808445728852, 45.323486238532105], [-0.7605150128452037, 45.323486238532105]]], [[[-0.7791004335260001, 45.360718654434244], [-0.7791004335260001, 45.36444189602446], [-0.7716662652536815, 45.36444189602446], [-0.7716662652536815, 45.360718654434244], [-0.7791004335260001, 45.360718654434244]]], [[[-0.8125541907514336, 45.41656727828746], [-0.8162712748875929, 45.420290519877675], [-0.8125541907514336, 45.420290519877675], [-0.8125541907514336, 45.41656727828746]]], [[[-0.7939687700706373, 45.45007645259938], [-0.8014029383429558, 45.4537996941896], [-0.8051200224791151, 45.46124617737003], [-0.7976858542067965, 45.46124617737003], [-0.7939687700706373, 45.45007645259938]]], [[[-0.8125541907514336, 45.46496941896024], [-0.8125541907514336, 45.46869266055045], [-0.8051200224791151, 45.46869266055045], [-0.8051200224791151, 45.46496941896024], [-0.8125541907514336, 45.46496941896024]]], [[[-0.8199883590237522, 45.47241590214067], [-0.8237054431599115, 45.47613914373088], [-0.8199883590237522, 45.47613914373088], [-0.8199883590237522, 45.47241590214067]]], [[[-0.83113961143223, 45.49103211009174], [-0.8348566955683894, 45.48730886850152], [-0.8348566955683894, 45.49103211009174], [-0.83113961143223, 45.49103211009174]]], [[[-1.0058425658317163, 45.50220183486238], [-1.0058425658317163, 45.5059250764526], [-0.9984083975593977, 45.5059250764526], [-0.9984083975593977, 45.50220183486238], [-1.0058425658317163, 45.50220183486238]]], [[[-1.0095596499678756, 45.50964831804281], [-1.0058425658317163, 45.5059250764526], [-1.0095596499678756, 45.5059250764526], [-1.0095596499678756, 45.50964831804281]]], [[[-1.0095596499678756, 45.50964831804281], [-1.0132767341040347, 45.50964831804281], [-1.0132767341040347, 45.51709480122324], [-1.0095596499678756, 45.51709480122324], [-1.0095596499678756, 45.50964831804281]]], [[[-1.0207109023763534, 45.51709480122324], [-1.0207109023763534, 45.52081804281345], [-1.0132767341040347, 45.52081804281345], [-1.0132767341040347, 45.51709480122324], [-1.0207109023763534, 45.51709480122324]]], [[[-1.0281450706486719, 45.52081804281345], [-1.0281450706486719, 45.52826452599388], [-1.0244279865125128, 45.52826452599388], [-1.0207109023763534, 45.52081804281345], [-1.0281450706486719, 45.52081804281345]]], [[[-1.1842626043673616, 45.55805045871559], [-1.1805455202312025, 45.56549694189602], [-1.1731113519588838, 45.56549694189602], [-1.1768284360950432, 45.55805045871559], [-1.1842626043673616, 45.55805045871559]]], [[[-1.1954138567758397, 45.60272935779816], [-1.1991309409119988, 45.606452599388376], [-1.1954138567758397, 45.606452599388376], [-1.1954138567758397, 45.60272935779816]]], [[[-1.228867614001273, 45.680917431192654], [-1.228867614001273, 45.68464067278287], [-1.2214334457289546, 45.68464067278287], [-1.2214334457289546, 45.680917431192654], [-1.228867614001273, 45.680917431192654]]]]}}, {"type": "Feature", "properties": {"t": "b10", "lvl": 10}, "geometry": {"type": "MultiPolygon", "coordinates": [[[[-3.0217679663608457, 43.337546468401484], [-3.0254912079510596, 43.33382899628253], [-3.0254912079510596, 43.337546468401484], [-3.0217679663608457, 43.337546468401484]]], [[[-2.630208333333322, 43.400743494423786], [-2.6382740825687967, 43.40817843866171], [-2.6419973241590107, 43.42304832713754], [-2.6978459480122217, 43.41561338289962], [-2.6978459480122217, 43.42304832713754], [-2.7313551223241483, 43.43048327137546], [-2.7313551223241483, 43.43420074349442], [-2.7425248470947907, 43.43791821561338], [-2.7499713302752187, 43.46022304832713], [-2.7797572629969314, 43.45650557620817], [-2.7983734709480017, 43.43791821561338], [-2.936133409785922, 43.44163568773234], [-2.936133409785922, 43.43791821561338], [-2.9584728593272063, 43.43420074349442], [-2.9584728593272063, 43.42304832713754], [-2.9733658256880626, 43.419330855018586], [-2.9770890672782766, 43.40817843866171], [-2.991982033639133, 43.40446096654275], [-2.995705275229347, 43.39702602230483], [-3.0105982415902033, 43.39330855018587], [-3.0105982415902033, 43.38959107806691], [-3.0329376911314876, 43.38959107806691], [-3.040384174311916, 43.38215613382899], [-3.040384174311916, 43.371003717472114], [-3.0254912079510596, 43.35613382899628], [-3.0292144495412736, 43.34126394052044], [-3.0329376911314876, 43.34126394052044], [-3.0329376911314876, 43.35241635687732], [-3.055277140672772, 43.34869888475836], [-3.055277140672772, 43.35613382899628], [-3.0701701070336282, 43.35613382899628], [-3.0701701070336282, 43.359851301115235], [-3.051553899082558, 43.359851301115235], [-3.051553899082558, 43.3635687732342], [-3.0813398318042706, 43.359851301115235], [-3.0813398318042706, 43.3635687732342], [-3.092509556574913, 43.3635687732342], [-3.092509556574913, 43.36728624535316], [-3.1111257645259833, 43.36728624535316], [-3.1148490061161973, 43.359851301115235], [-3.1409116972476956, 43.359851301115235], [-3.1409116972476956, 43.35613382899628], [-3.1669743883791943, 43.359851301115235], [-3.1744208715596223, 43.36728624535316], [-3.1967603211009066, 43.371003717472114], [-3.2004835626911206, 43.38215613382899], [-3.211653287461763, 43.38215613382899], [-3.211653287461763, 43.38959107806691], [-3.219099770642191, 43.38959107806691], [-3.219099770642191, 43.39702602230483], [-3.2265462538226193, 43.39702602230483], [-3.2265462538226193, 43.400743494423786], [-3.2451624617736896, 43.400743494423786], [-3.2451624617736896, 43.40446096654275], [-3.260055428134546, 43.40446096654275], [-3.260055428134546, 43.40817843866171], [-3.271225152905188, 43.40817843866171], [-3.271225152905188, 43.40446096654275], [-3.274948394495402, 43.40817843866171], [-3.2972878440366866, 43.40817843866171], [-3.2972878440366866, 43.41561338289962], [-3.315904051987757, 43.41561338289962], [-3.315904051987757, 43.40817843866171], [-3.319627293577971, 43.40817843866171], [-3.323350535168185, 43.42304832713754], [-3.371752675840968, 43.419330855018586], [-3.371752675840968, 43.42304832713754], [-3.3940921253822522, 43.42304832713754], [-3.3940921253822522, 43.4267657992565], [-3.423878058103965, 43.4267657992565], [-3.423878058103965, 43.463940520446094], [-3.427601299694179, 43.46765799256505], [-3.4722801987767475, 43.47137546468401], [-3.48344992354739, 43.48996282527881], [-3.513235856269102, 43.493680297397766], [-3.5169590978593166, 43.50111524163568], [-3.539298547400601, 43.50111524163568], [-3.546745030581029, 43.51226765799256], [-3.5802542048929555, 43.51226765799256], [-3.5802542048929555, 43.51970260223048], [-3.598870412844026, 43.51970260223048], [-3.598870412844026, 43.51226765799256], [-3.6100401376146682, 43.51226765799256], [-3.6100401376146682, 43.5085501858736], [-3.624933103975524, 43.504832713754645], [-3.624933103975524, 43.50111524163568], [-3.647272553516809, 43.504832713754645], [-3.654719036697237, 43.49739776951672], [-3.677058486238521, 43.493680297397766], [-3.680781727828735, 43.486245353159845], [-3.6882282110091635, 43.486245353159845], [-3.6882282110091635, 43.47881040892193], [-3.6956746941895915, 43.47881040892193], [-3.6956746941895915, 43.486245353159845], [-3.714290902140662, 43.486245353159845], [-3.714290902140662, 43.47881040892193], [-3.736630351681946, 43.47881040892193], [-3.7403535932721605, 43.47137546468401], [-3.770139525993873, 43.47509293680297], [-3.7738627675840872, 43.48996282527881], [-3.781309250764515, 43.48996282527881], [-3.788755733944943, 43.49739776951672], [-3.833434633027512, 43.49739776951672], [-3.84088111620794, 43.48996282527881], [-3.870667048929653, 43.486245353159845], [-3.870667048929653, 43.47881040892193], [-3.874390290519867, 43.47881040892193], [-3.874390290519867, 43.486245353159845], [-3.885560015290509, 43.486245353159845], [-3.885560015290509, 43.47881040892193], [-3.945131880733934, 43.47509293680297], [-3.948855122324148, 43.46765799256505], [-3.9600248470947905, 43.46765799256505], [-3.9600248470947905, 43.463940520446094], [-3.9674713302752185, 43.463940520446094], [-3.9674713302752185, 43.46022304832713], [-3.982364296636075, 43.45650557620817], [-3.982364296636075, 43.452788104089215], [-3.997257262996931, 43.452788104089215], [-3.997257262996931, 43.445353159851294], [-4.004703746177359, 43.445353159851294], [-4.004703746177359, 43.452788104089215], [-4.012150229357787, 43.452788104089215], [-4.012150229357787, 43.45650557620817], [-4.030766437308857, 43.45650557620817], [-4.034489678899072, 43.445353159851294], [-4.053105886850142, 43.445353159851294], [-4.053105886850142, 43.44163568773234], [-4.0642756116207845, 43.44163568773234], [-4.0642756116207845, 43.43791821561338], [-4.086615061162068, 43.44163568773234], [-4.086615061162068, 43.43791821561338], [-4.097784785932711, 43.43791821561338], [-4.105231269113139, 43.43048327137546], [-4.112677752293567, 43.43048327137546], [-4.116400993883781, 43.42304832713754], [-4.168526376146778, 43.41561338289962], [-4.168526376146778, 43.40817843866171], [-4.250437691131488, 43.40446096654275], [-4.250437691131488, 43.400743494423786], [-4.276500382262986, 43.400743494423786], [-4.276500382262986, 43.39702602230483], [-4.283946865443414, 43.39702602230483], [-4.283946865443414, 43.400743494423786], [-4.328625764525983, 43.39702602230483], [-4.332349006116197, 43.400743494423786], [-4.332349006116197, 43.41561338289962], [-4.3435187308868395, 43.41561338289962], [-4.3435187308868395, 43.40817843866171], [-4.350965214067267, 43.40817843866171], [-4.350965214067267, 43.41561338289962], [-4.358411697247695, 43.41561338289962], [-4.36213493883791, 43.40446096654275], [-4.377027905198766, 43.40446096654275], [-4.377027905198766, 43.400743494423786], [-4.425430045871549, 43.40446096654275], [-4.425430045871549, 43.400743494423786], [-4.462662461773689, 43.400743494423786], [-4.462662461773689, 43.39702602230483], [-4.470108944954117, 43.39702602230483], [-4.470108944954117, 43.400743494423786], [-4.488725152905188, 43.400743494423786], [-4.488725152905188, 43.40446096654275], [-4.5036181192660445, 43.40446096654275], [-4.5036181192660445, 43.400743494423786], [-4.552020259938827, 43.40446096654275], [-4.552020259938827, 43.400743494423786], [-4.566913226299683, 43.400743494423786], [-4.570636467889897, 43.39702602230483], [-4.570636467889897, 43.400743494423786], [-4.581806192660539, 43.400743494423786], [-4.581806192660539, 43.40446096654275], [-4.611152416356872, 43.400743494423786], [-4.611152416356872, 43.40446096654275], [-4.633457249070627, 43.40446096654275], [-4.633457249070627, 43.40817843866171], [-4.666914498141259, 43.40817843866171], [-4.666914498141259, 43.41561338289962], [-4.700371747211891, 43.41561338289962], [-4.700371747211891, 43.419330855018586], [-4.718959107806687, 43.419330855018586], [-4.718959107806687, 43.42304832713754], [-4.741263940520441, 43.42304832713754], [-4.741263940520441, 43.4267657992565], [-4.763568773234196, 43.43048327137546], [-4.763568773234196, 43.43420074349442], [-4.774721189591073, 43.43420074349442], [-4.774721189591073, 43.43791821561338], [-4.793308550185869, 43.43791821561338], [-4.793308550185869, 43.44163568773234], [-4.83048327137546, 43.44163568773234], [-4.834200743494419, 43.452788104089215], [-4.867657992565051, 43.45650557620817], [-4.867657992565051, 43.46022304832713], [-4.875092936802969, 43.46022304832713], [-4.875092936802969, 43.45650557620817], [-4.904832713754642, 43.45650557620817], [-4.904832713754642, 43.46022304832713], [-4.919702602230479, 43.46022304832713], [-4.927137546468397, 43.46765799256505], [-4.934572490706315, 43.46765799256505], [-4.934572490706315, 43.463940520446094], [-4.945724907063192, 43.463940520446094], [-4.945724907063192, 43.46765799256505], [-4.979182156133824, 43.46765799256505], [-4.979182156133824, 43.463940520446094], [-5.053531598513007, 43.46765799256505], [-5.060966542750925, 43.47509293680297], [-5.075836431226761, 43.47137546468401], [-5.07955390334572, 43.47881040892193], [-5.105576208178434, 43.47881040892193], [-5.105576208178434, 43.486245353159845], [-5.116728624535312, 43.486245353159845], [-5.120446096654271, 43.493680297397766], [-5.135315985130107, 43.493680297397766], [-5.135315985130107, 43.48996282527881], [-5.146468401486984, 43.48996282527881], [-5.146468401486984, 43.486245353159845], [-5.213382899628248, 43.486245353159845], [-5.213382899628248, 43.48996282527881], [-5.243122676579921, 43.49739776951672], [-5.243122676579921, 43.504832713754645], [-5.2617100371747165, 43.51226765799256], [-5.2617100371747165, 43.52342007434944], [-5.276579925650553, 43.527137546468396], [-5.276579925650553, 43.53085501858736], [-5.2840148698884715, 43.53085501858736], [-5.2914498141263895, 43.538289962825274], [-5.3026022304832665, 43.538289962825274], [-5.3026022304832665, 43.54200743494423], [-5.3063197026022255, 43.538289962825274], [-5.388104089219326, 43.54200743494423], [-5.388104089219326, 43.545724907063196], [-5.395539033457244, 43.545724907063196], [-5.395539033457244, 43.55687732342007], [-5.406691449814121, 43.55687732342007], [-5.406691449814121, 43.56059479553903], [-5.488475836431222, 43.55687732342007], [-5.488475836431222, 43.54944237918215], [-5.49591078066914, 43.54944237918215], [-5.49591078066914, 43.55687732342007], [-5.570260223048322, 43.55687732342007], [-5.570260223048322, 43.56059479553903], [-5.603717472118954, 43.55687732342007], [-5.603717472118954, 43.56059479553903], [-5.614869888475831, 43.56059479553903], [-5.614869888475831, 43.56431226765799], [-5.637174721189586, 43.56431226765799], [-5.637174721189586, 43.56059479553903], [-5.652044609665423, 43.56059479553903], [-5.652044609665423, 43.55687732342007], [-5.6631970260223, 43.55687732342007], [-5.6631970260223, 43.56059479553903], [-5.678066914498136, 43.55687732342007], [-5.685501858736055, 43.56431226765799], [-5.696654275092932, 43.56059479553903], [-5.692936802973973, 43.56802973977695], [-5.685501858736055, 43.56802973977695], [-5.685501858736055, 43.571747211895904], [-5.692936802973973, 43.571747211895904], [-5.689219330855014, 43.58289962825278], [-5.696654275092932, 43.58289962825278], [-5.700371747211891, 43.57546468401487], [-5.711524163568768, 43.57546468401487], [-5.711524163568768, 43.571747211895904], [-5.733828996282523, 43.57546468401487], [-5.741263940520441, 43.58289962825278], [-5.741263940520441, 43.590334572490704], [-5.752416356877319, 43.590334572490704], [-5.767286245353155, 43.60520446096654], [-5.767286245353155, 43.612639405204455], [-5.778438661710032, 43.612639405204455], [-5.778438661710032, 43.631226765799255], [-5.782156133828992, 43.63494423791821], [-5.808178438661705, 43.63866171003717], [-5.808178438661705, 43.64609665427509], [-5.83048327137546, 43.64609665427509], [-5.841635687732337, 43.664684014869884], [-5.860223048327133, 43.664684014869884], [-5.863940520446092, 43.66096654275093], [-5.863940520446092, 43.64237918215613], [-5.87137546468401, 43.64237918215613], [-5.882527881040888, 43.631226765799255], [-5.91598513011152, 43.631226765799255], [-5.919702602230479, 43.62750929368029], [-5.91598513011152, 43.62379182156133], [-5.919702602230479, 43.612639405204455], [-5.930855018587356, 43.612639405204455], [-5.934572490706315, 43.60520446096654], [-5.945724907063192, 43.60520446096654], [-5.949442379182152, 43.59405204460966], [-5.979182156133824, 43.590334572490704], [-5.979182156133824, 43.58289962825278], [-6.001486988847579, 43.58289962825278], [-6.001486988847579, 43.590334572490704], [-6.03866171003717, 43.59776951672862], [-6.03866171003717, 43.590334572490704], [-6.049814126394048, 43.590334572490704], [-6.049814126394048, 43.58289962825278], [-6.057249070631966, 43.58289962825278], [-6.064684014869884, 43.57546468401487], [-6.075836431226761, 43.579182156133825], [-6.07955390334572, 43.571747211895904], [-6.113011152416352, 43.56802973977695], [-6.113011152416352, 43.56431226765799], [-6.142750929368025, 43.56802973977695], [-6.142750929368025, 43.571747211895904], [-6.161338289962821, 43.571747211895904], [-6.161338289962821, 43.57546468401487], [-6.187360594795535, 43.571747211895904], [-6.187360594795535, 43.58289962825278], [-6.20594795539033, 43.579182156133825], [-6.209665427509289, 43.590334572490704], [-6.2171003717472075, 43.590334572490704], [-6.2171003717472075, 43.58289962825278], [-6.2208178438661665, 43.58289962825278], [-6.2208178438661665, 43.590334572490704], [-6.228252788104085, 43.59776951672862], [-6.24684014869888, 43.60148698884758], [-6.2579925650557575, 43.590334572490704], [-6.2579925650557575, 43.58289962825278], [-6.280297397769512, 43.58289962825278], [-6.2877323420074305, 43.57546468401487], [-6.2988847583643075, 43.57546468401487], [-6.3026022304832665, 43.56802973977695], [-6.317472118959103, 43.571747211895904], [-6.317472118959103, 43.56802973977695], [-6.3472118959107755, 43.56431226765799], [-6.3472118959107755, 43.56059479553903], [-6.395539033457244, 43.56431226765799], [-6.395539033457244, 43.56802973977695], [-6.436431226765794, 43.56059479553903], [-6.436431226765794, 43.56431226765799], [-6.447583643122671, 43.56431226765799], [-6.447583643122671, 43.56802973977695], [-6.458736059479549, 43.56802973977695], [-6.462453531598508, 43.57546468401487], [-6.481040892193303, 43.57546468401487], [-6.484758364312263, 43.56059479553903], [-6.492193308550181, 43.56059479553903], [-6.492193308550181, 43.55687732342007], [-6.49591078066914, 43.56059479553903], [-6.499628252788099, 43.55687732342007], [-6.599999999999995, 43.56059479553903], [-6.599999999999995, 48.699999999999996], [-4.17969610091742, 48.699999999999996], [-4.187142584097848, 48.69255879967558], [-4.216928516819561, 48.68883819951338], [-4.220651758409775, 48.67767639902676], [-4.242991207951059, 48.673955798864554], [-4.242991207951059, 48.67023519870235], [-4.254160932721701, 48.67023519870235], [-4.257884174311916, 48.67767639902676], [-4.291393348623842, 48.67767639902676], [-4.291393348623842, 48.68511759935117], [-4.310009556574912, 48.68511759935117], [-4.310009556574912, 48.68883819951338], [-4.317456039755341, 48.68883819951338], [-4.317456039755341, 48.68511759935117], [-4.339795489296625, 48.68511759935117], [-4.339795489296625, 48.68883819951338], [-4.354688455657482, 48.68883819951338], [-4.358411697247695, 48.68511759935117], [-4.358411697247695, 48.68883819951338], [-4.365858180428123, 48.68883819951338], [-4.365858180428123, 48.68511759935117], [-4.373304663608552, 48.68511759935117], [-4.373304663608552, 48.67767639902676], [-4.384474388379194, 48.67767639902676], [-4.388197629969408, 48.67023519870235], [-4.3993673547400505, 48.67023519870235], [-4.3993673547400505, 48.66651459854014], [-4.410537079510693, 48.66651459854014], [-4.410537079510693, 48.67023519870235], [-4.417983562691121, 48.67023519870235], [-4.417983562691121, 48.66651459854014], [-4.4477694954128335, 48.66651459854014], [-4.4477694954128335, 48.67023519870235], [-4.458939220183475, 48.67023519870235], [-4.462662461773689, 48.662793998377936], [-4.4552159785932615, 48.65907339821573], [-4.4552159785932615, 48.65163219789132], [-4.492448394495402, 48.65163219789132], [-4.488725152905188, 48.6404703974047], [-4.49989487767583, 48.6404703974047], [-4.49989487767583, 48.636749797242494], [-4.574359709480111, 48.6404703974047], [-4.574359709480111, 48.636749797242494], [-4.592975917431182, 48.636749797242494], [-4.592975917431182, 48.63302919708029], [-4.614869888475832, 48.63302919708029], [-4.618587360594791, 48.61814679643146], [-4.630208333333322, 48.61814679643146], [-4.630208333333322, 48.62186739659367], [-4.644609665427504, 48.61814679643146], [-4.644609665427504, 48.599543795620434], [-4.637174721189586, 48.599543795620434], [-4.637174721189586, 48.59582319545823], [-4.670631970260218, 48.59582319545823], [-4.678066914498136, 48.588381995133815], [-4.696654275092932, 48.58466139497161], [-4.696654275092932, 48.5809407948094], [-4.730111524163564, 48.58466139497161], [-4.730111524163564, 48.59210259529602], [-4.737546468401482, 48.59210259529602], [-4.741263940520441, 48.57349959448499], [-4.756133828996278, 48.57349959448499], [-4.756133828996278, 48.56605839416058], [-4.741263940520441, 48.56977899432279], [-4.733828996282523, 48.562337793998374], [-4.741263940520441, 48.55489659367396], [-4.756133828996278, 48.551175993511755], [-4.763568773234196, 48.53629359286293], [-4.782156133828992, 48.53257299270073], [-4.78959107806691, 48.525131792376314], [-4.785873605947951, 48.50652879156528], [-4.78959107806691, 48.50652879156528], [-4.78959107806691, 48.49536699107867], [-4.793308550185869, 48.49536699107867], [-4.793308550185869, 48.48420519059205], [-4.785873605947951, 48.476763990267635], [-4.785873605947951, 48.465602189781016], [-4.793308550185869, 48.465602189781016], [-4.78959107806691, 48.4544403892944], [-4.808178438661705, 48.4544403892944], [-4.804460966542746, 48.450719789132194], [-4.804460966542746, 48.43583738848337], [-4.800743494423787, 48.43583738848337], [-4.808178438661705, 48.428396188158956], [-4.800743494423787, 48.42467558799675], [-4.800743494423787, 48.413513787510134], [-4.793308550185869, 48.40979318734793], [-4.793308550185869, 48.402351987023515], [-4.785873605947951, 48.402351987023515], [-4.785873605947951, 48.391190186536896], [-4.774721189591073, 48.38746958637469], [-4.774721189591073, 48.38002838605028], [-4.771003717472114, 48.38002838605028], [-4.774721189591073, 48.37258718572587], [-4.78959107806691, 48.37258718572587], [-4.793308550185869, 48.37630778588807], [-4.797026022304828, 48.365145985401455], [-4.800743494423787, 48.365145985401455], [-4.797026022304828, 48.35026358475263], [-4.793308550185869, 48.35026358475263], [-4.793308550185869, 48.33910178426601], [-4.78959107806691, 48.33910178426601], [-4.78959107806691, 48.3316605839416], [-4.782156133828992, 48.3316605839416], [-4.782156133828992, 48.32421938361719], [-4.711524163568768, 48.327939983779395], [-4.711524163568768, 48.3316605839416], [-4.700371747211891, 48.3316605839416], [-4.696654275092932, 48.34654298459043], [-4.689219330855014, 48.34654298459043], [-4.689219330855014, 48.35026358475263], [-4.659479553903341, 48.35026358475263], [-4.659479553903341, 48.34654298459043], [-4.648327137546464, 48.34654298459043], [-4.648327137546464, 48.34282238442822], [-4.637174721189586, 48.34282238442822], [-4.637174721189586, 48.33910178426601], [-4.607434944237913, 48.33910178426601], [-4.607434944237913, 48.34282238442822], [-4.585529434250754, 48.34654298459043], [-4.585529434250754, 48.35026358475263], [-4.566913226299683, 48.35026358475263], [-4.5594667431192555, 48.35770478507705], [-4.5185110856269, 48.36142538523925], [-4.5185110856269, 48.37258718572587], [-4.5110646024464724, 48.37258718572587], [-4.5110646024464724, 48.37630778588807], [-4.492448394495402, 48.37630778588807], [-4.492448394495402, 48.37258718572587], [-4.458939220183475, 48.37630778588807], [-4.462662461773689, 48.365145985401455], [-4.477555428134545, 48.365145985401455], [-4.477555428134545, 48.353984184914836], [-4.470108944954117, 48.353984184914836], [-4.458939220183475, 48.34282238442822], [-4.458939220183475, 48.3316605839416], [-4.466385703363904, 48.32421938361719], [-4.425430045871549, 48.32421938361719], [-4.414260321100906, 48.31305758313057], [-4.38075114678898, 48.31305758313057], [-4.38075114678898, 48.30933698296837], [-4.347241972477053, 48.30933698296837], [-4.347241972477053, 48.31305758313057], [-4.328625764525983, 48.31305758313057], [-4.328625764525983, 48.30933698296837], [-4.36213493883791, 48.30561638280616], [-4.36213493883791, 48.29817518248175], [-4.365858180428123, 48.29817518248175], [-4.365858180428123, 48.30561638280616], [-4.38075114678898, 48.30561638280616], [-4.38075114678898, 48.29817518248175], [-4.395644113149836, 48.29817518248175], [-4.395644113149836, 48.29445458231954], [-4.417983562691121, 48.29445458231954], [-4.417983562691121, 48.29817518248175], [-4.432876529051977, 48.29817518248175], [-4.432876529051977, 48.29445458231954], [-4.492448394495402, 48.29817518248175], [-4.496171636085616, 48.31305758313057], [-4.522234327217115, 48.31305758313057], [-4.522234327217115, 48.316778183292776], [-4.529680810397543, 48.316778183292776], [-4.533404051987756, 48.34654298459043], [-4.548297018348613, 48.34654298459043], [-4.548297018348613, 48.34282238442822], [-4.566913226299683, 48.33910178426601], [-4.566913226299683, 48.3316605839416], [-4.585529434250754, 48.327939983779395], [-4.585529434250754, 48.32049878345499], [-4.589252675840967, 48.32049878345499], [-4.589252675840967, 48.316778183292776], [-4.581806192660539, 48.316778183292776], [-4.581806192660539, 48.30561638280616], [-4.574359709480111, 48.30561638280616], [-4.574359709480111, 48.28701338199513], [-4.592975917431182, 48.28329278183293], [-4.592975917431182, 48.28701338199513], [-4.607868883792038, 48.290733982157334], [-4.607868883792038, 48.28701338199513], [-4.633457249070627, 48.28329278183293], [-4.626022304832709, 48.27585158150851], [-4.629739776951668, 48.24980738037307], [-4.622761850152894, 48.24980738037307], [-4.61903860856268, 48.25724858069748], [-4.614869888475832, 48.25724858069748], [-4.614869888475832, 48.253527980535274], [-4.604145642201824, 48.253527980535274], [-4.604145642201824, 48.24980738037307], [-4.574359709480111, 48.24608678021087], [-4.574359709480111, 48.242366180048656], [-4.581806192660539, 48.242366180048656], [-4.581806192660539, 48.23492497972425], [-4.574359709480111, 48.23492497972425], [-4.570636467889897, 48.20888077858881], [-4.566913226299683, 48.20888077858881], [-4.566913226299683, 48.171674776966746], [-4.570636467889897, 48.167954176804535], [-4.537127293577971, 48.167954176804535], [-4.533404051987756, 48.179115977291154], [-4.525957568807328, 48.179115977291154], [-4.5110646024464724, 48.19399837793998], [-4.5110646024464724, 48.20143957826439], [-4.5036181192660445, 48.20143957826439], [-4.5036181192660445, 48.20888077858881], [-4.488725152905188, 48.22376317923763], [-4.48127866972476, 48.22376317923763], [-4.48127866972476, 48.22748377939983], [-4.4552159785932615, 48.22748377939983], [-4.4477694954128335, 48.22004257907542], [-4.410537079510693, 48.22004257907542], [-4.410537079510693, 48.216321978913214], [-4.388197629969408, 48.21260137875101], [-4.384474388379194, 48.20143957826439], [-4.365858180428123, 48.205160178426596], [-4.365858180428123, 48.20143957826439], [-4.354688455657482, 48.20143957826439], [-4.354688455657482, 48.19399837793998], [-4.324902522935769, 48.19027777777777], [-4.313732798165127, 48.179115977291154], [-4.317456039755341, 48.171674776966746], [-4.313732798165127, 48.171674776966746], [-4.310009556574912, 48.15679237631792], [-4.302563073394484, 48.15307177615571], [-4.302563073394484, 48.12330697485807], [-4.306286314984699, 48.12330697485807], [-4.306286314984699, 48.11586577453365], [-4.313732798165127, 48.108424574209245], [-4.384474388379194, 48.11214517437145], [-4.384474388379194, 48.108424574209245], [-4.425430045871549, 48.108424574209245], [-4.432876529051977, 48.10098337388483], [-4.462662461773689, 48.10098337388483], [-4.462662461773689, 48.104703974047034], [-4.470108944954117, 48.104703974047034], [-4.470108944954117, 48.10098337388483], [-4.485001911314974, 48.10098337388483], [-4.485001911314974, 48.097262773722626], [-4.5110646024464724, 48.097262773722626], [-4.5110646024464724, 48.08982157339821], [-4.540850535168185, 48.08982157339821], [-4.548297018348613, 48.082380373073796], [-4.585529434250754, 48.08610097323601], [-4.592975917431182, 48.07865977291159], [-4.614869888475832, 48.07865977291159], [-4.614869888475832, 48.07493917274939], [-4.633457249070627, 48.07493917274939], [-4.633457249070627, 48.071218572587185], [-4.652044609665423, 48.071218572587185], [-4.652044609665423, 48.07493917274939], [-4.6631970260223, 48.071218572587185], [-4.6631970260223, 48.07493917274939], [-4.670631970260218, 48.07493917274939], [-4.678066914498136, 48.067497972424974], [-4.722676579925646, 48.067497972424974], [-4.718959107806687, 48.045174371451736], [-4.737546468401482, 48.045174371451736], [-4.741263940520441, 48.03773317112733], [-4.715241635687728, 48.034012570965125], [-4.715241635687728, 48.030291970802914], [-4.70408921933085, 48.030291970802914], [-4.70408921933085, 48.02657137064071], [-4.666914498141259, 48.02657137064071], [-4.666914498141259, 48.019130170316295], [-4.604145642201824, 48.01168896999189], [-4.604145642201824, 48.007968369829676], [-4.589252675840967, 48.00424776966747], [-4.589252675840967, 48.00052716950527], [-4.570636467889897, 48.00052716950527], [-4.570636467889897, 47.996806569343065], [-4.552020259938827, 48.00052716950527], [-4.552020259938827, 47.996806569343065], [-4.533404051987756, 47.996806569343065], [-4.533404051987756, 47.993085969180854], [-4.525957568807328, 47.993085969180854], [-4.525957568807328, 47.996806569343065], [-4.5185110856269, 47.996806569343065], [-4.5185110856269, 47.993085969180854], [-4.492448394495402, 47.993085969180854], [-4.492448394495402, 47.985644768856446], [-4.485001911314974, 47.985644768856446], [-4.48127866972476, 47.97820356853203], [-4.466385703363904, 47.97820356853203], [-4.4552159785932615, 47.96332116788321], [-4.436599770642191, 47.95587996755879], [-4.436599770642191, 47.948438767234386], [-4.425430045871549, 47.93727696674777], [-4.425430045871549, 47.92983576642335], [-4.417983562691121, 47.92983576642335], [-4.410537079510693, 47.922394566098944], [-4.410537079510693, 47.91495336577453], [-4.395644113149836, 47.907512165450115], [-4.3919208715596225, 47.89262976480129], [-4.388197629969408, 47.89262976480129], [-4.388197629969408, 47.88146796431467], [-4.38075114678898, 47.87774736415247], [-4.38075114678898, 47.86658556366585], [-4.373304663608552, 47.85914436334144], [-4.373304663608552, 47.84054136253041], [-4.365858180428123, 47.84054136253041], [-4.365858180428123, 47.833100162205994], [-4.38075114678898, 47.82937956204379], [-4.3919208715596225, 47.81821776155717], [-4.3919208715596225, 47.80705596107055], [-4.395644113149836, 47.80705596107055], [-4.3993673547400505, 47.795894160583934], [-4.384474388379194, 47.79217356042173], [-4.384474388379194, 47.78845296025953], [-4.373304663608552, 47.78845296025953], [-4.373304663608552, 47.78473236009732], [-4.36213493883791, 47.78473236009732], [-4.36213493883791, 47.77729115977291], [-4.347241972477053, 47.773570559610704], [-4.347241972477053, 47.76984995944849], [-4.332349006116197, 47.773570559610704], [-4.332349006116197, 47.77729115977291], [-4.324902522935769, 47.773570559610704], [-4.321179281345555, 47.78473236009732], [-4.313732798165127, 47.78473236009732], [-4.310009556574912, 47.79217356042173], [-4.291393348623842, 47.78845296025953], [-4.2876701070336285, 47.773570559610704], [-4.2802236238532, 47.773570559610704], [-4.2802236238532, 47.762408759124085], [-4.276500382262986, 47.762408759124085], [-4.276500382262986, 47.76612935928629], [-4.257884174311916, 47.76612935928629], [-4.257884174311916, 47.76984995944849], [-4.250437691131488, 47.76984995944849], [-4.242991207951059, 47.77729115977291], [-4.228098241590203, 47.77729115977291], [-4.228098241590203, 47.78845296025953], [-4.213205275229347, 47.78845296025953], [-4.213205275229347, 47.79217356042173], [-4.190865825688062, 47.78845296025953], [-4.190865825688062, 47.79217356042173], [-4.153633409785922, 47.795894160583934], [-4.153633409785922, 47.799614760746145], [-4.142463685015279, 47.795894160583934], [-4.142463685015279, 47.810776561232764], [-4.135017201834851, 47.810776561232764], [-4.138740443425066, 47.795894160583934], [-4.131293960244637, 47.795894160583934], [-4.131293960244637, 47.799614760746145], [-4.1201242354739955, 47.795894160583934], [-4.1201242354739955, 47.810776561232764], [-4.116400993883781, 47.810776561232764], [-4.112677752293567, 47.82565896188159], [-4.108954510703353, 47.82565896188159], [-4.108954510703353, 47.836820762368205], [-4.097784785932711, 47.84054136253041], [-4.097784785932711, 47.84426196269261], [-4.075445336391426, 47.84054136253041], [-4.06055237003057, 47.82565896188159], [-4.038212920489285, 47.81821776155717], [-4.038212920489285, 47.82193836171938], [-4.019596712538215, 47.82565896188159], [-4.019596712538215, 47.833100162205994], [-4.012150229357787, 47.833100162205994], [-4.008426987767574, 47.84054136253041], [-3.9637480886850045, 47.84426196269261], [-3.9674713302752185, 47.874026763990265], [-3.9600248470947905, 47.874026763990265], [-3.956301605504576, 47.85914436334144], [-3.945131880733934, 47.85914436334144], [-3.945131880733934, 47.85542376317923], [-3.930238914373078, 47.85914436334144], [-3.930238914373078, 47.85170316301703], [-3.926515672782864, 47.85170316301703], [-3.930238914373078, 47.833100162205994], [-3.9078994648317935, 47.836820762368205], [-3.9041762232415795, 47.82937956204379], [-3.893006498470937, 47.82565896188159], [-3.893006498470937, 47.799614760746145], [-3.889283256880723, 47.795894160583934], [-3.874390290519867, 47.795894160583934], [-3.870667048929653, 47.78845296025953], [-3.8594973241590105, 47.79217356042173], [-3.8594973241590105, 47.78845296025953], [-3.844604357798154, 47.78845296025953], [-3.844604357798154, 47.78473236009732], [-3.8073719418960135, 47.78473236009732], [-3.8073719418960135, 47.77729115977291], [-3.818541666666656, 47.77729115977291], [-3.811095183486228, 47.76984995944849], [-3.7962022171253715, 47.76984995944849], [-3.7924789755351576, 47.78473236009732], [-3.788755733944943, 47.78473236009732], [-3.788755733944943, 47.77729115977291], [-3.781309250764515, 47.77729115977291], [-3.781309250764515, 47.78845296025953], [-3.7552465596330165, 47.78845296025953], [-3.7478000764525885, 47.795894160583934], [-3.72173738532109, 47.795894160583934], [-3.72173738532109, 47.77729115977291], [-3.714290902140662, 47.77729115977291], [-3.714290902140662, 47.773570559610704], [-3.6956746941895915, 47.77729115977291], [-3.6956746941895915, 47.773570559610704], [-3.680781727828735, 47.773570559610704], [-3.680781727828735, 47.76984995944849], [-3.677058486238521, 47.773570559610704], [-3.650995795107023, 47.773570559610704], [-3.650995795107023, 47.76984995944849], [-3.595147171253812, 47.76612935928629], [-3.595147171253812, 47.762408759124085], [-3.5541915137614573, 47.762408759124085], [-3.5541915137614573, 47.758688158961874], [-3.5244055810397446, 47.74752635847526], [-3.5244055810397446, 47.74008515815085], [-3.5169590978593166, 47.74008515815085], [-3.5206823394495306, 47.736364557988644], [-3.5169590978593166, 47.721482157339814], [-3.494619648318032, 47.721482157339814], [-3.490896406727818, 47.714040957015406], [-3.48344992354739, 47.714040957015406], [-3.479726681957176, 47.70287915652879], [-3.457387232415891, 47.699158556366584], [-3.457387232415891, 47.69543795620437], [-3.4089850917431086, 47.69171735604217], [-3.4127083333333226, 47.687996755879965], [-3.4089850917431086, 47.68055555555555], [-3.379199159021396, 47.68055555555555], [-3.379199159021396, 47.684276155717754], [-3.371752675840968, 47.684276155717754], [-3.371752675840968, 47.68055555555555], [-3.349413226299683, 47.68055555555555], [-3.349413226299683, 47.684276155717754], [-3.345689984709469, 47.68055555555555], [-3.3419667431192552, 47.684276155717754], [-3.2972878440366866, 47.68055555555555], [-3.2972878440366866, 47.67311435523114], [-3.2823948776758303, 47.67311435523114], [-3.271225152905188, 47.65823195458231], [-3.260055428134546, 47.65823195458231], [-3.260055428134546, 47.647070154095694], [-3.2488857033639036, 47.647070154095694], [-3.2451624617736896, 47.62846715328467], [-3.2339927370030472, 47.63218775344687], [-3.2265462538226193, 47.62102595296025], [-3.215376529051977, 47.62102595296025], [-3.207930045871549, 47.613584752635845], [-3.204206804281335, 47.602422952149226], [-3.1855905963302646, 47.59870235198702], [-3.1781441131498362, 47.5875405515004], [-3.1669743883791943, 47.58381995133819], [-3.16325114678898, 47.565216950527166], [-3.1781441131498362, 47.56893755068937], [-3.1818673547400502, 47.565216950527166], [-3.1781441131498362, 47.56149635036496], [-3.1818673547400502, 47.55033454987834], [-3.1706976299694083, 47.55033454987834], [-3.1669743883791943, 47.5242903487429], [-3.16325114678898, 47.5242903487429], [-3.16325114678898, 47.51312854825628], [-3.155804663608552, 47.50568734793187], [-3.155804663608552, 47.49452554744525], [-3.148358180428124, 47.49452554744525], [-3.148358180428124, 47.48336374695863], [-3.1371884556574816, 47.47220194647201], [-3.1111257645259833, 47.47220194647201], [-3.1111257645259833, 47.4610401459854], [-3.099956039755341, 47.4610401459854], [-3.103679281345555, 47.44987834549878], [-3.096232798165127, 47.44987834549878], [-3.096232798165127, 47.44615774533657], [-3.0887863149846986, 47.453598945660985], [-3.04410741590213, 47.45731954582319], [-3.04410741590213, 47.4610401459854], [-3.0590003822629863, 47.4610401459854], [-3.0590003822629863, 47.47592254663422], [-3.0664468654434143, 47.48336374695863], [-3.0738933486238427, 47.48336374695863], [-3.0776165902140566, 47.49824614760746], [-3.0701701070336282, 47.49824614760746], [-3.0738933486238427, 47.51684914841849], [-3.0627236238532003, 47.50568734793187], [-3.051553899082558, 47.50568734793187], [-3.055277140672772, 47.50940794809407], [-3.051553899082558, 47.539172749391724], [-3.04410741590213, 47.539172749391724], [-3.0366609327217016, 47.55033454987834], [-3.0329376911314876, 47.54661394971613], [-3.0254912079510596, 47.55033454987834], [-3.0254912079510596, 47.54661394971613], [-2.988258792048919, 47.54289334955393], [-2.984535550458705, 47.53173154906731], [-2.9584728593272063, 47.5242903487429], [-2.9510263761467783, 47.51312854825628], [-2.932410168195708, 47.51312854825628], [-2.928686926605494, 47.52056974858069], [-2.9175172018348516, 47.52056974858069], [-2.9137939602446377, 47.50940794809407], [-2.9026242354739953, 47.50568734793187], [-2.9063474770642093, 47.48708434712084], [-2.8989009938837813, 47.47964314679643], [-2.872838302752283, 47.47592254663422], [-2.872838302752283, 47.47220194647201], [-2.831882645259928, 47.47220194647201], [-2.831882645259928, 47.464760746147604], [-2.816989678899072, 47.4610401459854], [-2.8095431957186436, 47.453598945660985], [-2.7872037461773593, 47.45731954582319], [-2.7872037461773593, 47.4610401459854], [-2.7499713302752187, 47.464760746147604], [-2.7499713302752187, 47.47220194647201], [-2.7388016055045763, 47.47592254663422], [-2.7388016055045763, 47.47964314679643], [-2.72390863914372, 47.47592254663422], [-2.72390863914372, 47.47964314679643], [-2.6978459480122217, 47.47964314679643], [-2.6978459480122217, 47.48336374695863], [-2.653167048929653, 47.47220194647201], [-2.653167048929653, 47.464760746147604], [-2.6271043577981543, 47.4610401459854], [-2.6196578746177264, 47.453598945660985], [-2.619057080924844, 47.45731954582319], [-2.6079058285163663, 47.45731954582319], [-2.604188744380207, 47.44243714517437], [-2.6159346330275124, 47.43499594484995], [-2.6159346330275124, 47.427554744525544], [-2.6233811162079403, 47.42011354420113], [-2.6345508409785827, 47.42011354420113], [-2.6345508409785827, 47.41267234387672], [-2.6271043577981543, 47.41267234387672], [-2.6271043577981543, 47.40895174371451], [-2.6004716602440476, 47.40895174371451], [-2.6004716602440476, 47.41267234387672], [-2.58932040783557, 47.41267234387672], [-2.58932040783557, 47.416392944038925], [-2.563300818882455, 47.42011354420113], [-2.563300818882455, 47.40523114355231], [-2.5707349871547733, 47.4015105433901], [-2.5707349871547733, 47.39406934306569], [-2.5818862395632514, 47.39406934306569], [-2.5818862395632514, 47.4015105433901], [-2.58932040783557, 47.4015105433901], [-2.58932040783557, 47.38662814274128], [-2.5818862395632514, 47.38662814274128], [-2.5818862395632514, 47.379186942416865], [-2.5856033236994107, 47.379186942416865], [-2.5818862395632514, 47.37174574209245], [-2.5558666506101364, 47.36802514193025], [-2.5558666506101364, 47.36058394160583], [-2.540998314065499, 47.35686334144363], [-2.53728122992934, 47.34570154095701], [-2.533564145793181, 47.34570154095701], [-2.53728122992934, 47.32337793998378], [-2.5484324823378177, 47.31965733982157], [-2.5484324823378177, 47.315936739659364], [-2.5595837347462957, 47.315936739659364], [-2.567017903018614, 47.30849553933495], [-2.567017903018614, 47.30105433901054], [-2.5595837347462957, 47.30105433901054], [-2.552149566473977, 47.28617193836172], [-2.5186958092485434, 47.28245133819951], [-2.511261640976225, 47.2750101378751], [-2.5038274727039065, 47.2750101378751], [-2.500110388567747, 47.267568937550685], [-2.4926762202954285, 47.267568937550685], [-2.4926762202954285, 47.27128953771289], [-2.462939547206154, 47.267568937550685], [-2.462939547206154, 47.26384833738848], [-2.455505378933836, 47.26384833738848], [-2.455505378933836, 47.256407137064066], [-2.436919958253039, 47.256407137064066], [-2.4257687058445616, 47.24524533657745], [-2.4146174534360836, 47.24524533657745], [-2.407183285163765, 47.23780413625304], [-2.38116369621065, 47.23780413625304], [-2.3737295279383317, 47.230362935928625], [-2.351427023121376, 47.22664233576642], [-2.351427023121376, 47.219201135442006], [-2.366295359666013, 47.219201135442006], [-2.366295359666013, 47.2154805352798], [-2.3737295279383317, 47.2154805352798], [-2.3737295279383317, 47.22664233576642], [-2.377446612074491, 47.22664233576642], [-2.377446612074491, 47.219201135442006], [-2.3848807803468093, 47.22664233576642], [-2.3848807803468093, 47.219201135442006], [-2.3960320327552873, 47.219201135442006], [-2.3997491168914467, 47.2117599351176], [-2.418334537572243, 47.20803933495539], [-2.4220516217084023, 47.20059813463098], [-2.43320287411688, 47.20059813463098], [-2.436919958253039, 47.18883027522936], [-2.4220516217084023, 47.18883027522936], [-2.4146174534360836, 47.20059813463098], [-2.407183285163765, 47.20059813463098], [-2.407183285163765, 47.19627675840978], [-2.4146174534360836, 47.19627675840978], [-2.4146174534360836, 47.193156934306565], [-2.3997491168914467, 47.193156934306565], [-2.3997491168914467, 47.20059813463098], [-2.392314948619128, 47.20059813463098], [-2.392314948619128, 47.20431873479318], [-2.355144107257535, 47.20803933495539], [-2.355144107257535, 47.20059813463098], [-2.3477099389852167, 47.19687753446877], [-2.351427023121376, 47.18571573398215], [-2.355144107257535, 47.18510703363914], [-2.340275770712898, 47.18510703363914], [-2.340275770712898, 47.17827453365774], [-2.3179732658959424, 47.17827453365774], [-2.3179732658959424, 47.17455393349554], [-2.3068220134874644, 47.17827453365774], [-2.3068220134874644, 47.16276758409786], [-2.295670761078987, 47.16276758409786], [-2.295670761078987, 47.15904434250764], [-2.2733682562620308, 47.15159785932721], [-2.269651172125872, 47.13670489296636], [-2.262217003853553, 47.13670489296636], [-2.258499919717394, 47.129258409785926], [-2.247348667308916, 47.129258409785926], [-2.247348667308916, 47.12553516819571], [-2.236197414900438, 47.1218119266055], [-2.2399144990365976, 47.11064220183486], [-2.2547828355812345, 47.11064220183486], [-2.2547828355812345, 47.11808868501529], [-2.27708534039819, 47.11808868501529], [-2.27708534039819, 47.1218119266055], [-2.3105390976236237, 47.1218119266055], [-2.3105390976236237, 47.11808868501529], [-2.295670761078987, 47.11808868501529], [-2.295670761078987, 47.11064220183486], [-2.27708534039819, 47.10691896024464], [-2.27708534039819, 47.10319571865443], [-2.262217003853553, 47.10319571865443], [-2.262217003853553, 47.09947247706422], [-2.2101778259473233, 47.09947247706422], [-2.2101778259473233, 47.095749235474], [-2.1990265735388452, 47.095749235474], [-2.1990265735388452, 47.09947247706422], [-2.180441152858049, 47.095749235474], [-2.180441152858049, 47.09947247706422], [-2.1730069845857303, 47.09947247706422], [-2.1730069845857303, 47.095749235474], [-2.1581386480410933, 47.095749235474], [-2.1581386480410933, 47.09202599388379], [-2.139553227360297, 47.08830275229357], [-2.1321190590879784, 47.08085626911315], [-2.1321190590879784, 47.07340978593272], [-2.1209678066795004, 47.07340978593272], [-2.117250722543341, 47.06596330275229], [-2.1098165542710228, 47.06596330275229], [-2.1098165542710228, 47.06224006116207], [-2.1209678066795004, 47.06224006116207], [-2.1209678066795004, 47.06596330275229], [-2.1321190590879784, 47.06596330275229], [-2.1321190590879784, 47.0696865443425], [-2.1469873956326153, 47.07340978593272], [-2.1469873956326153, 47.08085626911315], [-2.165572816313412, 47.08457951070336], [-2.169289900449571, 47.09202599388379], [-2.1878753211303676, 47.09202599388379], [-2.1878753211303676, 47.08830275229357], [-2.2027436576750046, 47.08830275229357], [-2.2027436576750046, 47.08457951070336], [-2.1990265735388452, 47.08085626911315], [-2.1767240687218896, 47.08085626911315], [-2.1767240687218896, 47.058516819571864], [-2.1878753211303676, 47.06224006116207], [-2.1878753211303676, 47.0696865443425], [-2.2027436576750046, 47.0696865443425], [-2.1990265735388452, 47.058516819571864], [-2.2101778259473233, 47.058516819571864], [-2.2027436576750046, 47.04734709480122], [-2.22504616249196, 47.05107033639143], [-2.22504616249196, 47.05479357798165], [-2.243631583172757, 47.05479357798165], [-2.243631583172757, 47.058516819571864], [-2.27708534039819, 47.058516819571864], [-2.2733682562620308, 47.06596330275229], [-2.3477099389852167, 47.06596330275229], [-2.3477099389852167, 47.06224006116207], [-2.3625782755298537, 47.058516819571864], [-2.3625782755298537, 47.05479357798165], [-2.377446612074491, 47.05479357798165], [-2.3848807803468093, 47.04734709480122], [-2.3848807803468093, 47.039900611620794], [-2.3997491168914467, 47.039900611620794], [-2.3997491168914467, 47.032454128440364], [-2.392314948619128, 47.02500764525993], [-2.3997491168914467, 47.01756116207951], [-2.4146174534360836, 47.01756116207951], [-2.4146174534360836, 47.006391437308864], [-2.4220516217084023, 47.006391437308864], [-2.418334537572243, 46.98405198776758], [-2.429485789980721, 46.98405198776758], [-2.436919958253039, 46.97660550458715], [-2.436919958253039, 46.96543577981651], [-2.444354126525358, 46.96543577981651], [-2.444354126525358, 46.94681957186544], [-2.436919958253039, 46.94681957186544], [-2.436919958253039, 46.943096330275225], [-2.444354126525358, 46.943096330275225], [-2.444354126525358, 46.935649847094794], [-2.4220516217084023, 46.935649847094794], [-2.4220516217084023, 46.943096330275225], [-2.3960320327552873, 46.943096330275225], [-2.3960320327552873, 46.931926605504586], [-2.3885978644829686, 46.924480122324155], [-2.3588611913936943, 46.931926605504586], [-2.3588611913936943, 46.92820336391437], [-2.3477099389852167, 46.92820336391437], [-2.340275770712898, 46.92075688073394], [-2.321690350032102, 46.917033639143725], [-2.321690350032102, 46.90214067278287], [-2.314256181759783, 46.898417431192655], [-2.314256181759783, 46.8835244648318], [-2.3068220134874644, 46.8835244648318], [-2.3068220134874644, 46.87607798165137], [-2.295670761078987, 46.87607798165137], [-2.2919536769428275, 46.84629204892966], [-2.288236592806668, 46.84256880733945], [-2.2733682562620308, 46.84256880733945], [-2.2733682562620308, 46.82395259938838], [-2.2808024245343494, 46.81650611620795], [-2.269651172125872, 46.809059633027516], [-2.269651172125872, 46.79788990825688], [-2.262217003853553, 46.79788990825688], [-2.262217003853553, 46.79416666666666], [-2.269651172125872, 46.79416666666666], [-2.269651172125872, 46.78299694189602], [-2.284519508670509, 46.76810397553516], [-2.284519508670509, 46.75321100917431], [-2.27708534039819, 46.74576452599388], [-2.32912451830442, 46.75321100917431], [-2.32912451830442, 46.74948776758409], [-2.3477099389852167, 46.74948776758409], [-2.355144107257535, 46.74204128440367], [-2.3960320327552873, 46.74204128440367], [-2.3997491168914467, 46.73459480122324], [-2.4109003692999242, 46.738318042813454], [-2.418334537572243, 46.72342507645259], [-2.407183285163765, 46.72342507645259], [-2.407183285163765, 46.712255351681954], [-2.392314948619128, 46.70853211009174], [-2.3885978644829686, 46.70108562691131], [-2.3737295279383317, 46.70108562691131], [-2.3737295279383317, 46.693639143730884], [-2.3439928548490574, 46.68991590214067], [-2.340275770712898, 46.68246941896024], [-2.314256181759783, 46.686192660550454], [-2.314256181759783, 46.68991590214067], [-2.2808024245343494, 46.686192660550454], [-2.27708534039819, 46.693639143730884], [-2.269651172125872, 46.693639143730884], [-2.269651172125872, 46.70108562691131], [-2.247348667308916, 46.70853211009174], [-2.2399144990365976, 46.71597859327217], [-2.2287632466281195, 46.71597859327217], [-2.22504616249196, 46.72342507645259], [-2.2101778259473233, 46.72714831804281], [-2.2101778259473233, 46.73459480122324], [-2.2027436576750046, 46.73459480122324], [-2.2027436576750046, 46.738318042813454], [-2.1730069845857303, 46.73459480122324], [-2.169289900449571, 46.74204128440367], [-2.154421563904934, 46.74204128440367], [-2.1507044797687747, 46.72714831804281], [-2.139553227360297, 46.72342507645259], [-2.139553227360297, 46.71597859327217], [-2.1321190590879784, 46.71597859327217], [-2.1321190590879784, 46.712255351681954], [-2.117250722543341, 46.71597859327217], [-2.1098165542710228, 46.70480886850152], [-2.0689286287732704, 46.70853211009174], [-2.065211544637111, 46.70108562691131], [-2.0540602922286335, 46.70108562691131], [-2.0540602922286335, 46.70480886850152], [-2.046626123956315, 46.70480886850152], [-2.046626123956315, 46.71597859327217], [-2.0168894508670405, 46.712255351681954], [-2.0168894508670405, 46.70853211009174], [-2.0020211143224036, 46.70480886850152], [-1.9983040301862443, 46.693639143730884], [-1.9908698619139256, 46.68991590214067], [-1.994586946050085, 46.67874617737002], [-1.9722844412331293, 46.675022935779815], [-1.9722844412331293, 46.667576452599384], [-1.9574161046884921, 46.6712996941896], [-1.9574161046884921, 46.667576452599384], [-1.942547768143855, 46.66385321100917], [-1.942547768143855, 46.656406727828745], [-1.9239623474630585, 46.63779051987767], [-1.9053769267822622, 46.630344036697245], [-1.9016598426461029, 46.615451070336384], [-1.890508590237625, 46.611727828746176], [-1.8867915061014657, 46.58938837920489], [-1.875640253692988, 46.585665137614676], [-1.875640253692988, 46.578218654434245], [-1.8867915061014657, 46.57449541284403], [-1.8867915061014657, 46.57077217125382], [-1.8793573378291473, 46.57077217125382], [-1.8793573378291473, 46.56332568807339], [-1.8719231695568286, 46.56332568807339], [-1.8644890012845101, 46.57077217125382], [-1.8644890012845101, 46.559602446483176], [-1.8607719171483508, 46.559602446483176], [-1.8570548330121914, 46.54470948012232], [-1.8459035806037136, 46.540986238532106], [-1.8459035806037136, 46.533539755351676], [-1.8384694123313952, 46.52609327217125], [-1.8384694123313952, 46.514923547400606], [-1.8347523281952358, 46.514923547400606], [-1.8347523281952358, 46.50003058103975], [-1.8570548330121914, 46.50375382262997], [-1.8533377488760323, 46.49630733944954], [-1.8310352440590765, 46.49258409785932], [-1.8310352440590765, 46.4851376146789], [-1.8050156551059615, 46.4851376146789], [-1.797581486833643, 46.47769113149847], [-1.7864302344251652, 46.4851376146789], [-1.782713150289006, 46.47769113149847], [-1.771561897880528, 46.47769113149847], [-1.7678448137443687, 46.47024464831804], [-1.756693561335891, 46.47024464831804], [-1.7529764771997316, 46.46279816513761], [-1.7418252247912538, 46.46279816513761], [-1.7381081406550947, 46.45535168195718], [-1.730673972382776, 46.45535168195718], [-1.730673972382776, 46.44790519877675], [-1.7083714675658204, 46.44045871559633], [-1.7083714675658204, 46.42928899082568], [-1.6972202151573426, 46.42928899082568], [-1.6935031310211832, 46.42184250764526], [-1.678634794476546, 46.42184250764526], [-1.678634794476546, 46.41439602446483], [-1.6674835420680683, 46.41439602446483], [-1.6674835420680683, 46.41067278287461], [-1.6563322896595905, 46.41067278287461], [-1.6563322896595905, 46.4069495412844], [-1.637746868978794, 46.4069495412844], [-1.6340297848426346, 46.399503058103974], [-1.6303127007064755, 46.40322629969418], [-1.6154443641618383, 46.40322629969418], [-1.6154443641618383, 46.399503058103974], [-1.5968589434810418, 46.399503058103974], [-1.5894247752087234, 46.392056574923544], [-1.5671222703917675, 46.392056574923544], [-1.5559710179832897, 46.3808868501529], [-1.559688102119449, 46.36971712538226], [-1.5485368497109713, 46.36971712538226], [-1.5411026814386526, 46.36227064220183], [-1.5113660083493785, 46.36227064220183], [-1.5113660083493785, 46.35854740061162], [-1.4964976718047414, 46.35854740061162], [-1.492780587668582, 46.354824159021405], [-1.4964976718047414, 46.33993119266054], [-1.5113660083493785, 46.336207951070335], [-1.518800176621697, 46.328761467889905], [-1.4853464193962636, 46.328761467889905], [-1.4853464193962636, 46.32503822629969], [-1.4741951669877855, 46.32503822629969], [-1.4741951669877855, 46.321314984709474], [-1.4481755780346706, 46.31759174311926], [-1.4481755780346706, 46.310145259938835], [-1.440741409762352, 46.30642201834862], [-1.4444584938985114, 46.29897553516819], [-1.4370243256261928, 46.295252293577974], [-1.4370243256261928, 46.28780581039755], [-1.4072876525369187, 46.284082568807335], [-1.4072876525369187, 46.276636085626905], [-1.3849851477199628, 46.272912844036696], [-1.3849851477199628, 46.26918960244648], [-1.3701168111753257, 46.272912844036696], [-1.3589655587668479, 46.26174311926605], [-1.3440972222222107, 46.26174311926605], [-1.3440972222222107, 46.258019877675835], [-1.3143605491329367, 46.25057339449541], [-1.3143605491329367, 46.246850152905196], [-1.3366630539498923, 46.25057339449541], [-1.3366630539498923, 46.246850152905196], [-1.34781430635837, 46.246850152905196], [-1.34781430635837, 46.239403669724766], [-1.4147218208092371, 46.23568042813455], [-1.4147218208092371, 46.239403669724766], [-1.425873073217715, 46.239403669724766], [-1.4295901573538743, 46.25057339449541], [-1.45189266217083, 46.25057339449541], [-1.45189266217083, 46.25429663608562], [-1.4704780828516264, 46.258019877675835], [-1.4704780828516264, 46.265466360856266], [-1.5225172607578563, 46.272912844036696], [-1.5225172607578563, 46.276636085626905], [-1.5299514290301748, 46.276636085626905], [-1.5299514290301748, 46.284082568807335], [-1.5411026814386526, 46.284082568807335], [-1.5411026814386526, 46.276636085626905], [-1.559688102119449, 46.276636085626905], [-1.5634051862556084, 46.272912844036696], [-1.5634051862556084, 46.276636085626905], [-1.5745564386640862, 46.276636085626905], [-1.5745564386640862, 46.284082568807335], [-1.5894247752087234, 46.28780581039755], [-1.5894247752087234, 46.291529051987766], [-1.6042931117533605, 46.291529051987766], [-1.6042931117533605, 46.295252293577974], [-1.6303127007064755, 46.295252293577974], [-1.6303127007064755, 46.28780581039755], [-1.637746868978794, 46.28780581039755], [-1.637746868978794, 46.284082568807335], [-1.6563322896595905, 46.28780581039755], [-1.6563322896595905, 46.276636085626905], [-1.6488981213872718, 46.272912844036696], [-1.652615205523431, 46.265466360856266], [-1.6451810372511126, 46.265466360856266], [-1.6451810372511126, 46.258019877675835], [-1.6303127007064755, 46.258019877675835], [-1.6265956165703161, 46.246850152905196], [-1.6191614482979975, 46.246850152905196], [-1.6191614482979975, 46.23568042813455], [-1.6042931117533605, 46.231957186544335], [-1.585707691072564, 46.213340978593266], [-1.585707691072564, 46.20589449541284], [-1.5745564386640862, 46.194724770642196], [-1.5485368497109713, 46.19100152905198], [-1.5411026814386526, 46.17983180428134], [-1.5299514290301748, 46.17983180428134], [-1.5299514290301748, 46.17238532110091], [-1.5150830924855376, 46.17238532110091], [-1.5076489242132192, 46.16493883792049], [-1.492780587668582, 46.16493883792049], [-1.492780587668582, 46.16121559633027], [-1.4816293352601042, 46.16121559633027], [-1.4816293352601042, 46.15749235474006], [-1.4556097463069892, 46.15749235474006], [-1.4556097463069892, 46.15376911314984], [-1.3961364001284406, 46.15749235474006], [-1.3961364001284406, 46.15376911314984], [-1.3849851477199628, 46.15376911314984], [-1.3812680635838035, 46.14632262996941], [-1.3589655587668479, 46.1425993883792], [-1.3589655587668479, 46.13515290519877], [-1.34781430635837, 46.13515290519877], [-1.3403801380860516, 46.12770642201834], [-1.3403801380860516, 46.12025993883792], [-1.3255118015414145, 46.12025993883792], [-1.3217947174052551, 46.123983180428134], [-1.3217947174052551, 46.12025993883792], [-1.2734726236351845, 46.1165366972477], [-1.2623213712267067, 46.12770642201834], [-1.2623213712267067, 46.1425993883792], [-1.2511701188182287, 46.14632262996941], [-1.254887202954388, 46.168662079510696], [-1.2474530346820696, 46.16493883792049], [-1.2437359505459102, 46.1425993883792], [-1.2474530346820696, 46.1425993883792], [-1.2474530346820696, 46.12770642201834], [-1.2511701188182287, 46.123983180428134], [-1.2437359505459102, 46.12025993883792], [-1.2474530346820696, 46.1165366972477], [-1.2437359505459102, 46.10909021406727], [-1.2511701188182287, 46.10909021406727], [-1.2511701188182287, 46.10164373088685], [-1.2177163615927953, 46.10164373088685], [-1.213999277456636, 46.09419724770642], [-1.2065651091843175, 46.09419724770642], [-1.2028480250481581, 46.079304281345564], [-1.2177163615927953, 46.0644113149847], [-1.2214334457289546, 46.04207186544342], [-1.213999277456636, 46.03834862385321], [-1.2102821933204766, 46.02345565749235], [-1.2028480250481581, 46.02345565749235], [-1.1954138567758397, 46.01228593272171], [-1.1842626043673616, 46.008562691131495], [-1.187979688503521, 46.00483944954128], [-1.1842626043673616, 45.99366972477064], [-1.213999277456636, 45.99739296636085], [-1.2214334457289546, 46.016009174311925], [-1.240018866409751, 46.02345565749235], [-1.2474530346820696, 46.03090214067278], [-1.2474530346820696, 46.03834862385321], [-1.2623213712267067, 46.03834862385321], [-1.2660384553628659, 46.04579510703363], [-1.2994922125882995, 46.04207186544342], [-1.3032092967244586, 46.04951834862385], [-1.3366630539498923, 46.053241590214064], [-1.3515313904945294, 46.06813455657492], [-1.3663997270391666, 46.06813455657492], [-1.3701168111753257, 46.0644113149847], [-1.3701168111753257, 46.06813455657492], [-1.3775509794476444, 46.06813455657492], [-1.3775509794476444, 46.07558103975535], [-1.4035705684007593, 46.079304281345564], [-1.4035705684007593, 46.07558103975535], [-1.4110047366730778, 46.07558103975535], [-1.4110047366730778, 46.06813455657492], [-1.4221559890815556, 46.05696483180428], [-1.4295901573538743, 46.05696483180428], [-1.4295901573538743, 46.04951834862385], [-1.4370243256261928, 46.04951834862385], [-1.4370243256261928, 46.027178899082564], [-1.4295901573538743, 46.027178899082564], [-1.4221559890815556, 45.99739296636085], [-1.425873073217715, 45.99366972477064], [-1.440741409762352, 45.99366972477064], [-1.4444584938985114, 45.99739296636085], [-1.4444584938985114, 45.99366972477064], [-1.4556097463069892, 45.989946483180425], [-1.45189266217083, 45.97877675840978], [-1.4295901573538743, 45.97505351681957], [-1.425873073217715, 45.956437308868495], [-1.4184389049453965, 45.956437308868495], [-1.4295901573538743, 45.945267584097856], [-1.440741409762352, 45.945267584097856], [-1.4370243256261928, 45.937821100917425], [-1.425873073217715, 45.937821100917425], [-1.4221559890815556, 45.926651376146786], [-1.3887022318561222, 45.919204892966356], [-1.3887022318561222, 45.91175840978593], [-1.3812680635838035, 45.9043119266055], [-1.3589655587668479, 45.900588685015286], [-1.3552484746306885, 45.88941896024465], [-1.34781430635837, 45.893142201834856], [-1.3403801380860516, 45.88197247706422], [-1.3217947174052551, 45.874525993883786], [-1.3255118015414145, 45.86707951070336], [-1.3180776332690958, 45.85963302752293], [-1.3106434649967773, 45.79633792048929], [-1.306926380860618, 45.79633792048929], [-1.306926380860618, 45.78144495412844], [-1.3032092967244586, 45.78144495412844], [-1.2994922125882995, 45.76655198776758], [-1.2920580443159808, 45.76655198776758], [-1.2920580443159808, 45.74793577981651], [-1.2994922125882995, 45.74793577981651], [-1.2994922125882995, 45.740489296636085], [-1.306926380860618, 45.733042813455654], [-1.3143605491329367, 45.733042813455654], [-1.3180776332690958, 45.72559633027522], [-1.332945969813733, 45.72559633027522], [-1.3366630539498923, 45.695810397553515], [-1.3440972222222107, 45.6920871559633], [-1.3440972222222107, 45.680917431192654], [-1.3515313904945294, 45.677194189602446], [-1.34781430635837, 45.67347094801223], [-1.3515313904945294, 45.669747706422015], [-1.3515313904945294, 45.651131498470946], [-1.3403801380860516, 45.6399617737003], [-1.3403801380860516, 45.632515290519876], [-1.3180776332690958, 45.62879204892966], [-1.3217947174052551, 45.6138990825688], [-1.3143605491329367, 45.606452599388376], [-1.2771897077713437, 45.59155963302752], [-1.2771897077713437, 45.57666666666666], [-1.2697555394990252, 45.57666666666666], [-1.2697555394990252, 45.572943425076446], [-1.2623213712267067, 45.572943425076446], [-1.2623213712267067, 45.57666666666666], [-1.2363017822735916, 45.57666666666666], [-1.2363017822735916, 45.572943425076446], [-1.228867614001273, 45.572943425076446], [-1.228867614001273, 45.56549694189602], [-1.2214334457289546, 45.56549694189602], [-1.2214334457289546, 45.554327217125376], [-1.228867614001273, 45.554327217125376], [-1.2325846981374324, 45.53571100917431], [-1.2437359505459102, 45.52826452599388], [-1.2437359505459102, 45.52081804281345], [-1.228867614001273, 45.52081804281345], [-1.228867614001273, 45.52454128440367], [-1.213999277456636, 45.52454128440367], [-1.213999277456636, 45.52826452599388], [-1.1991309409119988, 45.52454128440367], [-1.1991309409119988, 45.52081804281345], [-1.2214334457289546, 45.51709480122324], [-1.2214334457289546, 45.5059250764526], [-1.2177163615927953, 45.5059250764526], [-1.2177163615927953, 45.49103211009174], [-1.213999277456636, 45.49103211009174], [-1.213999277456636, 45.47613914373088], [-1.2177163615927953, 45.47241590214067], [-1.2102821933204766, 45.47241590214067], [-1.2102821933204766, 45.46496941896024], [-1.2028480250481581, 45.46496941896024], [-1.1991309409119988, 45.44262996941896], [-1.187979688503521, 45.438906727828744], [-1.1954138567758397, 45.431460244648314], [-1.2065651091843175, 45.431460244648314], [-1.2065651091843175, 45.420290519877675], [-1.2028480250481581, 45.420290519877675], [-1.2028480250481581, 45.412844036697244], [-1.1954138567758397, 45.40539755351681], [-1.1991309409119988, 45.38305810397553], [-1.1842626043673616, 45.37933486238532], [-1.1842626043673616, 45.368165137614675], [-1.187979688503521, 45.368165137614675], [-1.1842626043673616, 45.22295871559633], [-1.187979688503521, 45.22295871559633], [-1.187979688503521, 45.1894495412844], [-1.1954138567758397, 45.1894495412844], [-1.1954138567758397, 45.17769516728624], [-1.1991309409119988, 45.17769516728624], [-1.2028480250481581, 45.107063197026015], [-1.2102821933204766, 45.107063197026015], [-1.213999277456636, 45.03643122676579], [-1.2177163615927953, 45.03643122676579], [-1.2177163615927953, 45.00669144981412], [-1.2214334457289546, 45.00669144981412], [-1.2177163615927953, 45.00297397769516], [-1.2177163615927953, 44.98810408921933], [-1.228867614001273, 44.98438661710037], [-1.2325846981374324, 44.90260223048327], [-1.2363017822735916, 44.90260223048327], [-1.240018866409751, 44.865427509293674], [-1.2437359505459102, 44.865427509293674], [-1.2437359505459102, 44.82825278810409], [-1.2474530346820696, 44.82825278810409], [-1.2474530346820696, 44.81710037174721], [-1.2511701188182287, 44.81710037174721], [-1.254887202954388, 44.75018587360594], [-1.2623213712267067, 44.75018587360594], [-1.2623213712267067, 44.73531598513011], [-1.2660384553628659, 44.73531598513011], [-1.2697555394990252, 44.68327137546468], [-1.2734726236351845, 44.68327137546468], [-1.2771897077713437, 44.64609665427509], [-1.280906791907503, 44.64609665427509], [-1.280906791907503, 44.631226765799255], [-1.2846238760436623, 44.631226765799255], [-1.2883409601798217, 44.590334572490704], [-1.2920580443159808, 44.590334572490704], [-1.2920580443159808, 44.58289962825278], [-1.2994922125882995, 44.58289962825278], [-1.2994922125882995, 44.55315985130111], [-1.2920580443159808, 44.55315985130111], [-1.2920580443159808, 44.53457249070632], [-1.2883409601798217, 44.538289962825274], [-1.2771897077713437, 44.53457249070632], [-1.2734726236351845, 44.51970260223048], [-1.2697555394990252, 44.51970260223048], [-1.2697555394990252, 44.5085501858736], [-1.2660384553628659, 44.5085501858736], [-1.2697555394990252, 44.445353159851294], [-1.2734726236351845, 44.445353159851294], [-1.2734726236351845, 44.42304832713754], [-1.280906791907503, 44.41561338289962], [-1.280906791907503, 44.36728624535316], [-1.2883409601798217, 44.359851301115235], [-1.2883409601798217, 44.34126394052044], [-1.2920580443159808, 44.34126394052044], [-1.2920580443159808, 44.30780669144981], [-1.2994922125882995, 44.30780669144981], [-1.3032092967244586, 44.27806691449814], [-1.306926380860618, 44.27806691449814], [-1.306926380860618, 44.26691449814126], [-1.3106434649967773, 44.26691449814126], [-1.3143605491329367, 44.19628252788104], [-1.3180776332690958, 44.19628252788104], [-1.3180776332690958, 44.18513011152416], [-1.3217947174052551, 44.18513011152416], [-1.3217947174052551, 44.170260223048324], [-1.3255118015414145, 44.170260223048324], [-1.3255118015414145, 44.15167286245353], [-1.332945969813733, 44.15167286245353], [-1.3366630539498923, 44.12193308550185], [-1.3440972222222107, 44.11449814126394], [-1.3440972222222107, 44.0996282527881], [-1.3403801380860516, 44.0996282527881], [-1.3440972222222107, 44.09219330855018], [-1.3403801380860516, 44.08847583643122], [-1.3440972222222107, 44.08847583643122], [-1.34781430635837, 44.06988847583643], [-1.3515313904945294, 44.06988847583643], [-1.3515313904945294, 44.05873605947955], [-1.3552484746306885, 44.05873605947955], [-1.3589655587668479, 44.02527881040892], [-1.3663997270391666, 44.02527881040892], [-1.3663997270391666, 44.010408921933085], [-1.3701168111753257, 44.010408921933085], [-1.373833895311485, 43.98438661710037], [-1.3775509794476444, 43.98438661710037], [-1.3775509794476444, 43.96579925650557], [-1.3849851477199628, 43.958364312267655], [-1.3849851477199628, 43.947211895910776], [-1.3887022318561222, 43.947211895910776], [-1.3887022318561222, 43.92862453531598], [-1.3924193159922815, 43.92862453531598], [-1.3924193159922815, 43.917472118959104], [-1.3961364001284406, 43.917472118959104], [-1.3961364001284406, 43.90260223048327], [-1.4035705684007593, 43.90260223048327], [-1.4035705684007593, 43.88773234200743], [-1.4072876525369187, 43.88773234200743], [-1.4072876525369187, 43.87657992565055], [-1.4147218208092371, 43.86914498141264], [-1.4147218208092371, 43.854275092936795], [-1.4184389049453965, 43.854275092936795], [-1.4184389049453965, 43.843122676579924], [-1.4221559890815556, 43.843122676579924], [-1.4221559890815556, 43.835687732342], [-1.4147218208092371, 43.831970260223045], [-1.4147218208092371, 43.820817843866166], [-1.4295901573538743, 43.80594795539033], [-1.4295901573538743, 43.78736059479554], [-1.4370243256261928, 43.78736059479554], [-1.440741409762352, 43.75018587360594], [-1.4444584938985114, 43.75018587360594], [-1.4481755780346706, 43.727881040892186], [-1.45189266217083, 43.727881040892186], [-1.45189266217083, 43.705576208178435], [-1.4556097463069892, 43.705576208178435], [-1.45189266217083, 43.66096654275093], [-1.4556097463069892, 43.66096654275093], [-1.4556097463069892, 43.653531598513005], [-1.4630439145793077, 43.64609665427509], [-1.4630439145793077, 43.63494423791821], [-1.4704780828516264, 43.63494423791821], [-1.4704780828516264, 43.62750929368029], [-1.4779122511239449, 43.62379182156133], [-1.4853464193962636, 43.60148698884758], [-1.492780587668582, 43.59776951672862], [-1.4964976718047414, 43.58289962825278], [-1.5002147559409007, 43.58289962825278], [-1.5002147559409007, 43.57546468401487], [-1.5076489242132192, 43.57546468401487], [-1.5113660083493785, 43.56431226765799], [-1.518800176621697, 43.56059479553903], [-1.518800176621697, 43.54944237918215], [-1.5336685131663341, 43.53457249070632], [-1.5411026814386526, 43.53457249070632], [-1.5522539338471306, 43.504832713754645], [-1.5634051862556084, 43.493680297397766], [-1.5745564386640862, 43.493680297397766], [-1.5745564386640862, 43.48996282527881], [-1.585707691072564, 43.486245353159845], [-1.585707691072564, 43.47509293680297], [-1.6005760276172012, 43.46022304832713], [-1.6042931117533605, 43.445353159851294], [-1.611727280025679, 43.445353159851294], [-1.611727280025679, 43.43791821561338], [-1.6191614482979975, 43.43791821561338], [-1.6191614482979975, 43.43420074349442], [-1.6265956165703161, 43.43420074349442], [-1.637746868978794, 43.419330855018586], [-1.6488981213872718, 43.42304832713754], [-1.652615205523431, 43.41561338289962], [-1.663766457931909, 43.41561338289962], [-1.663766457931909, 43.40817843866171], [-1.6712006262042276, 43.40817843866171], [-1.6712006262042276, 43.400743494423786], [-1.7009372992935017, 43.400743494423786], [-1.7009372992935017, 43.39702602230483], [-1.730673972382776, 43.39330855018587], [-1.730673972382776, 43.38959107806691], [-1.7492593930635725, 43.38959107806691], [-1.7492593930635725, 43.400743494423786], [-1.7604106454720503, 43.400743494423786], [-1.7604106454720503, 43.39330855018587], [-1.771561897880528, 43.38959107806691], [-1.771561897880528, 43.38587360594795], [-1.7901473185613246, 43.38959107806691], [-1.7901473185613246, 43.39702602230483], [-1.8012985709698024, 43.400743494423786], [-1.8050156551059615, 43.39330855018587], [-1.8644890012845101, 43.38215613382899], [-1.8644890012845101, 43.37472118959107], [-1.875640253692988, 43.37472118959107], [-1.8793573378291473, 43.359851301115235], [-1.9090940109184216, 43.34869888475836], [-1.9090940109184216, 43.34126394052044], [-1.9276794315992178, 43.34126394052044], [-1.9276794315992178, 43.337546468401484], [-1.96856735709697, 43.34126394052044], [-1.96856735709697, 43.337546468401484], [-1.983435693641607, 43.33382899628253], [-1.983435693641607, 43.33011152416356], [-1.9983040301862443, 43.33011152416356], [-1.9983040301862443, 43.326394052044606], [-2.013172366730881, 43.33011152416356], [-2.013172366730881, 43.326394052044606], [-2.039191955683996, 43.326394052044606], [-2.039191955683996, 43.32267657992565], [-2.050343208092474, 43.32267657992565], [-2.050343208092474, 43.318959107806684], [-2.07264571290943, 43.318959107806684], [-2.07264571290943, 43.31524163568773], [-2.087514049454067, 43.31524163568773], [-2.087514049454067, 43.31152416356877], [-2.1060994701348634, 43.31152416356877], [-2.1060994701348634, 43.30408921933085], [-2.117250722543341, 43.30408921933085], [-2.1246848908156597, 43.29665427509293], [-2.1507044797687747, 43.29665427509293], [-2.1507044797687747, 43.30037174721189], [-2.154421563904934, 43.29665427509293], [-2.1841582369942083, 43.29665427509293], [-2.1841582369942083, 43.30037174721189], [-2.1990265735388452, 43.30408921933085], [-2.2027436576750046, 43.31524163568773], [-2.2101778259473233, 43.31524163568773], [-2.2101778259473233, 43.31152416356877], [-2.2138949100834826, 43.31524163568773], [-2.247348667308916, 43.31524163568773], [-2.247348667308916, 43.31152416356877], [-2.262217003853553, 43.31152416356877], [-2.262217003853553, 43.30408921933085], [-2.3439928548490574, 43.30408921933085], [-2.3439928548490574, 43.31152416356877], [-2.366295359666013, 43.31152416356877], [-2.366295359666013, 43.31524163568773], [-2.377446612074491, 43.31524163568773], [-2.3848807803468093, 43.32267657992565], [-2.392314948619128, 43.32267657992565], [-2.392314948619128, 43.326394052044606], [-2.418334537572243, 43.326394052044606], [-2.429485789980721, 43.337546468401484], [-2.455505378933836, 43.337546468401484], [-2.455505378933836, 43.34126394052044], [-2.462939547206154, 43.34126394052044], [-2.462939547206154, 43.34869888475836], [-2.470373715478473, 43.35613382899628], [-2.4852420520231098, 43.359851301115235], [-2.4926762202954285, 43.371003717472114], [-2.511261640976225, 43.37472118959107], [-2.511261640976225, 43.38215613382899], [-2.552149566473977, 43.38215613382899], [-2.552149566473977, 43.38959107806691], [-2.563300818882455, 43.39330855018587], [-2.563300818882455, 43.39702602230483], [-2.593037491971729, 43.39330855018587], [-2.593037491971729, 43.39702602230483], [-2.6227741650610032, 43.39702602230483], [-2.6227741650610032, 43.400743494423786], [-2.630208333333322, 43.400743494423786]], [[-4.5036181192660445, 48.37258718572587], [-4.5036181192660445, 48.365145985401455], [-4.492448394495402, 48.365145985401455], [-4.492448394495402, 48.37258718572587], [-4.5036181192660445, 48.37258718572587]], [[-3.211653287461763, 47.613584752635845], [-3.215376529051977, 47.609864152473634], [-3.211653287461763, 47.609864152473634], [-3.211653287461763, 47.613584752635845]], [[-3.0701701070336282, 47.49824614760746], [-3.0664468654434143, 47.49452554744525], [-3.0664468654434143, 47.49824614760746], [-3.0701701070336282, 47.49824614760746]], [[-1.8867915061014657, 46.57449541284403], [-1.890508590237625, 46.578218654434245], [-1.890508590237625, 46.57449541284403], [-1.8867915061014657, 46.57449541284403]], [[-1.2883409601798217, 44.53457249070632], [-1.2846238760436623, 44.53085501858735], [-1.2846238760436623, 44.53457249070632], [-1.2883409601798217, 44.53457249070632]], [[-2.511261640976225, 47.193156934306565], [-2.4926762202954285, 47.18883027522936], [-2.4926762202954285, 47.18510703363914], [-2.481524967886951, 47.18510703363914], [-2.481524967886951, 47.17827453365774], [-2.470373715478473, 47.17455393349554], [-2.470373715478473, 47.17021406727828], [-2.4480712106615172, 47.17021406727828], [-2.4480712106615172, 47.17455393349554], [-2.444354126525358, 47.17455393349554], [-2.455505378933836, 47.18571573398215], [-2.4517882947976766, 47.20059813463098], [-2.511261640976225, 47.20803933495539], [-2.511261640976225, 47.193156934306565]], [[-2.6829529816513653, 43.43048327137546], [-2.6866762232415793, 43.4267657992565], [-2.6829529816513653, 43.4267657992565], [-2.6829529816513653, 43.43048327137546]], [[-2.6829529816513653, 43.4267657992565], [-2.6792297400611513, 43.42304832713754], [-2.6792297400611513, 43.4267657992565], [-2.6829529816513653, 43.4267657992565]], [[-5.867657992565051, 43.664684014869884], [-5.863940520446092, 43.66840148698884], [-5.867657992565051, 43.66840148698884], [-5.867657992565051, 43.664684014869884]], [[-5.678066914498136, 43.58289962825278], [-5.678066914498136, 43.590334572490704], [-5.685501858736055, 43.590334572490704], [-5.685501858736055, 43.58289962825278], [-5.678066914498136, 43.58289962825278]], [[-4.038212920489285, 47.79217356042173], [-4.0419361620795, 47.77729115977291], [-4.049382645259928, 47.76984995944849], [-4.019596712538215, 47.773570559610704], [-4.0158734709480015, 47.79217356042173], [-4.038212920489285, 47.79217356042173]], [[-4.049382645259928, 47.76984995944849], [-4.053105886850142, 47.76612935928629], [-4.049382645259928, 47.76612935928629], [-4.049382645259928, 47.76984995944849]], [[-3.725460626911304, 47.78473236009732], [-3.736630351681946, 47.78473236009732], [-3.736630351681946, 47.77729115977291], [-3.725460626911304, 47.77729115977291], [-3.725460626911304, 47.78473236009732]], [[-4.019596712538215, 47.75496755879967], [-3.9935340214067168, 47.75496755879967], [-3.9935340214067168, 47.76612935928629], [-4.008426987767574, 47.76984995944849], [-4.008426987767574, 47.76612935928629], [-4.0158734709480015, 47.76612935928629], [-4.012150229357787, 47.758688158961874], [-4.019596712538215, 47.758688158961874], [-4.019596712538215, 47.75496755879967]], [[-4.049382645259928, 47.725202757502025], [-4.030766437308857, 47.725202757502025], [-4.030766437308857, 47.71776155717761], [-4.06055237003057, 47.714040957015406], [-4.06055237003057, 47.70659975669099], [-4.019596712538215, 47.70287915652879], [-4.019596712538215, 47.699158556366584], [-4.008426987767574, 47.699158556366584], [-4.008426987767574, 47.70287915652879], [-4.004703746177359, 47.699158556366584], [-3.9935340214067168, 47.699158556366584], [-3.9935340214067168, 47.70287915652879], [-3.982364296636075, 47.699158556366584], [-3.978641055045861, 47.714040957015406], [-3.9711945718654325, 47.714040957015406], [-3.9711945718654325, 47.70659975669099], [-3.945131880733934, 47.70659975669099], [-3.948855122324148, 47.725202757502025], [-3.9674713302752185, 47.72892335766423], [-3.9749178134556464, 47.736364557988644], [-3.989810779816503, 47.736364557988644], [-3.989810779816503, 47.73264395782643], [-4.019596712538215, 47.736364557988644], [-4.019596712538215, 47.73264395782643], [-4.034489678899072, 47.73264395782643], [-4.034489678899072, 47.72892335766423], [-4.049382645259928, 47.73264395782643], [-4.049382645259928, 47.725202757502025]], [[-3.94140863914372, 47.70287915652879], [-3.948855122324148, 47.70287915652879], [-3.948855122324148, 47.699158556366584], [-3.94140863914372, 47.699158556366584], [-3.94140863914372, 47.70287915652879]], [[-3.997257262996931, 47.69171735604217], [-4.000980504587145, 47.69543795620437], [-4.000980504587145, 47.69171735604217], [-3.997257262996931, 47.69171735604217]], [[-3.505789373088674, 47.63218775344687], [-3.494619648318032, 47.63218775344687], [-3.490896406727818, 47.62474655312246], [-3.4722801987767475, 47.62474655312246], [-3.4685569571865336, 47.61730535279805], [-3.4424942660550353, 47.61730535279805], [-3.4424942660550353, 47.613584752635845], [-3.435047782874607, 47.61730535279805], [-3.435047782874607, 47.613584752635845], [-3.423878058103965, 47.613584752635845], [-3.423878058103965, 47.609864152473634], [-3.405261850152894, 47.609864152473634], [-3.405261850152894, 47.61730535279805], [-3.3940921253822522, 47.61730535279805], [-3.3940921253822522, 47.62102595296025], [-3.38292240061161, 47.62474655312246], [-3.386645642201824, 47.62846715328467], [-3.386645642201824, 47.64334955393349], [-3.4127083333333226, 47.64334955393349], [-3.4127083333333226, 47.647070154095694], [-3.423878058103965, 47.647070154095694], [-3.423878058103965, 47.650790754257905], [-3.4685569571865336, 47.650790754257905], [-3.4685569571865336, 47.65451135442011], [-3.48344992354739, 47.65451135442011], [-3.48344992354739, 47.65823195458231], [-3.509512614678888, 47.65823195458231], [-3.509512614678888, 47.65451135442011], [-3.5169590978593166, 47.65451135442011], [-3.5169590978593166, 47.64334955393349], [-3.509512614678888, 47.64334955393349], [-3.505789373088674, 47.63218775344687]], [[-3.0366609327217016, 47.47220194647201], [-3.040384174311916, 47.47592254663422], [-3.040384174311916, 47.48336374695863], [-3.0329376911314876, 47.490804947283046], [-3.0366609327217016, 47.490804947283046], [-3.0366609327217016, 47.49824614760746], [-3.04410741590213, 47.49824614760746], [-3.04410741590213, 47.48336374695863], [-3.051553899082558, 47.48336374695863], [-3.051553899082558, 47.47964314679643], [-3.04410741590213, 47.47964314679643], [-3.04410741590213, 47.47220194647201], [-3.0366609327217016, 47.47220194647201]], [[-3.0329376911314876, 47.427554744525544], [-3.040384174311916, 47.42011354420113], [-3.0329376911314876, 47.42011354420113], [-3.0292144495412736, 47.41267234387672], [-3.0217679663608457, 47.41267234387672], [-3.0217679663608457, 47.40895174371451], [-3.0068749999999893, 47.41267234387672], [-3.0105982415902033, 47.42011354420113], [-3.0217679663608457, 47.42011354420113], [-3.0217679663608457, 47.42383414436334], [-3.0329376911314876, 47.42383414436334], [-3.0329376911314876, 47.427554744525544]], [[-3.0068749999999893, 47.41267234387672], [-3.0031517584097753, 47.40895174371451], [-3.0031517584097753, 47.41267234387672], [-3.0068749999999893, 47.41267234387672]], [[-2.991982033639133, 47.40895174371451], [-2.999428516819561, 47.40895174371451], [-3.0031517584097753, 47.390348742903484], [-2.991982033639133, 47.390348742903484], [-2.988258792048919, 47.379186942416865], [-2.9770890672782766, 47.37546634225466], [-2.984535550458705, 47.36802514193025], [-2.9733658256880626, 47.36802514193025], [-2.9733658256880626, 47.36058394160583], [-2.9770890672782766, 47.36058394160583], [-2.9733658256880626, 47.353142741281424], [-2.928686926605494, 47.341980940794805], [-2.928686926605494, 47.34942214111922], [-2.936133409785922, 47.34942214111922], [-2.936133409785922, 47.353142741281424], [-2.928686926605494, 47.353142741281424], [-2.936133409785922, 47.36058394160583], [-2.936133409785922, 47.36802514193025], [-2.9212404434250656, 47.36802514193025], [-2.9212404434250656, 47.34570154095701], [-2.9175172018348516, 47.34570154095701], [-2.9212404434250656, 47.3382603406326], [-2.9175172018348516, 47.33453974047039], [-2.8914545107033534, 47.330819140308186], [-2.887731269113139, 47.31965733982157], [-2.872838302752283, 47.31965733982157], [-2.872838302752283, 47.315936739659364], [-2.8653918195718546, 47.315936739659364], [-2.8653918195718546, 47.31965733982157], [-2.8579453363914267, 47.315936739659364], [-2.8579453363914267, 47.32337793998378], [-2.8504988532109983, 47.32337793998378], [-2.8504988532109983, 47.330819140308186], [-2.8430523700305703, 47.330819140308186], [-2.8430523700305703, 47.32337793998378], [-2.8356058868501424, 47.32337793998378], [-2.8356058868501424, 47.31965733982157], [-2.828159403669714, 47.31965733982157], [-2.828159403669714, 47.330819140308186], [-2.8356058868501424, 47.33453974047039], [-2.8356058868501424, 47.341980940794805], [-2.8504988532109983, 47.34570154095701], [-2.8504988532109983, 47.34942214111922], [-2.8579453363914267, 47.34942214111922], [-2.8579453363914267, 47.353142741281424], [-2.872838302752283, 47.353142741281424], [-2.872838302752283, 47.34942214111922], [-2.8951777522935673, 47.353142741281424], [-2.8951777522935673, 47.36058394160583], [-2.884008027522925, 47.36058394160583], [-2.884008027522925, 47.36802514193025], [-2.9063474770642093, 47.37174574209245], [-2.9063474770642093, 47.38290754257907], [-2.8951777522935673, 47.38662814274128], [-2.8951777522935673, 47.379186942416865], [-2.884008027522925, 47.379186942416865], [-2.887731269113139, 47.38290754257907], [-2.884008027522925, 47.39406934306569], [-2.8989009938837813, 47.39406934306569], [-2.8989009938837813, 47.4015105433901], [-2.9473031345565643, 47.4015105433901], [-2.9473031345565643, 47.40523114355231], [-2.9621961009174202, 47.40523114355231], [-2.9659193425076347, 47.41267234387672], [-2.9696425840978486, 47.41267234387672], [-2.9696425840978486, 47.40523114355231], [-2.9733658256880626, 47.40895174371451], [-2.991982033639133, 47.40523114355231], [-2.991982033639133, 47.40895174371451]], [[-3.267501911314974, 47.34942214111922], [-3.26377866972476, 47.34942214111922], [-3.260055428134546, 47.33453974047039], [-3.2488857033639036, 47.330819140308186], [-3.2526089449541176, 47.31221613949716], [-3.2414392201834756, 47.30105433901054], [-3.2265462538226193, 47.29733373884833], [-3.2265462538226193, 47.28989253852392], [-3.207930045871549, 47.28989253852392], [-3.207930045871549, 47.29733373884833], [-3.2004835626911206, 47.29733373884833], [-3.2004835626911206, 47.28989253852392], [-3.1930370795106926, 47.28989253852392], [-3.1930370795106926, 47.29733373884833], [-3.1706976299694083, 47.30105433901054], [-3.1706976299694083, 47.29733373884833], [-3.16325114678898, 47.29733373884833], [-3.16325114678898, 47.28989253852392], [-3.1111257645259833, 47.28617193836172], [-3.103679281345555, 47.278730738037304], [-3.0887863149846986, 47.278730738037304], [-3.0887863149846986, 47.28245133819951], [-3.0738933486238427, 47.28245133819951], [-3.0701701070336282, 47.29733373884833], [-3.051553899082558, 47.30849553933495], [-3.0590003822629863, 47.31965733982157], [-3.107402522935769, 47.32337793998378], [-3.1148490061161973, 47.341980940794805], [-3.1222954892966253, 47.341980940794805], [-3.1334652140672676, 47.353142741281424], [-3.1409116972476956, 47.353142741281424], [-3.148358180428124, 47.36058394160583], [-3.148358180428124, 47.36802514193025], [-3.1967603211009066, 47.37174574209245], [-3.1967603211009066, 47.37546634225466], [-3.207930045871549, 47.37546634225466], [-3.215376529051977, 47.38290754257907], [-3.237715978593261, 47.38290754257907], [-3.2414392201834756, 47.390348742903484], [-3.260055428134546, 47.390348742903484], [-3.260055428134546, 47.38662814274128], [-3.2526089449541176, 47.38662814274128], [-3.2526089449541176, 47.379186942416865], [-3.267501911314974, 47.37546634225466], [-3.267501911314974, 47.34942214111922]], [[-2.988258792048919, 47.36802514193025], [-2.991982033639133, 47.37174574209245], [-3.0068749999999893, 47.37174574209245], [-3.0068749999999893, 47.36058394160583], [-2.991982033639133, 47.35686334144363], [-2.988258792048919, 47.36802514193025]], [[-2.656890290519867, 47.278730738037304], [-2.6717832568807234, 47.28245133819951], [-2.6717832568807234, 47.27128953771289], [-2.664336773700295, 47.27128953771289], [-2.660613532110081, 47.26384833738848], [-2.6457205657492247, 47.26384833738848], [-2.6457205657492247, 47.256407137064066], [-2.6419973241590107, 47.256407137064066], [-2.6419973241590107, 47.26384833738848], [-2.630208333333322, 47.27128953771289], [-2.630208333333322, 47.304774939172745], [-2.653167048929653, 47.304774939172745], [-2.6494438073394386, 47.30105433901054], [-2.6494438073394386, 47.28617193836172], [-2.656890290519867, 47.278730738037304]], [[-4.629739776951668, 48.625587996755876], [-4.61903860856268, 48.625587996755876], [-4.61903860856268, 48.62930859691808], [-4.629739776951668, 48.63302919708029], [-4.629739776951668, 48.625587996755876]], [[-4.678066914498136, 48.59582319545823], [-4.681784386617096, 48.599543795620434], [-4.681784386617096, 48.59582319545823], [-4.678066914498136, 48.59582319545823]], [[-4.797026022304828, 48.52885239253852], [-4.800743494423787, 48.53257299270073], [-4.800743494423787, 48.52885239253852], [-4.797026022304828, 48.52885239253852]], [[-4.804460966542746, 48.49164639091646], [-4.808178438661705, 48.49536699107867], [-4.808178438661705, 48.49164639091646], [-4.804460966542746, 48.49164639091646]], [[-5.109293680297393, 48.48420519059205], [-5.105576208178434, 48.476763990267635], [-5.113011152416352, 48.476763990267635], [-5.113011152416352, 48.46932278994322], [-5.131598513011148, 48.465602189781016], [-5.131598513011148, 48.46188158961881], [-5.150185873605944, 48.4544403892944], [-5.146468401486984, 48.44699918896999], [-5.142750929368025, 48.450719789132194], [-5.127881040892189, 48.450719789132194], [-5.127881040892189, 48.4544403892944], [-5.113011152416352, 48.4544403892944], [-5.109293680297393, 48.450719789132194], [-5.116728624535312, 48.44327858880778], [-5.127881040892189, 48.44327858880778], [-5.131598513011148, 48.428396188158956], [-5.116728624535312, 48.428396188158956], [-5.116728624535312, 48.43211678832116], [-5.105576208178434, 48.43211678832116], [-5.105576208178434, 48.43583738848337], [-5.086988847583639, 48.43583738848337], [-5.086988847583639, 48.44699918896999], [-5.07955390334572, 48.44699918896999], [-5.07955390334572, 48.450719789132194], [-5.053531598513007, 48.450719789132194], [-5.049814126394048, 48.45816098945661], [-5.034944237918211, 48.45816098945661], [-5.031226765799252, 48.46188158961881], [-5.031226765799252, 48.465602189781016], [-5.049814126394048, 48.465602189781016], [-5.053531598513007, 48.46932278994322], [-5.049814126394048, 48.48048459042984], [-5.064684014869884, 48.48048459042984], [-5.072118959107802, 48.487925790754254], [-5.07955390334572, 48.48420519059205], [-5.07955390334572, 48.476763990267635], [-5.094423791821557, 48.476763990267635], [-5.094423791821557, 48.48420519059205], [-5.109293680297393, 48.48420519059205]], [[-4.867657992565051, 48.31305758313057], [-4.863940520446092, 48.30561638280616], [-4.845353159851296, 48.30561638280616], [-4.845353159851296, 48.316778183292776], [-4.808178438661705, 48.32049878345499], [-4.804460966542746, 48.32421938361719], [-4.808178438661705, 48.327939983779395], [-4.808178438661705, 48.34282238442822], [-4.819330855018583, 48.34282238442822], [-4.819330855018583, 48.35026358475263], [-4.823048327137542, 48.35026358475263], [-4.819330855018583, 48.353984184914836], [-4.823048327137542, 48.35770478507705], [-4.823048327137542, 48.37258718572587], [-4.834200743494419, 48.37258718572587], [-4.834200743494419, 48.38002838605028], [-4.841635687732337, 48.38002838605028], [-4.841635687732337, 48.38374898621249], [-4.860223048327133, 48.38374898621249], [-4.863940520446092, 48.39863138686131], [-4.886245353159847, 48.39863138686131], [-4.889962825278806, 48.402351987023515], [-4.886245353159847, 48.41723438767234], [-4.897397769516724, 48.42095498783455], [-4.897397769516724, 48.428396188158956], [-4.908550185873601, 48.428396188158956], [-4.908550185873601, 48.42095498783455], [-4.923420074349438, 48.42467558799675], [-4.919702602230479, 48.42095498783455], [-4.919702602230479, 48.39863138686131], [-4.934572490706315, 48.39491078669911], [-4.942007434944233, 48.413513787510134], [-4.968029739776947, 48.41723438767234], [-4.968029739776947, 48.42467558799675], [-4.975464684014865, 48.42467558799675], [-4.975464684014865, 48.43211678832116], [-4.990334572490702, 48.43211678832116], [-4.990334572490702, 48.428396188158956], [-5.005204460966538, 48.42467558799675], [-5.012639405204456, 48.44327858880778], [-5.023791821561334, 48.44327858880778], [-5.023791821561334, 48.43583738848337], [-5.016356877323416, 48.43583738848337], [-5.016356877323416, 48.428396188158956], [-5.023791821561334, 48.428396188158956], [-5.027509293680293, 48.41723438767234], [-5.012639405204456, 48.41723438767234], [-5.016356877323416, 48.402351987023515], [-5.001486988847579, 48.39863138686131], [-5.001486988847579, 48.391190186536896], [-4.994052044609661, 48.38746958637469], [-5.001486988847579, 48.38002838605028], [-4.990334572490702, 48.37630778588807], [-4.990334572490702, 48.37258718572587], [-4.979182156133824, 48.37258718572587], [-4.979182156133824, 48.365145985401455], [-4.964312267657988, 48.353984184914836], [-4.960594795539029, 48.34282238442822], [-4.945724907063192, 48.34654298459043], [-4.945724907063192, 48.35026358475263], [-4.934572490706315, 48.35026358475263], [-4.934572490706315, 48.34654298459043], [-4.927137546468397, 48.35026358475263], [-4.923420074349438, 48.34654298459043], [-4.923420074349438, 48.35026358475263], [-4.91226765799256, 48.35026358475263], [-4.91226765799256, 48.353984184914836], [-4.886245353159847, 48.353984184914836], [-4.889962825278806, 48.34282238442822], [-4.901115241635683, 48.33910178426601], [-4.901115241635683, 48.3316605839416], [-4.908550185873601, 48.3316605839416], [-4.91226765799256, 48.32421938361719], [-4.923420074349438, 48.32421938361719], [-4.923420074349438, 48.32049878345499], [-4.908550185873601, 48.32049878345499], [-4.904832713754642, 48.31305758313057], [-4.901115241635683, 48.316778183292776], [-4.875092936802969, 48.316778183292776], [-4.875092936802969, 48.31305758313057], [-4.867657992565051, 48.31305758313057]], [[-4.919702602230479, 48.316778183292776], [-4.919702602230479, 48.31305758313057], [-4.908550185873601, 48.31305758313057], [-4.908550185873601, 48.316778183292776], [-4.919702602230479, 48.316778183292776]], [[-4.804460966542746, 48.35026358475263], [-4.808178438661705, 48.353984184914836], [-4.808178438661705, 48.35026358475263], [-4.804460966542746, 48.35026358475263]], [[-4.927137546468397, 48.316778183292776], [-4.930855018587356, 48.32049878345499], [-4.930855018587356, 48.316778183292776], [-4.927137546468397, 48.316778183292776]], [[-4.878810408921928, 48.30933698296837], [-4.886245353159847, 48.30933698296837], [-4.886245353159847, 48.30561638280616], [-4.878810408921928, 48.30561638280616], [-4.878810408921928, 48.30933698296837]], [[-4.644609665427504, 48.27213098134631], [-4.648327137546464, 48.27585158150851], [-4.648327137546464, 48.27213098134631], [-4.644609665427504, 48.27213098134631]], [[-4.797026022304828, 48.071218572587185], [-4.800743494423787, 48.07493917274939], [-4.800743494423787, 48.071218572587185], [-4.797026022304828, 48.071218572587185]], [[-4.938289962825274, 48.04889497161395], [-4.927137546468397, 48.03773317112733], [-4.919702602230479, 48.04145377128953], [-4.919702602230479, 48.03773317112733], [-4.893680297397765, 48.03773317112733], [-4.893680297397765, 48.034012570965125], [-4.856505576208174, 48.034012570965125], [-4.856505576208174, 48.030291970802914], [-4.804460966542746, 48.02657137064071], [-4.808178438661705, 48.034012570965125], [-4.819330855018583, 48.034012570965125], [-4.826765799256501, 48.045174371451736], [-4.852788104089215, 48.04889497161395], [-4.852788104089215, 48.05261557177615], [-4.942007434944233, 48.05261557177615], [-4.942007434944233, 48.060056772100566], [-4.949442379182152, 48.060056772100566], [-4.949442379182152, 48.05261557177615], [-4.960594795539029, 48.05261557177615], [-4.960594795539029, 48.04145377128953], [-4.938289962825274, 48.04145377128953], [-4.938289962825274, 48.04889497161395]], [[-4.540850535168185, 48.65163219789132], [-4.529680810397543, 48.65163219789132], [-4.529680810397543, 48.65535279805352], [-4.540850535168185, 48.65907339821573], [-4.540850535168185, 48.65163219789132]], [[-4.496171636085616, 48.65535279805352], [-4.49989487767583, 48.65907339821573], [-4.514787844036686, 48.65907339821573], [-4.5185110856269, 48.64419099756691], [-4.49989487767583, 48.64419099756691], [-4.496171636085616, 48.65535279805352]], [[-4.522234327217115, 48.65163219789132], [-4.525957568807328, 48.65163219789132], [-4.525957568807328, 48.64419099756691], [-4.522234327217115, 48.64419099756691], [-4.522234327217115, 48.65163219789132]], [[-2.366295359666013, 47.18571573398215], [-2.377446612074491, 47.18571573398215], [-2.377446612074491, 47.17455393349554], [-2.366295359666013, 47.17455393349554], [-2.366295359666013, 47.18571573398215]], [[-2.351427023121376, 47.17455393349554], [-2.355144107257535, 47.17766055045871], [-2.355144107257535, 47.17455393349554], [-2.351427023121376, 47.17455393349554]], [[-2.4517882947976766, 46.94681957186544], [-2.455505378933836, 46.950542813455655], [-2.455505378933836, 46.94681957186544], [-2.4517882947976766, 46.94681957186544]], [[-2.429485789980721, 46.92820336391437], [-2.407183285163765, 46.92820336391437], [-2.407183285163765, 46.931926605504586], [-2.4109003692999242, 46.935649847094794], [-2.4146174534360836, 46.931926605504586], [-2.444354126525358, 46.931926605504586], [-2.436919958253039, 46.924480122324155], [-2.429485789980721, 46.924480122324155], [-2.429485789980721, 46.92820336391437]], [[-2.284519508670509, 46.82395259938838], [-2.2919536769428275, 46.82022935779816], [-2.2919536769428275, 46.809059633027516], [-2.284519508670509, 46.81278287461773], [-2.284519508670509, 46.82395259938838]], [[-2.4480712106615172, 47.20431873479318], [-2.4480712106615172, 47.20059813463098], [-2.436919958253039, 47.20059813463098], [-2.43320287411688, 47.20803933495539], [-2.4220516217084023, 47.20803933495539], [-2.4220516217084023, 47.2154805352798], [-2.459222463069995, 47.20803933495539], [-2.459222463069995, 47.20431873479318], [-2.4480712106615172, 47.20431873479318]]], [[[-3.0664468654434143, 47.47592254663422], [-3.0701701070336282, 47.47220194647201], [-3.0701701070336282, 47.47592254663422], [-3.0664468654434143, 47.47592254663422]]], [[[-2.8989009938837813, 47.49824614760746], [-2.8989009938837813, 47.50568734793187], [-2.8951777522935673, 47.50568734793187], [-2.8951777522935673, 47.49824614760746], [-2.8989009938837813, 47.49824614760746]]], [[[-3.16325114678898, 47.539172749391724], [-3.1669743883791943, 47.54289334955393], [-3.16325114678898, 47.54289334955393], [-3.16325114678898, 47.539172749391724]]], [[[-2.9212404434250656, 47.565216950527166], [-2.9137939602446377, 47.56893755068937], [-2.9137939602446377, 47.56149635036496], [-2.9212404434250656, 47.55405515004055], [-2.9212404434250656, 47.54289334955393], [-2.9137939602446377, 47.539172749391724], [-2.9137939602446377, 47.53173154906731], [-2.9212404434250656, 47.528010948905106], [-2.9249636850152796, 47.53173154906731], [-2.9249636850152796, 47.55777575020275], [-2.9212404434250656, 47.56149635036496], [-2.928686926605494, 47.565216950527166], [-2.928686926605494, 47.576378751013785], [-2.9249636850152796, 47.576378751013785], [-2.9212404434250656, 47.565216950527166]]], [[[-2.9026242354739953, 47.565216950527166], [-2.9063474770642093, 47.56893755068937], [-2.9026242354739953, 47.56893755068937], [-2.9026242354739953, 47.565216950527166]]], [[[-2.872838302752283, 47.58009935117599], [-2.872838302752283, 47.576378751013785], [-2.880284785932711, 47.576378751013785], [-2.880284785932711, 47.56893755068937], [-2.887731269113139, 47.56893755068937], [-2.887731269113139, 47.58009935117599], [-2.872838302752283, 47.58009935117599]]], [[[-2.928686926605494, 47.58009935117599], [-2.932410168195708, 47.576378751013785], [-2.932410168195708, 47.58009935117599], [-2.928686926605494, 47.58009935117599]]], [[[-2.936133409785922, 47.58009935117599], [-2.932410168195708, 47.58381995133819], [-2.932410168195708, 47.58009935117599], [-2.936133409785922, 47.58009935117599]]], [[[-2.939856651376136, 47.5875405515004], [-2.9473031345565643, 47.5875405515004], [-2.9473031345565643, 47.59126115166261], [-2.939856651376136, 47.59126115166261], [-2.939856651376136, 47.5875405515004]]], [[[-3.371752675840968, 47.70659975669099], [-3.371752675840968, 47.714040957015406], [-3.3680294342507535, 47.714040957015406], [-3.3680294342507535, 47.70287915652879], [-3.375475917431182, 47.699158556366584], [-3.375475917431182, 47.70659975669099], [-3.371752675840968, 47.70659975669099]]], [[[-3.3643061926605395, 47.721482157339814], [-3.3680294342507535, 47.71776155717761], [-3.3680294342507535, 47.721482157339814], [-3.3643061926605395, 47.721482157339814]]], [[[-4.856505576208174, 48.31305758313057], [-4.860223048327133, 48.316778183292776], [-4.856505576208174, 48.316778183292776], [-4.856505576208174, 48.31305758313057]]], [[[-4.726394052044605, 48.57349959448499], [-4.730111524163564, 48.56977899432279], [-4.730111524163564, 48.57349959448499], [-4.726394052044605, 48.57349959448499]]], [[[-4.6631970260223, 48.588381995133815], [-4.670631970260218, 48.588381995133815], [-4.670631970260218, 48.59210259529602], [-4.6631970260223, 48.59210259529602], [-4.6631970260223, 48.588381995133815]]], [[[-4.599999999999995, 48.62186739659367], [-4.599999999999995, 48.61814679643146], [-4.607434944237913, 48.61814679643146], [-4.607434944237913, 48.62186739659367], [-4.599999999999995, 48.62186739659367]]], [[[-3.878113532110081, 48.66651459854014], [-3.885560015290509, 48.66651459854014], [-3.885560015290509, 48.67023519870235], [-3.878113532110081, 48.67023519870235], [-3.878113532110081, 48.66651459854014]]], [[[-3.9041762232415795, 48.68883819951338], [-3.9041762232415795, 48.699999999999996], [-3.889283256880723, 48.699999999999996], [-3.889283256880723, 48.69627939983779], [-3.900452981651365, 48.69627939983779], [-3.896729740061151, 48.68883819951338], [-3.9041762232415795, 48.68883819951338]]], [[[-3.874390290519867, 48.69627939983779], [-3.874390290519867, 48.699999999999996], [-3.866943807339439, 48.699999999999996], [-3.866943807339439, 48.69627939983779], [-3.874390290519867, 48.69627939983779]]], [[[-1.637746868978794, 46.265466360856266], [-1.6451810372511126, 46.265466360856266], [-1.6451810372511126, 46.26918960244648], [-1.637746868978794, 46.26918960244648], [-1.637746868978794, 46.265466360856266]]], [[[-1.875640253692988, 46.578218654434245], [-1.8682060854206695, 46.578218654434245], [-1.8682060854206695, 46.57077217125382], [-1.875640253692988, 46.57449541284403], [-1.875640253692988, 46.578218654434245]]], [[[-1.983435693641607, 46.67874617737002], [-1.983435693641607, 46.68246941896024], [-1.9722844412331293, 46.68246941896024], [-1.9722844412331293, 46.67874617737002], [-1.983435693641607, 46.67874617737002]]], [[[-2.113533638407182, 46.71597859327217], [-2.117250722543341, 46.719701834862384], [-2.113533638407182, 46.719701834862384], [-2.113533638407182, 46.71597859327217]]], [[[-2.407183285163765, 46.99894495412843], [-2.4146174534360836, 46.99894495412843], [-2.4146174534360836, 47.006391437308864], [-2.407183285163765, 47.006391437308864], [-2.407183285163765, 46.99894495412843]]], [[[-2.0949482177263854, 47.00266819571865], [-2.083796965317908, 47.006391437308864], [-2.083796965317908, 47.02128440366972], [-2.0800798811817485, 47.02128440366972], [-2.0800798811817485, 47.00266819571865], [-2.0949482177263854, 46.99894495412843], [-2.0949482177263854, 47.00266819571865]]], [[[-2.1990265735388452, 47.039900611620794], [-2.1990265735388452, 47.04734709480122], [-2.191592405266527, 47.04734709480122], [-2.191592405266527, 47.039900611620794], [-2.1990265735388452, 47.039900611620794]]], [[[-2.1358361432241377, 47.04734709480122], [-2.1469873956326153, 47.04734709480122], [-2.1469873956326153, 47.05107033639143], [-2.1098165542710228, 47.04734709480122], [-2.1098165542710228, 47.039900611620794], [-2.1358361432241377, 47.039900611620794], [-2.1358361432241377, 47.04734709480122]]], [[[-2.1098165542710228, 47.058516819571864], [-2.1098165542710228, 47.06224006116207], [-2.102382385998704, 47.06224006116207], [-2.102382385998704, 47.058516819571864], [-2.1098165542710228, 47.058516819571864]]], [[[-1.6228785324341568, 47.16276758409786], [-1.6265956165703161, 47.16649082568807], [-1.6228785324341568, 47.16649082568807], [-1.6228785324341568, 47.16276758409786]]], [[[-2.2027436576750046, 47.26384833738848], [-2.206460741811164, 47.267568937550685], [-2.2027436576750046, 47.267568937550685], [-2.2027436576750046, 47.26384833738848]]], [[[-2.191592405266527, 47.267568937550685], [-2.2027436576750046, 47.267568937550685], [-2.2027436576750046, 47.27128953771289], [-2.191592405266527, 47.27128953771289], [-2.191592405266527, 47.267568937550685]]], [[[-2.8504988532109983, 47.33453974047039], [-2.8542220948012127, 47.330819140308186], [-2.8542220948012127, 47.33453974047039], [-2.8504988532109983, 47.33453974047039]]], [[[-2.872838302752283, 47.56149635036496], [-2.872838302752283, 47.565216950527166], [-2.8653918195718546, 47.565216950527166], [-2.8653918195718546, 47.56149635036496], [-2.872838302752283, 47.56149635036496]]], [[[-2.7983734709480017, 47.58009935117599], [-2.8020967125382157, 47.576378751013785], [-2.8020967125382157, 47.58009935117599], [-2.7983734709480017, 47.58009935117599]]], [[[-2.872838302752283, 47.59126115166261], [-2.8653918195718546, 47.58381995133819], [-2.880284785932711, 47.58381995133819], [-2.872838302752283, 47.59126115166261]]], [[[-2.8616685779816406, 47.59126115166261], [-2.8653918195718546, 47.5875405515004], [-2.8653918195718546, 47.59126115166261], [-2.8616685779816406, 47.59126115166261]]], [[[-2.7536945718654326, 48.62186739659367], [-2.7574178134556466, 48.61814679643146], [-2.7574178134556466, 48.62186739659367], [-2.7536945718654326, 48.62186739659367]]], [[[-2.7872037461773593, 48.662793998377936], [-2.7909269877675733, 48.67023519870235], [-2.8095431957186436, 48.67023519870235], [-2.8095431957186436, 48.673955798864554], [-2.816989678899072, 48.673955798864554], [-2.816989678899072, 48.66651459854014], [-2.828159403669714, 48.662793998377936], [-2.831882645259928, 48.673955798864554], [-2.8430523700305703, 48.67767639902676], [-2.8430523700305703, 48.68511759935117], [-2.8504988532109983, 48.68511759935117], [-2.8467756116207843, 48.673955798864554], [-2.8542220948012127, 48.673955798864554], [-2.8653918195718546, 48.69627939983779], [-2.872838302752283, 48.69627939983779], [-2.872838302752283, 48.68883819951338], [-2.880284785932711, 48.68883819951338], [-2.884008027522925, 48.699999999999996], [-2.005738198458563, 48.699999999999996], [-2.005738198458563, 48.68511759935117], [-2.0168894508670405, 48.69255879967558], [-2.0206065350032, 48.68511759935117], [-2.039191955683996, 48.68511759935117], [-2.039191955683996, 48.67767639902676], [-2.050343208092474, 48.67767639902676], [-2.050343208092474, 48.68511759935117], [-2.0800798811817485, 48.68511759935117], [-2.0800798811817485, 48.67767639902676], [-2.087514049454067, 48.67023519870235], [-2.1060994701348634, 48.673955798864554], [-2.113533638407182, 48.66651459854014], [-2.113533638407182, 48.65907339821573], [-2.1209678066795004, 48.65907339821573], [-2.1209678066795004, 48.65163219789132], [-2.139553227360297, 48.65163219789132], [-2.139553227360297, 48.64419099756691], [-2.165572816313412, 48.64419099756691], [-2.1767240687218896, 48.63302919708029], [-2.180441152858049, 48.636749797242494], [-2.2101778259473233, 48.636749797242494], [-2.2101778259473233, 48.6404703974047], [-2.2399144990365976, 48.64419099756691], [-2.2399144990365976, 48.65163219789132], [-2.247348667308916, 48.65907339821573], [-2.2547828355812345, 48.65907339821573], [-2.2547828355812345, 48.662793998377936], [-2.269651172125872, 48.662793998377936], [-2.269651172125872, 48.66651459854014], [-2.284519508670509, 48.662793998377936], [-2.284519508670509, 48.67023519870235], [-2.3068220134874644, 48.673955798864554], [-2.3105390976236237, 48.68883819951338], [-2.3179732658959424, 48.68883819951338], [-2.3179732658959424, 48.69255879967558], [-2.3328416024405794, 48.68883819951338], [-2.3328416024405794, 48.67767639902676], [-2.340275770712898, 48.67767639902676], [-2.340275770712898, 48.673955798864554], [-2.351427023121376, 48.67767639902676], [-2.351427023121376, 48.67023519870235], [-2.366295359666013, 48.67023519870235], [-2.366295359666013, 48.662793998377936], [-2.38116369621065, 48.662793998377936], [-2.38116369621065, 48.65907339821573], [-2.392314948619128, 48.65907339821573], [-2.392314948619128, 48.65535279805352], [-2.4109003692999242, 48.65535279805352], [-2.407183285163765, 48.662793998377936], [-2.4146174534360836, 48.662793998377936], [-2.4146174534360836, 48.66651459854014], [-2.462939547206154, 48.67023519870235], [-2.462939547206154, 48.673955798864554], [-2.455505378933836, 48.673955798864554], [-2.455505378933836, 48.68511759935117], [-2.462939547206154, 48.68511759935117], [-2.462939547206154, 48.68883819951338], [-2.470373715478473, 48.68883819951338], [-2.470373715478473, 48.68511759935117], [-2.4778078837507915, 48.68511759935117], [-2.4778078837507915, 48.68883819951338], [-2.488959136159269, 48.68511759935117], [-2.4926762202954285, 48.68883819951338], [-2.496393304431588, 48.67767639902676], [-2.5038274727039065, 48.68511759935117], [-2.5038274727039065, 48.673955798864554], [-2.500110388567747, 48.673955798864554], [-2.5038274727039065, 48.66651459854014], [-2.500110388567747, 48.66651459854014], [-2.500110388567747, 48.65163219789132], [-2.496393304431588, 48.65163219789132], [-2.496393304431588, 48.636749797242494], [-2.500110388567747, 48.63302919708029], [-2.5224128933847028, 48.63302919708029], [-2.526129977520862, 48.64419099756691], [-2.53728122992934, 48.64419099756691], [-2.540998314065499, 48.636749797242494], [-2.5484324823378177, 48.636749797242494], [-2.5484324823378177, 48.6404703974047], [-2.567017903018614, 48.64419099756691], [-2.567017903018614, 48.65535279805352], [-2.5818862395632514, 48.65535279805352], [-2.5818862395632514, 48.64419099756691], [-2.5744520712909327, 48.64419099756691], [-2.5744520712909327, 48.636749797242494], [-2.593037491971729, 48.62930859691808], [-2.6004716602440476, 48.636749797242494], [-2.615339996788685, 48.636749797242494], [-2.615339996788685, 48.6404703974047], [-2.6196578746177264, 48.6404703974047], [-2.6196578746177264, 48.60698499594485], [-2.6271043577981543, 48.599543795620434], [-2.664336773700295, 48.59582319545823], [-2.664336773700295, 48.59210259529602], [-2.6829529816513653, 48.59210259529602], [-2.6829529816513653, 48.59582319545823], [-2.6941227064220077, 48.599543795620434], [-2.6941227064220077, 48.60698499594485], [-2.7052924311926496, 48.60698499594485], [-2.7052924311926496, 48.599543795620434], [-2.712738914373078, 48.599543795620434], [-2.716462155963292, 48.60698499594485], [-2.7313551223241483, 48.61070559610705], [-2.7313551223241483, 48.61814679643146], [-2.7425248470947907, 48.61814679643146], [-2.7462480886850047, 48.62186739659367], [-2.7425248470947907, 48.636749797242494], [-2.7499713302752187, 48.636749797242494], [-2.7499713302752187, 48.64419099756691], [-2.7462480886850047, 48.64419099756691], [-2.7462480886850047, 48.65163219789132], [-2.7425248470947907, 48.65163219789132], [-2.7462480886850047, 48.662793998377936], [-2.7574178134556466, 48.65907339821573], [-2.7536945718654326, 48.65163219789132], [-2.768587538226289, 48.65535279805352], [-2.776034021406717, 48.662793998377936], [-2.7872037461773593, 48.662793998377936]], [[-2.0429090398201555, 48.68511759935117], [-2.046626123956315, 48.69255879967558], [-2.0540602922286335, 48.69255879967558], [-2.050343208092474, 48.68511759935117], [-2.0429090398201555, 48.68511759935117]], [[-2.630208333333322, 48.65163219789132], [-2.6345508409785827, 48.65163219789132], [-2.6345508409785827, 48.64419099756691], [-2.630208333333322, 48.64419099756691], [-2.630208333333322, 48.65163219789132]], [[-2.615339996788685, 48.65163219789132], [-2.6196578746177264, 48.65163219789132], [-2.6196578746177264, 48.64419099756691], [-2.615339996788685, 48.64419099756691], [-2.615339996788685, 48.65163219789132]], [[-2.7313551223241483, 48.64419099756691], [-2.7388016055045763, 48.64419099756691], [-2.7388016055045763, 48.62930859691808], [-2.720185397553506, 48.62930859691808], [-2.72390863914372, 48.636749797242494], [-2.7313551223241483, 48.636749797242494], [-2.7313551223241483, 48.64419099756691]], [[-2.4517882947976766, 48.68511759935117], [-2.4480712106615172, 48.68883819951338], [-2.4517882947976766, 48.68883819951338], [-2.4517882947976766, 48.68511759935117]], [[-2.3885978644829686, 48.66651459854014], [-2.3848807803468093, 48.67023519870235], [-2.3885978644829686, 48.67023519870235], [-2.3885978644829686, 48.66651459854014]], [[-2.526129977520862, 48.65535279805352], [-2.5224128933847028, 48.65907339821573], [-2.526129977520862, 48.65907339821573], [-2.526129977520862, 48.65535279805352]]], [[[-2.7499713302752187, 48.65163219789132], [-2.7499713302752187, 48.64419099756691], [-2.7536945718654326, 48.64419099756691], [-2.7536945718654326, 48.65163219789132], [-2.7499713302752187, 48.65163219789132]]], [[[-2.076362797045589, 48.66651459854014], [-2.083796965317908, 48.66651459854014], [-2.083796965317908, 48.67023519870235], [-2.076362797045589, 48.67023519870235], [-2.076362797045589, 48.66651459854014]]], [[[-1.7752789820166874, 48.68511759935117], [-1.7864302344251652, 48.68511759935117], [-1.7864302344251652, 48.67767639902676], [-1.8012985709698024, 48.67767639902676], [-1.8012985709698024, 48.69627939983779], [-1.8050156551059615, 48.699999999999996], [-1.7678448137443687, 48.699999999999996], [-1.7752789820166874, 48.68511759935117]]], [[[-1.8198839916505987, 48.699999999999996], [-1.823601075786758, 48.68883819951338], [-1.8310352440590765, 48.68883819951338], [-1.8310352440590765, 48.699999999999996], [-1.8198839916505987, 48.699999999999996]]], [[[-1.2660384553628659, 44.56059479553903], [-1.2660384553628659, 44.56431226765799], [-1.2511701188182287, 44.56431226765799], [-1.2511701188182287, 44.56059479553903], [-1.2660384553628659, 44.56059479553903]]], [[[-1.2474530346820696, 44.56431226765799], [-1.2511701188182287, 44.56802973977695], [-1.2474530346820696, 44.56802973977695], [-1.2474530346820696, 44.56431226765799]]], [[[-1.2474530346820696, 44.56802973977695], [-1.2437359505459102, 44.571747211895904], [-1.2437359505459102, 44.56802973977695], [-1.2474530346820696, 44.56802973977695]]], [[[-1.240018866409751, 44.57546468401487], [-1.2437359505459102, 44.571747211895904], [-1.2437359505459102, 44.57546468401487], [-1.240018866409751, 44.57546468401487]]], [[[-1.2325846981374324, 44.58289962825278], [-1.2325846981374324, 44.590334572490704], [-1.228867614001273, 44.590334572490704], [-1.228867614001273, 44.58289962825278], [-1.2325846981374324, 44.58289962825278]]], [[[-1.228867614001273, 44.590334572490704], [-1.228867614001273, 44.60520446096654], [-1.2214334457289546, 44.60520446096654], [-1.2177163615927953, 44.620074349442376], [-1.213999277456636, 44.620074349442376], [-1.2214334457289546, 44.590334572490704], [-1.228867614001273, 44.590334572490704]]], [[[-1.240018866409751, 44.61635687732342], [-1.2474530346820696, 44.620074349442376], [-1.2437359505459102, 44.64609665427509], [-1.2325846981374324, 44.64981412639405], [-1.2325846981374324, 44.63866171003717], [-1.240018866409751, 44.631226765799255], [-1.240018866409751, 44.61635687732342]]], [[[-1.2363017822735916, 44.653531598513005], [-1.240018866409751, 44.653531598513005], [-1.240018866409751, 44.664684014869884], [-1.2363017822735916, 44.664684014869884], [-1.2363017822735916, 44.653531598513005]]], [[[-1.161960099550406, 44.66840148698884], [-1.187979688503521, 44.66840148698884], [-1.187979688503521, 44.672118959107806], [-1.161960099550406, 44.672118959107806], [-1.161960099550406, 44.66840148698884]]], [[[-0.9426521355170084, 45.48730886850152], [-0.9352179672446899, 45.483585626911314], [-0.9352179672446899, 45.47241590214067], [-0.9426521355170084, 45.47241590214067], [-0.9426521355170084, 45.48730886850152]]], [[[-0.8645933686576636, 45.50220183486238], [-0.8645933686576636, 45.5059250764526], [-0.857159200385345, 45.5059250764526], [-0.857159200385345, 45.50220183486238], [-0.8645933686576636, 45.50220183486238]]], [[[-0.9946913134232385, 45.53571100917431], [-0.9872571451509199, 45.52454128440367], [-0.9723888086062827, 45.52454128440367], [-0.9649546403339642, 45.51709480122324], [-0.9649546403339642, 45.50964831804281], [-0.950086303789327, 45.49475535168195], [-0.9426521355170084, 45.49475535168195], [-0.9426521355170084, 45.48730886850152], [-0.9538033879254864, 45.48730886850152], [-0.9612375561978049, 45.49847859327217], [-0.9686717244701234, 45.49847859327217], [-0.976105892742442, 45.51709480122324], [-0.9872571451509199, 45.51709480122324], [-0.9872571451509199, 45.52081804281345], [-1.002125481695557, 45.52454128440367], [-1.002125481695557, 45.52826452599388], [-1.0095596499678756, 45.52826452599388], [-1.0132767341040347, 45.53571100917431], [-1.0207109023763534, 45.53571100917431], [-1.0244279865125128, 45.54688073394495], [-1.0132767341040347, 45.54688073394495], [-1.002125481695557, 45.53571100917431], [-0.9946913134232385, 45.53571100917431]]], [[[-1.0244279865125128, 45.54688073394495], [-1.0281450706486719, 45.54688073394495], [-1.0281450706486719, 45.554327217125376], [-1.0244279865125128, 45.554327217125376], [-1.0244279865125128, 45.54688073394495]]], [[[-1.0281450706486719, 45.554327217125376], [-1.0318621547848312, 45.55805045871559], [-1.0281450706486719, 45.55805045871559], [-1.0281450706486719, 45.554327217125376]]], [[[-1.2697555394990252, 45.580389908256876], [-1.2697555394990252, 45.58783639143731], [-1.2660384553628659, 45.58783639143731], [-1.2660384553628659, 45.580389908256876], [-1.2697555394990252, 45.580389908256876]]], [[[-1.2846238760436623, 45.643685015290515], [-1.2771897077713437, 45.651131498470946], [-1.2771897077713437, 45.65857798165137], [-1.2994922125882995, 45.662301223241585], [-1.3032092967244586, 45.669747706422015], [-1.2920580443159808, 45.67347094801223], [-1.2920580443159808, 45.680917431192654], [-1.3143605491329367, 45.680917431192654], [-1.3106434649967773, 45.6920871559633], [-1.2846238760436623, 45.695810397553515], [-1.2734726236351845, 45.677194189602446], [-1.2623213712267067, 45.677194189602446], [-1.2623213712267067, 45.67347094801223], [-1.240018866409751, 45.677194189602446], [-1.2474530346820696, 45.6660244648318], [-1.240018866409751, 45.6660244648318], [-1.240018866409751, 45.669747706422015], [-1.1842626043673616, 45.669747706422015], [-1.1842626043673616, 45.6660244648318], [-1.1693942678227247, 45.6660244648318], [-1.1693942678227247, 45.662301223241585], [-1.1582430154142467, 45.662301223241585], [-1.1582430154142467, 45.65857798165137], [-1.1433746788696095, 45.65857798165137], [-1.1433746788696095, 45.651131498470946], [-1.1173550899164946, 45.64740825688073], [-1.1173550899164946, 45.643685015290515], [-1.095052585099539, 45.6399617737003], [-1.095052585099539, 45.636238532110085], [-1.0801842485549018, 45.636238532110085], [-1.0727500802825833, 45.62879204892966], [-1.0653159120102647, 45.62879204892966], [-1.0653159120102647, 45.625068807339446], [-1.0578817437379462, 45.625068807339446], [-1.0578817437379462, 45.62134556574923], [-1.0467304913294684, 45.62134556574923], [-1.0467304913294684, 45.6138990825688], [-1.0281450706486719, 45.61017584097859], [-1.0207109023763534, 45.599006116207946], [-1.0095596499678756, 45.59528287461773], [-1.0058425658317163, 45.580389908256876], [-0.9984083975593977, 45.580389908256876], [-0.9946913134232385, 45.56549694189602], [-0.9723888086062827, 45.56177370030581], [-0.9649546403339642, 45.554327217125376], [-0.950086303789327, 45.554327217125376], [-0.950086303789327, 45.54688073394495], [-0.9315008831085306, 45.54688073394495], [-0.9166325465638935, 45.53198776758409], [-0.8943300417469379, 45.52826452599388], [-0.88317878933846, 45.51709480122324], [-0.8720275369299821, 45.51709480122324], [-0.8720275369299821, 45.50964831804281], [-0.8645933686576636, 45.50964831804281], [-0.8645933686576636, 45.5059250764526], [-0.9091983782915749, 45.50964831804281], [-0.9091983782915749, 45.51709480122324], [-0.924066714836212, 45.52081804281345], [-0.924066714836212, 45.52826452599388], [-0.9315008831085306, 45.52826452599388], [-0.9315008831085306, 45.53198776758409], [-0.9426521355170084, 45.53198776758409], [-0.9389350513808492, 45.52454128440367], [-0.9649546403339642, 45.52826452599388], [-0.9723888086062827, 45.53571100917431], [-0.9798229768786013, 45.53571100917431], [-0.9798229768786013, 45.53943425076452], [-0.9909742292870791, 45.53943425076452], [-0.9909742292870791, 45.54315749235474], [-1.0058425658317163, 45.54688073394495], [-1.0058425658317163, 45.554327217125376], [-1.0132767341040347, 45.554327217125376], [-1.0132767341040347, 45.55805045871559], [-1.0318621547848312, 45.56177370030581], [-1.0392963230571497, 45.572943425076446], [-1.0541646596017868, 45.57666666666666], [-1.0541646596017868, 45.56549694189602], [-1.0467304913294684, 45.56549694189602], [-1.0467304913294684, 45.55805045871559], [-1.043013407193309, 45.55805045871559], [-1.043013407193309, 45.54688073394495], [-1.0467304913294684, 45.54688073394495], [-1.0467304913294684, 45.554327217125376], [-1.0541646596017868, 45.554327217125376], [-1.0578817437379462, 45.56922018348624], [-1.069032996146424, 45.572943425076446], [-1.069032996146424, 45.580389908256876], [-1.0615988278741055, 45.580389908256876], [-1.0653159120102647, 45.59155963302752], [-1.0913355009633796, 45.59155963302752], [-1.0913355009633796, 45.58783639143731], [-1.0987696692356983, 45.58783639143731], [-1.0987696692356983, 45.59155963302752], [-1.1136380057803354, 45.59528287461773], [-1.1173550899164946, 45.60272935779816], [-1.1322234264611317, 45.606452599388376], [-1.135940510597291, 45.61017584097859], [-1.135940510597291, 45.625068807339446], [-1.161960099550406, 45.62879204892966], [-1.161960099550406, 45.636238532110085], [-1.1693942678227247, 45.636238532110085], [-1.1731113519588838, 45.643685015290515], [-1.1842626043673616, 45.643685015290515], [-1.1842626043673616, 45.64740825688073], [-1.228867614001273, 45.651131498470946], [-1.240018866409751, 45.6399617737003], [-1.2474530346820696, 45.64740825688073], [-1.254887202954388, 45.64740825688073], [-1.254887202954388, 45.643685015290515], [-1.2771897077713437, 45.643685015290515], [-1.2771897077713437, 45.6399617737003], [-1.2883409601798217, 45.6399617737003], [-1.2883409601798217, 45.636238532110085], [-1.3106434649967773, 45.632515290519876], [-1.3032092967244586, 45.6399617737003], [-1.2846238760436623, 45.643685015290515]], [[-1.280906791907503, 45.677194189602446], [-1.2846238760436623, 45.67347094801223], [-1.2883409601798217, 45.669747706422015], [-1.280906791907503, 45.669747706422015], [-1.280906791907503, 45.677194189602446]]], [[[-1.3180776332690958, 45.62879204892966], [-1.3180776332690958, 45.632515290519876], [-1.3106434649967773, 45.632515290519876], [-1.3106434649967773, 45.62879204892966], [-1.3180776332690958, 45.62879204892966]]], [[[-1.254887202954388, 45.6920871559633], [-1.254887202954388, 45.68464067278287], [-1.2437359505459102, 45.68464067278287], [-1.2437359505459102, 45.680917431192654], [-1.2623213712267067, 45.680917431192654], [-1.2623213712267067, 45.6920871559633], [-1.254887202954388, 45.6920871559633]]], [[[-1.2734726236351845, 45.68464067278287], [-1.2771897077713437, 45.68464067278287], [-1.2771897077713437, 45.6920871559633], [-1.2734726236351845, 45.6920871559633], [-1.2734726236351845, 45.68464067278287]]], [[[-1.3180776332690958, 45.68464067278287], [-1.3180776332690958, 45.6920871559633], [-1.3143605491329367, 45.6920871559633], [-1.3143605491329367, 45.68464067278287], [-1.3180776332690958, 45.68464067278287]]], [[[-1.1768284360950432, 45.94899082568807], [-1.1805455202312025, 45.952714067278286], [-1.1768284360950432, 45.952714067278286], [-1.1768284360950432, 45.94899082568807]]], [[[-1.1805455202312025, 45.952714067278286], [-1.1842626043673616, 45.952714067278286], [-1.1842626043673616, 45.96016055045871], [-1.1805455202312025, 45.96016055045871], [-1.1805455202312025, 45.952714067278286]]], [[[-1.1842626043673616, 45.96016055045871], [-1.187979688503521, 45.963883792048925], [-1.1842626043673616, 45.963883792048925], [-1.1842626043673616, 45.96016055045871]]], [[[-1.4370243256261928, 45.97877675840978], [-1.440741409762352, 45.982499999999995], [-1.4370243256261928, 45.982499999999995], [-1.4370243256261928, 45.97877675840978]]], [[[-1.254887202954388, 46.01228593272171], [-1.228867614001273, 45.98622324159021], [-1.2177163615927953, 45.98622324159021], [-1.2102821933204766, 45.97877675840978], [-1.2102821933204766, 45.963883792048925], [-1.2214334457289546, 45.963883792048925], [-1.2214334457289546, 45.97505351681957], [-1.228867614001273, 45.97505351681957], [-1.240018866409751, 45.989946483180425], [-1.2474530346820696, 45.989946483180425], [-1.254887202954388, 45.99739296636085], [-1.2660384553628659, 45.99739296636085], [-1.2697555394990252, 46.016009174311925], [-1.254887202954388, 46.01228593272171]]], [[[-1.3032092967244586, 46.027178899082564], [-1.3032092967244586, 46.03090214067278], [-1.2920580443159808, 46.03090214067278], [-1.2920580443159808, 46.027178899082564], [-1.3032092967244586, 46.027178899082564]]], [[[-1.332945969813733, 46.123983180428134], [-1.332945969813733, 46.12770642201834], [-1.3255118015414145, 46.12770642201834], [-1.3255118015414145, 46.123983180428134], [-1.332945969813733, 46.123983180428134]]], [[[-1.3032092967244586, 46.258019877675835], [-1.3180776332690958, 46.258019877675835], [-1.3180776332690958, 46.26174311926605], [-1.3032092967244586, 46.26174311926605], [-1.3032092967244586, 46.258019877675835]]], [[[-1.34781430635837, 46.265466360856266], [-1.34781430635837, 46.26918960244648], [-1.3366630539498923, 46.26918960244648], [-1.3366630539498923, 46.265466360856266], [-1.34781430635837, 46.265466360856266]]], [[[-1.4110047366730778, 46.28780581039755], [-1.4147218208092371, 46.295252293577974], [-1.4035705684007593, 46.295252293577974], [-1.4035705684007593, 46.29897553516819], [-1.3887022318561222, 46.295252293577974], [-1.3924193159922815, 46.28780581039755], [-1.4110047366730778, 46.28780581039755]]]]}}, {"type": "Feature", "properties": {"t": "b15", "lvl": 15}, "geometry": {"type": "MultiPolygon", "coordinates": [[[[-3.0590003822629863, 43.359851301115235], [-3.0590003822629863, 43.35613382899628], [-3.0701701070336282, 43.35613382899628], [-3.0701701070336282, 43.359851301115235], [-3.0590003822629863, 43.359851301115235]]], [[[-4.711524163568768, 43.419330855018586], [-4.711524163568768, 43.42304832713754], [-4.756133828996278, 43.43048327137546], [-4.756133828996278, 43.43420074349442], [-4.797026022304828, 43.44163568773234], [-4.797026022304828, 43.445353159851294], [-4.826765799256501, 43.445353159851294], [-4.826765799256501, 43.452788104089215], [-4.834200743494419, 43.452788104089215], [-4.834200743494419, 43.45650557620817], [-4.856505576208174, 43.45650557620817], [-4.856505576208174, 43.46022304832713], [-4.87137546468401, 43.46022304832713], [-4.87137546468401, 43.463940520446094], [-4.878810408921928, 43.463940520446094], [-4.878810408921928, 43.46022304832713], [-4.904832713754642, 43.46022304832713], [-4.904832713754642, 43.463940520446094], [-4.923420074349438, 43.463940520446094], [-4.923420074349438, 43.46765799256505], [-4.994052044609661, 43.46765799256505], [-4.994052044609661, 43.463940520446094], [-5.012639405204456, 43.463940520446094], [-5.012639405204456, 43.46765799256505], [-5.053531598513007, 43.47137546468401], [-5.053531598513007, 43.47509293680297], [-5.098141263940516, 43.47881040892193], [-5.098141263940516, 43.486245353159845], [-5.113011152416352, 43.486245353159845], [-5.116728624535312, 43.493680297397766], [-5.139033457249066, 43.493680297397766], [-5.139033457249066, 43.48996282527881], [-5.191078066914494, 43.48996282527881], [-5.191078066914494, 43.493680297397766], [-5.20594795539033, 43.48996282527881], [-5.20594795539033, 43.493680297397766], [-5.2245353159851255, 43.493680297397766], [-5.2245353159851255, 43.49739776951672], [-5.239405204460962, 43.50111524163568], [-5.239405204460962, 43.5085501858736], [-5.2505576208178395, 43.5085501858736], [-5.2617100371747165, 43.527137546468396], [-5.276579925650553, 43.527137546468396], [-5.280297397769512, 43.53457249070632], [-5.2877323420074305, 43.53457249070632], [-5.2951672862453485, 43.54200743494423], [-5.3137546468401435, 43.54200743494423], [-5.3137546468401435, 43.538289962825274], [-5.3249070631970215, 43.538289962825274], [-5.3249070631970215, 43.54200743494423], [-5.3397769516728575, 43.54200743494423], [-5.3397769516728575, 43.538289962825274], [-5.3434944237918165, 43.54200743494423], [-5.3732342007434895, 43.54200743494423], [-5.3732342007434895, 43.545724907063196], [-5.391821561338285, 43.545724907063196], [-5.399256505576203, 43.56059479553903], [-5.481040892193303, 43.56059479553903], [-5.481040892193303, 43.55687732342007], [-5.533085501858731, 43.56059479553903], [-5.533085501858731, 43.55687732342007], [-5.551672862453527, 43.55687732342007], [-5.551672862453527, 43.56059479553903], [-5.603717472118954, 43.56059479553903], [-5.603717472118954, 43.56431226765799], [-5.618587360594791, 43.56431226765799], [-5.618587360594791, 43.56802973977695], [-5.633457249070627, 43.56802973977695], [-5.633457249070627, 43.56431226765799], [-5.689219330855014, 43.56431226765799], [-5.689219330855014, 43.56802973977695], [-5.678066914498136, 43.56802973977695], [-5.678066914498136, 43.571747211895904], [-5.689219330855014, 43.571747211895904], [-5.692936802973973, 43.579182156133825], [-5.674349442379177, 43.58289962825278], [-5.674349442379177, 43.590334572490704], [-5.689219330855014, 43.590334572490704], [-5.689219330855014, 43.58289962825278], [-5.700371747211891, 43.58289962825278], [-5.70408921933085, 43.57546468401487], [-5.707806691449809, 43.579182156133825], [-5.730111524163564, 43.579182156133825], [-5.737546468401482, 43.59776951672862], [-5.7449814126394, 43.59776951672862], [-5.7449814126394, 43.60148698884758], [-5.759851301115237, 43.60520446096654], [-5.763568773234196, 43.612639405204455], [-5.771003717472114, 43.612639405204455], [-5.771003717472114, 43.62379182156133], [-5.774721189591073, 43.62379182156133], [-5.778438661710032, 43.63494423791821], [-5.793308550185869, 43.63494423791821], [-5.800743494423787, 43.64237918215613], [-5.800743494423787, 43.64981412639405], [-5.83048327137546, 43.64981412639405], [-5.837918215613378, 43.664684014869884], [-5.860223048327133, 43.664684014869884], [-5.860223048327133, 43.66840148698884], [-5.867657992565051, 43.66840148698884], [-5.863940520446092, 43.664684014869884], [-5.867657992565051, 43.64609665427509], [-5.875092936802969, 43.64609665427509], [-5.878810408921928, 43.63866171003717], [-5.886245353159847, 43.63866171003717], [-5.893680297397765, 43.631226765799255], [-5.901115241635683, 43.631226765799255], [-5.901115241635683, 43.63494423791821], [-5.91598513011152, 43.631226765799255], [-5.919702602230479, 43.61635687732342], [-5.930855018587356, 43.61635687732342], [-5.930855018587356, 43.612639405204455], [-5.945724907063192, 43.6089219330855], [-5.949442379182152, 43.59776951672862], [-5.960594795539029, 43.59776951672862], [-5.964312267657988, 43.590334572490704], [-6.005204460966538, 43.590334572490704], [-6.005204460966538, 43.59405204460966], [-6.020074349442375, 43.59405204460966], [-6.020074349442375, 43.59776951672862], [-6.03866171003717, 43.59776951672862], [-6.03866171003717, 43.59405204460966], [-6.049814126394048, 43.59405204460966], [-6.049814126394048, 43.590334572490704], [-6.064684014869884, 43.590334572490704], [-6.064684014869884, 43.58289962825278], [-6.072118959107802, 43.58289962825278], [-6.07955390334572, 43.57546468401487], [-6.105576208178434, 43.571747211895904], [-6.105576208178434, 43.56802973977695], [-6.116728624535312, 43.56802973977695], [-6.116728624535312, 43.56431226765799], [-6.120446096654271, 43.56802973977695], [-6.139033457249066, 43.56802973977695], [-6.139033457249066, 43.571747211895904], [-6.153903345724903, 43.571747211895904], [-6.153903345724903, 43.57546468401487], [-6.183643122676576, 43.571747211895904], [-6.187360594795535, 43.58289962825278], [-6.20594795539033, 43.58289962825278], [-6.209665427509289, 43.59405204460966], [-6.2245353159851255, 43.590334572490704], [-6.231970260223044, 43.60148698884758], [-6.2505576208178395, 43.60148698884758], [-6.2505576208178395, 43.59405204460966], [-6.2579925650557575, 43.59405204460966], [-6.2579925650557575, 43.590334572490704], [-6.276579925650553, 43.590334572490704], [-6.276579925650553, 43.58289962825278], [-6.2988847583643075, 43.57546468401487], [-6.2988847583643075, 43.571747211895904], [-6.3137546468401435, 43.57546468401487], [-6.3137546468401435, 43.571747211895904], [-6.3286245353159805, 43.571747211895904], [-6.3286245353159805, 43.56802973977695], [-6.3472118959107755, 43.56802973977695], [-6.350929368029735, 43.56059479553903], [-6.36951672862453, 43.56431226765799], [-6.36951672862453, 43.56802973977695], [-6.3769516728624485, 43.56802973977695], [-6.3769516728624485, 43.56431226765799], [-6.384386617100367, 43.56431226765799], [-6.384386617100367, 43.56802973977695], [-6.440148698884753, 43.56431226765799], [-6.440148698884753, 43.56802973977695], [-6.458736059479549, 43.56802973977695], [-6.469888475836426, 43.579182156133825], [-6.481040892193303, 43.579182156133825], [-6.492193308550181, 43.56059479553903], [-6.518215613382895, 43.56059479553903], [-6.518215613382895, 43.55687732342007], [-6.521933085501854, 43.56059479553903], [-6.53680297397769, 43.55687732342007], [-6.53680297397769, 43.56059479553903], [-6.570260223048322, 43.56059479553903], [-6.570260223048322, 43.56431226765799], [-6.596282527881036, 43.56059479553903], [-6.599999999999995, 43.56431226765799], [-6.599999999999995, 48.699999999999996], [-4.190865825688062, 48.699999999999996], [-4.190865825688062, 48.69627939983779], [-4.220651758409775, 48.68883819951338], [-4.220651758409775, 48.68511759935117], [-4.2392679663608455, 48.68511759935117], [-4.2392679663608455, 48.68883819951338], [-4.250437691131488, 48.69255879967558], [-4.246714449541273, 48.673955798864554], [-4.254160932721701, 48.673955798864554], [-4.254160932721701, 48.68511759935117], [-4.269053899082558, 48.68511759935117], [-4.269053899082558, 48.67767639902676], [-4.272777140672772, 48.67767639902676], [-4.272777140672772, 48.68511759935117], [-4.2951165902140565, 48.68511759935117], [-4.2951165902140565, 48.68883819951338], [-4.310009556574912, 48.68883819951338], [-4.310009556574912, 48.69255879967558], [-4.317456039755341, 48.69255879967558], [-4.317456039755341, 48.68883819951338], [-4.3435187308868395, 48.69255879967558], [-4.3435187308868395, 48.68883819951338], [-4.373304663608552, 48.68883819951338], [-4.377027905198766, 48.67767639902676], [-4.3919208715596225, 48.67767639902676], [-4.3919208715596225, 48.673955798864554], [-4.406813837920478, 48.67767639902676], [-4.414260321100906, 48.67023519870235], [-4.432876529051977, 48.67023519870235], [-4.436599770642191, 48.67767639902676], [-4.458939220183475, 48.67767639902676], [-4.458939220183475, 48.673955798864554], [-4.466385703363904, 48.673955798864554], [-4.466385703363904, 48.662793998377936], [-4.462662461773689, 48.662793998377936], [-4.466385703363904, 48.65535279805352], [-4.477555428134545, 48.65907339821573], [-4.477555428134545, 48.66651459854014], [-4.48127866972476, 48.662793998377936], [-4.488725152905188, 48.66651459854014], [-4.492448394495402, 48.65535279805352], [-4.49989487767583, 48.65535279805352], [-4.49989487767583, 48.662793998377936], [-4.514787844036686, 48.662793998377936], [-4.514787844036686, 48.65535279805352], [-4.537127293577971, 48.65535279805352], [-4.537127293577971, 48.662793998377936], [-4.540850535168185, 48.662793998377936], [-4.552020259938827, 48.65163219789132], [-4.533404051987756, 48.65163219789132], [-4.533404051987756, 48.64419099756691], [-4.5185110856269, 48.64419099756691], [-4.514787844036686, 48.636749797242494], [-4.522234327217115, 48.636749797242494], [-4.522234327217115, 48.6404703974047], [-4.525957568807328, 48.636749797242494], [-4.529680810397543, 48.6404703974047], [-4.566913226299683, 48.6404703974047], [-4.566913226299683, 48.64419099756691], [-4.570636467889897, 48.6404703974047], [-4.589252675840967, 48.6404703974047], [-4.589252675840967, 48.636749797242494], [-4.618587360594791, 48.636749797242494], [-4.618587360594791, 48.63302919708029], [-4.633457249070627, 48.63302919708029], [-4.633457249070627, 48.625587996755876], [-4.618587360594791, 48.625587996755876], [-4.618587360594791, 48.62186739659367], [-4.644609665427504, 48.62186739659367], [-4.644609665427504, 48.599543795620434], [-4.652044609665423, 48.599543795620434], [-4.655762081784382, 48.61070559610705], [-4.659479553903341, 48.61070559610705], [-4.6631970260223, 48.60698499594485], [-4.659479553903341, 48.599543795620434], [-4.681784386617096, 48.599543795620434], [-4.681784386617096, 48.59210259529602], [-4.692936802973973, 48.588381995133815], [-4.692936802973973, 48.58466139497161], [-4.711524163568768, 48.58466139497161], [-4.711524163568768, 48.59210259529602], [-4.722676579925646, 48.59210259529602], [-4.722676579925646, 48.588381995133815], [-4.737546468401482, 48.59210259529602], [-4.741263940520441, 48.5809407948094], [-4.756133828996278, 48.5809407948094], [-4.756133828996278, 48.57349959448499], [-4.759851301115237, 48.57349959448499], [-4.756133828996278, 48.56605839416058], [-4.741263940520441, 48.56605839416058], [-4.741263940520441, 48.55489659367396], [-4.759851301115237, 48.551175993511755], [-4.767286245353155, 48.53629359286293], [-4.78959107806691, 48.52885239253852], [-4.78959107806691, 48.52141119221411], [-4.793308550185869, 48.52141119221411], [-4.78959107806691, 48.50652879156528], [-4.793308550185869, 48.50652879156528], [-4.793308550185869, 48.49536699107867], [-4.797026022304828, 48.49536699107867], [-4.797026022304828, 48.487925790754254], [-4.78959107806691, 48.48048459042984], [-4.793308550185869, 48.45816098945661], [-4.797026022304828, 48.4544403892944], [-4.815613382899624, 48.4544403892944], [-4.804460966542746, 48.44327858880778], [-4.808178438661705, 48.44327858880778], [-4.808178438661705, 48.43211678832116], [-4.823048327137542, 48.43211678832116], [-4.823048327137542, 48.42467558799675], [-4.808178438661705, 48.42095498783455], [-4.808178438661705, 48.413513787510134], [-4.797026022304828, 48.40979318734793], [-4.797026022304828, 48.402351987023515], [-4.78959107806691, 48.39863138686131], [-4.78959107806691, 48.391190186536896], [-4.782156133828992, 48.38374898621249], [-4.782156133828992, 48.37630778588807], [-4.78959107806691, 48.37630778588807], [-4.78959107806691, 48.38374898621249], [-4.793308550185869, 48.38374898621249], [-4.793308550185869, 48.37630778588807], [-4.800743494423787, 48.37630778588807], [-4.800743494423787, 48.365145985401455], [-4.804460966542746, 48.365145985401455], [-4.804460966542746, 48.37258718572587], [-4.826765799256501, 48.37630778588807], [-4.823048327137542, 48.38374898621249], [-4.83048327137546, 48.38374898621249], [-4.83048327137546, 48.38746958637469], [-4.834200743494419, 48.38374898621249], [-4.841635687732337, 48.391190186536896], [-4.852788104089215, 48.38746958637469], [-4.863940520446092, 48.402351987023515], [-4.878810408921928, 48.402351987023515], [-4.878810408921928, 48.40979318734793], [-4.886245353159847, 48.40979318734793], [-4.878810408921928, 48.41723438767234], [-4.897397769516724, 48.42467558799675], [-4.897397769516724, 48.43211678832116], [-4.927137546468397, 48.428396188158956], [-4.923420074349438, 48.41723438767234], [-4.919702602230479, 48.41723438767234], [-4.919702602230479, 48.402351987023515], [-4.927137546468397, 48.402351987023515], [-4.927137546468397, 48.39863138686131], [-4.938289962825274, 48.402351987023515], [-4.942007434944233, 48.41723438767234], [-4.95687732342007, 48.413513787510134], [-4.975464684014865, 48.43211678832116], [-5.001486988847579, 48.428396188158956], [-5.005204460966538, 48.43583738848337], [-5.012639405204456, 48.43583738848337], [-5.012639405204456, 48.44327858880778], [-5.023791821561334, 48.44327858880778], [-5.023791821561334, 48.43211678832116], [-5.016356877323416, 48.43211678832116], [-5.016356877323416, 48.428396188158956], [-5.023791821561334, 48.428396188158956], [-5.023791821561334, 48.42095498783455], [-5.031226765799252, 48.413513787510134], [-5.016356877323416, 48.413513787510134], [-5.016356877323416, 48.40979318734793], [-5.023791821561334, 48.40979318734793], [-5.023791821561334, 48.39863138686131], [-5.012639405204456, 48.39863138686131], [-5.008921933085497, 48.38374898621249], [-5.001486988847579, 48.38002838605028], [-5.001486988847579, 48.37258718572587], [-4.994052044609661, 48.37258718572587], [-4.990334572490702, 48.36142538523925], [-4.979182156133824, 48.36142538523925], [-4.971747211895906, 48.353984184914836], [-4.971747211895906, 48.34654298459043], [-4.968029739776947, 48.34654298459043], [-4.971747211895906, 48.33910178426601], [-4.945724907063192, 48.34282238442822], [-4.945724907063192, 48.34654298459043], [-4.938289962825274, 48.34654298459043], [-4.938289962825274, 48.34282238442822], [-4.91226765799256, 48.34282238442822], [-4.91226765799256, 48.3316605839416], [-4.927137546468397, 48.3316605839416], [-4.934572490706315, 48.32049878345499], [-4.942007434944233, 48.32049878345499], [-4.942007434944233, 48.316778183292776], [-4.923420074349438, 48.316778183292776], [-4.919702602230479, 48.30933698296837], [-4.889962825278806, 48.316778183292776], [-4.886245353159847, 48.31305758313057], [-4.889962825278806, 48.30561638280616], [-4.878810408921928, 48.30561638280616], [-4.878810408921928, 48.30933698296837], [-4.845353159851296, 48.30561638280616], [-4.845353159851296, 48.31305758313057], [-4.837918215613378, 48.31305758313057], [-4.837918215613378, 48.316778183292776], [-4.800743494423787, 48.32049878345499], [-4.800743494423787, 48.32421938361719], [-4.782156133828992, 48.32421938361719], [-4.782156133828992, 48.32049878345499], [-4.771003717472114, 48.32421938361719], [-4.771003717472114, 48.32049878345499], [-4.763568773234196, 48.32049878345499], [-4.763568773234196, 48.32421938361719], [-4.74869888475836, 48.32421938361719], [-4.74869888475836, 48.327939983779395], [-4.700371747211891, 48.327939983779395], [-4.696654275092932, 48.33910178426601], [-4.689219330855014, 48.33910178426601], [-4.685501858736055, 48.34654298459043], [-4.655762081784382, 48.34654298459043], [-4.655762081784382, 48.34282238442822], [-4.644609665427504, 48.34282238442822], [-4.648327137546464, 48.3316605839416], [-4.61903860856268, 48.3316605839416], [-4.61903860856268, 48.33910178426601], [-4.607434944237913, 48.33910178426601], [-4.607434944237913, 48.34282238442822], [-4.592975917431182, 48.34282238442822], [-4.592975917431182, 48.34654298459043], [-4.581806192660539, 48.34654298459043], [-4.581806192660539, 48.35026358475263], [-4.563189984709469, 48.35026358475263], [-4.555743501529041, 48.35770478507705], [-4.540850535168185, 48.35770478507705], [-4.537127293577971, 48.353984184914836], [-4.529680810397543, 48.36142538523925], [-4.5110646024464724, 48.36142538523925], [-4.5110646024464724, 48.365145985401455], [-4.485001911314974, 48.365145985401455], [-4.48127866972476, 48.353984184914836], [-4.470108944954117, 48.353984184914836], [-4.462662461773689, 48.34654298459043], [-4.466385703363904, 48.32049878345499], [-4.429153287461763, 48.32421938361719], [-4.429153287461763, 48.31305758313057], [-4.410537079510693, 48.31305758313057], [-4.410537079510693, 48.30933698296837], [-4.3993673547400505, 48.30933698296837], [-4.3993673547400505, 48.31305758313057], [-4.350965214067267, 48.30933698296837], [-4.350965214067267, 48.30561638280616], [-4.395644113149836, 48.30561638280616], [-4.395644113149836, 48.29817518248175], [-4.410537079510693, 48.29817518248175], [-4.410537079510693, 48.29445458231954], [-4.425430045871549, 48.29817518248175], [-4.425430045871549, 48.30561638280616], [-4.429153287461763, 48.30561638280616], [-4.429153287461763, 48.29817518248175], [-4.477555428134545, 48.29817518248175], [-4.48127866972476, 48.31305758313057], [-4.492448394495402, 48.30561638280616], [-4.49989487767583, 48.316778183292776], [-4.522234327217115, 48.316778183292776], [-4.529680810397543, 48.32421938361719], [-4.529680810397543, 48.34654298459043], [-4.548297018348613, 48.34654298459043], [-4.548297018348613, 48.34282238442822], [-4.570636467889897, 48.33910178426601], [-4.574359709480111, 48.327939983779395], [-4.589252675840967, 48.32421938361719], [-4.589252675840967, 48.316778183292776], [-4.581806192660539, 48.30933698296837], [-4.581806192660539, 48.290733982157334], [-4.633457249070627, 48.28701338199513], [-4.637174721189586, 48.279572181670716], [-4.648327137546464, 48.279572181670716], [-4.652044609665423, 48.27213098134631], [-4.637174721189586, 48.27213098134631], [-4.637174721189586, 48.27585158150851], [-4.626022304832709, 48.27213098134631], [-4.626022304832709, 48.26096918085969], [-4.629739776951668, 48.26096918085969], [-4.633457249070627, 48.24980738037307], [-4.607868883792038, 48.253527980535274], [-4.604145642201824, 48.24608678021087], [-4.589252675840967, 48.24608678021087], [-4.585529434250754, 48.242366180048656], [-4.581806192660539, 48.22004257907542], [-4.574359709480111, 48.22004257907542], [-4.574359709480111, 48.21260137875101], [-4.581806192660539, 48.21260137875101], [-4.581806192660539, 48.20888077858881], [-4.570636467889897, 48.205160178426596], [-4.570636467889897, 48.171674776966746], [-4.574359709480111, 48.167954176804535], [-4.552020259938827, 48.16423357664233], [-4.552020259938827, 48.15679237631792], [-4.548297018348613, 48.15679237631792], [-4.548297018348613, 48.16423357664233], [-4.525957568807328, 48.167954176804535], [-4.5110646024464724, 48.18655717761557], [-4.5036181192660445, 48.18655717761557], [-4.49989487767583, 48.20143957826439], [-4.488725152905188, 48.21260137875101], [-4.462662461773689, 48.21260137875101], [-4.458939220183475, 48.205160178426596], [-4.444046253822619, 48.205160178426596], [-4.444046253822619, 48.20888077858881], [-4.436599770642191, 48.20888077858881], [-4.436599770642191, 48.216321978913214], [-4.429153287461763, 48.216321978913214], [-4.429153287461763, 48.21260137875101], [-4.3993673547400505, 48.20888077858881], [-4.395644113149836, 48.20143957826439], [-4.388197629969408, 48.20143957826439], [-4.388197629969408, 48.19027777777777], [-4.365858180428123, 48.19027777777777], [-4.365858180428123, 48.18655717761557], [-4.354688455657482, 48.18655717761557], [-4.354688455657482, 48.18283657745336], [-4.3435187308868395, 48.18283657745336], [-4.339795489296625, 48.167954176804535], [-4.328625764525983, 48.167954176804535], [-4.324902522935769, 48.15307177615571], [-4.317456039755341, 48.14935117599351], [-4.317456039755341, 48.141909975669094], [-4.321179281345555, 48.141909975669094], [-4.317456039755341, 48.130748175182475], [-4.321179281345555, 48.130748175182475], [-4.324902522935769, 48.11958637469586], [-4.388197629969408, 48.11214517437145], [-4.388197629969408, 48.108424574209245], [-4.417983562691121, 48.11214517437145], [-4.425430045871549, 48.104703974047034], [-4.477555428134545, 48.104703974047034], [-4.477555428134545, 48.10098337388483], [-4.49989487767583, 48.10098337388483], [-4.49989487767583, 48.097262773722626], [-4.525957568807328, 48.097262773722626], [-4.525957568807328, 48.08982157339821], [-4.548297018348613, 48.08982157339821], [-4.552020259938827, 48.082380373073796], [-4.589252675840967, 48.08610097323601], [-4.596699159021396, 48.07865977291159], [-4.637174721189586, 48.07493917274939], [-4.637174721189586, 48.071218572587185], [-4.670631970260218, 48.07493917274939], [-4.678066914498136, 48.067497972424974], [-4.689219330855014, 48.067497972424974], [-4.689219330855014, 48.071218572587185], [-4.715241635687728, 48.067497972424974], [-4.718959107806687, 48.071218572587185], [-4.722676579925646, 48.067497972424974], [-4.722676579925646, 48.05261557177615], [-4.718959107806687, 48.05261557177615], [-4.722676579925646, 48.045174371451736], [-4.752416356877319, 48.04145377128953], [-4.752416356877319, 48.03773317112733], [-4.715241635687728, 48.034012570965125], [-4.715241635687728, 48.030291970802914], [-4.70408921933085, 48.030291970802914], [-4.70408921933085, 48.02657137064071], [-4.681784386617096, 48.02657137064071], [-4.681784386617096, 48.019130170316295], [-4.626022304832709, 48.01540957015409], [-4.618587360594791, 48.007968369829676], [-4.596699159021396, 48.00424776966747], [-4.592975917431182, 47.996806569343065], [-4.5110646024464724, 47.993085969180854], [-4.5110646024464724, 47.981924168694235], [-4.485001911314974, 47.981924168694235], [-4.477555428134545, 47.970762368207616], [-4.466385703363904, 47.970762368207616], [-4.458939220183475, 47.959600567721004], [-4.4477694954128335, 47.95587996755879], [-4.4477694954128335, 47.944718167072175], [-4.436599770642191, 47.944718167072175], [-4.436599770642191, 47.933556366585556], [-4.429153287461763, 47.933556366585556], [-4.417983562691121, 47.922394566098944], [-4.410537079510693, 47.90379156528791], [-4.3993673547400505, 47.90007096512571], [-4.395644113149836, 47.88146796431467], [-4.388197629969408, 47.874026763990265], [-4.388197629969408, 47.86658556366585], [-4.384474388379194, 47.86658556366585], [-4.38075114678898, 47.833100162205994], [-4.377027905198766, 47.82937956204379], [-4.388197629969408, 47.82565896188159], [-4.3919208715596225, 47.810776561232764], [-4.406813837920478, 47.795894160583934], [-4.395644113149836, 47.795894160583934], [-4.395644113149836, 47.79217356042173], [-4.384474388379194, 47.79217356042173], [-4.377027905198766, 47.78473236009732], [-4.365858180428123, 47.78473236009732], [-4.365858180428123, 47.77729115977291], [-4.358411697247695, 47.77729115977291], [-4.358411697247695, 47.773570559610704], [-4.347241972477053, 47.773570559610704], [-4.347241972477053, 47.76984995944849], [-4.317456039755341, 47.773570559610704], [-4.317456039755341, 47.77729115977291], [-4.306286314984699, 47.77729115977291], [-4.302563073394484, 47.78845296025953], [-4.2951165902140565, 47.78845296025953], [-4.291393348623842, 47.77729115977291], [-4.283946865443414, 47.773570559610704], [-4.283946865443414, 47.762408759124085], [-4.250437691131488, 47.762408759124085], [-4.250437691131488, 47.76984995944849], [-4.224374999999989, 47.773570559610704], [-4.220651758409775, 47.78473236009732], [-4.213205275229347, 47.78473236009732], [-4.213205275229347, 47.78845296025953], [-4.202035550458705, 47.78473236009732], [-4.202035550458705, 47.77729115977291], [-4.19831230886849, 47.77729115977291], [-4.19831230886849, 47.78473236009732], [-4.1759728593272065, 47.78845296025953], [-4.1759728593272065, 47.79217356042173], [-4.135017201834851, 47.79217356042173], [-4.135017201834851, 47.78473236009732], [-4.131293960244637, 47.78473236009732], [-4.131293960244637, 47.78845296025953], [-4.1201242354739955, 47.78845296025953], [-4.112677752293567, 47.799614760746145], [-4.097784785932711, 47.799614760746145], [-4.097784785932711, 47.80705596107055], [-4.086615061162068, 47.80705596107055], [-4.086615061162068, 47.799614760746145], [-4.0791685779816405, 47.799614760746145], [-4.075445336391426, 47.78845296025953], [-4.0642756116207845, 47.78845296025953], [-4.06055237003057, 47.77729115977291], [-4.053105886850142, 47.77729115977291], [-4.053105886850142, 47.76984995944849], [-4.0642756116207845, 47.76984995944849], [-4.0642756116207845, 47.76612935928629], [-4.034489678899072, 47.76984995944849], [-4.034489678899072, 47.76612935928629], [-4.027043195718644, 47.76612935928629], [-4.027043195718644, 47.75496755879967], [-4.019596712538215, 47.75496755879967], [-4.019596712538215, 47.751246958637466], [-4.012150229357787, 47.751246958637466], [-4.012150229357787, 47.75496755879967], [-4.008426987767574, 47.751246958637466], [-3.989810779816503, 47.751246958637466], [-3.9935340214067168, 47.75496755879967], [-3.989810779816503, 47.758688158961874], [-3.989810779816503, 47.773570559610704], [-4.004703746177359, 47.77729115977291], [-4.004703746177359, 47.78845296025953], [-4.012150229357787, 47.795894160583934], [-4.008426987767574, 47.80333536090835], [-4.0158734709480015, 47.80333536090835], [-4.0158734709480015, 47.80705596107055], [-4.049382645259928, 47.80705596107055], [-4.049382645259928, 47.810776561232764], [-4.030766437308857, 47.810776561232764], [-4.030766437308857, 47.81821776155717], [-4.0158734709480015, 47.81821776155717], [-4.004703746177359, 47.836820762368205], [-3.9600248470947905, 47.84426196269261], [-3.9600248470947905, 47.85542376317923], [-3.948855122324148, 47.85542376317923], [-3.948855122324148, 47.85170316301703], [-3.933962155963292, 47.85542376317923], [-3.933962155963292, 47.82937956204379], [-3.9078994648317935, 47.833100162205994], [-3.9078994648317935, 47.82193836171938], [-3.896729740061151, 47.81821776155717], [-3.896729740061151, 47.810776561232764], [-3.9041762232415795, 47.80333536090835], [-3.889283256880723, 47.79217356042173], [-3.885560015290509, 47.77729115977291], [-3.874390290519867, 47.77729115977291], [-3.874390290519867, 47.773570559610704], [-3.8632205657492245, 47.77729115977291], [-3.8632205657492245, 47.78845296025953], [-3.8594973241590105, 47.78845296025953], [-3.8594973241590105, 47.78473236009732], [-3.844604357798154, 47.78473236009732], [-3.84088111620794, 47.773570559610704], [-3.833434633027512, 47.773570559610704], [-3.833434633027512, 47.77729115977291], [-3.82226490825687, 47.773570559610704], [-3.829711391437298, 47.76612935928629], [-3.818541666666656, 47.76612935928629], [-3.818541666666656, 47.76984995944849], [-3.7999254587155855, 47.76612935928629], [-3.7999254587155855, 47.76984995944849], [-3.7924789755351576, 47.76984995944849], [-3.785032492354729, 47.77729115977291], [-3.7738627675840872, 47.77729115977291], [-3.7738627675840872, 47.78473236009732], [-3.736630351681946, 47.78845296025953], [-3.7403535932721605, 47.78473236009732], [-3.736630351681946, 47.773570559610704], [-3.6993979357798055, 47.773570559610704], [-3.6919514525993775, 47.76612935928629], [-3.6658887614678792, 47.773570559610704], [-3.6658887614678792, 47.76984995944849], [-3.62120986238531, 47.76612935928629], [-3.62120986238531, 47.758688158961874], [-3.613763379204882, 47.762408759124085], [-3.6100401376146682, 47.75496755879967], [-3.598870412844026, 47.75496755879967], [-3.598870412844026, 47.758688158961874], [-3.5579147553516712, 47.758688158961874], [-3.5579147553516712, 47.75496755879967], [-3.550468272171243, 47.75496755879967], [-3.543021788990815, 47.74752635847526], [-3.543021788990815, 47.74008515815085], [-3.5281288226299585, 47.74008515815085], [-3.5244055810397446, 47.721482157339814], [-3.5169590978593166, 47.721482157339814], [-3.5169590978593166, 47.71776155717761], [-3.513235856269102, 47.721482157339814], [-3.4983428899082463, 47.721482157339814], [-3.490896406727818, 47.714040957015406], [-3.490896406727818, 47.70659975669099], [-3.48344992354739, 47.70659975669099], [-3.479726681957176, 47.699158556366584], [-3.4611104740061056, 47.699158556366584], [-3.4611104740061056, 47.69543795620437], [-3.435047782874607, 47.69171735604217], [-3.435047782874607, 47.684276155717754], [-3.405261850152894, 47.68055555555555], [-3.405261850152894, 47.67311435523114], [-3.3940921253822522, 47.67311435523114], [-3.3903688837920383, 47.66567315490673], [-3.379199159021396, 47.66567315490673], [-3.379199159021396, 47.65451135442011], [-3.4089850917431086, 47.650790754257905], [-3.4089850917431086, 47.647070154095694], [-3.4164315749235366, 47.647070154095694], [-3.4164315749235366, 47.650790754257905], [-3.4611104740061056, 47.650790754257905], [-3.4611104740061056, 47.65451135442011], [-3.4760034403669615, 47.65451135442011], [-3.4760034403669615, 47.65823195458231], [-3.5169590978593166, 47.65823195458231], [-3.5169590978593166, 47.65451135442011], [-3.5244055810397446, 47.65451135442011], [-3.5244055810397446, 47.647070154095694], [-3.513235856269102, 47.64334955393349], [-3.513235856269102, 47.63590835360908], [-3.494619648318032, 47.63218775344687], [-3.490896406727818, 47.62474655312246], [-3.4722801987767475, 47.62102595296025], [-3.4722801987767475, 47.613584752635845], [-3.4685569571865336, 47.61730535279805], [-3.4611104740061056, 47.61730535279805], [-3.4611104740061056, 47.613584752635845], [-3.4462175076452493, 47.61730535279805], [-3.4424942660550353, 47.609864152473634], [-3.435047782874607, 47.609864152473634], [-3.435047782874607, 47.59870235198702], [-3.4164315749235366, 47.59498175182481], [-3.4164315749235366, 47.59126115166261], [-3.4089850917431086, 47.59126115166261], [-3.4089850917431086, 47.59498175182481], [-3.405261850152894, 47.59126115166261], [-3.371752675840968, 47.59498175182481], [-3.371752675840968, 47.613584752635845], [-3.3680294342507535, 47.61730535279805], [-3.349413226299683, 47.613584752635845], [-3.349413226299683, 47.61730535279805], [-3.3419667431192552, 47.61730535279805], [-3.345689984709469, 47.62474655312246], [-3.3382435015290413, 47.62474655312246], [-3.3382435015290413, 47.62102595296025], [-3.323350535168185, 47.62102595296025], [-3.319627293577971, 47.62474655312246], [-3.319627293577971, 47.62846715328467], [-3.3382435015290413, 47.62846715328467], [-3.3419667431192552, 47.63590835360908], [-3.349413226299683, 47.63590835360908], [-3.345689984709469, 47.65451135442011], [-3.349413226299683, 47.650790754257905], [-3.371752675840968, 47.65451135442011], [-3.375475917431182, 47.65823195458231], [-3.371752675840968, 47.66939375506893], [-3.3568597094801116, 47.66939375506893], [-3.3568597094801116, 47.66567315490673], [-3.345689984709469, 47.66567315490673], [-3.345689984709469, 47.66195255474452], [-3.323350535168185, 47.66567315490673], [-3.323350535168185, 47.65823195458231], [-3.3084575688073286, 47.65823195458231], [-3.3047343272171146, 47.66567315490673], [-3.2972878440366866, 47.66567315490673], [-3.2972878440366866, 47.66195255474452], [-3.2898413608562582, 47.66195255474452], [-3.2823948776758303, 47.65451135442011], [-3.26377866972476, 47.650790754257905], [-3.260055428134546, 47.64334955393349], [-3.2526089449541176, 47.64334955393349], [-3.2488857033639036, 47.62846715328467], [-3.2414392201834756, 47.62102595296025], [-3.2265462538226193, 47.613584752635845], [-3.2265462538226193, 47.609864152473634], [-3.2339927370030472, 47.609864152473634], [-3.2339927370030472, 47.602422952149226], [-3.219099770642191, 47.59870235198702], [-3.219099770642191, 47.59498175182481], [-3.2302694954128333, 47.59498175182481], [-3.2302694954128333, 47.59126115166261], [-3.207930045871549, 47.59126115166261], [-3.207930045871549, 47.59870235198702], [-3.204206804281335, 47.59870235198702], [-3.1967603211009066, 47.5875405515004], [-3.1744208715596223, 47.58381995133819], [-3.1744208715596223, 47.58009935117599], [-3.1930370795106926, 47.58009935117599], [-3.1930370795106926, 47.565216950527166], [-3.1855905963302646, 47.565216950527166], [-3.1930370795106926, 47.55777575020275], [-3.1855905963302646, 47.55777575020275], [-3.1818673547400502, 47.54661394971613], [-3.1744208715596223, 47.54289334955393], [-3.1744208715596223, 47.53173154906731], [-3.1669743883791943, 47.5242903487429], [-3.1669743883791943, 47.51312854825628], [-3.159527905198766, 47.50940794809407], [-3.155804663608552, 47.490804947283046], [-3.148358180428124, 47.490804947283046], [-3.148358180428124, 47.48336374695863], [-3.1371884556574816, 47.47220194647201], [-3.1222954892966253, 47.47220194647201], [-3.1222954892966253, 47.464760746147604], [-3.103679281345555, 47.4610401459854], [-3.107402522935769, 47.44987834549878], [-3.099956039755341, 47.44987834549878], [-3.099956039755341, 47.44243714517437], [-3.092509556574913, 47.43499594484995], [-3.0776165902140566, 47.43871654501216], [-3.0776165902140566, 47.44987834549878], [-3.0701701070336282, 47.44987834549878], [-3.0701701070336282, 47.453598945660985], [-3.040384174311916, 47.453598945660985], [-3.04410741590213, 47.464760746147604], [-3.051553899082558, 47.464760746147604], [-3.055277140672772, 47.47592254663422], [-3.04410741590213, 47.47592254663422], [-3.040384174311916, 47.464760746147604], [-3.0366609327217016, 47.464760746147604], [-3.0329376911314876, 47.47592254663422], [-3.0105982415902033, 47.48336374695863], [-3.0105982415902033, 47.48708434712084], [-3.0254912079510596, 47.490804947283046], [-3.0217679663608457, 47.50568734793187], [-3.0105982415902033, 47.50568734793187], [-3.0068749999999893, 47.49452554744525], [-2.9770890672782766, 47.490804947283046], [-2.9770890672782766, 47.47964314679643], [-2.9621961009174202, 47.47592254663422], [-2.9621961009174202, 47.47964314679643], [-2.9473031345565643, 47.48336374695863], [-2.9473031345565643, 47.48708434712084], [-2.936133409785922, 47.48708434712084], [-2.928686926605494, 47.49452554744525], [-2.9249636850152796, 47.52056974858069], [-2.9212404434250656, 47.52056974858069], [-2.9175172018348516, 47.51684914841849], [-2.9212404434250656, 47.47964314679643], [-2.9063474770642093, 47.47592254663422], [-2.9026242354739953, 47.464760746147604], [-2.8951777522935673, 47.464760746147604], [-2.8914545107033534, 47.45731954582319], [-2.8504988532109983, 47.453598945660985], [-2.8467756116207843, 47.44615774533657], [-2.8356058868501424, 47.44615774533657], [-2.8356058868501424, 47.43871654501216], [-2.8467756116207843, 47.43499594484995], [-2.8467756116207843, 47.42383414436334], [-2.8356058868501424, 47.42383414436334], [-2.828159403669714, 47.416392944038925], [-2.8020967125382157, 47.42011354420113], [-2.8020967125382157, 47.427554744525544], [-2.7946502293577873, 47.427554744525544], [-2.7946502293577873, 47.43499594484995], [-2.7872037461773593, 47.43499594484995], [-2.7872037461773593, 47.427554744525544], [-2.7797572629969314, 47.42383414436334], [-2.7797572629969314, 47.43499594484995], [-2.776034021406717, 47.43499594484995], [-2.776034021406717, 47.427554744525544], [-2.764864296636075, 47.427554744525544], [-2.764864296636075, 47.43499594484995], [-2.709015672782864, 47.43871654501216], [-2.709015672782864, 47.43499594484995], [-2.6755064984709374, 47.43499594484995], [-2.6755064984709374, 47.427554744525544], [-2.653167048929653, 47.42383414436334], [-2.653167048929653, 47.42011354420113], [-2.6419973241590107, 47.42383414436334], [-2.6419973241590107, 47.40895174371451], [-2.6382740825687967, 47.40523114355231], [-2.6233811162079403, 47.40523114355231], [-2.6233811162079403, 47.4015105433901], [-2.619057080924844, 47.4015105433901], [-2.619057080924844, 47.40523114355231], [-2.5967545761078883, 47.40895174371451], [-2.5967545761078883, 47.39406934306569], [-2.608488149847084, 47.39406934306569], [-2.608488149847084, 47.4015105433901], [-2.6159346330275124, 47.4015105433901], [-2.6159346330275124, 47.39406934306569], [-2.6079058285163663, 47.390348742903484], [-2.604188744380207, 47.38290754257907], [-2.593037491971729, 47.38662814274128], [-2.5856033236994107, 47.37174574209245], [-2.5744520712909327, 47.37174574209245], [-2.5707349871547733, 47.36058394160583], [-2.563300818882455, 47.36058394160583], [-2.5558666506101364, 47.353142741281424], [-2.5595837347462957, 47.3382603406326], [-2.563300818882455, 47.3382603406326], [-2.563300818882455, 47.32337793998378], [-2.5744520712909327, 47.31221613949716], [-2.5818862395632514, 47.31221613949716], [-2.5818862395632514, 47.304774939172745], [-2.5744520712909327, 47.304774939172745], [-2.5744520712909327, 47.29733373884833], [-2.567017903018614, 47.29733373884833], [-2.567017903018614, 47.28989253852392], [-2.552149566473977, 47.28617193836172], [-2.552149566473977, 47.28245133819951], [-2.540998314065499, 47.28245133819951], [-2.540998314065499, 47.278730738037304], [-2.5298470616570214, 47.278730738037304], [-2.5298470616570214, 47.2750101378751], [-2.5224128933847028, 47.2750101378751], [-2.514978725112384, 47.267568937550685], [-2.470373715478473, 47.26384833738848], [-2.470373715478473, 47.256407137064066], [-2.459222463069995, 47.25268653690186], [-2.444354126525358, 47.23780413625304], [-2.4480712106615172, 47.230362935928625], [-2.462939547206154, 47.22664233576642], [-2.462939547206154, 47.219201135442006], [-2.481524967886951, 47.2154805352798], [-2.488959136159269, 47.20803933495539], [-2.511261640976225, 47.2117599351176], [-2.511261640976225, 47.20431873479318], [-2.514978725112384, 47.20431873479318], [-2.511261640976225, 47.193156934306565], [-2.5038274727039065, 47.193156934306565], [-2.5038274727039065, 47.18883027522936], [-2.496393304431588, 47.18883027522936], [-2.496393304431588, 47.18510703363914], [-2.4852420520231098, 47.18510703363914], [-2.4852420520231098, 47.17827453365774], [-2.4778078837507915, 47.17455393349554], [-2.4778078837507915, 47.17021406727828], [-2.4666566313423135, 47.17021406727828], [-2.4666566313423135, 47.16649082568807], [-2.444354126525358, 47.17021406727828], [-2.444354126525358, 47.17455393349554], [-2.436919958253039, 47.17455393349554], [-2.436919958253039, 47.17827453365774], [-2.3960320327552873, 47.17827453365774], [-2.3960320327552873, 47.17455393349554], [-2.377446612074491, 47.17455393349554], [-2.377446612074491, 47.17021406727828], [-2.3328416024405794, 47.17021406727828], [-2.3328416024405794, 47.16276758409786], [-2.321690350032102, 47.16649082568807], [-2.321690350032102, 47.16276758409786], [-2.3068220134874644, 47.15904434250764], [-2.3068220134874644, 47.155321100917426], [-2.295670761078987, 47.155321100917426], [-2.2919536769428275, 47.14415137614679], [-2.288236592806668, 47.14415137614679], [-2.288236592806668, 47.13298165137614], [-2.295670761078987, 47.13298165137614], [-2.295670761078987, 47.129258409785926], [-2.321690350032102, 47.13298165137614], [-2.325407434168261, 47.1218119266055], [-2.3328416024405794, 47.11808868501529], [-2.3328416024405794, 47.11064220183486], [-2.3439928548490574, 47.11064220183486], [-2.3477099389852167, 47.10319571865443], [-2.295670761078987, 47.10691896024464], [-2.295670761078987, 47.10319571865443], [-2.2733682562620308, 47.10319571865443], [-2.2733682562620308, 47.09947247706422], [-2.2399144990365976, 47.09947247706422], [-2.2399144990365976, 47.09202599388379], [-2.247348667308916, 47.09202599388379], [-2.243631583172757, 47.08457951070336], [-2.22504616249196, 47.08457951070336], [-2.221329078355801, 47.08085626911315], [-2.221329078355801, 47.07340978593272], [-2.247348667308916, 47.07340978593272], [-2.251065751445075, 47.08457951070336], [-2.284519508670509, 47.08830275229357], [-2.284519508670509, 47.08457951070336], [-2.269651172125872, 47.08085626911315], [-2.269651172125872, 47.0696865443425], [-2.288236592806668, 47.0696865443425], [-2.288236592806668, 47.07340978593272], [-2.351427023121376, 47.0696865443425], [-2.3625782755298537, 47.058516819571864], [-2.377446612074491, 47.058516819571864], [-2.3848807803468093, 47.04734709480122], [-2.392314948619128, 47.05479357798165], [-2.3997491168914467, 47.05479357798165], [-2.3997491168914467, 47.058516819571864], [-2.418334537572243, 47.058516819571864], [-2.4220516217084023, 47.05479357798165], [-2.4220516217084023, 47.02500764525993], [-2.429485789980721, 47.02500764525993], [-2.43320287411688, 46.99894495412843], [-2.444354126525358, 46.995221712538225], [-2.444354126525358, 46.99149847094801], [-2.455505378933836, 46.99149847094801], [-2.462939547206154, 46.98405198776758], [-2.462939547206154, 46.969159021406725], [-2.4666566313423135, 46.969159021406725], [-2.470373715478473, 46.95798929663608], [-2.4852420520231098, 46.95798929663608], [-2.4852420520231098, 46.950542813455655], [-2.4778078837507915, 46.94681957186544], [-2.481524967886951, 46.935649847094794], [-2.462939547206154, 46.931926605504586], [-2.462939547206154, 46.92075688073394], [-2.4480712106615172, 46.92075688073394], [-2.444354126525358, 46.91331039755351], [-2.43320287411688, 46.91331039755351], [-2.43320287411688, 46.92075688073394], [-2.429485789980721, 46.92075688073394], [-2.4257687058445616, 46.91331039755351], [-2.4109003692999242, 46.91331039755351], [-2.4109003692999242, 46.9095871559633], [-2.3997491168914467, 46.9095871559633], [-2.3997491168914467, 46.91331039755351], [-2.3588611913936943, 46.9095871559633], [-2.355144107257535, 46.89469418960244], [-2.3477099389852167, 46.89469418960244], [-2.340275770712898, 46.8835244648318], [-2.325407434168261, 46.8835244648318], [-2.325407434168261, 46.87607798165137], [-2.321690350032102, 46.87607798165137], [-2.321690350032102, 46.8574617737003], [-2.32912451830442, 46.86490825688073], [-2.3439928548490574, 46.861185015290516], [-2.3625782755298537, 46.84256880733945], [-2.351427023121376, 46.83884556574923], [-2.351427023121376, 46.8313990825688], [-2.340275770712898, 46.827675840978586], [-2.340275770712898, 46.82395259938838], [-2.3328416024405794, 46.82395259938838], [-2.3328416024405794, 46.8313990825688], [-2.325407434168261, 46.8313990825688], [-2.32912451830442, 46.82022935779816], [-2.3179732658959424, 46.82022935779816], [-2.3179732658959424, 46.827675840978586], [-2.3068220134874644, 46.827675840978586], [-2.3068220134874644, 46.82022935779816], [-2.3105390976236237, 46.82022935779816], [-2.3068220134874644, 46.81278287461773], [-2.321690350032102, 46.809059633027516], [-2.314256181759783, 46.79416666666666], [-2.325407434168261, 46.79416666666666], [-2.32912451830442, 46.80533639143731], [-2.3328416024405794, 46.80533639143731], [-2.3328416024405794, 46.79044342507645], [-2.325407434168261, 46.78299694189602], [-2.351427023121376, 46.77927370030581], [-2.351427023121376, 46.77555045871559], [-2.355144107257535, 46.77555045871559], [-2.3588611913936943, 46.78672018348623], [-2.3737295279383317, 46.78299694189602], [-2.377446612074491, 46.77555045871559], [-2.3625782755298537, 46.76810397553516], [-2.3625782755298537, 46.74948776758409], [-2.366295359666013, 46.74576452599388], [-2.3885978644829686, 46.74576452599388], [-2.3885978644829686, 46.74204128440367], [-2.3960320327552873, 46.74576452599388], [-2.3960320327552873, 46.74204128440367], [-2.407183285163765, 46.74204128440367], [-2.407183285163765, 46.738318042813454], [-2.418334537572243, 46.738318042813454], [-2.418334537572243, 46.72342507645259], [-2.4109003692999242, 46.72342507645259], [-2.407183285163765, 46.70853211009174], [-2.3960320327552873, 46.70853211009174], [-2.392314948619128, 46.70108562691131], [-2.3848807803468093, 46.70108562691131], [-2.3848807803468093, 46.693639143730884], [-2.3477099389852167, 46.68991590214067], [-2.340275770712898, 46.68246941896024], [-2.325407434168261, 46.68246941896024], [-2.325407434168261, 46.686192660550454], [-2.284519508670509, 46.68246941896024], [-2.27708534039819, 46.68991590214067], [-2.251065751445075, 46.693639143730884], [-2.251065751445075, 46.70108562691131], [-2.236197414900438, 46.70480886850152], [-2.236197414900438, 46.70853211009174], [-2.191592405266527, 46.719701834862384], [-2.191592405266527, 46.71597859327217], [-2.169289900449571, 46.71597859327217], [-2.165572816313412, 46.70853211009174], [-2.154421563904934, 46.70853211009174], [-2.154421563904934, 46.70480886850152], [-2.1209678066795004, 46.70108562691131], [-2.1209678066795004, 46.693639143730884], [-2.113533638407182, 46.693639143730884], [-2.1098165542710228, 46.686192660550454], [-2.0949482177263854, 46.686192660550454], [-2.0949482177263854, 46.68991590214067], [-2.0800798811817485, 46.68991590214067], [-2.0800798811817485, 46.693639143730884], [-2.0540602922286335, 46.693639143730884], [-2.0540602922286335, 46.68991590214067], [-2.0354748715478372, 46.686192660550454], [-2.0354748715478372, 46.67874617737002], [-2.0168894508670405, 46.68246941896024], [-2.005738198458563, 46.6712996941896], [-1.9648502729608106, 46.66385321100917], [-1.9648502729608106, 46.656406727828745], [-1.9574161046884921, 46.648960244648315], [-1.9462648522800143, 46.648960244648315], [-1.9313965157353772, 46.63406727828746], [-1.9313965157353772, 46.622897553516815], [-1.9239623474630585, 46.615451070336384], [-1.91652817919074, 46.615451070336384], [-1.9128110950545807, 46.60055810397553], [-1.9313965157353772, 46.60055810397553], [-1.9239623474630585, 46.58194189602446], [-1.91652817919074, 46.58194189602446], [-1.91652817919074, 46.57449541284403], [-1.9016598426461029, 46.57077217125382], [-1.9016598426461029, 46.56332568807339], [-1.8867915061014657, 46.559602446483176], [-1.8867915061014657, 46.552155963302745], [-1.8682060854206695, 46.54843272171254], [-1.8682060854206695, 46.540986238532106], [-1.8607719171483508, 46.53726299694189], [-1.8607719171483508, 46.52609327217125], [-1.8570548330121914, 46.52609327217125], [-1.8570548330121914, 46.514923547400606], [-1.8533377488760323, 46.514923547400606], [-1.8533377488760323, 46.50747706422018], [-1.8607719171483508, 46.50747706422018], [-1.8607719171483508, 46.50003058103975], [-1.8533377488760323, 46.49258409785932], [-1.8459035806037136, 46.49258409785932], [-1.8459035806037136, 46.4851376146789], [-1.8384694123313952, 46.4851376146789], [-1.8384694123313952, 46.48141437308868], [-1.823601075786758, 46.4851376146789], [-1.823601075786758, 46.48141437308868], [-1.8050156551059615, 46.48141437308868], [-1.797581486833643, 46.47396788990825], [-1.7864302344251652, 46.47396788990825], [-1.771561897880528, 46.4590749235474], [-1.7604106454720503, 46.4590749235474], [-1.756693561335891, 46.44790519877675], [-1.7418252247912538, 46.44418195718654], [-1.7381081406550947, 46.43673547400611], [-1.7269568882466166, 46.43673547400611], [-1.7269568882466166, 46.42928899082568], [-1.704654383429661, 46.42556574923547], [-1.7009372992935017, 46.41439602446483], [-1.6823518786127054, 46.41067278287461], [-1.6823518786127054, 46.4069495412844], [-1.663766457931909, 46.4069495412844], [-1.663766457931909, 46.399503058103974], [-1.678634794476546, 46.39577981651376], [-1.678634794476546, 46.392056574923544], [-1.6712006262042276, 46.392056574923544], [-1.6712006262042276, 46.37716360856269], [-1.6674835420680683, 46.373440366972474], [-1.5819906069364047, 46.365993883792044], [-1.5819906069364047, 46.36227064220183], [-1.5485368497109713, 46.36227064220183], [-1.5485368497109713, 46.35854740061162], [-1.5262343448940157, 46.354824159021405], [-1.5262343448940157, 46.336207951070335], [-1.544819765574812, 46.336207951070335], [-1.5522539338471306, 46.328761467889905], [-1.5634051862556084, 46.328761467889905], [-1.5634051862556084, 46.33248470948012], [-1.611727280025679, 46.33248470948012], [-1.611727280025679, 46.328761467889905], [-1.5968589434810418, 46.328761467889905], [-1.5968589434810418, 46.32503822629969], [-1.5485368497109713, 46.32503822629969], [-1.5485368497109713, 46.321314984709474], [-1.4964976718047414, 46.321314984709474], [-1.5002147559409007, 46.310145259938835], [-1.4853464193962636, 46.310145259938835], [-1.4779122511239449, 46.29897553516819], [-1.4593268304431486, 46.295252293577974], [-1.4556097463069892, 46.28780581039755], [-1.4221559890815556, 46.284082568807335], [-1.4221559890815556, 46.276636085626905], [-1.4110047366730778, 46.276636085626905], [-1.4035705684007593, 46.26918960244648], [-1.3961364001284406, 46.26918960244648], [-1.3961364001284406, 46.265466360856266], [-1.3849851477199628, 46.265466360856266], [-1.3812680635838035, 46.258019877675835], [-1.3701168111753257, 46.258019877675835], [-1.3701168111753257, 46.25429663608562], [-1.3589655587668479, 46.25429663608562], [-1.3589655587668479, 46.25057339449541], [-1.3515313904945294, 46.25429663608562], [-1.34781430635837, 46.25057339449541], [-1.34781430635837, 46.246850152905196], [-1.3663997270391666, 46.246850152905196], [-1.3663997270391666, 46.239403669724766], [-1.3812680635838035, 46.239403669724766], [-1.3812680635838035, 46.23568042813455], [-1.4072876525369187, 46.23568042813455], [-1.4072876525369187, 46.239403669724766], [-1.4147218208092371, 46.239403669724766], [-1.4147218208092371, 46.246850152905196], [-1.4221559890815556, 46.246850152905196], [-1.4295901573538743, 46.25429663608562], [-1.440741409762352, 46.25429663608562], [-1.440741409762352, 46.258019877675835], [-1.4556097463069892, 46.25429663608562], [-1.4556097463069892, 46.258019877675835], [-1.4704780828516264, 46.26174311926605], [-1.4704780828516264, 46.265466360856266], [-1.4816293352601042, 46.265466360856266], [-1.4816293352601042, 46.26918960244648], [-1.518800176621697, 46.272912844036696], [-1.518800176621697, 46.276636085626905], [-1.5262343448940157, 46.276636085626905], [-1.5262343448940157, 46.284082568807335], [-1.544819765574812, 46.284082568807335], [-1.544819765574812, 46.28780581039755], [-1.5559710179832897, 46.28780581039755], [-1.5559710179832897, 46.291529051987766], [-1.5671222703917675, 46.291529051987766], [-1.5671222703917675, 46.295252293577974], [-1.5894247752087234, 46.291529051987766], [-1.5894247752087234, 46.295252293577974], [-1.6005760276172012, 46.295252293577974], [-1.6005760276172012, 46.29897553516819], [-1.611727280025679, 46.29897553516819], [-1.611727280025679, 46.302698776758405], [-1.6303127007064755, 46.302698776758405], [-1.6340297848426346, 46.310145259938835], [-1.6600493737957496, 46.310145259938835], [-1.6600493737957496, 46.30642201834862], [-1.6674835420680683, 46.30642201834862], [-1.6674835420680683, 46.310145259938835], [-1.6935031310211832, 46.310145259938835], [-1.6860689627488645, 46.272912844036696], [-1.6823518786127054, 46.272912844036696], [-1.678634794476546, 46.26174311926605], [-1.663766457931909, 46.258019877675835], [-1.6600493737957496, 46.23568042813455], [-1.652615205523431, 46.239403669724766], [-1.6451810372511126, 46.22823394495413], [-1.637746868978794, 46.22823394495413], [-1.6228785324341568, 46.213340978593266], [-1.6154443641618383, 46.213340978593266], [-1.6154443641618383, 46.20589449541284], [-1.6042931117533605, 46.20589449541284], [-1.6005760276172012, 46.19844801223241], [-1.5931418593448825, 46.19844801223241], [-1.585707691072564, 46.18727828746177], [-1.5634051862556084, 46.18355504587156], [-1.559688102119449, 46.17238532110091], [-1.5485368497109713, 46.168662079510696], [-1.544819765574812, 46.16121559633027], [-1.5411026814386526, 46.16493883792049], [-1.5225172607578563, 46.16493883792049], [-1.5076489242132192, 46.15004587155963], [-1.4816293352601042, 46.15376911314984], [-1.4779122511239449, 46.14632262996941], [-1.4704780828516264, 46.14632262996941], [-1.4741951669877855, 46.15376911314984], [-1.4630439145793077, 46.15376911314984], [-1.4630439145793077, 46.15004587155963], [-1.4556097463069892, 46.15004587155963], [-1.4593268304431486, 46.1425993883792], [-1.4295901573538743, 46.14632262996941], [-1.4295901573538743, 46.13142966360856], [-1.4147218208092371, 46.13142966360856], [-1.4147218208092371, 46.12770642201834], [-1.4072876525369187, 46.13142966360856], [-1.4035705684007593, 46.123983180428134], [-1.3961364001284406, 46.123983180428134], [-1.3961364001284406, 46.13515290519877], [-1.4035705684007593, 46.13515290519877], [-1.4035705684007593, 46.1425993883792], [-1.3924193159922815, 46.1425993883792], [-1.3924193159922815, 46.13142966360856], [-1.3552484746306885, 46.12770642201834], [-1.3552484746306885, 46.123983180428134], [-1.3440972222222107, 46.123983180428134], [-1.3403801380860516, 46.1165366972477], [-1.3217947174052551, 46.1165366972477], [-1.3217947174052551, 46.11281345565749], [-1.3180776332690958, 46.1165366972477], [-1.2771897077713437, 46.11281345565749], [-1.2771897077713437, 46.1165366972477], [-1.2660384553628659, 46.1165366972477], [-1.2623213712267067, 46.123983180428134], [-1.254887202954388, 46.123983180428134], [-1.254887202954388, 46.1165366972477], [-1.2511701188182287, 46.1165366972477], [-1.254887202954388, 46.097920489296634], [-1.240018866409751, 46.09419724770642], [-1.240018866409751, 46.08675076452599], [-1.2474530346820696, 46.08302752293577], [-1.2474530346820696, 46.05696483180428], [-1.240018866409751, 46.053241590214064], [-1.240018866409751, 46.04207186544342], [-1.254887202954388, 46.04579510703363], [-1.254887202954388, 46.04951834862385], [-1.2697555394990252, 46.04951834862385], [-1.2771897077713437, 46.05696483180428], [-1.2920580443159808, 46.053241590214064], [-1.2920580443159808, 46.05696483180428], [-1.306926380860618, 46.05696483180428], [-1.306926380860618, 46.060688073394495], [-1.3106434649967773, 46.05696483180428], [-1.3366630539498923, 46.060688073394495], [-1.3366630539498923, 46.0644113149847], [-1.34781430635837, 46.06813455657492], [-1.34781430635837, 46.07558103975535], [-1.3663997270391666, 46.07558103975535], [-1.3663997270391666, 46.079304281345564], [-1.3775509794476444, 46.079304281345564], [-1.3775509794476444, 46.08302752293577], [-1.425873073217715, 46.08302752293577], [-1.425873073217715, 46.08675076452599], [-1.440741409762352, 46.08675076452599], [-1.440741409762352, 46.08302752293577], [-1.4481755780346706, 46.08302752293577], [-1.45189266217083, 46.06813455657492], [-1.4704780828516264, 46.060688073394495], [-1.4704780828516264, 46.05696483180428], [-1.4630439145793077, 46.05696483180428], [-1.4593268304431486, 46.03090214067278], [-1.4481755780346706, 46.027178899082564], [-1.4481755780346706, 46.01973241590213], [-1.440741409762352, 46.01973241590213], [-1.440741409762352, 46.008562691131495], [-1.4370243256261928, 46.008562691131495], [-1.4370243256261928, 46.00483944954128], [-1.4444584938985114, 46.00483944954128], [-1.4444584938985114, 46.008562691131495], [-1.4593268304431486, 46.00483944954128], [-1.4593268304431486, 45.99366972477064], [-1.4630439145793077, 45.99366972477064], [-1.4630439145793077, 45.97877675840978], [-1.4593268304431486, 45.97877675840978], [-1.4630439145793077, 45.94899082568807], [-1.4593268304431486, 45.94899082568807], [-1.4593268304431486, 45.94154434250764], [-1.4481755780346706, 45.94154434250764], [-1.440741409762352, 45.93409785932721], [-1.440741409762352, 45.926651376146786], [-1.4295901573538743, 45.926651376146786], [-1.4295901573538743, 45.92292813455657], [-1.4221559890815556, 45.92292813455657], [-1.4147218208092371, 45.91548165137614], [-1.3961364001284406, 45.91175840978593], [-1.3887022318561222, 45.900588685015286], [-1.3812680635838035, 45.900588685015286], [-1.3775509794476444, 45.88941896024465], [-1.3589655587668479, 45.88569571865443], [-1.3552484746306885, 45.874525993883786], [-1.34781430635837, 45.87080275229357], [-1.34781430635837, 45.8521865443425], [-1.3440972222222107, 45.8521865443425], [-1.3440972222222107, 45.84474006116208], [-1.3515313904945294, 45.83729357798165], [-1.34781430635837, 45.83729357798165], [-1.34781430635837, 45.81495412844036], [-1.3440972222222107, 45.81495412844036], [-1.3440972222222107, 45.79633792048929], [-1.3403801380860516, 45.79633792048929], [-1.3403801380860516, 45.75538226299694], [-1.34781430635837, 45.74793577981651], [-1.3515313904945294, 45.72559633027522], [-1.3589655587668479, 45.72559633027522], [-1.3589655587668479, 45.71070336391437], [-1.3663997270391666, 45.71070336391437], [-1.373833895311485, 45.70325688073394], [-1.373833895311485, 45.680917431192654], [-1.3961364001284406, 45.680917431192654], [-1.3961364001284406, 45.669747706422015], [-1.3812680635838035, 45.669747706422015], [-1.3775509794476444, 45.67347094801223], [-1.3812680635838035, 45.643685015290515], [-1.3663997270391666, 45.62879204892966], [-1.3589655587668479, 45.62879204892966], [-1.3589655587668479, 45.62134556574923], [-1.3701168111753257, 45.62134556574923], [-1.3701168111753257, 45.61017584097859], [-1.3589655587668479, 45.61017584097859], [-1.3663997270391666, 45.60272935779816], [-1.3552484746306885, 45.60272935779816], [-1.3552484746306885, 45.59528287461773], [-1.3403801380860516, 45.59155963302752], [-1.3403801380860516, 45.58783639143731], [-1.3255118015414145, 45.58783639143731], [-1.3255118015414145, 45.580389908256876], [-1.3180776332690958, 45.57666666666666], [-1.3106434649967773, 45.554327217125376], [-1.306926380860618, 45.554327217125376], [-1.306926380860618, 45.54315749235474], [-1.2994922125882995, 45.53571100917431], [-1.2920580443159808, 45.53571100917431], [-1.2920580443159808, 45.53198776758409], [-1.254887202954388, 45.53571100917431], [-1.2511701188182287, 45.53198776758409], [-1.254887202954388, 45.5059250764526], [-1.240018866409751, 45.49847859327217], [-1.240018866409751, 45.49103211009174], [-1.2437359505459102, 45.49103211009174], [-1.240018866409751, 45.47241590214067], [-1.228867614001273, 45.46869266055045], [-1.228867614001273, 45.457522935779814], [-1.2214334457289546, 45.457522935779814], [-1.2214334457289546, 45.4537996941896], [-1.228867614001273, 45.4537996941896], [-1.228867614001273, 45.43518348623853], [-1.2214334457289546, 45.43518348623853], [-1.2177163615927953, 45.431460244648314], [-1.2214334457289546, 45.42401376146788], [-1.213999277456636, 45.420290519877675], [-1.2177163615927953, 45.41656727828746], [-1.2177163615927953, 45.4016743119266], [-1.2102821933204766, 45.39795107033639], [-1.213999277456636, 45.37188837920489], [-1.2102821933204766, 45.37188837920489], [-1.2102821933204766, 45.356995412844036], [-1.2065651091843175, 45.356995412844036], [-1.2065651091843175, 45.32720948012232], [-1.2028480250481581, 45.32720948012232], [-1.2028480250481581, 45.21178899082568], [-1.2065651091843175, 45.21178899082568], [-1.2065651091843175, 45.18200305810397], [-1.2102821933204766, 45.18200305810397], [-1.2065651091843175, 45.15167286245353], [-1.2102821933204766, 45.15167286245353], [-1.2102821933204766, 45.12936802973977], [-1.2177163615927953, 45.125650557620816], [-1.2177163615927953, 45.11078066914498], [-1.213999277456636, 45.11078066914498], [-1.213999277456636, 45.10334572490706], [-1.2177163615927953, 45.10334572490706], [-1.2177163615927953, 45.04014869888476], [-1.2214334457289546, 45.04014869888476], [-1.2214334457289546, 45.032713754646835], [-1.228867614001273, 45.032713754646835], [-1.228867614001273, 45.00669144981412], [-1.2325846981374324, 45.00669144981412], [-1.2325846981374324, 44.980669144981405], [-1.2363017822735916, 44.980669144981405], [-1.240018866409751, 44.895167286245346], [-1.2437359505459102, 44.895167286245346], [-1.2474530346820696, 44.87657992565055], [-1.2511701188182287, 44.87657992565055], [-1.254887202954388, 44.820817843866166], [-1.2623213712267067, 44.820817843866166], [-1.2623213712267067, 44.757620817843865], [-1.2660384553628659, 44.757620817843865], [-1.2660384553628659, 44.739033457249064], [-1.2697555394990252, 44.739033457249064], [-1.2697555394990252, 44.716728624535314], [-1.2734726236351845, 44.716728624535314], [-1.2771897077713437, 44.66840148698884], [-1.280906791907503, 44.66840148698884], [-1.280906791907503, 44.653531598513005], [-1.2846238760436623, 44.653531598513005], [-1.2846238760436623, 44.64237918215613], [-1.2883409601798217, 44.64237918215613], [-1.2883409601798217, 44.631226765799255], [-1.2920580443159808, 44.631226765799255], [-1.2920580443159808, 44.61635687732342], [-1.2994922125882995, 44.61635687732342], [-1.2994922125882995, 44.58661710037174], [-1.306926380860618, 44.579182156133825], [-1.3032092967244586, 44.54200743494423], [-1.2994922125882995, 44.54200743494423], [-1.2994922125882995, 44.53457249070632], [-1.2920580443159808, 44.53457249070632], [-1.2846238760436623, 44.527137546468396], [-1.280906791907503, 44.51598513011152], [-1.2734726236351845, 44.51598513011152], [-1.2697555394990252, 44.49739776951672], [-1.2734726236351845, 44.49739776951672], [-1.2734726236351845, 44.43791821561338], [-1.280906791907503, 44.43048327137546], [-1.280906791907503, 44.41561338289962], [-1.2846238760436623, 44.41561338289962], [-1.2883409601798217, 44.3635687732342], [-1.2920580443159808, 44.3635687732342], [-1.2920580443159808, 44.35613382899628], [-1.2994922125882995, 44.35613382899628], [-1.3032092967244586, 44.29665427509293], [-1.306926380860618, 44.29665427509293], [-1.306926380860618, 44.27806691449814], [-1.3106434649967773, 44.27806691449814], [-1.3106434649967773, 44.2631970260223], [-1.3143605491329367, 44.2631970260223], [-1.3143605491329367, 44.23717472118959], [-1.3180776332690958, 44.23717472118959], [-1.3180776332690958, 44.22230483271375], [-1.3217947174052551, 44.22230483271375], [-1.3180776332690958, 44.21858736059479], [-1.3180776332690958, 44.19628252788104], [-1.3255118015414145, 44.18884758364312], [-1.3255118015414145, 44.170260223048324], [-1.332945969813733, 44.170260223048324], [-1.332945969813733, 44.1628252788104], [-1.3366630539498923, 44.1628252788104], [-1.3403801380860516, 44.125650557620816], [-1.3440972222222107, 44.125650557620816], [-1.34781430635837, 44.11078066914498], [-1.3515313904945294, 44.11078066914498], [-1.34781430635837, 44.08104089219331], [-1.3552484746306885, 44.07732342007434], [-1.3589655587668479, 44.05130111524163], [-1.3663997270391666, 44.05130111524163], [-1.3663997270391666, 44.04014869888476], [-1.3701168111753257, 44.04014869888476], [-1.373833895311485, 43.999256505576206], [-1.3812680635838035, 43.991821561338284], [-1.3812680635838035, 43.980669144981405], [-1.3849851477199628, 43.980669144981405], [-1.3887022318561222, 43.95092936802973], [-1.3961364001284406, 43.94349442379182], [-1.3961364001284406, 43.92490706319702], [-1.4035705684007593, 43.92490706319702], [-1.4035705684007593, 43.906319702602225], [-1.4072876525369187, 43.906319702602225], [-1.4110047366730778, 43.88029739776951], [-1.4184389049453965, 43.872862453531596], [-1.4221559890815556, 43.84684014869888], [-1.425873073217715, 43.84684014869888], [-1.4295901573538743, 43.831970260223045], [-1.4370243256261928, 43.831970260223045], [-1.440741409762352, 43.78364312267657], [-1.4444584938985114, 43.78364312267657], [-1.4481755780346706, 43.75018587360594], [-1.45189266217083, 43.75018587360594], [-1.4556097463069892, 43.716728624535314], [-1.4593268304431486, 43.716728624535314], [-1.4593268304431486, 43.67955390334572], [-1.4556097463069892, 43.67955390334572], [-1.45189266217083, 43.66096654275093], [-1.4556097463069892, 43.66096654275093], [-1.4556097463069892, 43.653531598513005], [-1.4741951669877855, 43.64981412639405], [-1.4741951669877855, 43.63866171003717], [-1.4816293352601042, 43.631226765799255], [-1.4890635035324227, 43.6089219330855], [-1.4964976718047414, 43.60148698884758], [-1.4964976718047414, 43.59405204460966], [-1.5076489242132192, 43.590334572490704], [-1.5076489242132192, 43.579182156133825], [-1.5150830924855376, 43.57546468401487], [-1.518800176621697, 43.56059479553903], [-1.5262343448940157, 43.55687732342007], [-1.5262343448940157, 43.545724907063196], [-1.5336685131663341, 43.538289962825274], [-1.5485368497109713, 43.53457249070632], [-1.5485368497109713, 43.527137546468396], [-1.5559710179832897, 43.52342007434944], [-1.5559710179832897, 43.5085501858736], [-1.5671222703917675, 43.49739776951672], [-1.5745564386640862, 43.49739776951672], [-1.5782735228002456, 43.48996282527881], [-1.5894247752087234, 43.486245353159845], [-1.5894247752087234, 43.47881040892193], [-1.6005760276172012, 43.46765799256505], [-1.6005760276172012, 43.46022304832713], [-1.611727280025679, 43.45650557620817], [-1.6154443641618383, 43.43791821561338], [-1.6303127007064755, 43.43420074349442], [-1.6340297848426346, 43.42304832713754], [-1.6600493737957496, 43.419330855018586], [-1.678634794476546, 43.400743494423786], [-1.6897860468850239, 43.40446096654275], [-1.6897860468850239, 43.400743494423786], [-1.7232398041104575, 43.39702602230483], [-1.7232398041104575, 43.39330855018587], [-1.7492593930635725, 43.39330855018587], [-1.7418252247912538, 43.400743494423786], [-1.756693561335891, 43.40446096654275], [-1.771561897880528, 43.38959107806691], [-1.7864302344251652, 43.38959107806691], [-1.7901473185613246, 43.400743494423786], [-1.8012985709698024, 43.400743494423786], [-1.8050156551059615, 43.39330855018587], [-1.8682060854206695, 43.38215613382899], [-1.8682060854206695, 43.37472118959107], [-1.875640253692988, 43.37472118959107], [-1.8793573378291473, 43.3635687732342], [-1.8867915061014657, 43.3635687732342], [-1.8942256743737844, 43.35241635687732], [-1.9090940109184216, 43.34869888475836], [-1.9090940109184216, 43.34126394052044], [-1.9313965157353772, 43.34126394052044], [-1.9313965157353772, 43.337546468401484], [-1.9351135998715365, 43.34126394052044], [-1.9388306840076956, 43.337546468401484], [-1.9722844412331293, 43.34126394052044], [-1.9797186095054478, 43.33382899628253], [-1.994586946050085, 43.33382899628253], [-1.9983040301862443, 43.326394052044606], [-2.0168894508670405, 43.33011152416356], [-2.0168894508670405, 43.326394052044606], [-2.0540602922286335, 43.32267657992565], [-2.0540602922286335, 43.318959107806684], [-2.076362797045589, 43.318959107806684], [-2.076362797045589, 43.31524163568773], [-2.087514049454067, 43.31524163568773], [-2.087514049454067, 43.31152416356877], [-2.1060994701348634, 43.31152416356877], [-2.1060994701348634, 43.30408921933085], [-2.1321190590879784, 43.30037174721189], [-2.1321190590879784, 43.29665427509293], [-2.1469873956326153, 43.29665427509293], [-2.1469873956326153, 43.30037174721189], [-2.180441152858049, 43.29665427509293], [-2.180441152858049, 43.30037174721189], [-2.1990265735388452, 43.30408921933085], [-2.2027436576750046, 43.318959107806684], [-2.206460741811164, 43.31524163568773], [-2.2399144990365976, 43.318959107806684], [-2.2399144990365976, 43.31524163568773], [-2.251065751445075, 43.31524163568773], [-2.251065751445075, 43.31152416356877], [-2.284519508670509, 43.31152416356877], [-2.284519508670509, 43.30408921933085], [-2.314256181759783, 43.30408921933085], [-2.314256181759783, 43.31152416356877], [-2.32912451830442, 43.31152416356877], [-2.32912451830442, 43.30408921933085], [-2.3328416024405794, 43.30408921933085], [-2.3328416024405794, 43.31152416356877], [-2.377446612074491, 43.31524163568773], [-2.377446612074491, 43.32267657992565], [-2.3885978644829686, 43.32267657992565], [-2.3960320327552873, 43.33011152416356], [-2.418334537572243, 43.33011152416356], [-2.4257687058445616, 43.337546468401484], [-2.462939547206154, 43.34126394052044], [-2.462939547206154, 43.34869888475836], [-2.470373715478473, 43.35613382899628], [-2.4778078837507915, 43.35613382899628], [-2.488959136159269, 43.371003717472114], [-2.5038274727039065, 43.37472118959107], [-2.5038274727039065, 43.38215613382899], [-2.5484324823378177, 43.38587360594795], [-2.5558666506101364, 43.39702602230483], [-2.5744520712909327, 43.39702602230483], [-2.5744520712909327, 43.39330855018587], [-2.6004716602440476, 43.39702602230483], [-2.6004716602440476, 43.400743494423786], [-2.619057080924844, 43.39702602230483], [-2.619057080924844, 43.400743494423786], [-2.6345508409785827, 43.40446096654275], [-2.6345508409785827, 43.419330855018586], [-2.6419973241590107, 43.419330855018586], [-2.6419973241590107, 43.42304832713754], [-2.6755064984709374, 43.419330855018586], [-2.6792297400611513, 43.43048327137546], [-2.6903994648317937, 43.43048327137546], [-2.6866762232415793, 43.42304832713754], [-2.709015672782864, 43.42304832713754], [-2.716462155963292, 43.43048327137546], [-2.7388016055045763, 43.43420074349442], [-2.7462480886850047, 43.46022304832713], [-2.7834805045871454, 43.45650557620817], [-2.8020967125382157, 43.43791821561338], [-2.9473031345565643, 43.44163568773234], [-2.9473031345565643, 43.43791821561338], [-2.9584728593272063, 43.43420074349442], [-2.9584728593272063, 43.42304832713754], [-2.9770890672782766, 43.42304832713754], [-2.9770890672782766, 43.41561338289962], [-2.984535550458705, 43.41561338289962], [-2.984535550458705, 43.40817843866171], [-2.991982033639133, 43.40817843866171], [-2.995705275229347, 43.400743494423786], [-3.0031517584097753, 43.400743494423786], [-3.0105982415902033, 43.39330855018587], [-3.0366609327217016, 43.38959107806691], [-3.04410741590213, 43.38215613382899], [-3.04410741590213, 43.371003717472114], [-3.0329376911314876, 43.3635687732342], [-3.0292144495412736, 43.35241635687732], [-3.04410741590213, 43.35613382899628], [-3.04410741590213, 43.34869888475836], [-3.055277140672772, 43.35241635687732], [-3.051553899082558, 43.3635687732342], [-3.0813398318042706, 43.359851301115235], [-3.0813398318042706, 43.3635687732342], [-3.092509556574913, 43.3635687732342], [-3.099956039755341, 43.371003717472114], [-3.1222954892966253, 43.3635687732342], [-3.1222954892966253, 43.359851301115235], [-3.16325114678898, 43.359851301115235], [-3.1669743883791943, 43.36728624535316], [-3.1930370795106926, 43.371003717472114], [-3.1967603211009066, 43.38215613382899], [-3.207930045871549, 43.38215613382899], [-3.219099770642191, 43.39330855018587], [-3.219099770642191, 43.400743494423786], [-3.237715978593261, 43.400743494423786], [-3.237715978593261, 43.40446096654275], [-3.2526089449541176, 43.40446096654275], [-3.2526089449541176, 43.40817843866171], [-3.2898413608562582, 43.40817843866171], [-3.2898413608562582, 43.41561338289962], [-3.319627293577971, 43.41561338289962], [-3.319627293577971, 43.42304832713754], [-3.379199159021396, 43.42304832713754], [-3.379199159021396, 43.4267657992565], [-3.386645642201824, 43.42304832713754], [-3.386645642201824, 43.4267657992565], [-3.40153860856268, 43.4267657992565], [-3.405261850152894, 43.43420074349442], [-3.4164315749235366, 43.43420074349442], [-3.4127083333333226, 43.452788104089215], [-3.4164315749235366, 43.452788104089215], [-3.4164315749235366, 43.46022304832713], [-3.427601299694179, 43.47137546468401], [-3.4462175076452493, 43.47137546468401], [-3.4462175076452493, 43.47509293680297], [-3.4722801987767475, 43.47881040892193], [-3.4722801987767475, 43.486245353159845], [-3.479726681957176, 43.493680297397766], [-3.487173165137604, 43.493680297397766], [-3.490896406727818, 43.50111524163568], [-3.513235856269102, 43.49739776951672], [-3.5206823394495306, 43.504832713754645], [-3.539298547400601, 43.504832713754645], [-3.546745030581029, 43.51226765799256], [-3.5802542048929555, 43.51226765799256], [-3.5802542048929555, 43.51970260223048], [-3.60259365443424, 43.51970260223048], [-3.60259365443424, 43.51226765799256], [-3.613763379204882, 43.51226765799256], [-3.62120986238531, 43.504832713754645], [-3.650995795107023, 43.504832713754645], [-3.658442278287451, 43.49739776951672], [-3.680781727828735, 43.493680297397766], [-3.6845049694189496, 43.486245353159845], [-3.732907110091732, 43.486245353159845], [-3.736630351681946, 43.47509293680297], [-3.7738627675840872, 43.47881040892193], [-3.7738627675840872, 43.493680297397766], [-3.785032492354729, 43.493680297397766], [-3.785032492354729, 43.49739776951672], [-3.825988149847084, 43.49739776951672], [-3.825988149847084, 43.50111524163568], [-3.833434633027512, 43.50111524163568], [-3.844604357798154, 43.48996282527881], [-3.889283256880723, 43.486245353159845], [-3.889283256880723, 43.47881040892193], [-3.948855122324148, 43.47509293680297], [-3.948855122324148, 43.47137546468401], [-3.9600248470947905, 43.47137546468401], [-3.9637480886850045, 43.463940520446094], [-3.9711945718654325, 43.463940520446094], [-3.9711945718654325, 43.46022304832713], [-4.030766437308857, 43.45650557620817], [-4.030766437308857, 43.452788104089215], [-4.0419361620795, 43.452788104089215], [-4.0419361620795, 43.445353159851294], [-4.049382645259928, 43.452788104089215], [-4.049382645259928, 43.445353159851294], [-4.067998853210998, 43.445353159851294], [-4.075445336391426, 43.43791821561338], [-4.0791685779816405, 43.44163568773234], [-4.094061544342496, 43.44163568773234], [-4.094061544342496, 43.43791821561338], [-4.108954510703353, 43.43420074349442], [-4.112677752293567, 43.4267657992565], [-4.123847477064209, 43.4267657992565], [-4.123847477064209, 43.42304832713754], [-4.135017201834851, 43.42304832713754], [-4.135017201834851, 43.419330855018586], [-4.17969610091742, 43.41561338289962], [-4.17969610091742, 43.40817843866171], [-4.216928516819561, 43.40817843866171], [-4.216928516819561, 43.40446096654275], [-4.242991207951059, 43.40817843866171], [-4.242991207951059, 43.40446096654275], [-4.272777140672772, 43.40446096654275], [-4.272777140672772, 43.400743494423786], [-4.283946865443414, 43.400743494423786], [-4.283946865443414, 43.40446096654275], [-4.321179281345555, 43.400743494423786], [-4.328625764525983, 43.40817843866171], [-4.328625764525983, 43.419330855018586], [-4.339795489296625, 43.419330855018586], [-4.339795489296625, 43.41561338289962], [-4.36213493883791, 43.419330855018586], [-4.365858180428123, 43.40817843866171], [-4.377027905198766, 43.40817843866171], [-4.377027905198766, 43.40446096654275], [-4.410537079510693, 43.40446096654275], [-4.410537079510693, 43.40817843866171], [-4.417983562691121, 43.40817843866171], [-4.417983562691121, 43.40446096654275], [-4.451492737003047, 43.40446096654275], [-4.451492737003047, 43.400743494423786], [-4.4552159785932615, 43.40446096654275], [-4.466385703363904, 43.40446096654275], [-4.466385703363904, 43.400743494423786], [-4.470108944954117, 43.40446096654275], [-4.626485091743108, 43.40446096654275], [-4.626485091743108, 43.40817843866171], [-4.637174721189586, 43.40817843866171], [-4.637174721189586, 43.41561338289962], [-4.696654275092932, 43.41561338289962], [-4.696654275092932, 43.419330855018586], [-4.711524163568768, 43.419330855018586]], [[-4.763568773234196, 48.54745539334955], [-4.767286245353155, 48.551175993511755], [-4.767286245353155, 48.54745539334955], [-4.763568773234196, 48.54745539334955]], [[-4.785873605947951, 48.53629359286293], [-4.793308550185869, 48.53629359286293], [-4.793308550185869, 48.53257299270073], [-4.785873605947951, 48.53257299270073], [-4.785873605947951, 48.53629359286293]], [[-4.804460966542746, 48.53257299270073], [-4.800743494423787, 48.525131792376314], [-4.793308550185869, 48.52885239253852], [-4.793308550185869, 48.53257299270073], [-4.804460966542746, 48.53257299270073]], [[-4.797026022304828, 48.49908759124087], [-4.804460966542746, 48.49908759124087], [-4.804460966542746, 48.49536699107867], [-4.797026022304828, 48.49536699107867], [-4.797026022304828, 48.49908759124087]], [[-4.815613382899624, 48.49536699107867], [-4.815613382899624, 48.49164639091646], [-4.804460966542746, 48.49164639091646], [-4.804460966542746, 48.49536699107867], [-4.815613382899624, 48.49536699107867]], [[-3.9153459480122215, 47.82937956204379], [-3.9116227064220075, 47.82565896188159], [-3.9116227064220075, 47.82937956204379], [-3.9153459480122215, 47.82937956204379]], [[-2.325407434168261, 46.86490825688073], [-2.325407434168261, 46.872354740061155], [-2.32912451830442, 46.872354740061155], [-2.32912451830442, 46.86490825688073], [-2.325407434168261, 46.86490825688073]], [[-1.611727280025679, 46.336207951070335], [-1.6228785324341568, 46.336207951070335], [-1.6228785324341568, 46.33248470948012], [-1.611727280025679, 46.33248470948012], [-1.611727280025679, 46.336207951070335]], [[-2.6903994648317937, 47.193156934306565], [-2.6829529816513653, 47.18883027522936], [-2.6829529816513653, 47.173937308868496], [-2.6866762232415793, 47.17021406727828], [-2.6755064984709374, 47.17021406727828], [-2.6755064984709374, 47.17455393349554], [-2.6494438073394386, 47.17827453365774], [-2.6494438073394386, 47.18510703363914], [-2.6382740825687967, 47.18883027522936], [-2.6382740825687967, 47.19627675840978], [-2.653167048929653, 47.20059813463098], [-2.664336773700295, 47.2117599351176], [-2.660613532110081, 47.2154805352798], [-2.660613532110081, 47.23408353609083], [-2.6755064984709374, 47.230362935928625], [-2.6755064984709374, 47.23780413625304], [-2.6829529816513653, 47.24152473641524], [-2.6792297400611513, 47.25268653690186], [-2.6866762232415793, 47.256407137064066], [-2.6866762232415793, 47.26384833738848], [-2.6941227064220077, 47.26384833738848], [-2.6941227064220077, 47.267568937550685], [-2.6978459480122217, 47.26384833738848], [-2.712738914373078, 47.26384833738848], [-2.712738914373078, 47.24896593673966], [-2.6978459480122217, 47.24896593673966], [-2.6978459480122217, 47.24152473641524], [-2.7052924311926496, 47.24152473641524], [-2.7052924311926496, 47.23780413625304], [-2.6941227064220077, 47.23780413625304], [-2.6941227064220077, 47.230362935928625], [-2.7052924311926496, 47.230362935928625], [-2.7052924311926496, 47.22664233576642], [-2.6941227064220077, 47.22664233576642], [-2.6903994648317937, 47.193156934306565]], [[-3.7515233180428025, 47.76612935928629], [-3.7552465596330165, 47.76984995944849], [-3.7552465596330165, 47.77729115977291], [-3.766416284403659, 47.773570559610704], [-3.766416284403659, 47.76612935928629], [-3.7515233180428025, 47.76612935928629]], [[-4.038212920489285, 47.72892335766423], [-4.049382645259928, 47.73264395782643], [-4.053105886850142, 47.725202757502025], [-4.038212920489285, 47.725202757502025], [-4.038212920489285, 47.721482157339814], [-4.0419361620795, 47.71776155717761], [-4.0642756116207845, 47.71776155717761], [-4.0642756116207845, 47.70659975669099], [-4.06055237003057, 47.70287915652879], [-4.0419361620795, 47.70287915652879], [-4.0419361620795, 47.699158556366584], [-4.0158734709480015, 47.699158556366584], [-4.012150229357787, 47.69171735604217], [-3.9935340214067168, 47.69171735604217], [-3.997257262996931, 47.699158556366584], [-3.978641055045861, 47.699158556366584], [-3.9749178134556464, 47.70659975669099], [-3.9711945718654325, 47.70287915652879], [-3.9637480886850045, 47.70287915652879], [-3.9637480886850045, 47.70659975669099], [-3.948855122324148, 47.70287915652879], [-3.948855122324148, 47.699158556366584], [-3.956301605504576, 47.699158556366584], [-3.948855122324148, 47.69171735604217], [-3.9376853975535058, 47.699158556366584], [-3.94140863914372, 47.714040957015406], [-3.948855122324148, 47.71776155717761], [-3.948855122324148, 47.725202757502025], [-3.9600248470947905, 47.72892335766423], [-3.9637480886850045, 47.74008515815085], [-3.9674713302752185, 47.736364557988644], [-3.9711945718654325, 47.74008515815085], [-3.982364296636075, 47.74008515815085], [-3.982364296636075, 47.736364557988644], [-4.012150229357787, 47.74008515815085], [-4.012150229357787, 47.736364557988644], [-4.030766437308857, 47.736364557988644], [-4.038212920489285, 47.72892335766423]], [[-4.0642756116207845, 47.72892335766423], [-4.06055237003057, 47.725202757502025], [-4.06055237003057, 47.72892335766423], [-4.0642756116207845, 47.72892335766423]], [[-3.9674713302752185, 47.687996755879965], [-3.956301605504576, 47.687996755879965], [-3.956301605504576, 47.69171735604217], [-3.9674713302752185, 47.69171735604217], [-3.9674713302752185, 47.687996755879965]], [[-4.019596712538215, 47.66195255474452], [-4.0158734709480015, 47.65823195458231], [-4.0158734709480015, 47.66195255474452], [-4.019596712538215, 47.66195255474452]], [[-3.3419667431192552, 47.650790754257905], [-3.3345202599388273, 47.650790754257905], [-3.3345202599388273, 47.65451135442011], [-3.3419667431192552, 47.65451135442011], [-3.3419667431192552, 47.650790754257905]], [[-3.2861181192660442, 47.48708434712084], [-3.2786716360856163, 47.48708434712084], [-3.2786716360856163, 47.490804947283046], [-3.3010110856269006, 47.490804947283046], [-3.2972878440366866, 47.48336374695863], [-3.2861181192660442, 47.48336374695863], [-3.2861181192660442, 47.48708434712084]], [[-3.274948394495402, 47.47964314679643], [-3.271225152905188, 47.47964314679643], [-3.271225152905188, 47.48708434712084], [-3.274948394495402, 47.48708434712084], [-3.274948394495402, 47.47964314679643]], [[-3.051553899082558, 47.42383414436334], [-3.04410741590213, 47.42383414436334], [-3.040384174311916, 47.43499594484995], [-3.055277140672772, 47.43499594484995], [-3.051553899082558, 47.42383414436334]], [[-3.040384174311916, 47.416392944038925], [-3.0292144495412736, 47.416392944038925], [-3.0254912079510596, 47.40895174371451], [-3.0031517584097753, 47.40895174371451], [-2.999428516819561, 47.42011354420113], [-3.0105982415902033, 47.42011354420113], [-3.0105982415902033, 47.42383414436334], [-3.0217679663608457, 47.42383414436334], [-3.0217679663608457, 47.427554744525544], [-3.040384174311916, 47.427554744525544], [-3.040384174311916, 47.416392944038925]], [[-2.8616685779816406, 47.36058394160583], [-2.8653918195718546, 47.38290754257907], [-2.872838302752283, 47.38662814274128], [-2.872838302752283, 47.39406934306569], [-2.8914545107033534, 47.39406934306569], [-2.8914545107033534, 47.4015105433901], [-2.8989009938837813, 47.4015105433901], [-2.8989009938837813, 47.40523114355231], [-2.936133409785922, 47.40523114355231], [-2.936133409785922, 47.40895174371451], [-2.9473031345565643, 47.40895174371451], [-2.9473031345565643, 47.41267234387672], [-2.9584728593272063, 47.41267234387672], [-2.9584728593272063, 47.416392944038925], [-2.9770890672782766, 47.416392944038925], [-2.9770890672782766, 47.40895174371451], [-2.999428516819561, 47.40895174371451], [-3.0068749999999893, 47.4015105433901], [-3.0068749999999893, 47.390348742903484], [-2.999428516819561, 47.38662814274128], [-2.999428516819561, 47.37546634225466], [-3.0180447247706312, 47.37174574209245], [-3.0180447247706312, 47.36802514193025], [-3.0105982415902033, 47.36802514193025], [-3.0105982415902033, 47.35686334144363], [-3.0031517584097753, 47.35686334144363], [-3.0031517584097753, 47.353142741281424], [-2.9621961009174202, 47.34942214111922], [-2.9621961009174202, 47.34570154095701], [-2.9510263761467783, 47.34570154095701], [-2.9510263761467783, 47.341980940794805], [-2.9212404434250656, 47.3382603406326], [-2.9137939602446377, 47.330819140308186], [-2.8989009938837813, 47.330819140308186], [-2.8989009938837813, 47.32337793998378], [-2.8914545107033534, 47.32337793998378], [-2.884008027522925, 47.315936739659364], [-2.8542220948012127, 47.31221613949716], [-2.8467756116207843, 47.32337793998378], [-2.8430523700305703, 47.31965733982157], [-2.828159403669714, 47.31965733982157], [-2.8244361620795, 47.330819140308186], [-2.8356058868501424, 47.3382603406326], [-2.8356058868501424, 47.34570154095701], [-2.8467756116207843, 47.34942214111922], [-2.8430523700305703, 47.353142741281424], [-2.8430523700305703, 47.37174574209245], [-2.8542220948012127, 47.36802514193025], [-2.8542220948012127, 47.36058394160583], [-2.8616685779816406, 47.36058394160583]], [[-2.8356058868501424, 47.37174574209245], [-2.8356058868501424, 47.37546634225466], [-2.8430523700305703, 47.37546634225466], [-2.8430523700305703, 47.37174574209245], [-2.8356058868501424, 47.37174574209245]], [[-3.096232798165127, 47.390348742903484], [-3.099956039755341, 47.39406934306569], [-3.099956039755341, 47.4015105433901], [-3.1222954892966253, 47.4015105433901], [-3.1222954892966253, 47.39406934306569], [-3.103679281345555, 47.39406934306569], [-3.103679281345555, 47.390348742903484], [-3.096232798165127, 47.390348742903484]], [[-3.267501911314974, 47.34942214111922], [-3.26377866972476, 47.34942214111922], [-3.260055428134546, 47.33453974047039], [-3.2488857033639036, 47.330819140308186], [-3.2526089449541176, 47.30849553933495], [-3.2339927370030472, 47.30105433901054], [-3.2339927370030472, 47.29733373884833], [-3.2265462538226193, 47.29733373884833], [-3.2265462538226193, 47.28989253852392], [-3.1818673547400502, 47.28989253852392], [-3.1818673547400502, 47.29733373884833], [-3.1669743883791943, 47.29733373884833], [-3.1669743883791943, 47.28989253852392], [-3.148358180428124, 47.28989253852392], [-3.1446349388379096, 47.28245133819951], [-3.1371884556574816, 47.28245133819951], [-3.1371884556574816, 47.28617193836172], [-3.1111257645259833, 47.28617193836172], [-3.107402522935769, 47.278730738037304], [-3.092509556574913, 47.2750101378751], [-3.092509556574913, 47.278730738037304], [-3.0776165902140566, 47.278730738037304], [-3.0701701070336282, 47.28617193836172], [-3.055277140672772, 47.28989253852392], [-3.055277140672772, 47.30105433901054], [-3.040384174311916, 47.304774939172745], [-3.0590003822629863, 47.32337793998378], [-3.0627236238532003, 47.31965733982157], [-3.092509556574913, 47.32337793998378], [-3.092509556574913, 47.330819140308186], [-3.099956039755341, 47.330819140308186], [-3.1111257645259833, 47.34570154095701], [-3.1222954892966253, 47.34570154095701], [-3.1334652140672676, 47.36058394160583], [-3.1409116972476956, 47.36058394160583], [-3.1446349388379096, 47.37174574209245], [-3.1855905963302646, 47.37174574209245], [-3.1855905963302646, 47.37546634225466], [-3.2004835626911206, 47.37546634225466], [-3.2004835626911206, 47.379186942416865], [-3.211653287461763, 47.379186942416865], [-3.211653287461763, 47.38290754257907], [-3.2414392201834756, 47.38662814274128], [-3.2488857033639036, 47.39406934306569], [-3.260055428134546, 47.39406934306569], [-3.260055428134546, 47.379186942416865], [-3.267501911314974, 47.37546634225466], [-3.267501911314974, 47.34942214111922]], [[-3.1260187308868392, 47.38662814274128], [-3.1148490061161973, 47.38662814274128], [-3.1148490061161973, 47.390348742903484], [-3.1260187308868392, 47.390348742903484], [-3.1260187308868392, 47.38662814274128]], [[-2.820712920489286, 47.36802514193025], [-2.831882645259928, 47.37174574209245], [-2.828159403669714, 47.36802514193025], [-2.828159403669714, 47.353142741281424], [-2.8244361620795, 47.35686334144363], [-2.816989678899072, 47.353142741281424], [-2.816989678899072, 47.35686334144363], [-2.7872037461773593, 47.36058394160583], [-2.7872037461773593, 47.37174574209245], [-2.776034021406717, 47.37174574209245], [-2.776034021406717, 47.379186942416865], [-2.816989678899072, 47.379186942416865], [-2.820712920489286, 47.36802514193025]], [[-2.653167048929653, 47.28245133819951], [-2.6717832568807234, 47.28245133819951], [-2.6717832568807234, 47.267568937550685], [-2.6494438073394386, 47.26384833738848], [-2.6494438073394386, 47.256407137064066], [-2.6382740825687967, 47.25268653690186], [-2.6382740825687967, 47.26384833738848], [-2.6264912491971626, 47.27128953771289], [-2.6264912491971626, 47.304774939172745], [-2.6382740825687967, 47.304774939172745], [-2.6382740825687967, 47.30849553933495], [-2.6494438073394386, 47.304774939172745], [-2.653167048929653, 47.30849553933495], [-2.653167048929653, 47.30105433901054], [-2.6494438073394386, 47.30105433901054], [-2.6494438073394386, 47.28617193836172], [-2.653167048929653, 47.28245133819951]], [[-2.6159346330275124, 47.30105433901054], [-2.615339996788685, 47.29733373884833], [-2.615339996788685, 47.30105433901054], [-2.6159346330275124, 47.30105433901054]], [[-4.700371747211891, 48.588381995133815], [-4.696654275092932, 48.59210259529602], [-4.700371747211891, 48.59210259529602], [-4.700371747211891, 48.588381995133815]], [[-5.094423791821557, 48.48048459042984], [-5.094423791821557, 48.48420519059205], [-5.109293680297393, 48.48420519059205], [-5.105576208178434, 48.476763990267635], [-5.116728624535312, 48.476763990267635], [-5.116728624535312, 48.46932278994322], [-5.131598513011148, 48.46932278994322], [-5.139033457249066, 48.45816098945661], [-5.150185873605944, 48.4544403892944], [-5.150185873605944, 48.44699918896999], [-5.142750929368025, 48.44699918896999], [-5.142750929368025, 48.450719789132194], [-5.113011152416352, 48.450719789132194], [-5.116728624535312, 48.44327858880778], [-5.127881040892189, 48.44327858880778], [-5.127881040892189, 48.43583738848337], [-5.131598513011148, 48.43583738848337], [-5.131598513011148, 48.428396188158956], [-5.116728624535312, 48.428396188158956], [-5.116728624535312, 48.43211678832116], [-5.101858736059475, 48.43211678832116], [-5.101858736059475, 48.43583738848337], [-5.098141263940516, 48.43211678832116], [-5.086988847583639, 48.43583738848337], [-5.086988847583639, 48.44327858880778], [-5.075836431226761, 48.44699918896999], [-5.075836431226761, 48.450719789132194], [-5.060966542750925, 48.44699918896999], [-5.053531598513007, 48.4544403892944], [-5.046096654275088, 48.4544403892944], [-5.046096654275088, 48.45816098945661], [-5.031226765799252, 48.46188158961881], [-5.031226765799252, 48.465602189781016], [-5.049814126394048, 48.465602189781016], [-5.053531598513007, 48.46932278994322], [-5.049814126394048, 48.48048459042984], [-5.064684014869884, 48.48048459042984], [-5.068401486988843, 48.487925790754254], [-5.07955390334572, 48.487925790754254], [-5.08327137546468, 48.476763990267635], [-5.094423791821557, 48.48048459042984]], [[-4.6631970260223, 48.27213098134631], [-4.6631970260223, 48.279572181670716], [-4.666914498141259, 48.279572181670716], [-4.666914498141259, 48.27213098134631], [-4.6631970260223, 48.27213098134631]], [[-4.793308550185869, 48.071218572587185], [-4.793308550185869, 48.07493917274939], [-4.804460966542746, 48.07493917274939], [-4.804460966542746, 48.071218572587185], [-4.793308550185869, 48.071218572587185]], [[-4.975464684014865, 48.04145377128953], [-4.968029739776947, 48.045174371451736], [-4.968029739776947, 48.04145377128953], [-4.945724907063192, 48.04145377128953], [-4.945724907063192, 48.03773317112733], [-4.908550185873601, 48.03773317112733], [-4.908550185873601, 48.034012570965125], [-4.867657992565051, 48.034012570965125], [-4.867657992565051, 48.030291970802914], [-4.804460966542746, 48.02657137064071], [-4.808178438661705, 48.03773317112733], [-4.823048327137542, 48.03773317112733], [-4.83048327137546, 48.04889497161395], [-4.841635687732337, 48.04889497161395], [-4.841635687732337, 48.05261557177615], [-4.901115241635683, 48.05261557177615], [-4.901115241635683, 48.060056772100566], [-4.904832713754642, 48.060056772100566], [-4.904832713754642, 48.05261557177615], [-4.908550185873601, 48.05261557177615], [-4.908550185873601, 48.060056772100566], [-4.919702602230479, 48.060056772100566], [-4.919702602230479, 48.05261557177615], [-4.927137546468397, 48.05261557177615], [-4.927137546468397, 48.060056772100566], [-4.95687732342007, 48.060056772100566], [-4.95687732342007, 48.05261557177615], [-4.975464684014865, 48.04889497161395], [-4.975464684014865, 48.04145377128953]], [[-5.008921933085497, 48.04889497161395], [-5.005204460966538, 48.05261557177615], [-5.008921933085497, 48.05261557177615], [-5.008921933085497, 48.04889497161395]], [[-5.001486988847579, 48.04889497161395], [-4.99776951672862, 48.05261557177615], [-5.001486988847579, 48.05261557177615], [-5.001486988847579, 48.04889497161395]], [[-4.685501858736055, 48.00424776966747], [-4.681784386617096, 48.007968369829676], [-4.685501858736055, 48.007968369829676], [-4.685501858736055, 48.00424776966747]], [[-4.283946865443414, 48.68883819951338], [-4.2802236238532, 48.69255879967558], [-4.283946865443414, 48.69255879967558], [-4.283946865443414, 48.68883819951338]], [[-2.3588611913936943, 47.15904434250764], [-2.3588611913936943, 47.16649082568807], [-2.392314948619128, 47.16276758409786], [-2.392314948619128, 47.155321100917426], [-2.366295359666013, 47.155321100917426], [-2.366295359666013, 47.15904434250764], [-2.3588611913936943, 47.15904434250764]], [[-2.4926762202954285, 47.15159785932721], [-2.488959136159269, 47.16276758409786], [-2.4926762202954285, 47.15904434250764], [-2.5038274727039065, 47.16276758409786], [-2.5038274727039065, 47.155321100917426], [-2.511261640976225, 47.155321100917426], [-2.511261640976225, 47.15159785932721], [-2.4926762202954285, 47.15159785932721]], [[-2.117250722543341, 46.68246941896024], [-2.117250722543341, 46.686192660550454], [-2.1321190590879784, 46.686192660550454], [-2.1321190590879784, 46.68246941896024], [-2.117250722543341, 46.68246941896024]], [[-1.6451810372511126, 46.35110091743119], [-1.6488981213872718, 46.33993119266054], [-1.637746868978794, 46.33993119266054], [-1.637746868978794, 46.336207951070335], [-1.6265956165703161, 46.336207951070335], [-1.6303127007064755, 46.34365443425076], [-1.6154443641618383, 46.34365443425076], [-1.6154443641618383, 46.35110091743119], [-1.6228785324341568, 46.35110091743119], [-1.6265956165703161, 46.35854740061162], [-1.637746868978794, 46.35854740061162], [-1.637746868978794, 46.36227064220183], [-1.6600493737957496, 46.36227064220183], [-1.663766457931909, 46.35854740061162], [-1.6563322896595905, 46.35110091743119], [-1.6451810372511126, 46.35110091743119]], [[-1.4816293352601042, 45.94899082568807], [-1.4779122511239449, 45.952714067278286], [-1.4816293352601042, 45.952714067278286], [-1.4816293352601042, 45.94899082568807]], [[-1.4741951669877855, 45.945267584097856], [-1.4704780828516264, 45.94899082568807], [-1.4741951669877855, 45.94899082568807], [-1.4741951669877855, 45.945267584097856]], [[-2.58932040783557, 47.30105433901054], [-2.58932040783557, 47.31221613949716], [-2.6004716602440476, 47.31221613949716], [-2.6004716602440476, 47.30105433901054], [-2.58932040783557, 47.30105433901054]]], [[[-2.9175172018348516, 47.528010948905106], [-2.9212404434250656, 47.528010948905106], [-2.9212404434250656, 47.539172749391724], [-2.9175172018348516, 47.539172749391724], [-2.9175172018348516, 47.528010948905106]]], [[[-2.880284785932711, 47.58009935117599], [-2.884008027522925, 47.576378751013785], [-2.884008027522925, 47.58009935117599], [-2.880284785932711, 47.58009935117599]]], [[[-4.049382645259928, 47.80705596107055], [-4.053105886850142, 47.80333536090835], [-4.053105886850142, 47.80705596107055], [-4.049382645259928, 47.80705596107055]]], [[[-4.0717220948012125, 47.82193836171938], [-4.082891819571855, 47.82193836171938], [-4.082891819571855, 47.82565896188159], [-4.0717220948012125, 47.82565896188159], [-4.0717220948012125, 47.82193836171938]]], [[[-4.451492737003047, 48.21260137875101], [-4.458939220183475, 48.21260137875101], [-4.458939220183475, 48.216321978913214], [-4.451492737003047, 48.216321978913214], [-4.451492737003047, 48.21260137875101]]], [[[-4.466385703363904, 48.365145985401455], [-4.477555428134545, 48.365145985401455], [-4.477555428134545, 48.37258718572587], [-4.466385703363904, 48.37258718572587], [-4.466385703363904, 48.365145985401455]]], [[[-4.655762081784382, 48.599543795620434], [-4.659479553903341, 48.59582319545823], [-4.659479553903341, 48.599543795620434], [-4.655762081784382, 48.599543795620434]]], [[[-1.2846238760436623, 45.643685015290515], [-1.2883409601798217, 45.6399617737003], [-1.2883409601798217, 45.643685015290515], [-1.2846238760436623, 45.643685015290515]]], [[[-1.2697555394990252, 45.64740825688073], [-1.2697555394990252, 45.643685015290515], [-1.280906791907503, 45.643685015290515], [-1.280906791907503, 45.64740825688073], [-1.2697555394990252, 45.64740825688073]]], [[[-1.4481755780346706, 46.03090214067278], [-1.4444584938985114, 46.027178899082564], [-1.4481755780346706, 46.027178899082564], [-1.4481755780346706, 46.03090214067278]]], [[[-2.366295359666013, 46.91331039755351], [-2.3737295279383317, 46.91331039755351], [-2.3737295279383317, 46.917033639143725], [-2.366295359666013, 46.917033639143725], [-2.366295359666013, 46.91331039755351]]], [[[-2.221329078355801, 47.058516819571864], [-2.243631583172757, 47.058516819571864], [-2.243631583172757, 47.06224006116207], [-2.221329078355801, 47.06224006116207], [-2.221329078355801, 47.058516819571864]]], [[[-2.2547828355812345, 47.06224006116207], [-2.262217003853553, 47.06224006116207], [-2.262217003853553, 47.06596330275229], [-2.2547828355812345, 47.06596330275229], [-2.2547828355812345, 47.06224006116207]]], [[[-2.6941227064220077, 47.24896593673966], [-2.6903994648317937, 47.24524533657745], [-2.6941227064220077, 47.24524533657745], [-2.6941227064220077, 47.24896593673966]]], [[[-2.828159403669714, 47.44243714517437], [-2.831882645259928, 47.44243714517437], [-2.831882645259928, 47.44987834549878], [-2.828159403669714, 47.44987834549878], [-2.828159403669714, 47.44243714517437]]], [[[-2.514978725112384, 48.64419099756691], [-2.5186958092485434, 48.64419099756691], [-2.5186958092485434, 48.65535279805352], [-2.514978725112384, 48.65535279805352], [-2.514978725112384, 48.64419099756691]]], [[[-2.5595837347462957, 48.65535279805352], [-2.563300818882455, 48.65163219789132], [-2.563300818882455, 48.65535279805352], [-2.5595837347462957, 48.65535279805352]]], [[[-2.6382740825687967, 48.65163219789132], [-2.6271043577981543, 48.6404703974047], [-2.6345508409785827, 48.6404703974047], [-2.6345508409785827, 48.636749797242494], [-2.6903994648317937, 48.6404703974047], [-2.6941227064220077, 48.63302919708029], [-2.7052924311926496, 48.63302919708029], [-2.709015672782864, 48.625587996755876], [-2.716462155963292, 48.625587996755876], [-2.716462155963292, 48.63302919708029], [-2.7276318807339344, 48.6404703974047], [-2.7276318807339344, 48.65163219789132], [-2.7388016055045763, 48.65535279805352], [-2.7425248470947907, 48.662793998377936], [-2.768587538226289, 48.65907339821573], [-2.776034021406717, 48.66651459854014], [-2.7834805045871454, 48.66651459854014], [-2.7872037461773593, 48.673955798864554], [-2.828159403669714, 48.67767639902676], [-2.831882645259928, 48.68883819951338], [-2.8467756116207843, 48.68883819951338], [-2.8542220948012127, 48.69627939983779], [-2.8653918195718546, 48.69627939983779], [-2.8653918195718546, 48.699999999999996], [-2.6271043577981543, 48.699999999999996], [-2.6196578746177264, 48.69255879967558], [-2.615339996788685, 48.69255879967558], [-2.619057080924844, 48.699999999999996], [-2.0206065350032, 48.699999999999996], [-2.0206065350032, 48.69627939983779], [-2.031757787411678, 48.69627939983779], [-2.031757787411678, 48.69255879967558], [-2.061494460500952, 48.69255879967558], [-2.061494460500952, 48.68883819951338], [-2.065211544637111, 48.68883819951338], [-2.065211544637111, 48.69627939983779], [-2.07264571290943, 48.69627939983779], [-2.0689286287732704, 48.69255879967558], [-2.07264571290943, 48.68511759935117], [-2.102382385998704, 48.68511759935117], [-2.102382385998704, 48.67767639902676], [-2.1246848908156597, 48.673955798864554], [-2.1246848908156597, 48.66651459854014], [-2.143270311496456, 48.662793998377936], [-2.1507044797687747, 48.65535279805352], [-2.165572816313412, 48.65163219789132], [-2.165572816313412, 48.64419099756691], [-2.191592405266527, 48.64419099756691], [-2.191592405266527, 48.65163219789132], [-2.206460741811164, 48.65163219789132], [-2.206460741811164, 48.65535279805352], [-2.2399144990365976, 48.65535279805352], [-2.2399144990365976, 48.65907339821573], [-2.262217003853553, 48.66651459854014], [-2.262217003853553, 48.67023519870235], [-2.2733682562620308, 48.67023519870235], [-2.2733682562620308, 48.673955798864554], [-2.2808024245343494, 48.66651459854014], [-2.284519508670509, 48.673955798864554], [-2.303104929351305, 48.673955798864554], [-2.3068220134874644, 48.68511759935117], [-2.295670761078987, 48.68511759935117], [-2.295670761078987, 48.68883819951338], [-2.3105390976236237, 48.68883819951338], [-2.3105390976236237, 48.69255879967558], [-2.3328416024405794, 48.69255879967558], [-2.3328416024405794, 48.68511759935117], [-2.340275770712898, 48.68511759935117], [-2.340275770712898, 48.67767639902676], [-2.3439928548490574, 48.67767639902676], [-2.3439928548490574, 48.68511759935117], [-2.351427023121376, 48.68511759935117], [-2.351427023121376, 48.673955798864554], [-2.3625782755298537, 48.67767639902676], [-2.3737295279383317, 48.66651459854014], [-2.377446612074491, 48.67023519870235], [-2.3960320327552873, 48.67023519870235], [-2.3960320327552873, 48.66651459854014], [-2.4220516217084023, 48.67023519870235], [-2.4257687058445616, 48.66651459854014], [-2.4257687058445616, 48.67023519870235], [-2.436919958253039, 48.67023519870235], [-2.436919958253039, 48.673955798864554], [-2.429485789980721, 48.673955798864554], [-2.429485789980721, 48.68883819951338], [-2.4480712106615172, 48.68883819951338], [-2.4480712106615172, 48.69255879967558], [-2.455505378933836, 48.69255879967558], [-2.455505378933836, 48.68883819951338], [-2.4666566313423135, 48.68883819951338], [-2.4666566313423135, 48.69255879967558], [-2.514978725112384, 48.68883819951338], [-2.514978725112384, 48.69255879967558], [-2.526129977520862, 48.69255879967558], [-2.526129977520862, 48.69627939983779], [-2.533564145793181, 48.69627939983779], [-2.533564145793181, 48.68883819951338], [-2.5298470616570214, 48.68511759935117], [-2.514978725112384, 48.68511759935117], [-2.514978725112384, 48.67767639902676], [-2.5186958092485434, 48.673955798864554], [-2.540998314065499, 48.673955798864554], [-2.53728122992934, 48.662793998377936], [-2.5744520712909327, 48.662793998377936], [-2.5744520712909327, 48.66651459854014], [-2.5856033236994107, 48.66651459854014], [-2.5856033236994107, 48.662793998377936], [-2.6227741650610032, 48.662793998377936], [-2.6227741650610032, 48.66651459854014], [-2.6271043577981543, 48.66651459854014], [-2.6271043577981543, 48.662793998377936], [-2.6345508409785827, 48.662793998377936], [-2.6382740825687967, 48.65163219789132]], [[-2.5484324823378177, 48.69255879967558], [-2.5484324823378177, 48.68883819951338], [-2.540998314065499, 48.68883819951338], [-2.540998314065499, 48.69255879967558], [-2.5484324823378177, 48.69255879967558]], [[-2.540998314065499, 48.68883819951338], [-2.53728122992934, 48.68511759935117], [-2.53728122992934, 48.68883819951338], [-2.540998314065499, 48.68883819951338]]], [[[-1.7938644026974837, 48.699999999999996], [-1.782713150289006, 48.699999999999996], [-1.7864302344251652, 48.68883819951338], [-1.7938644026974837, 48.68883819951338], [-1.7938644026974837, 48.699999999999996]]], [[[-1.2214334457289546, 44.59776951672862], [-1.228867614001273, 44.59776951672862], [-1.228867614001273, 44.60148698884758], [-1.2214334457289546, 44.60148698884758], [-1.2214334457289546, 44.59776951672862]]], [[[-1.240018866409751, 44.63494423791821], [-1.2437359505459102, 44.63494423791821], [-1.2437359505459102, 44.64237918215613], [-1.240018866409751, 44.64237918215613], [-1.240018866409751, 44.63494423791821]]], [[[-0.8720275369299821, 45.50964831804281], [-0.88317878933846, 45.50964831804281], [-0.88317878933846, 45.51709480122324], [-0.8720275369299821, 45.51709480122324], [-0.8720275369299821, 45.50964831804281]]], [[[-0.8906129576107785, 45.52081804281345], [-0.88317878933846, 45.52081804281345], [-0.88317878933846, 45.51709480122324], [-0.8906129576107785, 45.51709480122324], [-0.8906129576107785, 45.52081804281345]]], [[[-1.2437359505459102, 45.54315749235474], [-1.240018866409751, 45.53943425076452], [-1.2437359505459102, 45.53943425076452], [-1.2437359505459102, 45.54315749235474]]], [[[-1.0615988278741055, 45.57666666666666], [-1.0653159120102647, 45.572943425076446], [-1.0653159120102647, 45.57666666666666], [-1.0615988278741055, 45.57666666666666]]], [[[-1.1656771836865654, 45.65857798165137], [-1.1470917630057689, 45.65857798165137], [-1.1470917630057689, 45.651131498470946], [-1.135940510597291, 45.651131498470946], [-1.135940510597291, 45.64740825688073], [-1.1247892581888133, 45.64740825688073], [-1.1247892581888133, 45.643685015290515], [-1.109920921644176, 45.643685015290515], [-1.109920921644176, 45.6399617737003], [-1.0987696692356983, 45.6399617737003], [-1.0987696692356983, 45.636238532110085], [-1.0839013326910611, 45.636238532110085], [-1.0764671644187427, 45.62879204892966], [-1.0653159120102647, 45.62879204892966], [-1.0615988278741055, 45.62134556574923], [-1.0467304913294684, 45.62134556574923], [-1.0467304913294684, 45.6138990825688], [-1.0355792389209906, 45.6138990825688], [-1.043013407193309, 45.60272935779816], [-1.0281450706486719, 45.599006116207946], [-1.0281450706486719, 45.59528287461773], [-1.0207109023763534, 45.59155963302752], [-1.0207109023763534, 45.580389908256876], [-1.0095596499678756, 45.580389908256876], [-0.9984083975593977, 45.56549694189602], [-0.9686717244701234, 45.55805045871559], [-0.9686717244701234, 45.554327217125376], [-0.9538033879254864, 45.554327217125376], [-0.9538033879254864, 45.54688073394495], [-0.9352179672446899, 45.54688073394495], [-0.924066714836212, 45.53571100917431], [-0.9054812941554157, 45.53198776758409], [-0.8980471258830971, 45.52454128440367], [-0.8906129576107785, 45.52454128440367], [-0.8906129576107785, 45.52081804281345], [-0.9166325465638935, 45.52081804281345], [-0.924066714836212, 45.53198776758409], [-0.9315008831085306, 45.53198776758409], [-0.9389350513808492, 45.53943425076452], [-0.950086303789327, 45.53943425076452], [-0.950086303789327, 45.54315749235474], [-0.9612375561978049, 45.54315749235474], [-0.9612375561978049, 45.53571100917431], [-0.9872571451509199, 45.53943425076452], [-0.9872571451509199, 45.54315749235474], [-1.002125481695557, 45.54688073394495], [-1.002125481695557, 45.554327217125376], [-1.0207109023763534, 45.55805045871559], [-1.0244279865125128, 45.56549694189602], [-1.0318621547848312, 45.56549694189602], [-1.0355792389209906, 45.57666666666666], [-1.0578817437379462, 45.57666666666666], [-1.0615988278741055, 45.580389908256876], [-1.0615988278741055, 45.59528287461773], [-1.0764671644187427, 45.59528287461773], [-1.0801842485549018, 45.599006116207946], [-1.0801842485549018, 45.59155963302752], [-1.0987696692356983, 45.59155963302752], [-1.1024867533718576, 45.59528287461773], [-1.1024867533718576, 45.60272935779816], [-1.0987696692356983, 45.60272935779816], [-1.1024867533718576, 45.61017584097859], [-1.0987696692356983, 45.6138990825688], [-1.1062038375080168, 45.6138990825688], [-1.1062038375080168, 45.625068807339446], [-1.095052585099539, 45.625068807339446], [-1.095052585099539, 45.62134556574923], [-1.0801842485549018, 45.62134556574923], [-1.0801842485549018, 45.625068807339446], [-1.1024867533718576, 45.62879204892966], [-1.1024867533718576, 45.632515290519876], [-1.1173550899164946, 45.632515290519876], [-1.1173550899164946, 45.636238532110085], [-1.1322234264611317, 45.636238532110085], [-1.1322234264611317, 45.6399617737003], [-1.1470917630057689, 45.6399617737003], [-1.1508088471419282, 45.636238532110085], [-1.1508088471419282, 45.643685015290515], [-1.1693942678227247, 45.6399617737003], [-1.1768284360950432, 45.64740825688073], [-1.213999277456636, 45.651131498470946], [-1.213999277456636, 45.65857798165137], [-1.2214334457289546, 45.65857798165137], [-1.2214334457289546, 45.651131498470946], [-1.2511701188182287, 45.651131498470946], [-1.254887202954388, 45.662301223241585], [-1.2437359505459102, 45.662301223241585], [-1.2437359505459102, 45.6660244648318], [-1.2325846981374324, 45.6660244648318], [-1.2325846981374324, 45.669747706422015], [-1.1954138567758397, 45.669747706422015], [-1.1954138567758397, 45.6660244648318], [-1.1768284360950432, 45.6660244648318], [-1.1768284360950432, 45.662301223241585], [-1.1656771836865654, 45.662301223241585], [-1.1656771836865654, 45.65857798165137]]], [[[-1.0132767341040347, 45.59528287461773], [-1.0244279865125128, 45.59528287461773], [-1.0244279865125128, 45.599006116207946], [-1.0132767341040347, 45.599006116207946], [-1.0132767341040347, 45.59528287461773]]], [[[-1.0281450706486719, 45.599006116207946], [-1.0244279865125128, 45.60272935779816], [-1.0244279865125128, 45.599006116207946], [-1.0281450706486719, 45.599006116207946]]], [[[-1.0281450706486719, 45.606452599388376], [-1.0318621547848312, 45.60272935779816], [-1.0318621547848312, 45.606452599388376], [-1.0281450706486719, 45.606452599388376]]], [[[-1.2623213712267067, 45.64740825688073], [-1.2697555394990252, 45.64740825688073], [-1.2697555394990252, 45.651131498470946], [-1.2623213712267067, 45.651131498470946], [-1.2623213712267067, 45.64740825688073]]], [[[-1.2660384553628659, 45.669747706422015], [-1.2623213712267067, 45.6660244648318], [-1.2660384553628659, 45.6660244648318], [-1.2660384553628659, 45.669747706422015]]], [[[-1.2474530346820696, 45.680917431192654], [-1.254887202954388, 45.680917431192654], [-1.254887202954388, 45.68464067278287], [-1.2474530346820696, 45.68464067278287], [-1.2474530346820696, 45.680917431192654]]], [[[-1.2363017822735916, 45.989946483180425], [-1.2437359505459102, 45.989946483180425], [-1.2437359505459102, 45.99366972477064], [-1.2363017822735916, 45.99366972477064], [-1.2363017822735916, 45.989946483180425]]], [[[-1.2028480250481581, 46.01228593272171], [-1.2065651091843175, 46.008562691131495], [-1.2065651091843175, 46.01228593272171], [-1.2028480250481581, 46.01228593272171]]], [[[-1.228867614001273, 46.027178899082564], [-1.2177163615927953, 46.027178899082564], [-1.2065651091843175, 46.01228593272171], [-1.228867614001273, 46.01973241590213], [-1.228867614001273, 46.027178899082564]]], [[[-1.2325846981374324, 46.03090214067278], [-1.2363017822735916, 46.03090214067278], [-1.2363017822735916, 46.03834862385321], [-1.2325846981374324, 46.03834862385321], [-1.2325846981374324, 46.03090214067278]]], [[[-1.240018866409751, 46.03834862385321], [-1.2363017822735916, 46.04207186544342], [-1.2363017822735916, 46.03834862385321], [-1.240018866409751, 46.03834862385321]]]]}}, {"type": "Feature", "properties": {"t": "b20", "lvl": 20}, "geometry": {"type": "MultiPolygon", "coordinates": [[[[-3.0627236238532003, 43.359851301115235], [-3.0664468654434143, 43.35613382899628], [-3.0664468654434143, 43.359851301115235], [-3.0627236238532003, 43.359851301115235]]], [[[-2.6264912491971626, 43.400743494423786], [-2.630208333333322, 43.40817843866171], [-2.6345508409785827, 43.40817843866171], [-2.6345508409785827, 43.419330855018586], [-2.6419973241590107, 43.419330855018586], [-2.6419973241590107, 43.42304832713754], [-2.6717832568807234, 43.42304832713754], [-2.6717832568807234, 43.4267657992565], [-2.6866762232415793, 43.43048327137546], [-2.6866762232415793, 43.43420074349442], [-2.6941227064220077, 43.43420074349442], [-2.6941227064220077, 43.4267657992565], [-2.712738914373078, 43.4267657992565], [-2.712738914373078, 43.43048327137546], [-2.720185397553506, 43.43048327137546], [-2.720185397553506, 43.43420074349442], [-2.7276318807339344, 43.43420074349442], [-2.7313551223241483, 43.44163568773234], [-2.7425248470947907, 43.445353159851294], [-2.7462480886850047, 43.46022304832713], [-2.768587538226289, 43.46022304832713], [-2.768587538226289, 43.45650557620817], [-2.7909269877675733, 43.45650557620817], [-2.7983734709480017, 43.44163568773234], [-2.816989678899072, 43.44163568773234], [-2.816989678899072, 43.43791821561338], [-2.8691150611620686, 43.44163568773234], [-2.8691150611620686, 43.445353159851294], [-2.9026242354739953, 43.445353159851294], [-2.9026242354739953, 43.44163568773234], [-2.9212404434250656, 43.44163568773234], [-2.9212404434250656, 43.445353159851294], [-2.932410168195708, 43.44163568773234], [-2.932410168195708, 43.445353159851294], [-2.939856651376136, 43.445353159851294], [-2.939856651376136, 43.44163568773234], [-2.9510263761467783, 43.44163568773234], [-2.9510263761467783, 43.43791821561338], [-2.9621961009174202, 43.43420074349442], [-2.9621961009174202, 43.4267657992565], [-2.984535550458705, 43.42304832713754], [-2.988258792048919, 43.40817843866171], [-2.995705275229347, 43.40817843866171], [-2.999428516819561, 43.400743494423786], [-3.0217679663608457, 43.39702602230483], [-3.0217679663608457, 43.39330855018587], [-3.0366609327217016, 43.39330855018587], [-3.0366609327217016, 43.38959107806691], [-3.051553899082558, 43.38587360594795], [-3.051553899082558, 43.37472118959107], [-3.04410741590213, 43.37472118959107], [-3.04410741590213, 43.36728624535316], [-3.0366609327217016, 43.3635687732342], [-3.0366609327217016, 43.35613382899628], [-3.04410741590213, 43.35613382899628], [-3.04410741590213, 43.35241635687732], [-3.055277140672772, 43.35241635687732], [-3.055277140672772, 43.359851301115235], [-3.04410741590213, 43.359851301115235], [-3.04410741590213, 43.3635687732342], [-3.0738933486238427, 43.36728624535316], [-3.0738933486238427, 43.359851301115235], [-3.0776165902140566, 43.359851301115235], [-3.0776165902140566, 43.36728624535316], [-3.099956039755341, 43.36728624535316], [-3.099956039755341, 43.371003717472114], [-3.1260187308868392, 43.36728624535316], [-3.1260187308868392, 43.3635687732342], [-3.1371884556574816, 43.3635687732342], [-3.1371884556574816, 43.359851301115235], [-3.159527905198766, 43.359851301115235], [-3.16325114678898, 43.36728624535316], [-3.1930370795106926, 43.37472118959107], [-3.1930370795106926, 43.38215613382899], [-3.204206804281335, 43.38215613382899], [-3.219099770642191, 43.400743494423786], [-3.2339927370030472, 43.400743494423786], [-3.2339927370030472, 43.40446096654275], [-3.2488857033639036, 43.40446096654275], [-3.2488857033639036, 43.40817843866171], [-3.2823948776758303, 43.40817843866171], [-3.2823948776758303, 43.41561338289962], [-3.3121808103975425, 43.41561338289962], [-3.323350535168185, 43.4267657992565], [-3.3531364678898976, 43.42304832713754], [-3.3531364678898976, 43.4267657992565], [-3.3903688837920383, 43.4267657992565], [-3.3903688837920383, 43.43048327137546], [-3.40153860856268, 43.43048327137546], [-3.405261850152894, 43.45650557620817], [-3.423878058103965, 43.47509293680297], [-3.4611104740061056, 43.47881040892193], [-3.4611104740061056, 43.48996282527881], [-3.4722801987767475, 43.48996282527881], [-3.487173165137604, 43.504832713754645], [-3.546745030581029, 43.51226765799256], [-3.546745030581029, 43.51970260223048], [-3.5541915137614573, 43.51226765799256], [-3.5541915137614573, 43.51970260223048], [-3.5802542048929555, 43.51970260223048], [-3.5802542048929555, 43.52342007434944], [-3.6100401376146682, 43.51970260223048], [-3.6100401376146682, 43.51226765799256], [-3.617486620795096, 43.51226765799256], [-3.624933103975524, 43.504832713754645], [-3.654719036697237, 43.504832713754645], [-3.654719036697237, 43.50111524163568], [-3.680781727828735, 43.49739776951672], [-3.680781727828735, 43.493680297397766], [-3.6919514525993775, 43.49739776951672], [-3.6919514525993775, 43.48996282527881], [-3.6993979357798055, 43.48996282527881], [-3.6993979357798055, 43.486245353159845], [-3.736630351681946, 43.486245353159845], [-3.736630351681946, 43.47881040892193], [-3.770139525993873, 43.47881040892193], [-3.770139525993873, 43.493680297397766], [-3.8036487003057995, 43.49739776951672], [-3.8036487003057995, 43.50111524163568], [-3.825988149847084, 43.50111524163568], [-3.825988149847084, 43.5085501858736], [-3.829711391437298, 43.5085501858736], [-3.844604357798154, 43.493680297397766], [-3.885560015290509, 43.48996282527881], [-3.885560015290509, 43.486245353159845], [-3.926515672782864, 43.486245353159845], [-3.926515672782864, 43.47881040892193], [-3.956301605504576, 43.47509293680297], [-3.9637480886850045, 43.46765799256505], [-3.989810779816503, 43.463940520446094], [-3.989810779816503, 43.46022304832713], [-4.027043195718644, 43.46022304832713], [-4.027043195718644, 43.45650557620817], [-4.0419361620795, 43.45650557620817], [-4.0419361620795, 43.452788104089215], [-4.067998853210998, 43.452788104089215], [-4.067998853210998, 43.445353159851294], [-4.075445336391426, 43.445353159851294], [-4.075445336391426, 43.44163568773234], [-4.097784785932711, 43.44163568773234], [-4.097784785932711, 43.43791821561338], [-4.112677752293567, 43.43420074349442], [-4.1201242354739955, 43.4267657992565], [-4.135017201834851, 43.4267657992565], [-4.135017201834851, 43.42304832713754], [-4.149910168195707, 43.42304832713754], [-4.149910168195707, 43.419330855018586], [-4.19831230886849, 43.41561338289962], [-4.19831230886849, 43.40817843866171], [-4.209482033639133, 43.40817843866171], [-4.209482033639133, 43.41561338289962], [-4.213205275229347, 43.41561338289962], [-4.213205275229347, 43.40817843866171], [-4.224374999999989, 43.40817843866171], [-4.224374999999989, 43.41561338289962], [-4.246714449541273, 43.41561338289962], [-4.246714449541273, 43.40817843866171], [-4.269053899082558, 43.40817843866171], [-4.269053899082558, 43.40446096654275], [-4.317456039755341, 43.40446096654275], [-4.324902522935769, 43.42304832713754], [-4.3435187308868395, 43.419330855018586], [-4.3435187308868395, 43.41561338289962], [-4.350965214067267, 43.42304832713754], [-4.358411697247695, 43.42304832713754], [-4.365858180428123, 43.41561338289962], [-4.377027905198766, 43.41561338289962], [-4.377027905198766, 43.40817843866171], [-4.384474388379194, 43.40817843866171], [-4.384474388379194, 43.40446096654275], [-4.388197629969408, 43.40817843866171], [-4.436599770642191, 43.40817843866171], [-4.436599770642191, 43.40446096654275], [-4.599999999999995, 43.40817843866171], [-4.599999999999995, 43.40446096654275], [-4.607434944237913, 43.40446096654275], [-4.607434944237913, 43.40817843866171], [-4.630208333333322, 43.40817843866171], [-4.630208333333322, 43.41561338289962], [-4.696654275092932, 43.419330855018586], [-4.696654275092932, 43.42304832713754], [-4.726394052044605, 43.4267657992565], [-4.726394052044605, 43.43048327137546], [-4.74869888475836, 43.43048327137546], [-4.74869888475836, 43.43420074349442], [-4.767286245353155, 43.43791821561338], [-4.767286245353155, 43.44163568773234], [-4.800743494423787, 43.445353159851294], [-4.800743494423787, 43.452788104089215], [-4.823048327137542, 43.452788104089215], [-4.823048327137542, 43.45650557620817], [-4.834200743494419, 43.45650557620817], [-4.834200743494419, 43.46022304832713], [-4.852788104089215, 43.46022304832713], [-4.852788104089215, 43.463940520446094], [-4.87137546468401, 43.463940520446094], [-4.87137546468401, 43.46765799256505], [-4.875092936802969, 43.463940520446094], [-4.919702602230479, 43.46765799256505], [-4.919702602230479, 43.47137546468401], [-4.938289962825274, 43.47137546468401], [-4.938289962825274, 43.46765799256505], [-4.942007434944233, 43.47137546468401], [-4.960594795539029, 43.47137546468401], [-4.960594795539029, 43.46765799256505], [-4.968029739776947, 43.46765799256505], [-4.968029739776947, 43.47137546468401], [-4.979182156133824, 43.47137546468401], [-4.979182156133824, 43.46765799256505], [-5.027509293680293, 43.46765799256505], [-5.027509293680293, 43.47137546468401], [-5.03866171003717, 43.47137546468401], [-5.03866171003717, 43.47509293680297], [-5.042379182156129, 43.47137546468401], [-5.046096654275088, 43.47509293680297], [-5.060966542750925, 43.47509293680297], [-5.060966542750925, 43.47881040892193], [-5.053531598513007, 43.47881040892193], [-5.053531598513007, 43.486245353159845], [-5.064684014869884, 43.486245353159845], [-5.064684014869884, 43.47881040892193], [-5.086988847583639, 43.47881040892193], [-5.086988847583639, 43.486245353159845], [-5.109293680297393, 43.486245353159845], [-5.109293680297393, 43.48996282527881], [-5.131598513011148, 43.493680297397766], [-5.131598513011148, 43.49739776951672], [-5.135315985130107, 43.493680297397766], [-5.213382899628248, 43.49739776951672], [-5.213382899628248, 43.50111524163568], [-5.231970260223044, 43.50111524163568], [-5.239405204460962, 43.51226765799256], [-5.2505576208178395, 43.51226765799256], [-5.2505576208178395, 43.51970260223048], [-5.2579925650557575, 43.527137546468396], [-5.2728624535315936, 43.527137546468396], [-5.276579925650553, 43.53457249070632], [-5.2840148698884715, 43.53457249070632], [-5.2914498141263895, 43.54200743494423], [-5.3026022304832665, 43.54200743494423], [-5.3026022304832665, 43.545724907063196], [-5.3137546468401435, 43.545724907063196], [-5.3137546468401435, 43.54200743494423], [-5.358364312267653, 43.54200743494423], [-5.365799256505571, 43.54944237918215], [-5.391821561338285, 43.54944237918215], [-5.391821561338285, 43.55687732342007], [-5.414126394052039, 43.56059479553903], [-5.414126394052039, 43.56431226765799], [-5.428996282527876, 43.56431226765799], [-5.428996282527876, 43.56059479553903], [-5.440148698884753, 43.56059479553903], [-5.440148698884753, 43.56431226765799], [-5.447583643122671, 43.56431226765799], [-5.447583643122671, 43.56059479553903], [-5.45501858736059, 43.56059479553903], [-5.45501858736059, 43.56431226765799], [-5.477323420074344, 43.56431226765799], [-5.477323420074344, 43.56059479553903], [-5.592565055762077, 43.56431226765799], [-5.592565055762077, 43.56059479553903], [-5.599999999999995, 43.56059479553903], [-5.607434944237913, 43.56802973977695], [-5.626022304832709, 43.56802973977695], [-5.626022304832709, 43.571747211895904], [-5.670631970260218, 43.56431226765799], [-5.670631970260218, 43.56802973977695], [-5.678066914498136, 43.56802973977695], [-5.678066914498136, 43.57546468401487], [-5.689219330855014, 43.57546468401487], [-5.685501858736055, 43.58289962825278], [-5.674349442379177, 43.579182156133825], [-5.674349442379177, 43.590334572490704], [-5.696654275092932, 43.590334572490704], [-5.696654275092932, 43.58289962825278], [-5.70408921933085, 43.579182156133825], [-5.711524163568768, 43.59405204460966], [-5.726394052044605, 43.59405204460966], [-5.737546468401482, 43.60520446096654], [-5.763568773234196, 43.612639405204455], [-5.767286245353155, 43.62750929368029], [-5.778438661710032, 43.63866171003717], [-5.797026022304828, 43.64237918215613], [-5.797026022304828, 43.653531598513005], [-5.823048327137542, 43.653531598513005], [-5.826765799256501, 43.64981412639405], [-5.834200743494419, 43.664684014869884], [-5.860223048327133, 43.66840148698884], [-5.860223048327133, 43.672118959107806], [-5.867657992565051, 43.672118959107806], [-5.867657992565051, 43.64981412639405], [-5.882527881040888, 43.64609665427509], [-5.882527881040888, 43.64237918215613], [-5.893680297397765, 43.64237918215613], [-5.893680297397765, 43.63494423791821], [-5.919702602230479, 43.631226765799255], [-5.919702602230479, 43.62379182156133], [-5.930855018587356, 43.62379182156133], [-5.930855018587356, 43.61635687732342], [-5.945724907063192, 43.612639405204455], [-5.949442379182152, 43.60148698884758], [-5.960594795539029, 43.60148698884758], [-5.968029739776947, 43.59405204460966], [-5.986617100371743, 43.59405204460966], [-5.986617100371743, 43.590334572490704], [-6.005204460966538, 43.59405204460966], [-6.005204460966538, 43.60148698884758], [-6.012639405204456, 43.60148698884758], [-6.012639405204456, 43.59776951672862], [-6.053531598513007, 43.59776951672862], [-6.053531598513007, 43.59405204460966], [-6.068401486988843, 43.590334572490704], [-6.068401486988843, 43.58289962825278], [-6.08327137546468, 43.58289962825278], [-6.08327137546468, 43.579182156133825], [-6.113011152416352, 43.571747211895904], [-6.113011152416352, 43.56802973977695], [-6.150185873605944, 43.571747211895904], [-6.150185873605944, 43.57546468401487], [-6.183643122676576, 43.57546468401487], [-6.191078066914494, 43.58289962825278], [-6.191078066914494, 43.590334572490704], [-6.198513011152412, 43.590334572490704], [-6.198513011152412, 43.59405204460966], [-6.2171003717472075, 43.59405204460966], [-6.2208178438661665, 43.590334572490704], [-6.231970260223044, 43.60148698884758], [-6.2505576208178395, 43.60148698884758], [-6.2617100371747165, 43.590334572490704], [-6.280297397769512, 43.590334572490704], [-6.280297397769512, 43.58289962825278], [-6.2877323420074305, 43.58289962825278], [-6.2877323420074305, 43.579182156133825], [-6.317472118959103, 43.57546468401487], [-6.317472118959103, 43.571747211895904], [-6.3360594795538985, 43.571747211895904], [-6.3360594795538985, 43.56802973977695], [-6.350929368029735, 43.56802973977695], [-6.350929368029735, 43.56431226765799], [-6.391821561338285, 43.56802973977695], [-6.391821561338285, 43.571747211895904], [-6.402973977695162, 43.571747211895904], [-6.402973977695162, 43.56802973977695], [-6.45501858736059, 43.56802973977695], [-6.458736059479549, 43.57546468401487], [-6.469888475836426, 43.57546468401487], [-6.469888475836426, 43.579182156133825], [-6.488475836431222, 43.57546468401487], [-6.488475836431222, 43.56802973977695], [-6.499628252788099, 43.56802973977695], [-6.503345724907058, 43.56059479553903], [-6.599999999999995, 43.56431226765799], [-6.599999999999995, 48.699999999999996], [-4.202035550458705, 48.699999999999996], [-4.209482033639133, 48.69255879967558], [-4.250437691131488, 48.69627939983779], [-4.250437691131488, 48.69255879967558], [-4.261607415902129, 48.69255879967558], [-4.261607415902129, 48.68883819951338], [-4.272777140672772, 48.68883819951338], [-4.2802236238532, 48.69627939983779], [-4.2876701070336285, 48.69627939983779], [-4.2876701070336285, 48.69255879967558], [-4.347241972477053, 48.69627939983779], [-4.347241972477053, 48.69255879967558], [-4.365858180428123, 48.69255879967558], [-4.365858180428123, 48.68883819951338], [-4.388197629969408, 48.68511759935117], [-4.388197629969408, 48.67767639902676], [-4.417983562691121, 48.67767639902676], [-4.421706804281334, 48.67023519870235], [-4.432876529051977, 48.673955798864554], [-4.432876529051977, 48.67767639902676], [-4.444046253822619, 48.67767639902676], [-4.444046253822619, 48.68511759935117], [-4.466385703363904, 48.68511759935117], [-4.466385703363904, 48.67023519870235], [-4.488725152905188, 48.67023519870235], [-4.488725152905188, 48.66651459854014], [-4.5110646024464724, 48.67023519870235], [-4.522234327217115, 48.65535279805352], [-4.529680810397543, 48.65535279805352], [-4.533404051987756, 48.662793998377936], [-4.548297018348613, 48.662793998377936], [-4.548297018348613, 48.65535279805352], [-4.5594667431192555, 48.65535279805352], [-4.5594667431192555, 48.65163219789132], [-4.552020259938827, 48.65163219789132], [-4.552020259938827, 48.64419099756691], [-4.537127293577971, 48.64419099756691], [-4.537127293577971, 48.6404703974047], [-4.574359709480111, 48.64419099756691], [-4.574359709480111, 48.6404703974047], [-4.589252675840967, 48.6404703974047], [-4.589252675840967, 48.636749797242494], [-4.62230483271375, 48.636749797242494], [-4.62230483271375, 48.63302919708029], [-4.633457249070627, 48.63302919708029], [-4.633457249070627, 48.62186739659367], [-4.648327137546464, 48.62186739659367], [-4.648327137546464, 48.60698499594485], [-4.6631970260223, 48.61070559610705], [-4.666914498141259, 48.60326439578264], [-4.678066914498136, 48.60698499594485], [-4.681784386617096, 48.599543795620434], [-4.689219330855014, 48.60326439578264], [-4.689219330855014, 48.59582319545823], [-4.696654275092932, 48.59582319545823], [-4.696654275092932, 48.59210259529602], [-4.737546468401482, 48.59582319545823], [-4.741263940520441, 48.58466139497161], [-4.759851301115237, 48.5809407948094], [-4.759851301115237, 48.56605839416058], [-4.74869888475836, 48.562337793998374], [-4.74869888475836, 48.55489659367396], [-4.767286245353155, 48.55489659367396], [-4.774721189591073, 48.54745539334955], [-4.782156133828992, 48.54745539334955], [-4.782156133828992, 48.54001419302514], [-4.771003717472114, 48.54001419302514], [-4.771003717472114, 48.53629359286293], [-4.78959107806691, 48.53629359286293], [-4.793308550185869, 48.54001419302514], [-4.797026022304828, 48.53257299270073], [-4.804460966542746, 48.53257299270073], [-4.804460966542746, 48.525131792376314], [-4.793308550185869, 48.525131792376314], [-4.78959107806691, 48.50652879156528], [-4.808178438661705, 48.49908759124087], [-4.808178438661705, 48.49536699107867], [-4.815613382899624, 48.49536699107867], [-4.815613382899624, 48.49164639091646], [-4.800743494423787, 48.49164639091646], [-4.797026022304828, 48.487925790754254], [-4.793308550185869, 48.46932278994322], [-4.804460966542746, 48.465602189781016], [-4.804460966542746, 48.45816098945661], [-4.815613382899624, 48.45816098945661], [-4.819330855018583, 48.4544403892944], [-4.815613382899624, 48.44699918896999], [-4.826765799256501, 48.44327858880778], [-4.826765799256501, 48.43583738848337], [-4.834200743494419, 48.43583738848337], [-4.837918215613378, 48.44699918896999], [-4.841635687732337, 48.44699918896999], [-4.841635687732337, 48.43583738848337], [-4.845353159851296, 48.43583738848337], [-4.845353159851296, 48.44327858880778], [-4.852788104089215, 48.44327858880778], [-4.852788104089215, 48.43211678832116], [-4.826765799256501, 48.42467558799675], [-4.826765799256501, 48.41723438767234], [-4.834200743494419, 48.41723438767234], [-4.834200743494419, 48.402351987023515], [-4.815613382899624, 48.402351987023515], [-4.815613382899624, 48.39491078669911], [-4.804460966542746, 48.39491078669911], [-4.800743494423787, 48.37630778588807], [-4.808178438661705, 48.38374898621249], [-4.834200743494419, 48.38746958637469], [-4.845353159851296, 48.39863138686131], [-4.863940520446092, 48.402351987023515], [-4.863940520446092, 48.40979318734793], [-4.87137546468401, 48.40979318734793], [-4.87137546468401, 48.41723438767234], [-4.893680297397765, 48.42467558799675], [-4.897397769516724, 48.43211678832116], [-4.908550185873601, 48.43211678832116], [-4.91226765799256, 48.44327858880778], [-4.919702602230479, 48.44327858880778], [-4.919702602230479, 48.43211678832116], [-4.930855018587356, 48.43211678832116], [-4.927137546468397, 48.42095498783455], [-4.923420074349438, 48.42095498783455], [-4.923420074349438, 48.40979318734793], [-4.934572490706315, 48.40979318734793], [-4.938289962825274, 48.41723438767234], [-4.95687732342007, 48.41723438767234], [-4.971747211895906, 48.43211678832116], [-4.994052044609661, 48.43211678832116], [-4.994052044609661, 48.43583738848337], [-5.008921933085497, 48.43583738848337], [-5.008921933085497, 48.44327858880778], [-5.027509293680293, 48.44327858880778], [-5.023791821561334, 48.42467558799675], [-5.027509293680293, 48.42467558799675], [-5.027509293680293, 48.41723438767234], [-5.034944237918211, 48.41723438767234], [-5.034944237918211, 48.402351987023515], [-5.03866171003717, 48.402351987023515], [-5.034944237918211, 48.39491078669911], [-5.027509293680293, 48.39491078669911], [-5.027509293680293, 48.38746958637469], [-5.042379182156129, 48.391190186536896], [-5.046096654275088, 48.38374898621249], [-5.03866171003717, 48.38374898621249], [-5.03866171003717, 48.37630778588807], [-5.027509293680293, 48.37630778588807], [-5.027509293680293, 48.38374898621249], [-5.001486988847579, 48.37630778588807], [-4.994052044609661, 48.35770478507705], [-4.982899628252784, 48.35770478507705], [-4.982899628252784, 48.353984184914836], [-4.971747211895906, 48.35026358475263], [-4.975464684014865, 48.33910178426601], [-4.945724907063192, 48.34282238442822], [-4.949442379182152, 48.3316605839416], [-4.938289962825274, 48.3316605839416], [-4.938289962825274, 48.33910178426601], [-4.934572490706315, 48.33910178426601], [-4.930855018587356, 48.327939983779395], [-4.938289962825274, 48.32049878345499], [-4.949442379182152, 48.32049878345499], [-4.942007434944233, 48.31305758313057], [-4.923420074349438, 48.31305758313057], [-4.923420074349438, 48.30933698296837], [-4.889962825278806, 48.31305758313057], [-4.893680297397765, 48.30561638280616], [-4.87137546468401, 48.30933698296837], [-4.867657992565051, 48.29817518248175], [-4.852788104089215, 48.29817518248175], [-4.852788104089215, 48.30561638280616], [-4.841635687732337, 48.30561638280616], [-4.841635687732337, 48.31305758313057], [-4.834200743494419, 48.30933698296837], [-4.83048327137546, 48.316778183292776], [-4.804460966542746, 48.316778183292776], [-4.804460966542746, 48.32049878345499], [-4.737546468401482, 48.32049878345499], [-4.737546468401482, 48.316778183292776], [-4.726394052044605, 48.316778183292776], [-4.718959107806687, 48.32421938361719], [-4.70408921933085, 48.32421938361719], [-4.70408921933085, 48.316778183292776], [-4.696654275092932, 48.30933698296837], [-4.689219330855014, 48.32049878345499], [-4.6631970260223, 48.316778183292776], [-4.652044609665423, 48.327939983779395], [-4.6153153669724665, 48.3316605839416], [-4.6153153669724665, 48.33910178426601], [-4.607434944237913, 48.33910178426601], [-4.607434944237913, 48.34282238442822], [-4.574359709480111, 48.34654298459043], [-4.574359709480111, 48.35026358475263], [-4.5594667431192555, 48.35026358475263], [-4.5594667431192555, 48.353984184914836], [-4.533404051987756, 48.353984184914836], [-4.533404051987756, 48.35770478507705], [-4.522234327217115, 48.35770478507705], [-4.522234327217115, 48.36142538523925], [-4.514787844036686, 48.36142538523925], [-4.514787844036686, 48.35770478507705], [-4.492448394495402, 48.36142538523925], [-4.492448394495402, 48.353984184914836], [-4.470108944954117, 48.35026358475263], [-4.470108944954117, 48.34654298459043], [-4.485001911314974, 48.34654298459043], [-4.485001911314974, 48.3316605839416], [-4.488725152905188, 48.327939983779395], [-4.48127866972476, 48.327939983779395], [-4.48127866972476, 48.32421938361719], [-4.470108944954117, 48.32421938361719], [-4.470108944954117, 48.32049878345499], [-4.4477694954128335, 48.32049878345499], [-4.4477694954128335, 48.32421938361719], [-4.432876529051977, 48.32049878345499], [-4.432876529051977, 48.31305758313057], [-4.4552159785932615, 48.316778183292776], [-4.4552159785932615, 48.31305758313057], [-4.462662461773689, 48.31305758313057], [-4.458939220183475, 48.30561638280616], [-4.470108944954117, 48.30561638280616], [-4.470108944954117, 48.31305758313057], [-4.488725152905188, 48.31305758313057], [-4.492448394495402, 48.32049878345499], [-4.514787844036686, 48.316778183292776], [-4.514787844036686, 48.32049878345499], [-4.522234327217115, 48.32049878345499], [-4.529680810397543, 48.327939983779395], [-4.525957568807328, 48.3316605839416], [-4.529680810397543, 48.34654298459043], [-4.552020259938827, 48.34654298459043], [-4.552020259938827, 48.34282238442822], [-4.574359709480111, 48.33910178426601], [-4.574359709480111, 48.3316605839416], [-4.585529434250754, 48.3316605839416], [-4.592975917431182, 48.32049878345499], [-4.614869888475832, 48.316778183292776], [-4.614869888475832, 48.30933698296837], [-4.592975917431182, 48.31305758313057], [-4.589252675840967, 48.30933698296837], [-4.592975917431182, 48.30561638280616], [-4.589252675840967, 48.29445458231954], [-4.644609665427504, 48.28701338199513], [-4.644609665427504, 48.28329278183293], [-4.652044609665423, 48.28329278183293], [-4.652044609665423, 48.27585158150851], [-4.670631970260218, 48.279572181670716], [-4.678066914498136, 48.27213098134631], [-4.666914498141259, 48.27213098134631], [-4.6631970260223, 48.25724858069748], [-4.655762081784382, 48.26096918085969], [-4.655762081784382, 48.2684103811841], [-4.644609665427504, 48.2684103811841], [-4.644609665427504, 48.26096918085969], [-4.629739776951668, 48.25724858069748], [-4.637174721189586, 48.24608678021087], [-4.61903860856268, 48.24608678021087], [-4.614869888475832, 48.24980738037307], [-4.614869888475832, 48.24608678021087], [-4.604145642201824, 48.24608678021087], [-4.604145642201824, 48.242366180048656], [-4.592975917431182, 48.23864557988645], [-4.592975917431182, 48.22376317923763], [-4.585529434250754, 48.22004257907542], [-4.585529434250754, 48.205160178426596], [-4.574359709480111, 48.20143957826439], [-4.574359709480111, 48.179115977291154], [-4.570636467889897, 48.179115977291154], [-4.574359709480111, 48.171674776966746], [-4.581806192660539, 48.171674776966746], [-4.581806192660539, 48.15679237631792], [-4.585529434250754, 48.15307177615571], [-4.563189984709469, 48.14935117599351], [-4.563189984709469, 48.16423357664233], [-4.5594667431192555, 48.16423357664233], [-4.5594667431192555, 48.15679237631792], [-4.540850535168185, 48.15679237631792], [-4.540850535168185, 48.16423357664233], [-4.522234327217115, 48.16423357664233], [-4.514787844036686, 48.171674776966746], [-4.5036181192660445, 48.171674776966746], [-4.492448394495402, 48.18283657745336], [-4.492448394495402, 48.19027777777777], [-4.485001911314974, 48.19399837793998], [-4.485001911314974, 48.20143957826439], [-4.466385703363904, 48.20143957826439], [-4.466385703363904, 48.19399837793998], [-4.451492737003047, 48.19399837793998], [-4.451492737003047, 48.20143957826439], [-4.414260321100906, 48.205160178426596], [-4.414260321100906, 48.20143957826439], [-4.406813837920478, 48.20143957826439], [-4.406813837920478, 48.19027777777777], [-4.3919208715596225, 48.18655717761557], [-4.38075114678898, 48.17539537712895], [-4.365858180428123, 48.17539537712895], [-4.358411697247695, 48.167954176804535], [-4.358411697247695, 48.15679237631792], [-4.350965214067267, 48.14935117599351], [-4.354688455657482, 48.14935117599351], [-4.354688455657482, 48.130748175182475], [-4.36213493883791, 48.130748175182475], [-4.36213493883791, 48.12330697485807], [-4.373304663608552, 48.12330697485807], [-4.373304663608552, 48.11958637469586], [-4.384474388379194, 48.11958637469586], [-4.384474388379194, 48.11586577453365], [-4.414260321100906, 48.11586577453365], [-4.421706804281334, 48.108424574209245], [-4.429153287461763, 48.108424574209245], [-4.429153287461763, 48.104703974047034], [-4.470108944954117, 48.108424574209245], [-4.470108944954117, 48.104703974047034], [-4.488725152905188, 48.104703974047034], [-4.488725152905188, 48.10098337388483], [-4.525957568807328, 48.10098337388483], [-4.525957568807328, 48.097262773722626], [-4.537127293577971, 48.097262773722626], [-4.537127293577971, 48.08982157339821], [-4.548297018348613, 48.08982157339821], [-4.555743501529041, 48.082380373073796], [-4.563189984709469, 48.082380373073796], [-4.563189984709469, 48.08610097323601], [-4.592975917431182, 48.08610097323601], [-4.596699159021396, 48.082380373073796], [-4.599999999999995, 48.08610097323601], [-4.599999999999995, 48.07865977291159], [-4.678066914498136, 48.07493917274939], [-4.681784386617096, 48.067497972424974], [-4.689219330855014, 48.067497972424974], [-4.689219330855014, 48.071218572587185], [-4.696654275092932, 48.071218572587185], [-4.696654275092932, 48.067497972424974], [-4.722676579925646, 48.071218572587185], [-4.722676579925646, 48.06377737226277], [-4.730111524163564, 48.06377737226277], [-4.726394052044605, 48.05261557177615], [-4.722676579925646, 48.05261557177615], [-4.726394052044605, 48.045174371451736], [-4.741263940520441, 48.045174371451736], [-4.741263940520441, 48.04145377128953], [-4.756133828996278, 48.045174371451736], [-4.759851301115237, 48.03773317112733], [-4.737546468401482, 48.03773317112733], [-4.733828996282523, 48.030291970802914], [-4.722676579925646, 48.034012570965125], [-4.722676579925646, 48.030291970802914], [-4.70408921933085, 48.02657137064071], [-4.70408921933085, 48.019130170316295], [-4.689219330855014, 48.019130170316295], [-4.689219330855014, 48.01540957015409], [-4.696654275092932, 48.01540957015409], [-4.692936802973973, 48.01168896999189], [-4.696654275092932, 48.00424776966747], [-4.644609665427504, 48.00052716950527], [-4.644609665427504, 48.007968369829676], [-4.629739776951668, 48.01168896999189], [-4.633457249070627, 48.00052716950527], [-4.62230483271375, 48.00052716950527], [-4.62230483271375, 47.996806569343065], [-4.537127293577971, 47.993085969180854], [-4.537127293577971, 47.985644768856446], [-4.525957568807328, 47.985644768856446], [-4.5185110856269, 47.97820356853203], [-4.488725152905188, 47.97820356853203], [-4.477555428134545, 47.96704176804541], [-4.470108944954117, 47.96704176804541], [-4.444046253822619, 47.933556366585556], [-4.436599770642191, 47.933556366585556], [-4.425430045871549, 47.922394566098944], [-4.425430045871549, 47.91495336577453], [-4.406813837920478, 47.896350364963496], [-4.406813837920478, 47.88890916463909], [-4.3993673547400505, 47.88890916463909], [-4.3993673547400505, 47.87774736415247], [-4.395644113149836, 47.87774736415247], [-4.3919208715596225, 47.85914436334144], [-4.388197629969408, 47.85914436334144], [-4.388197629969408, 47.82937956204379], [-4.384474388379194, 47.82565896188159], [-4.395644113149836, 47.81821776155717], [-4.3993673547400505, 47.80333536090835], [-4.406813837920478, 47.80333536090835], [-4.406813837920478, 47.795894160583934], [-4.384474388379194, 47.79217356042173], [-4.38075114678898, 47.78473236009732], [-4.373304663608552, 47.78473236009732], [-4.373304663608552, 47.77729115977291], [-4.358411697247695, 47.77729115977291], [-4.350965214067267, 47.76984995944849], [-4.332349006116197, 47.76984995944849], [-4.332349006116197, 47.76612935928629], [-4.306286314984699, 47.76984995944849], [-4.310009556574912, 47.76612935928629], [-4.306286314984699, 47.758688158961874], [-4.291393348623842, 47.762408759124085], [-4.2951165902140565, 47.773570559610704], [-4.302563073394484, 47.773570559610704], [-4.302563073394484, 47.77729115977291], [-4.291393348623842, 47.77729115977291], [-4.283946865443414, 47.758688158961874], [-4.272777140672772, 47.758688158961874], [-4.272777140672772, 47.762408759124085], [-4.269053899082558, 47.758688158961874], [-4.254160932721701, 47.758688158961874], [-4.254160932721701, 47.762408759124085], [-4.235544724770631, 47.76612935928629], [-4.235544724770631, 47.76984995944849], [-4.224374999999989, 47.76612935928629], [-4.224374999999989, 47.773570559610704], [-4.213205275229347, 47.773570559610704], [-4.213205275229347, 47.77729115977291], [-4.205758792048918, 47.77729115977291], [-4.205758792048918, 47.76984995944849], [-4.19831230886849, 47.76984995944849], [-4.19831230886849, 47.76612935928629], [-4.190865825688062, 47.76612935928629], [-4.187142584097848, 47.773570559610704], [-4.1759728593272065, 47.76984995944849], [-4.172249617736992, 47.77729115977291], [-4.164803134556564, 47.77729115977291], [-4.164803134556564, 47.78473236009732], [-4.157356651376136, 47.78473236009732], [-4.157356651376136, 47.77729115977291], [-4.153633409785922, 47.77729115977291], [-4.153633409785922, 47.78845296025953], [-4.142463685015279, 47.78473236009732], [-4.142463685015279, 47.76984995944849], [-4.138740443425066, 47.76984995944849], [-4.138740443425066, 47.773570559610704], [-4.116400993883781, 47.77729115977291], [-4.116400993883781, 47.78473236009732], [-4.101508027522925, 47.79217356042173], [-4.101508027522925, 47.78845296025953], [-4.075445336391426, 47.78473236009732], [-4.075445336391426, 47.77729115977291], [-4.0642756116207845, 47.773570559610704], [-4.067998853210998, 47.762408759124085], [-4.038212920489285, 47.762408759124085], [-4.034489678899072, 47.758688158961874], [-4.038212920489285, 47.751246958637466], [-4.027043195718644, 47.751246958637466], [-4.027043195718644, 47.74752635847526], [-4.008426987767574, 47.751246958637466], [-4.012150229357787, 47.74008515815085], [-4.019596712538215, 47.74008515815085], [-4.019596712538215, 47.736364557988644], [-4.067998853210998, 47.72892335766423], [-4.067998853210998, 47.725202757502025], [-4.049382645259928, 47.725202757502025], [-4.049382645259928, 47.71776155717761], [-4.06055237003057, 47.71776155717761], [-4.06055237003057, 47.721482157339814], [-4.067998853210998, 47.71776155717761], [-4.067998853210998, 47.70287915652879], [-4.038212920489285, 47.699158556366584], [-4.038212920489285, 47.69543795620437], [-4.0158734709480015, 47.69543795620437], [-4.0158734709480015, 47.687996755879965], [-4.004703746177359, 47.687996755879965], [-4.004703746177359, 47.69171735604217], [-3.982364296636075, 47.69543795620437], [-3.9749178134556464, 47.70287915652879], [-3.9637480886850045, 47.70287915652879], [-3.9674713302752185, 47.687996755879965], [-3.9600248470947905, 47.68055555555555], [-3.948855122324148, 47.68055555555555], [-3.948855122324148, 47.687996755879965], [-3.9376853975535058, 47.69171735604217], [-3.933962155963292, 47.699158556366584], [-3.9376853975535058, 47.699158556366584], [-3.9376853975535058, 47.714040957015406], [-3.945131880733934, 47.71776155717761], [-3.945131880733934, 47.72892335766423], [-3.956301605504576, 47.72892335766423], [-3.9600248470947905, 47.74752635847526], [-3.9749178134556464, 47.74752635847526], [-3.978641055045861, 47.75496755879967], [-3.989810779816503, 47.75496755879967], [-3.989810779816503, 47.762408759124085], [-3.982364296636075, 47.762408759124085], [-3.982364296636075, 47.77729115977291], [-3.989810779816503, 47.77729115977291], [-3.989810779816503, 47.78473236009732], [-4.004703746177359, 47.79217356042173], [-4.000980504587145, 47.80333536090835], [-4.012150229357787, 47.80705596107055], [-4.012150229357787, 47.810776561232764], [-4.000980504587145, 47.810776561232764], [-4.000980504587145, 47.81821776155717], [-3.9935340214067168, 47.81821776155717], [-3.989810779816503, 47.833100162205994], [-3.9376853975535058, 47.836820762368205], [-3.9376853975535058, 47.82937956204379], [-3.9078994648317935, 47.82193836171938], [-3.9041762232415795, 47.81821776155717], [-3.9078994648317935, 47.799614760746145], [-3.893006498470937, 47.79217356042173], [-3.889283256880723, 47.77729115977291], [-3.878113532110081, 47.77729115977291], [-3.870667048929653, 47.76984995944849], [-3.866943807339439, 47.773570559610704], [-3.844604357798154, 47.773570559610704], [-3.84088111620794, 47.76612935928629], [-3.829711391437298, 47.76612935928629], [-3.829711391437298, 47.762408759124085], [-3.825988149847084, 47.76612935928629], [-3.788755733944943, 47.762408759124085], [-3.7962022171253715, 47.76984995944849], [-3.766416284403659, 47.77729115977291], [-3.770139525993873, 47.773570559610704], [-3.766416284403659, 47.762408759124085], [-3.762693042813445, 47.76612935928629], [-3.758969801223231, 47.762408759124085], [-3.7552465596330165, 47.76612935928629], [-3.736630351681946, 47.76612935928629], [-3.736630351681946, 47.76984995944849], [-3.729183868501518, 47.76612935928629], [-3.72173738532109, 47.773570559610704], [-3.714290902140662, 47.76612935928629], [-3.6956746941895915, 47.76612935928629], [-3.6956746941895915, 47.762408759124085], [-3.658442278287451, 47.76984995944849], [-3.650995795107023, 47.758688158961874], [-3.6361028287461665, 47.758688158961874], [-3.6361028287461665, 47.75496755879967], [-3.6323795871559525, 47.758688158961874], [-3.595147171253812, 47.75496755879967], [-3.595147171253812, 47.751246958637466], [-3.565361238532099, 47.75496755879967], [-3.565361238532099, 47.751246958637466], [-3.5541915137614573, 47.74752635847526], [-3.5541915137614573, 47.74008515815085], [-3.5318520642201725, 47.73264395782643], [-3.5281288226299585, 47.721482157339814], [-3.4983428899082463, 47.71776155717761], [-3.494619648318032, 47.70659975669099], [-3.487173165137604, 47.70659975669099], [-3.48344992354739, 47.699158556366584], [-3.457387232415891, 47.69543795620437], [-3.453663990825677, 47.684276155717754], [-3.4462175076452493, 47.684276155717754], [-3.4462175076452493, 47.68055555555555], [-3.4127083333333226, 47.68055555555555], [-3.4127083333333226, 47.67311435523114], [-3.40153860856268, 47.67311435523114], [-3.40153860856268, 47.66939375506893], [-3.4164315749235366, 47.66939375506893], [-3.4127083333333226, 47.66195255474452], [-3.40153860856268, 47.66195255474452], [-3.40153860856268, 47.65451135442011], [-3.4164315749235366, 47.65451135442011], [-3.4164315749235366, 47.650790754257905], [-3.4499407492354632, 47.65451135442011], [-3.453663990825677, 47.66567315490673], [-3.4760034403669615, 47.66195255474452], [-3.479726681957176, 47.66939375506893], [-3.487173165137604, 47.66939375506893], [-3.487173165137604, 47.66567315490673], [-3.494619648318032, 47.66939375506893], [-3.4983428899082463, 47.66195255474452], [-3.5281288226299585, 47.65823195458231], [-3.5318520642201725, 47.65451135442011], [-3.5244055810397446, 47.64334955393349], [-3.5169590978593166, 47.64334955393349], [-3.5169590978593166, 47.63590835360908], [-3.4983428899082463, 47.63218775344687], [-3.490896406727818, 47.62102595296025], [-3.4760034403669615, 47.62102595296025], [-3.4722801987767475, 47.609864152473634], [-3.4424942660550353, 47.609864152473634], [-3.438771024464821, 47.59498175182481], [-3.423878058103965, 47.59126115166261], [-3.4201548165137505, 47.58381995133819], [-3.4127083333333226, 47.58381995133819], [-3.4127083333333226, 47.5875405515004], [-3.375475917431182, 47.5875405515004], [-3.371752675840968, 47.58381995133819], [-3.371752675840968, 47.5875405515004], [-3.3643061926605395, 47.5875405515004], [-3.3643061926605395, 47.59498175182481], [-3.345689984709469, 47.602422952149226], [-3.3419667431192552, 47.613584752635845], [-3.319627293577971, 47.61730535279805], [-3.315904051987757, 47.62846715328467], [-3.3084575688073286, 47.62846715328467], [-3.3047343272171146, 47.63590835360908], [-3.2861181192660442, 47.63590835360908], [-3.2861181192660442, 47.64334955393349], [-3.2786716360856163, 47.64334955393349], [-3.2786716360856163, 47.63590835360908], [-3.26377866972476, 47.63218775344687], [-3.260055428134546, 47.62474655312246], [-3.2526089449541176, 47.62474655312246], [-3.2414392201834756, 47.613584752635845], [-3.2414392201834756, 47.602422952149226], [-3.237715978593261, 47.602422952149226], [-3.237715978593261, 47.59498175182481], [-3.2302694954128333, 47.5875405515004], [-3.219099770642191, 47.5875405515004], [-3.211653287461763, 47.576378751013785], [-3.204206804281335, 47.576378751013785], [-3.204206804281335, 47.56893755068937], [-3.1930370795106926, 47.56149635036496], [-3.1930370795106926, 47.55405515004055], [-3.1818673547400502, 47.55033454987834], [-3.1744208715596223, 47.52056974858069], [-3.1706976299694083, 47.52056974858069], [-3.1669743883791943, 47.50568734793187], [-3.159527905198766, 47.49824614760746], [-3.159527905198766, 47.490804947283046], [-3.148358180428124, 47.48708434712084], [-3.148358180428124, 47.47964314679643], [-3.1371884556574816, 47.47220194647201], [-3.1371884556574816, 47.464760746147604], [-3.1148490061161973, 47.464760746147604], [-3.1111257645259833, 47.4610401459854], [-3.1111257645259833, 47.44615774533657], [-3.103679281345555, 47.44615774533657], [-3.099956039755341, 47.43499594484995], [-3.0776165902140566, 47.43499594484995], [-3.0701701070336282, 47.44243714517437], [-3.0701701070336282, 47.44987834549878], [-3.0627236238532003, 47.44987834549878], [-3.0627236238532003, 47.453598945660985], [-3.0590003822629863, 47.44987834549878], [-3.0366609327217016, 47.453598945660985], [-3.0366609327217016, 47.464760746147604], [-3.0180447247706312, 47.464760746147604], [-3.0180447247706312, 47.47592254663422], [-3.0068749999999893, 47.47592254663422], [-3.0031517584097753, 47.48336374695863], [-2.995705275229347, 47.47964314679643], [-2.995705275229347, 47.464760746147604], [-2.999428516819561, 47.464760746147604], [-2.995705275229347, 47.44987834549878], [-2.9621961009174202, 47.44615774533657], [-2.9696425840978486, 47.43871654501216], [-2.9584728593272063, 47.43499594484995], [-2.9584728593272063, 47.42383414436334], [-2.9659193425076347, 47.42383414436334], [-2.9659193425076347, 47.427554744525544], [-2.999428516819561, 47.427554744525544], [-2.999428516819561, 47.43499594484995], [-3.0068749999999893, 47.43499594484995], [-3.0068749999999893, 47.43871654501216], [-3.0217679663608457, 47.43871654501216], [-3.0217679663608457, 47.43499594484995], [-3.0366609327217016, 47.43499594484995], [-3.0366609327217016, 47.43871654501216], [-3.051553899082558, 47.43499594484995], [-3.051553899082558, 47.43871654501216], [-3.0590003822629863, 47.43871654501216], [-3.0627236238532003, 47.43499594484995], [-3.0627236238532003, 47.427554744525544], [-3.04410741590213, 47.42383414436334], [-3.04410741590213, 47.416392944038925], [-3.0366609327217016, 47.416392944038925], [-3.0329376911314876, 47.40895174371451], [-3.0068749999999893, 47.40523114355231], [-3.0105982415902033, 47.390348742903484], [-3.040384174311916, 47.38662814274128], [-3.040384174311916, 47.379186942416865], [-3.0701701070336282, 47.379186942416865], [-3.0627236238532003, 47.37174574209245], [-3.0627236238532003, 47.36058394160583], [-3.0664468654434143, 47.36058394160583], [-3.0664468654434143, 47.353142741281424], [-3.0590003822629863, 47.34942214111922], [-3.0627236238532003, 47.3382603406326], [-3.0887863149846986, 47.3382603406326], [-3.0887863149846986, 47.341980940794805], [-3.099956039755341, 47.34570154095701], [-3.096232798165127, 47.353142741281424], [-3.0776165902140566, 47.353142741281424], [-3.0738933486238427, 47.35686334144363], [-3.0738933486238427, 47.36058394160583], [-3.0813398318042706, 47.36058394160583], [-3.0813398318042706, 47.36802514193025], [-3.103679281345555, 47.36802514193025], [-3.103679281345555, 47.36058394160583], [-3.1297419724770537, 47.36058394160583], [-3.1297419724770537, 47.36802514193025], [-3.1409116972476956, 47.37174574209245], [-3.1409116972476956, 47.37546634225466], [-3.204206804281335, 47.379186942416865], [-3.204206804281335, 47.38662814274128], [-3.2265462538226193, 47.38662814274128], [-3.2302694954128333, 47.39406934306569], [-3.274948394495402, 47.39406934306569], [-3.274948394495402, 47.390348742903484], [-3.26377866972476, 47.38662814274128], [-3.26377866972476, 47.379186942416865], [-3.271225152905188, 47.379186942416865], [-3.271225152905188, 47.35686334144363], [-3.26377866972476, 47.34942214111922], [-3.26377866972476, 47.33453974047039], [-3.2526089449541176, 47.330819140308186], [-3.2526089449541176, 47.31965733982157], [-3.260055428134546, 47.31965733982157], [-3.260055428134546, 47.31221613949716], [-3.2526089449541176, 47.31221613949716], [-3.2451624617736896, 47.30105433901054], [-3.2302694954128333, 47.29733373884833], [-3.2302694954128333, 47.28989253852392], [-3.204206804281335, 47.28989253852392], [-3.2004835626911206, 47.28245133819951], [-3.1930370795106926, 47.28989253852392], [-3.16325114678898, 47.28989253852392], [-3.16325114678898, 47.28617193836172], [-3.148358180428124, 47.28617193836172], [-3.148358180428124, 47.28245133819951], [-3.1111257645259833, 47.28245133819951], [-3.099956039755341, 47.27128953771289], [-3.0738933486238427, 47.2750101378751], [-3.0738933486238427, 47.278730738037304], [-3.055277140672772, 47.278730738037304], [-3.051553899082558, 47.29733373884833], [-3.04410741590213, 47.29733373884833], [-3.0366609327217016, 47.304774939172745], [-3.040384174311916, 47.31221613949716], [-3.0329376911314876, 47.315936739659364], [-3.0329376911314876, 47.32337793998378], [-3.0254912079510596, 47.32337793998378], [-3.0217679663608457, 47.3382603406326], [-3.0068749999999893, 47.341980940794805], [-3.0068749999999893, 47.34570154095701], [-2.9770890672782766, 47.341980940794805], [-2.9770890672782766, 47.3382603406326], [-2.9659193425076347, 47.341980940794805], [-2.9659193425076347, 47.3382603406326], [-2.9175172018348516, 47.33453974047039], [-2.9175172018348516, 47.330819140308186], [-2.9026242354739953, 47.330819140308186], [-2.9026242354739953, 47.32337793998378], [-2.8951777522935673, 47.32337793998378], [-2.8951777522935673, 47.31965733982157], [-2.887731269113139, 47.31965733982157], [-2.880284785932711, 47.31221613949716], [-2.8579453363914267, 47.31221613949716], [-2.8542220948012127, 47.30849553933495], [-2.8542220948012127, 47.31221613949716], [-2.8467756116207843, 47.31221613949716], [-2.8467756116207843, 47.31965733982157], [-2.8430523700305703, 47.315936739659364], [-2.8244361620795, 47.315936739659364], [-2.820712920489286, 47.31965733982157], [-2.820712920489286, 47.330819140308186], [-2.828159403669714, 47.330819140308186], [-2.828159403669714, 47.341980940794805], [-2.820712920489286, 47.341980940794805], [-2.820712920489286, 47.34570154095701], [-2.816989678899072, 47.341980940794805], [-2.8095431957186436, 47.341980940794805], [-2.8095431957186436, 47.34570154095701], [-2.7797572629969314, 47.34570154095701], [-2.776034021406717, 47.36058394160583], [-2.764864296636075, 47.36058394160583], [-2.764864296636075, 47.36802514193025], [-2.761141055045861, 47.36802514193025], [-2.764864296636075, 47.37546634225466], [-2.761141055045861, 47.379186942416865], [-2.7499713302752187, 47.37546634225466], [-2.7462480886850047, 47.38290754257907], [-2.72390863914372, 47.38290754257907], [-2.72390863914372, 47.38662814274128], [-2.6866762232415793, 47.38662814274128], [-2.6866762232415793, 47.38290754257907], [-2.664336773700295, 47.379186942416865], [-2.664336773700295, 47.37546634225466], [-2.656890290519867, 47.37546634225466], [-2.6494438073394386, 47.36802514193025], [-2.6382740825687967, 47.36802514193025], [-2.6382740825687967, 47.36058394160583], [-2.612211391437298, 47.35686334144363], [-2.612211391437298, 47.34942214111922], [-2.604188744380207, 47.34942214111922], [-2.604188744380207, 47.34570154095701], [-2.593037491971729, 47.341980940794805], [-2.5967545761078883, 47.32337793998378], [-2.604188744380207, 47.32337793998378], [-2.6079058285163663, 47.315936739659364], [-2.6196578746177264, 47.315936739659364], [-2.6196578746177264, 47.31221613949716], [-2.653167048929653, 47.30849553933495], [-2.6494438073394386, 47.28989253852392], [-2.656890290519867, 47.28245133819951], [-2.6755064984709374, 47.28245133819951], [-2.6717832568807234, 47.278730738037304], [-2.6755064984709374, 47.27128953771289], [-2.656890290519867, 47.26384833738848], [-2.656890290519867, 47.256407137064066], [-2.6494438073394386, 47.256407137064066], [-2.6494438073394386, 47.25268653690186], [-2.6345508409785827, 47.25268653690186], [-2.6345508409785827, 47.26384833738848], [-2.5818862395632514, 47.267568937550685], [-2.5818862395632514, 47.26384833738848], [-2.567017903018614, 47.26384833738848], [-2.567017903018614, 47.256407137064066], [-2.552149566473977, 47.25268653690186], [-2.552149566473977, 47.24896593673966], [-2.540998314065499, 47.24896593673966], [-2.533564145793181, 47.23780413625304], [-2.5186958092485434, 47.23780413625304], [-2.511261640976225, 47.24524533657745], [-2.4926762202954285, 47.24896593673966], [-2.500110388567747, 47.24152473641524], [-2.500110388567747, 47.23780413625304], [-2.488959136159269, 47.23408353609083], [-2.496393304431588, 47.22664233576642], [-2.496393304431588, 47.2154805352798], [-2.500110388567747, 47.2117599351176], [-2.511261640976225, 47.2154805352798], [-2.5186958092485434, 47.20803933495539], [-2.514978725112384, 47.20803933495539], [-2.514978725112384, 47.193156934306565], [-2.511261640976225, 47.193156934306565], [-2.511261640976225, 47.18883027522936], [-2.4926762202954285, 47.18510703363914], [-2.488959136159269, 47.173937308868496], [-2.4926762202954285, 47.173937308868496], [-2.496393304431588, 47.16276758409786], [-2.511261640976225, 47.16649082568807], [-2.511261640976225, 47.17021406727828], [-2.496393304431588, 47.17021406727828], [-2.496393304431588, 47.173937308868496], [-2.514978725112384, 47.173937308868496], [-2.514978725112384, 47.16649082568807], [-2.5224128933847028, 47.16649082568807], [-2.5224128933847028, 47.17021406727828], [-2.53728122992934, 47.16649082568807], [-2.53728122992934, 47.17021406727828], [-2.552149566473977, 47.17021406727828], [-2.552149566473977, 47.173937308868496], [-2.5707349871547733, 47.173937308868496], [-2.5744520712909327, 47.181995133819946], [-2.5818862395632514, 47.181995133819946], [-2.5818862395632514, 47.19687753446877], [-2.567017903018614, 47.19687753446877], [-2.5595837347462957, 47.20431873479318], [-2.5967545761078883, 47.20431873479318], [-2.593037491971729, 47.193156934306565], [-2.58932040783557, 47.193156934306565], [-2.58932040783557, 47.18571573398215], [-2.593037491971729, 47.18571573398215], [-2.58932040783557, 47.173937308868496], [-2.593037491971729, 47.17766055045871], [-2.608488149847084, 47.17766055045871], [-2.608488149847084, 47.192553516819565], [-2.6345508409785827, 47.19627675840978], [-2.6345508409785827, 47.20059813463098], [-2.656890290519867, 47.20803933495539], [-2.653167048929653, 47.230362935928625], [-2.664336773700295, 47.24152473641524], [-2.6755064984709374, 47.24524533657745], [-2.6755064984709374, 47.25268653690186], [-2.6829529816513653, 47.256407137064066], [-2.6866762232415793, 47.267568937550685], [-2.7052924311926496, 47.267568937550685], [-2.7052924311926496, 47.26384833738848], [-2.712738914373078, 47.26384833738848], [-2.712738914373078, 47.24524533657745], [-2.709015672782864, 47.24524533657745], [-2.712738914373078, 47.24152473641524], [-2.712738914373078, 47.22664233576642], [-2.709015672782864, 47.22664233576642], [-2.7052924311926496, 47.2154805352798], [-2.6978459480122217, 47.2154805352798], [-2.6978459480122217, 47.181995133819946], [-2.7052924311926496, 47.181995133819946], [-2.7052924311926496, 47.17827453365774], [-2.6978459480122217, 47.17827453365774], [-2.6978459480122217, 47.17021406727828], [-2.7052924311926496, 47.17021406727828], [-2.709015672782864, 47.15904434250764], [-2.6903994648317937, 47.15904434250764], [-2.6978459480122217, 47.15159785932721], [-2.6941227064220077, 47.14042813455657], [-2.6829529816513653, 47.14415137614679], [-2.6829529816513653, 47.15159785932721], [-2.660613532110081, 47.155321100917426], [-2.660613532110081, 47.15904434250764], [-2.6233811162079403, 47.15904434250764], [-2.6233811162079403, 47.155321100917426], [-2.60476490825687, 47.155321100917426], [-2.60476490825687, 47.15904434250764], [-2.6004716602440476, 47.15904434250764], [-2.6004716602440476, 47.14415137614679], [-2.593037491971729, 47.14415137614679], [-2.593037491971729, 47.15159785932721], [-2.5856033236994107, 47.14415137614679], [-2.58932040783557, 47.13670489296636], [-2.5707349871547733, 47.13670489296636], [-2.567017903018614, 47.129258409785926], [-2.5484324823378177, 47.129258409785926], [-2.5484324823378177, 47.12553516819571], [-2.5298470616570214, 47.1218119266055], [-2.526129977520862, 47.13670489296636], [-2.5186958092485434, 47.13670489296636], [-2.514978725112384, 47.14415137614679], [-2.4926762202954285, 47.14415137614679], [-2.488959136159269, 47.155321100917426], [-2.459222463069995, 47.16276758409786], [-2.459222463069995, 47.16649082568807], [-2.4480712106615172, 47.16649082568807], [-2.4480712106615172, 47.17021406727828], [-2.436919958253039, 47.17021406727828], [-2.436919958253039, 47.17455393349554], [-2.429485789980721, 47.17455393349554], [-2.429485789980721, 47.17021406727828], [-2.4146174534360836, 47.17021406727828], [-2.4146174534360836, 47.16649082568807], [-2.392314948619128, 47.16649082568807], [-2.3960320327552873, 47.16276758409786], [-2.392314948619128, 47.15159785932721], [-2.366295359666013, 47.15159785932721], [-2.366295359666013, 47.155321100917426], [-2.351427023121376, 47.15904434250764], [-2.351427023121376, 47.155321100917426], [-2.3328416024405794, 47.15159785932721], [-2.3328416024405794, 47.14415137614679], [-2.32912451830442, 47.14415137614679], [-2.3328416024405794, 47.13670489296636], [-2.355144107257535, 47.13298165137614], [-2.355144107257535, 47.129258409785926], [-2.3737295279383317, 47.12553516819571], [-2.38116369621065, 47.11808868501529], [-2.392314948619128, 47.11808868501529], [-2.392314948619128, 47.11064220183486], [-2.429485789980721, 47.11064220183486], [-2.429485789980721, 47.11808868501529], [-2.4517882947976766, 47.11808868501529], [-2.455505378933836, 47.10319571865443], [-2.43320287411688, 47.10319571865443], [-2.43320287411688, 47.09947247706422], [-2.4220516217084023, 47.095749235474], [-2.4220516217084023, 47.08830275229357], [-2.3960320327552873, 47.09202599388379], [-2.3960320327552873, 47.08457951070336], [-2.38116369621065, 47.08457951070336], [-2.38116369621065, 47.07340978593272], [-2.392314948619128, 47.06224006116207], [-2.4220516217084023, 47.06224006116207], [-2.4257687058445616, 47.05479357798165], [-2.444354126525358, 47.05107033639143], [-2.4517882947976766, 47.032454128440364], [-2.459222463069995, 47.02873088685015], [-2.459222463069995, 47.02128440366972], [-2.4666566313423135, 47.02128440366972], [-2.470373715478473, 47.013837920489294], [-2.4852420520231098, 47.013837920489294], [-2.488959136159269, 46.98405198776758], [-2.500110388567747, 46.98032874617736], [-2.5038274727039065, 46.95426605504587], [-2.511261640976225, 46.95426605504587], [-2.511261640976225, 46.950542813455655], [-2.500110388567747, 46.94681957186544], [-2.500110388567747, 46.931926605504586], [-2.511261640976225, 46.931926605504586], [-2.514978725112384, 46.91331039755351], [-2.500110388567747, 46.917033639143725], [-2.496393304431588, 46.91331039755351], [-2.500110388567747, 46.898417431192655], [-2.4852420520231098, 46.89469418960244], [-2.4778078837507915, 46.90214067278287], [-2.4666566313423135, 46.90214067278287], [-2.462939547206154, 46.91331039755351], [-2.4517882947976766, 46.91331039755351], [-2.4480712106615172, 46.90214067278287], [-2.436919958253039, 46.90214067278287], [-2.436919958253039, 46.898417431192655], [-2.4257687058445616, 46.898417431192655], [-2.418334537572243, 46.89097094801223], [-2.407183285163765, 46.89097094801223], [-2.3997491168914467, 46.8835244648318], [-2.392314948619128, 46.8835244648318], [-2.3885978644829686, 46.87607798165137], [-2.38116369621065, 46.87607798165137], [-2.38116369621065, 46.861185015290516], [-2.366295359666013, 46.8574617737003], [-2.366295359666013, 46.853738532110086], [-2.377446612074491, 46.85001529051987], [-2.3737295279383317, 46.8313990825688], [-2.351427023121376, 46.82395259938838], [-2.355144107257535, 46.81278287461773], [-2.3625782755298537, 46.81278287461773], [-2.3625782755298537, 46.809059633027516], [-2.3737295279383317, 46.81278287461773], [-2.377446612074491, 46.79788990825688], [-2.3848807803468093, 46.79788990825688], [-2.3885978644829686, 46.809059633027516], [-2.3997491168914467, 46.809059633027516], [-2.3997491168914467, 46.80533639143731], [-2.407183285163765, 46.80533639143731], [-2.407183285163765, 46.79788990825688], [-2.4220516217084023, 46.79788990825688], [-2.4257687058445616, 46.79416666666666], [-2.418334537572243, 46.78299694189602], [-2.3997491168914467, 46.78299694189602], [-2.3997491168914467, 46.77927370030581], [-2.392314948619128, 46.77927370030581], [-2.392314948619128, 46.77182721712538], [-2.3737295279383317, 46.76810397553516], [-2.3737295279383317, 46.74948776758409], [-2.4109003692999242, 46.74576452599388], [-2.4109003692999242, 46.74204128440367], [-2.4220516217084023, 46.738318042813454], [-2.4220516217084023, 46.72342507645259], [-2.4146174534360836, 46.719701834862384], [-2.4109003692999242, 46.70853211009174], [-2.3997491168914467, 46.70853211009174], [-2.3960320327552873, 46.70108562691131], [-2.3885978644829686, 46.70108562691131], [-2.3885978644829686, 46.693639143730884], [-2.355144107257535, 46.68991590214067], [-2.355144107257535, 46.686192660550454], [-2.3439928548490574, 46.686192660550454], [-2.3439928548490574, 46.68246941896024], [-2.3328416024405794, 46.68246941896024], [-2.3328416024405794, 46.67874617737002], [-2.3179732658959424, 46.68246941896024], [-2.3179732658959424, 46.67874617737002], [-2.303104929351305, 46.67874617737002], [-2.303104929351305, 46.675022935779815], [-2.284519508670509, 46.67874617737002], [-2.284519508670509, 46.68246941896024], [-2.258499919717394, 46.68246941896024], [-2.258499919717394, 46.686192660550454], [-2.2287632466281195, 46.686192660550454], [-2.2287632466281195, 46.68991590214067], [-2.217611994219642, 46.686192660550454], [-2.217611994219642, 46.68991590214067], [-2.2027436576750046, 46.68991590214067], [-2.2027436576750046, 46.693639143730884], [-2.180441152858049, 46.693639143730884], [-2.180441152858049, 46.70108562691131], [-2.1730069845857303, 46.70108562691131], [-2.1730069845857303, 46.693639143730884], [-2.1469873956326153, 46.68991590214067], [-2.1469873956326153, 46.68246941896024], [-2.139553227360297, 46.675022935779815], [-2.0800798811817485, 46.6712996941896], [-2.076362797045589, 46.656406727828745], [-2.065211544637111, 46.656406727828745], [-2.065211544637111, 46.65268348623853], [-2.031757787411678, 46.656406727828745], [-2.031757787411678, 46.65268348623853], [-2.0206065350032, 46.65268348623853], [-2.0168894508670405, 46.6452370030581], [-2.009455282594722, 46.6452370030581], [-2.005738198458563, 46.63406727828746], [-1.994586946050085, 46.63406727828746], [-1.9908698619139256, 46.622897553516815], [-1.9797186095054478, 46.622897553516815], [-1.96856735709697, 46.611727828746176], [-1.96856735709697, 46.60055810397553], [-1.9611331888246515, 46.596834862385315], [-1.9611331888246515, 46.58938837920489], [-1.9499819364161735, 46.58938837920489], [-1.942547768143855, 46.57449541284403], [-1.9239623474630585, 46.56332568807339], [-1.9239623474630585, 46.552155963302745], [-1.91652817919074, 46.552155963302745], [-1.91652817919074, 46.540986238532106], [-1.9276794315992178, 46.53726299694189], [-1.9276794315992178, 46.52981651376146], [-1.9016598426461029, 46.52609327217125], [-1.9016598426461029, 46.51120030581039], [-1.890508590237625, 46.50747706422018], [-1.890508590237625, 46.50375382262997], [-1.8793573378291473, 46.50375382262997], [-1.8793573378291473, 46.49630733944954], [-1.8682060854206695, 46.49630733944954], [-1.8644890012845101, 46.4851376146789], [-1.8570548330121914, 46.48141437308868], [-1.8570548330121914, 46.47396788990825], [-1.8533377488760323, 46.47396788990825], [-1.8533377488760323, 46.46279816513761], [-1.8421864964675545, 46.46279816513761], [-1.8384694123313952, 46.43673547400611], [-1.8273181599229174, 46.42928899082568], [-1.8273181599229174, 46.392056574923544], [-1.8198839916505987, 46.392056574923544], [-1.8198839916505987, 46.373440366972474], [-1.8124498233782802, 46.373440366972474], [-1.8050156551059615, 46.35854740061162], [-1.797581486833643, 46.35854740061162], [-1.7901473185613246, 46.328761467889905], [-1.7752789820166874, 46.32503822629969], [-1.7752789820166874, 46.31759174311926], [-1.7678448137443687, 46.31759174311926], [-1.7641277296082096, 46.302698776758405], [-1.7529764771997316, 46.302698776758405], [-1.7529764771997316, 46.29897553516819], [-1.7381081406550947, 46.302698776758405], [-1.7381081406550947, 46.295252293577974], [-1.7232398041104575, 46.295252293577974], [-1.7195227199742982, 46.29897553516819], [-1.7195227199742982, 46.28780581039755], [-1.7083714675658204, 46.28780581039755], [-1.7083714675658204, 46.276636085626905], [-1.6972202151573426, 46.26918960244648], [-1.6972202151573426, 46.258019877675835], [-1.6897860468850239, 46.25057339449541], [-1.6823518786127054, 46.25057339449541], [-1.6823518786127054, 46.246850152905196], [-1.6712006262042276, 46.246850152905196], [-1.6674835420680683, 46.231957186544335], [-1.6600493737957496, 46.22823394495413], [-1.6600493737957496, 46.22451070336391], [-1.6712006262042276, 46.22451070336391], [-1.6712006262042276, 46.220787461773696], [-1.663766457931909, 46.213340978593266], [-1.6600493737957496, 46.213340978593266], [-1.6600493737957496, 46.220787461773696], [-1.6488981213872718, 46.21706422018348], [-1.6451810372511126, 46.194724770642196], [-1.6488981213872718, 46.194724770642196], [-1.652615205523431, 46.168662079510696], [-1.637746868978794, 46.168662079510696], [-1.637746868978794, 46.16493883792049], [-1.6451810372511126, 46.16493883792049], [-1.6451810372511126, 46.15749235474006], [-1.637746868978794, 46.15749235474006], [-1.6340297848426346, 46.1425993883792], [-1.6191614482979975, 46.1425993883792], [-1.6191614482979975, 46.13515290519877], [-1.5819906069364047, 46.13515290519877], [-1.5819906069364047, 46.14632262996941], [-1.5559710179832897, 46.14632262996941], [-1.5559710179832897, 46.1425993883792], [-1.5485368497109713, 46.1425993883792], [-1.5485368497109713, 46.13515290519877], [-1.5336685131663341, 46.13515290519877], [-1.5299514290301748, 46.14632262996941], [-1.5411026814386526, 46.14632262996941], [-1.544819765574812, 46.15749235474006], [-1.5225172607578563, 46.15749235474006], [-1.5225172607578563, 46.15376911314984], [-1.5150830924855376, 46.15376911314984], [-1.5076489242132192, 46.14632262996941], [-1.4890635035324227, 46.1425993883792], [-1.4890635035324227, 46.13515290519877], [-1.4816293352601042, 46.1425993883792], [-1.4816293352601042, 46.13515290519877], [-1.4184389049453965, 46.12770642201834], [-1.4184389049453965, 46.123983180428134], [-1.4035705684007593, 46.123983180428134], [-1.4035705684007593, 46.12025993883792], [-1.3849851477199628, 46.12025993883792], [-1.3887022318561222, 46.12770642201834], [-1.3775509794476444, 46.12770642201834], [-1.3775509794476444, 46.12025993883792], [-1.332945969813733, 46.1165366972477], [-1.332945969813733, 46.11281345565749], [-1.2994922125882995, 46.11281345565749], [-1.2994922125882995, 46.10909021406727], [-1.2846238760436623, 46.10909021406727], [-1.2846238760436623, 46.11281345565749], [-1.2623213712267067, 46.1165366972477], [-1.2660384553628659, 46.08675076452599], [-1.2697555394990252, 46.08675076452599], [-1.2697555394990252, 46.05696483180428], [-1.2771897077713437, 46.05696483180428], [-1.2771897077713437, 46.060688073394495], [-1.2883409601798217, 46.060688073394495], [-1.2883409601798217, 46.0644113149847], [-1.3217947174052551, 46.06813455657492], [-1.3217947174052551, 46.07558103975535], [-1.3366630539498923, 46.07558103975535], [-1.3366630539498923, 46.079304281345564], [-1.3775509794476444, 46.08302752293577], [-1.3775509794476444, 46.08675076452599], [-1.4072876525369187, 46.0904740061162], [-1.4072876525369187, 46.09419724770642], [-1.4184389049453965, 46.09419724770642], [-1.4184389049453965, 46.097920489296634], [-1.440741409762352, 46.097920489296634], [-1.440741409762352, 46.10164373088685], [-1.45189266217083, 46.10164373088685], [-1.45189266217083, 46.10909021406727], [-1.5150830924855376, 46.11281345565749], [-1.5150830924855376, 46.10909021406727], [-1.5225172607578563, 46.10909021406727], [-1.5225172607578563, 46.10164373088685], [-1.559688102119449, 46.097920489296634], [-1.559688102119449, 46.10164373088685], [-1.5819906069364047, 46.10164373088685], [-1.5819906069364047, 46.10909021406727], [-1.5894247752087234, 46.1165366972477], [-1.5968589434810418, 46.1165366972477], [-1.5931418593448825, 46.12770642201834], [-1.5968589434810418, 46.123983180428134], [-1.6191614482979975, 46.123983180428134], [-1.6191614482979975, 46.1165366972477], [-1.6154443641618383, 46.1165366972477], [-1.6191614482979975, 46.11281345565749], [-1.6191614482979975, 46.0904740061162], [-1.6042931117533605, 46.08675076452599], [-1.6005760276172012, 46.06813455657492], [-1.5782735228002456, 46.0644113149847], [-1.5745564386640862, 46.05696483180428], [-1.5671222703917675, 46.05696483180428], [-1.559688102119449, 46.04207186544342], [-1.5336685131663341, 46.04207186544342], [-1.5299514290301748, 46.03090214067278], [-1.5076489242132192, 46.03090214067278], [-1.5076489242132192, 46.027178899082564], [-1.492780587668582, 46.027178899082564], [-1.492780587668582, 46.03090214067278], [-1.4853464193962636, 46.03090214067278], [-1.4853464193962636, 46.03834862385321], [-1.4741951669877855, 46.03834862385321], [-1.4704780828516264, 46.027178899082564], [-1.4556097463069892, 46.02345565749235], [-1.4556097463069892, 46.01228593272171], [-1.4704780828516264, 46.01228593272171], [-1.4741951669877855, 45.97505351681957], [-1.4853464193962636, 45.971330275229356], [-1.4816293352601042, 45.98622324159021], [-1.4853464193962636, 45.982499999999995], [-1.492780587668582, 45.98622324159021], [-1.5002147559409007, 45.97505351681957], [-1.4890635035324227, 45.971330275229356], [-1.4890635035324227, 45.963883792048925], [-1.4964976718047414, 45.956437308868495], [-1.5150830924855376, 45.956437308868495], [-1.518800176621697, 45.94154434250764], [-1.4890635035324227, 45.937821100917425], [-1.4890635035324227, 45.900588685015286], [-1.492780587668582, 45.900588685015286], [-1.4964976718047414, 45.88569571865443], [-1.492780587668582, 45.88941896024465], [-1.4741951669877855, 45.88569571865443], [-1.4741951669877855, 45.88941896024465], [-1.45189266217083, 45.893142201834856], [-1.4481755780346706, 45.90803516819572], [-1.440741409762352, 45.90803516819572], [-1.440741409762352, 45.900588685015286], [-1.4295901573538743, 45.900588685015286], [-1.425873073217715, 45.90803516819572], [-1.4184389049453965, 45.90803516819572], [-1.4184389049453965, 45.893142201834856], [-1.4072876525369187, 45.88941896024465], [-1.4072876525369187, 45.88197247706422], [-1.4035705684007593, 45.88197247706422], [-1.4035705684007593, 45.85963302752293], [-1.3961364001284406, 45.85963302752293], [-1.3961364001284406, 45.848463302752286], [-1.4035705684007593, 45.848463302752286], [-1.4035705684007593, 45.84101681957186], [-1.3961364001284406, 45.84101681957186], [-1.3961364001284406, 45.83729357798165], [-1.4035705684007593, 45.83729357798165], [-1.4035705684007593, 45.82984709480122], [-1.3961364001284406, 45.82984709480122], [-1.3961364001284406, 45.82240061162079], [-1.3924193159922815, 45.82240061162079], [-1.3961364001284406, 45.81123088685015], [-1.3887022318561222, 45.80750764525993], [-1.3887022318561222, 45.78144495412844], [-1.3849851477199628, 45.78144495412844], [-1.3887022318561222, 45.74421253822629], [-1.3924193159922815, 45.74421253822629], [-1.3924193159922815, 45.733042813455654], [-1.3961364001284406, 45.733042813455654], [-1.3924193159922815, 45.7181498470948], [-1.4035705684007593, 45.714426605504585], [-1.4035705684007593, 45.695810397553515], [-1.4072876525369187, 45.695810397553515], [-1.4072876525369187, 45.68464067278287], [-1.4110047366730778, 45.68464067278287], [-1.4110047366730778, 45.669747706422015], [-1.4072876525369187, 45.6660244648318], [-1.3924193159922815, 45.6660244648318], [-1.3924193159922815, 45.662301223241585], [-1.4072876525369187, 45.662301223241585], [-1.4035705684007593, 45.65857798165137], [-1.4035705684007593, 45.643685015290515], [-1.3924193159922815, 45.643685015290515], [-1.3924193159922815, 45.625068807339446], [-1.3849851477199628, 45.62879204892966], [-1.3887022318561222, 45.6138990825688], [-1.3849851477199628, 45.6138990825688], [-1.3849851477199628, 45.606452599388376], [-1.3775509794476444, 45.61017584097859], [-1.3775509794476444, 45.59155963302752], [-1.3701168111753257, 45.58783639143731], [-1.3663997270391666, 45.57666666666666], [-1.3589655587668479, 45.57666666666666], [-1.3515313904945294, 45.56922018348624], [-1.3515313904945294, 45.56177370030581], [-1.3403801380860516, 45.554327217125376], [-1.3403801380860516, 45.54315749235474], [-1.3180776332690958, 45.52826452599388], [-1.2994922125882995, 45.50220183486238], [-1.2920580443159808, 45.50220183486238], [-1.2846238760436623, 45.49103211009174], [-1.254887202954388, 45.483585626911314], [-1.254887202954388, 45.47613914373088], [-1.2474530346820696, 45.47241590214067], [-1.2474530346820696, 45.46496941896024], [-1.2437359505459102, 45.46496941896024], [-1.2474530346820696, 45.46124617737003], [-1.2474530346820696, 45.420290519877675], [-1.2363017822735916, 45.420290519877675], [-1.2363017822735916, 45.4016743119266], [-1.2325846981374324, 45.39795107033639], [-1.240018866409751, 45.39050458715596], [-1.228867614001273, 45.39050458715596], [-1.2325846981374324, 45.386781345565744], [-1.2325846981374324, 45.368165137614675], [-1.2214334457289546, 45.36444189602446], [-1.228867614001273, 45.356995412844036], [-1.2214334457289546, 45.356995412844036], [-1.2214334457289546, 45.330932721712536], [-1.2177163615927953, 45.330932721712536], [-1.2214334457289546, 45.32720948012232], [-1.2177163615927953, 45.30114678899082], [-1.2214334457289546, 45.297423547400605], [-1.2437359505459102, 45.297423547400605], [-1.2437359505459102, 45.28997706422018], [-1.2325846981374324, 45.278807339449536], [-1.2325846981374324, 45.252744648318036], [-1.228867614001273, 45.252744648318036], [-1.2363017822735916, 45.23040519877676], [-1.228867614001273, 45.22295871559633], [-1.2214334457289546, 45.22295871559633], [-1.2214334457289546, 45.20434250764526], [-1.2177163615927953, 45.20434250764526], [-1.2177163615927953, 45.19317278287461], [-1.228867614001273, 45.1894495412844], [-1.228867614001273, 45.1628252788104], [-1.2214334457289546, 45.1628252788104], [-1.2214334457289546, 45.15539033457249], [-1.2177163615927953, 45.15539033457249], [-1.2177163615927953, 45.13308550185873], [-1.2214334457289546, 45.13308550185873], [-1.2214334457289546, 45.11078066914498], [-1.228867614001273, 45.11078066914498], [-1.228867614001273, 45.08847583643122], [-1.2325846981374324, 45.08847583643122], [-1.228867614001273, 45.084758364312265], [-1.228867614001273, 45.06245353159851], [-1.2325846981374324, 45.06245353159851], [-1.2325846981374324, 45.04014869888476], [-1.240018866409751, 45.03643122676579], [-1.2437359505459102, 44.97695167286245], [-1.2511701188182287, 44.969516728624534], [-1.2511701188182287, 44.91375464684015], [-1.2474530346820696, 44.91375464684015], [-1.2474530346820696, 44.89888475836431], [-1.254887202954388, 44.89144981412639], [-1.254887202954388, 44.88029739776951], [-1.2623213712267067, 44.88029739776951], [-1.2660384553628659, 44.86171003717472], [-1.2697555394990252, 44.86171003717472], [-1.2697555394990252, 44.831970260223045], [-1.2734726236351845, 44.831970260223045], [-1.2734726236351845, 44.81710037174721], [-1.2771897077713437, 44.81710037174721], [-1.2771897077713437, 44.80594795539033], [-1.280906791907503, 44.80594795539033], [-1.280906791907503, 44.76133828996282], [-1.2734726236351845, 44.757620817843865], [-1.2734726236351845, 44.746468401486986], [-1.2771897077713437, 44.746468401486986], [-1.2771897077713437, 44.727881040892186], [-1.280906791907503, 44.727881040892186], [-1.280906791907503, 44.71301115241635], [-1.2846238760436623, 44.71301115241635], [-1.2846238760436623, 44.70185873605948], [-1.2883409601798217, 44.70185873605948], [-1.2883409601798217, 44.6907063197026], [-1.2920580443159808, 44.6907063197026], [-1.2920580443159808, 44.68327137546468], [-1.2994922125882995, 44.68327137546468], [-1.2994922125882995, 44.672118959107806], [-1.306926380860618, 44.664684014869884], [-1.3106434649967773, 44.62379182156133], [-1.3143605491329367, 44.62379182156133], [-1.3143605491329367, 44.59776951672862], [-1.3106434649967773, 44.59776951672862], [-1.3143605491329367, 44.56431226765799], [-1.3106434649967773, 44.56431226765799], [-1.3106434649967773, 44.54944237918215], [-1.306926380860618, 44.54944237918215], [-1.3032092967244586, 44.53457249070632], [-1.2883409601798217, 44.527137546468396], [-1.2883409601798217, 44.51598513011152], [-1.280906791907503, 44.51226765799256], [-1.280906791907503, 44.47137546468401], [-1.2771897077713437, 44.47137546468401], [-1.280906791907503, 44.46765799256505], [-1.280906791907503, 44.46022304832713], [-1.2771897077713437, 44.46022304832713], [-1.280906791907503, 44.445353159851294], [-1.2771897077713437, 44.44163568773234], [-1.2883409601798217, 44.43048327137546], [-1.2883409601798217, 44.41561338289962], [-1.2920580443159808, 44.41561338289962], [-1.2920580443159808, 44.400743494423786], [-1.2883409601798217, 44.39702602230483], [-1.3032092967244586, 44.39330855018587], [-1.2994922125882995, 44.3635687732342], [-1.3032092967244586, 44.3635687732342], [-1.3032092967244586, 44.3449814126394], [-1.306926380860618, 44.3449814126394], [-1.306926380860618, 44.31152416356877], [-1.3106434649967773, 44.31152416356877], [-1.3106434649967773, 44.28921933085501], [-1.3143605491329367, 44.28921933085501], [-1.3143605491329367, 44.26691449814126], [-1.3180776332690958, 44.26691449814126], [-1.3180776332690958, 44.24089219330855], [-1.3217947174052551, 44.24089219330855], [-1.3217947174052551, 44.22602230483271], [-1.3255118015414145, 44.22602230483271], [-1.3255118015414145, 44.18513011152416], [-1.332945969813733, 44.18513011152416], [-1.332945969813733, 44.17397769516728], [-1.3403801380860516, 44.166542750929366], [-1.3440972222222107, 44.125650557620816], [-1.34781430635837, 44.125650557620816], [-1.34781430635837, 44.118215613382894], [-1.3552484746306885, 44.11078066914498], [-1.3515313904945294, 44.09219330855018], [-1.3552484746306885, 44.09219330855018], [-1.3552484746306885, 44.08104089219331], [-1.3589655587668479, 44.08104089219331], [-1.3589655587668479, 44.06245353159851], [-1.3663997270391666, 44.06245353159851], [-1.3701168111753257, 44.04758364312267], [-1.373833895311485, 44.04758364312267], [-1.3812680635838035, 43.99553903345724], [-1.3849851477199628, 43.99553903345724], [-1.3887022318561222, 43.97323420074349], [-1.3924193159922815, 43.97323420074349], [-1.3924193159922815, 43.9546468401487], [-1.3961364001284406, 43.9546468401487], [-1.3961364001284406, 43.947211895910776], [-1.4035705684007593, 43.947211895910776], [-1.4035705684007593, 43.92862453531598], [-1.4072876525369187, 43.92862453531598], [-1.4110047366730778, 43.906319702602225], [-1.4147218208092371, 43.906319702602225], [-1.4184389049453965, 43.88029739776951], [-1.425873073217715, 43.872862453531596], [-1.4295901573538743, 43.85055762081784], [-1.4370243256261928, 43.85055762081784], [-1.4444584938985114, 43.80594795539033], [-1.45189266217083, 43.80223048327137], [-1.45189266217083, 43.78736059479554], [-1.4481755780346706, 43.78364312267657], [-1.45189266217083, 43.78364312267657], [-1.45189266217083, 43.7724907063197], [-1.4556097463069892, 43.7724907063197], [-1.4556097463069892, 43.7539033457249], [-1.4593268304431486, 43.7539033457249], [-1.4593268304431486, 43.739033457249064], [-1.4630439145793077, 43.739033457249064], [-1.4630439145793077, 43.70929368029739], [-1.4704780828516264, 43.70929368029739], [-1.4704780828516264, 43.68327137546468], [-1.4630439145793077, 43.68327137546468], [-1.4593268304431486, 43.66840148698884], [-1.45189266217083, 43.66840148698884], [-1.4556097463069892, 43.653531598513005], [-1.4741951669877855, 43.653531598513005], [-1.4741951669877855, 43.66096654275093], [-1.4779122511239449, 43.66096654275093], [-1.4816293352601042, 43.64237918215613], [-1.4890635035324227, 43.63494423791821], [-1.4890635035324227, 43.62750929368029], [-1.4964976718047414, 43.62379182156133], [-1.5002147559409007, 43.60520446096654], [-1.5113660083493785, 43.60148698884758], [-1.518800176621697, 43.57546468401487], [-1.5336685131663341, 43.56059479553903], [-1.5336685131663341, 43.54944237918215], [-1.5411026814386526, 43.54944237918215], [-1.5485368497109713, 43.538289962825274], [-1.5634051862556084, 43.53457249070632], [-1.559688102119449, 43.53085501858736], [-1.5634051862556084, 43.5085501858736], [-1.5819906069364047, 43.504832713754645], [-1.5819906069364047, 43.493680297397766], [-1.6005760276172012, 43.486245353159845], [-1.6005760276172012, 43.47509293680297], [-1.6042931117533605, 43.47509293680297], [-1.6042931117533605, 43.46765799256505], [-1.611727280025679, 43.46765799256505], [-1.6228785324341568, 43.43420074349442], [-1.6340297848426346, 43.43420074349442], [-1.6340297848426346, 43.4267657992565], [-1.652615205523431, 43.4267657992565], [-1.6600493737957496, 43.419330855018586], [-1.6674835420680683, 43.419330855018586], [-1.6712006262042276, 43.40817843866171], [-1.678634794476546, 43.40817843866171], [-1.678634794476546, 43.40446096654275], [-1.6897860468850239, 43.40817843866171], [-1.6897860468850239, 43.40446096654275], [-1.7009372992935017, 43.40446096654275], [-1.7009372992935017, 43.400743494423786], [-1.7232398041104575, 43.400743494423786], [-1.730673972382776, 43.39330855018587], [-1.7418252247912538, 43.39702602230483], [-1.7418252247912538, 43.40446096654275], [-1.7604106454720503, 43.40446096654275], [-1.771561897880528, 43.39330855018587], [-1.7864302344251652, 43.39330855018587], [-1.7901473185613246, 43.400743494423786], [-1.8012985709698024, 43.400743494423786], [-1.8087327392421209, 43.39330855018587], [-1.8570548330121914, 43.38587360594795], [-1.8570548330121914, 43.38215613382899], [-1.8682060854206695, 43.38215613382899], [-1.8682060854206695, 43.37472118959107], [-1.875640253692988, 43.37472118959107], [-1.8793573378291473, 43.3635687732342], [-1.8867915061014657, 43.3635687732342], [-1.890508590237625, 43.35613382899628], [-1.8979427585099435, 43.35613382899628], [-1.9016598426461029, 43.34869888475836], [-1.9128110950545807, 43.34869888475836], [-1.9128110950545807, 43.34126394052044], [-1.9388306840076956, 43.34126394052044], [-1.9388306840076956, 43.337546468401484], [-1.9760015253692886, 43.34126394052044], [-1.9760015253692886, 43.337546468401484], [-1.9983040301862443, 43.33382899628253], [-1.9983040301862443, 43.33011152416356], [-2.046626123956315, 43.326394052044606], [-2.046626123956315, 43.32267657992565], [-2.061494460500952, 43.32267657992565], [-2.061494460500952, 43.318959107806684], [-2.076362797045589, 43.318959107806684], [-2.076362797045589, 43.31524163568773], [-2.1098165542710228, 43.31152416356877], [-2.1098165542710228, 43.30408921933085], [-2.1321190590879784, 43.30408921933085], [-2.1321190590879784, 43.30037174721189], [-2.180441152858049, 43.30037174721189], [-2.180441152858049, 43.30408921933085], [-2.1878753211303676, 43.30408921933085], [-2.1878753211303676, 43.31524163568773], [-2.2027436576750046, 43.31524163568773], [-2.2027436576750046, 43.318959107806684], [-2.2101778259473233, 43.318959107806684], [-2.2101778259473233, 43.31524163568773], [-2.251065751445075, 43.318959107806684], [-2.251065751445075, 43.31524163568773], [-2.262217003853553, 43.31524163568773], [-2.262217003853553, 43.31152416356877], [-2.2733682562620308, 43.31152416356877], [-2.2733682562620308, 43.31524163568773], [-2.2808024245343494, 43.31524163568773], [-2.2808024245343494, 43.31152416356877], [-2.340275770712898, 43.31152416356877], [-2.340275770712898, 43.31524163568773], [-2.3477099389852167, 43.31524163568773], [-2.3477099389852167, 43.31152416356877], [-2.355144107257535, 43.31152416356877], [-2.355144107257535, 43.31524163568773], [-2.3737295279383317, 43.318959107806684], [-2.377446612074491, 43.326394052044606], [-2.3960320327552873, 43.33011152416356], [-2.3960320327552873, 43.33382899628253], [-2.3997491168914467, 43.33011152416356], [-2.4146174534360836, 43.33011152416356], [-2.4220516217084023, 43.337546468401484], [-2.459222463069995, 43.34126394052044], [-2.459222463069995, 43.34869888475836], [-2.470373715478473, 43.359851301115235], [-2.481524967886951, 43.359851301115235], [-2.4926762202954285, 43.37472118959107], [-2.5038274727039065, 43.37472118959107], [-2.5038274727039065, 43.38215613382899], [-2.511261640976225, 43.38215613382899], [-2.511261640976225, 43.38587360594795], [-2.514978725112384, 43.38215613382899], [-2.5298470616570214, 43.38215613382899], [-2.540998314065499, 43.39330855018587], [-2.552149566473977, 43.39330855018587], [-2.552149566473977, 43.39702602230483], [-2.58932040783557, 43.39702602230483], [-2.58932040783557, 43.400743494423786], [-2.6264912491971626, 43.400743494423786]], [[-4.804460966542746, 48.465602189781016], [-4.808178438661705, 48.46932278994322], [-4.808178438661705, 48.465602189781016], [-4.804460966542746, 48.465602189781016]], [[-4.589252675840967, 48.327939983779395], [-4.592975917431182, 48.3316605839416], [-4.592975917431182, 48.327939983779395], [-4.589252675840967, 48.327939983779395]], [[-4.759851301115237, 48.04145377128953], [-4.763568773234196, 48.045174371451736], [-4.763568773234196, 48.04145377128953], [-4.759851301115237, 48.04145377128953]], [[-3.3568597094801116, 47.59498175182481], [-3.3531364678898976, 47.59126115166261], [-3.3531364678898976, 47.59498175182481], [-3.3568597094801116, 47.59498175182481]], [[-2.8467756116207843, 47.30849553933495], [-2.8356058868501424, 47.30849553933495], [-2.8356058868501424, 47.31221613949716], [-2.8467756116207843, 47.31221613949716], [-2.8467756116207843, 47.30849553933495]], [[-2.5298470616570214, 47.20803933495539], [-2.5298470616570214, 47.20431873479318], [-2.5186958092485434, 47.20431873479318], [-2.5186958092485434, 47.20803933495539], [-2.5298470616570214, 47.20803933495539]], [[-2.4257687058445616, 46.79788990825688], [-2.436919958253039, 46.79788990825688], [-2.436919958253039, 46.79416666666666], [-2.429485789980721, 46.79044342507645], [-2.4257687058445616, 46.79788990825688]], [[-2.444354126525358, 46.79416666666666], [-2.444354126525358, 46.78299694189602], [-2.43320287411688, 46.78299694189602], [-2.436919958253039, 46.79416666666666], [-2.444354126525358, 46.79416666666666]], [[-3.0887863149846986, 43.38215613382899], [-3.092509556574913, 43.38215613382899], [-3.092509556574913, 43.37472118959107], [-3.0887863149846986, 43.37472118959107], [-3.0887863149846986, 43.38215613382899]], [[-3.092509556574913, 43.37472118959107], [-3.096232798165127, 43.371003717472114], [-3.092509556574913, 43.371003717472114], [-3.092509556574913, 43.37472118959107]], [[-4.60042240061161, 48.22376317923763], [-4.604145642201824, 48.22748377939983], [-4.604145642201824, 48.22376317923763], [-4.60042240061161, 48.22376317923763]], [[-4.153633409785922, 47.76984995944849], [-4.149910168195707, 47.773570559610704], [-4.153633409785922, 47.773570559610704], [-4.153633409785922, 47.76984995944849]], [[-4.108954510703353, 47.758688158961874], [-4.108954510703353, 47.76612935928629], [-4.112677752293567, 47.76612935928629], [-4.112677752293567, 47.758688158961874], [-4.108954510703353, 47.758688158961874]], [[-3.8632205657492245, 47.714040957015406], [-3.8632205657492245, 47.71776155717761], [-3.870667048929653, 47.71776155717761], [-3.870667048929653, 47.714040957015406], [-3.8632205657492245, 47.714040957015406]], [[-3.8594973241590105, 47.714040957015406], [-3.8557740825687965, 47.71776155717761], [-3.8594973241590105, 47.71776155717761], [-3.8594973241590105, 47.714040957015406]], [[-3.84088111620794, 47.70659975669099], [-3.84088111620794, 47.714040957015406], [-3.844604357798154, 47.714040957015406], [-3.844604357798154, 47.70659975669099], [-3.84088111620794, 47.70659975669099]], [[-3.9376853975535058, 47.684276155717754], [-3.933962155963292, 47.67311435523114], [-3.930238914373078, 47.67311435523114], [-3.930238914373078, 47.684276155717754], [-3.9376853975535058, 47.684276155717754]], [[-4.008426987767574, 47.66939375506893], [-4.008426987767574, 47.68055555555555], [-4.0158734709480015, 47.68055555555555], [-4.0158734709480015, 47.67311435523114], [-4.008426987767574, 47.66939375506893]], [[-4.008426987767574, 47.66939375506893], [-4.004703746177359, 47.66567315490673], [-4.004703746177359, 47.66939375506893], [-4.008426987767574, 47.66939375506893]], [[-4.030766437308857, 47.66567315490673], [-4.030766437308857, 47.65823195458231], [-4.0158734709480015, 47.65823195458231], [-4.019596712538215, 47.66567315490673], [-4.030766437308857, 47.66567315490673]], [[-3.543021788990815, 47.66195255474452], [-3.543021788990815, 47.66567315490673], [-3.550468272171243, 47.66567315490673], [-3.550468272171243, 47.66195255474452], [-3.543021788990815, 47.66195255474452]], [[-3.5765309633027416, 47.65823195458231], [-3.5728077217125276, 47.66195255474452], [-3.5765309633027416, 47.66195255474452], [-3.5765309633027416, 47.65823195458231]], [[-3.3047343272171146, 47.49452554744525], [-3.3084575688073286, 47.490804947283046], [-3.3047343272171146, 47.490804947283046], [-3.3047343272171146, 47.49452554744525]], [[-3.3047343272171146, 47.48336374695863], [-3.3010110856269006, 47.48336374695863], [-3.3047343272171146, 47.47592254663422], [-3.2861181192660442, 47.47592254663422], [-3.2823948776758303, 47.464760746147604], [-3.2786716360856163, 47.464760746147604], [-3.2786716360856163, 47.47220194647201], [-3.271225152905188, 47.47220194647201], [-3.267501911314974, 47.48336374695863], [-3.2488857033639036, 47.48336374695863], [-3.2451624617736896, 47.490804947283046], [-3.274948394495402, 47.490804947283046], [-3.274948394495402, 47.49452554744525], [-3.2823948776758303, 47.49452554744525], [-3.2823948776758303, 47.490804947283046], [-3.3047343272171146, 47.490804947283046], [-3.3047343272171146, 47.48336374695863]], [[-3.159527905198766, 47.44615774533657], [-3.1706976299694083, 47.427554744525544], [-3.1781441131498362, 47.42383414436334], [-3.1744208715596223, 47.41267234387672], [-3.1446349388379096, 47.41267234387672], [-3.1371884556574816, 47.42383414436334], [-3.107402522935769, 47.42383414436334], [-3.107402522935769, 47.43499594484995], [-3.1222954892966253, 47.43499594484995], [-3.1222954892966253, 47.44243714517437], [-3.1334652140672676, 47.44615774533657], [-3.1334652140672676, 47.44987834549878], [-3.148358180428124, 47.44987834549878], [-3.148358180428124, 47.44615774533657], [-3.159527905198766, 47.44615774533657]], [[-2.991982033639133, 47.44243714517437], [-2.991982033639133, 47.44615774533657], [-2.999428516819561, 47.44615774533657], [-3.0031517584097753, 47.43871654501216], [-2.991982033639133, 47.44243714517437]], [[-3.1446349388379096, 47.390348742903484], [-3.1446349388379096, 47.38662814274128], [-3.1297419724770537, 47.38662814274128], [-3.1297419724770537, 47.38290754257907], [-3.099956039755341, 47.38290754257907], [-3.092509556574913, 47.390348742903484], [-3.0776165902140566, 47.390348742903484], [-3.0813398318042706, 47.38290754257907], [-3.0738933486238427, 47.379186942416865], [-3.0738933486238427, 47.390348742903484], [-3.055277140672772, 47.40895174371451], [-3.0664468654434143, 47.40895174371451], [-3.0701701070336282, 47.4015105433901], [-3.0776165902140566, 47.4015105433901], [-3.0776165902140566, 47.39406934306569], [-3.0887863149846986, 47.39406934306569], [-3.092509556574913, 47.41267234387672], [-3.1222954892966253, 47.416392944038925], [-3.1260187308868392, 47.40895174371451], [-3.1371884556574816, 47.40895174371451], [-3.1371884556574816, 47.390348742903484], [-3.1446349388379096, 47.390348742903484]], [[-4.756133828996278, 48.588381995133815], [-4.752416356877319, 48.59210259529602], [-4.756133828996278, 48.59210259529602], [-4.756133828996278, 48.588381995133815]], [[-4.767286245353155, 48.562337793998374], [-4.763568773234196, 48.56605839416058], [-4.767286245353155, 48.56605839416058], [-4.767286245353155, 48.562337793998374]], [[-5.113011152416352, 48.48420519059205], [-5.109293680297393, 48.476763990267635], [-5.116728624535312, 48.476763990267635], [-5.116728624535312, 48.46932278994322], [-5.131598513011148, 48.46932278994322], [-5.139033457249066, 48.45816098945661], [-5.153903345724903, 48.4544403892944], [-5.153903345724903, 48.44699918896999], [-5.120446096654271, 48.450719789132194], [-5.120446096654271, 48.44327858880778], [-5.127881040892189, 48.44327858880778], [-5.135315985130107, 48.42467558799675], [-5.131598513011148, 48.428396188158956], [-5.109293680297393, 48.428396188158956], [-5.109293680297393, 48.43211678832116], [-5.08327137546468, 48.43583738848337], [-5.08327137546468, 48.44699918896999], [-5.053531598513007, 48.44699918896999], [-5.049814126394048, 48.4544403892944], [-5.027509293680293, 48.46188158961881], [-5.027509293680293, 48.46932278994322], [-5.046096654275088, 48.465602189781016], [-5.049814126394048, 48.48048459042984], [-5.064684014869884, 48.48048459042984], [-5.068401486988843, 48.487925790754254], [-5.07955390334572, 48.487925790754254], [-5.07955390334572, 48.48048459042984], [-5.113011152416352, 48.48420519059205]], [[-4.863940520446092, 48.43211678832116], [-4.867657992565051, 48.44699918896999], [-4.878810408921928, 48.44699918896999], [-4.878810408921928, 48.43583738848337], [-4.863940520446092, 48.43211678832116]], [[-4.696654275092932, 48.27585158150851], [-4.692936802973973, 48.279572181670716], [-4.696654275092932, 48.279572181670716], [-4.696654275092932, 48.27585158150851]], [[-4.6153153669724665, 48.19399837793998], [-4.62230483271375, 48.19399837793998], [-4.62230483271375, 48.19027777777777], [-4.6153153669724665, 48.19027777777777], [-4.6153153669724665, 48.19399837793998]], [[-4.78959107806691, 48.067497972424974], [-4.793308550185869, 48.07865977291159], [-4.808178438661705, 48.07493917274939], [-4.808178438661705, 48.071218572587185], [-4.78959107806691, 48.067497972424974]], [[-4.99776951672862, 48.045174371451736], [-4.994052044609661, 48.060056772100566], [-5.008921933085497, 48.060056772100566], [-5.012639405204456, 48.04889497161395], [-4.99776951672862, 48.045174371451736]], [[-4.938289962825274, 48.03773317112733], [-4.938289962825274, 48.034012570965125], [-4.886245353159847, 48.034012570965125], [-4.886245353159847, 48.030291970802914], [-4.852788104089215, 48.030291970802914], [-4.852788104089215, 48.02657137064071], [-4.800743494423787, 48.02657137064071], [-4.808178438661705, 48.03773317112733], [-4.819330855018583, 48.03773317112733], [-4.823048327137542, 48.045174371451736], [-4.83048327137546, 48.045174371451736], [-4.837918215613378, 48.05261557177615], [-4.856505576208174, 48.05261557177615], [-4.856505576208174, 48.060056772100566], [-4.860223048327133, 48.060056772100566], [-4.860223048327133, 48.05261557177615], [-4.867657992565051, 48.05261557177615], [-4.867657992565051, 48.060056772100566], [-4.875092936802969, 48.060056772100566], [-4.875092936802969, 48.05261557177615], [-4.886245353159847, 48.05261557177615], [-4.886245353159847, 48.060056772100566], [-4.889962825278806, 48.060056772100566], [-4.889962825278806, 48.05261557177615], [-4.897397769516724, 48.05261557177615], [-4.897397769516724, 48.060056772100566], [-4.919702602230479, 48.060056772100566], [-4.919702602230479, 48.05261557177615], [-4.923420074349438, 48.05261557177615], [-4.923420074349438, 48.060056772100566], [-4.964312267657988, 48.060056772100566], [-4.964312267657988, 48.05261557177615], [-4.971747211895906, 48.05261557177615], [-4.971747211895906, 48.060056772100566], [-4.975464684014865, 48.060056772100566], [-4.975464684014865, 48.05261557177615], [-4.979182156133824, 48.05261557177615], [-4.979182156133824, 48.060056772100566], [-4.982899628252784, 48.060056772100566], [-4.982899628252784, 48.045174371451736], [-4.979182156133824, 48.04145377128953], [-4.938289962825274, 48.03773317112733]], [[-5.042379182156129, 48.04889497161395], [-5.03866171003717, 48.05261557177615], [-5.042379182156129, 48.05261557177615], [-5.042379182156129, 48.04889497161395]], [[-5.016356877323416, 48.04889497161395], [-5.016356877323416, 48.05261557177615], [-5.027509293680293, 48.05261557177615], [-5.027509293680293, 48.04889497161395], [-5.016356877323416, 48.04889497161395]], [[-4.70408921933085, 48.007968369829676], [-4.70408921933085, 48.01168896999189], [-4.715241635687728, 48.01168896999189], [-4.715241635687728, 48.007968369829676], [-4.70408921933085, 48.007968369829676]], [[-4.596699159021396, 48.141909975669094], [-4.592975917431182, 48.145630575831305], [-4.596699159021396, 48.145630575831305], [-4.596699159021396, 48.141909975669094]], [[-1.6228785324341568, 43.47881040892193], [-1.6154443641618383, 43.47881040892193], [-1.611727280025679, 43.48996282527881], [-1.6042931117533605, 43.48996282527881], [-1.6005760276172012, 43.49739776951672], [-1.5894247752087234, 43.49739776951672], [-1.5894247752087234, 43.50111524163568], [-1.6042931117533605, 43.50111524163568], [-1.6154443641618383, 43.48996282527881], [-1.6228785324341568, 43.48996282527881], [-1.6228785324341568, 43.47881040892193]], [[-2.5558666506101364, 47.09947247706422], [-2.53728122992934, 47.10319571865443], [-2.53728122992934, 47.10691896024464], [-2.5558666506101364, 47.10691896024464], [-2.5558666506101364, 47.09947247706422]], [[-2.4852420520231098, 47.095749235474], [-2.4926762202954285, 47.095749235474], [-2.4926762202954285, 47.09947247706422], [-2.496393304431588, 47.095749235474], [-2.511261640976225, 47.095749235474], [-2.511261640976225, 47.09202599388379], [-2.5224128933847028, 47.09202599388379], [-2.5224128933847028, 47.095749235474], [-2.5298470616570214, 47.09202599388379], [-2.533564145793181, 47.095749235474], [-2.533564145793181, 47.09202599388379], [-2.540998314065499, 47.09202599388379], [-2.53728122992934, 47.07340978593272], [-2.5484324823378177, 47.07340978593272], [-2.5484324823378177, 47.0696865443425], [-2.5186958092485434, 47.0696865443425], [-2.5186958092485434, 47.07340978593272], [-2.511261640976225, 47.07340978593272], [-2.511261640976225, 47.08085626911315], [-2.488959136159269, 47.08457951070336], [-2.4852420520231098, 47.095749235474]], [[-2.511261640976225, 47.0696865443425], [-2.500110388567747, 47.0696865443425], [-2.500110388567747, 47.07340978593272], [-2.511261640976225, 47.07340978593272], [-2.511261640976225, 47.0696865443425]], [[-2.5595837347462957, 47.07340978593272], [-2.563300818882455, 47.0696865443425], [-2.5595837347462957, 47.0696865443425], [-2.5595837347462957, 47.07340978593272]], [[-2.563300818882455, 47.0696865443425], [-2.567017903018614, 47.06596330275229], [-2.563300818882455, 47.06596330275229], [-2.563300818882455, 47.0696865443425]], [[-2.462939547206154, 47.02500764525993], [-2.4666566313423135, 47.02873088685015], [-2.4666566313423135, 47.02500764525993], [-2.462939547206154, 47.02500764525993]], [[-2.4146174534360836, 46.80533639143731], [-2.418334537572243, 46.809059633027516], [-2.418334537572243, 46.80533639143731], [-2.4146174534360836, 46.80533639143731]], [[-1.9276794315992178, 46.559602446483176], [-1.9313965157353772, 46.559602446483176], [-1.9313965157353772, 46.54843272171254], [-1.9276794315992178, 46.54843272171254], [-1.9276794315992178, 46.559602446483176]], [[-1.8347523281952358, 46.399503058103974], [-1.8384694123313952, 46.40322629969418], [-1.8384694123313952, 46.399503058103974], [-1.8347523281952358, 46.399503058103974]], [[-1.8347523281952358, 46.39577981651376], [-1.8384694123313952, 46.39577981651376], [-1.8384694123313952, 46.38833333333333], [-1.8347523281952358, 46.38833333333333], [-1.8347523281952358, 46.39577981651376]], [[-2.500110388567747, 46.20217125382263], [-2.5038274727039065, 46.20589449541284], [-2.5038274727039065, 46.20217125382263], [-2.500110388567747, 46.20217125382263]], [[-2.43320287411688, 46.19100152905198], [-2.436919958253039, 46.194724770642196], [-2.436919958253039, 46.19100152905198], [-2.43320287411688, 46.19100152905198]], [[-2.377446612074491, 46.16493883792049], [-2.38116369621065, 46.168662079510696], [-2.38116369621065, 46.16493883792049], [-2.377446612074491, 46.16493883792049]], [[-1.5150830924855376, 46.13515290519877], [-1.5076489242132192, 46.13142966360856], [-1.5076489242132192, 46.1425993883792], [-1.5150830924855376, 46.1425993883792], [-1.5150830924855376, 46.13515290519877]], [[-1.4890635035324227, 45.989946483180425], [-1.492780587668582, 45.99366972477064], [-1.492780587668582, 45.989946483180425], [-1.4890635035324227, 45.989946483180425]], [[-1.2363017822735916, 45.32720948012232], [-1.240018866409751, 45.32720948012232], [-1.240018866409751, 45.31976299694189], [-1.2363017822735916, 45.31976299694189], [-1.2363017822735916, 45.32720948012232]], [[-2.593037491971729, 47.22664233576642], [-2.593037491971729, 47.219201135442006], [-2.5818862395632514, 47.2154805352798], [-2.5818862395632514, 47.22664233576642], [-2.593037491971729, 47.22664233576642]]], [[[-3.0292144495412736, 47.3382603406326], [-3.0329376911314876, 47.33453974047039], [-3.0329376911314876, 47.3382603406326], [-3.0292144495412736, 47.3382603406326]]], [[[-3.040384174311916, 47.330819140308186], [-3.051553899082558, 47.330819140308186], [-3.051553899082558, 47.32337793998378], [-3.055277140672772, 47.32337793998378], [-3.055277140672772, 47.341980940794805], [-3.040384174311916, 47.34570154095701], [-3.0329376911314876, 47.353142741281424], [-3.040384174311916, 47.330819140308186]]], [[[-2.831882645259928, 47.341980940794805], [-2.8356058868501424, 47.34570154095701], [-2.831882645259928, 47.34570154095701], [-2.831882645259928, 47.341980940794805]]], [[[-2.991982033639133, 47.41267234387672], [-2.995705275229347, 47.416392944038925], [-2.991982033639133, 47.416392944038925], [-2.991982033639133, 47.41267234387672]]], [[[-3.0180447247706312, 47.42383414436334], [-3.0180447247706312, 47.43499594484995], [-3.0068749999999893, 47.43499594484995], [-3.0068749999999893, 47.42383414436334], [-3.0180447247706312, 47.42383414436334]]], [[[-3.736630351681946, 47.76984995944849], [-3.7478000764525885, 47.76984995944849], [-3.7478000764525885, 47.773570559610704], [-3.736630351681946, 47.773570559610704], [-3.736630351681946, 47.76984995944849]]], [[[-4.417983562691121, 48.30933698296837], [-4.395644113149836, 48.30933698296837], [-4.395644113149836, 48.30561638280616], [-4.406813837920478, 48.30561638280616], [-4.406813837920478, 48.29817518248175], [-4.417983562691121, 48.29817518248175], [-4.417983562691121, 48.30933698296837]]], [[[-4.36213493883791, 48.30933698296837], [-4.365858180428123, 48.30561638280616], [-4.365858180428123, 48.30933698296837], [-4.36213493883791, 48.30933698296837]]], [[[-4.388197629969408, 48.30561638280616], [-4.388197629969408, 48.30933698296837], [-4.377027905198766, 48.30933698296837], [-4.377027905198766, 48.30561638280616], [-4.388197629969408, 48.30561638280616]]], [[[-4.417983562691121, 48.30933698296837], [-4.421706804281334, 48.31305758313057], [-4.417983562691121, 48.31305758313057], [-4.417983562691121, 48.30933698296837]]], [[[-4.429153287461763, 48.31305758313057], [-4.432876529051977, 48.30933698296837], [-4.432876529051977, 48.31305758313057], [-4.429153287461763, 48.31305758313057]]], [[[-4.692936802973973, 48.32049878345499], [-4.696654275092932, 48.316778183292776], [-4.696654275092932, 48.32049878345499], [-4.692936802973973, 48.32049878345499]]], [[[-4.48127866972476, 48.3316605839416], [-4.477555428134545, 48.327939983779395], [-4.48127866972476, 48.327939983779395], [-4.48127866972476, 48.3316605839416]]], [[[-4.626485091743108, 48.625587996755876], [-4.62230483271375, 48.62186739659367], [-4.626485091743108, 48.62186739659367], [-4.626485091743108, 48.625587996755876]]], [[[-2.392314948619128, 46.79788990825688], [-2.3848807803468093, 46.79788990825688], [-2.3848807803468093, 46.79044342507645], [-2.3885978644829686, 46.79044342507645], [-2.392314948619128, 46.79788990825688]]], [[[-2.366295359666013, 46.84629204892966], [-2.3737295279383317, 46.84629204892966], [-2.3737295279383317, 46.85001529051987], [-2.366295359666013, 46.85001529051987], [-2.366295359666013, 46.84629204892966]]], [[[-2.488959136159269, 46.91331039755351], [-2.481524967886951, 46.924480122324155], [-2.470373715478473, 46.924480122324155], [-2.470373715478473, 46.917033639143725], [-2.481524967886951, 46.917033639143725], [-2.481524967886951, 46.91331039755351], [-2.488959136159269, 46.91331039755351]]], [[[-2.3477099389852167, 47.07340978593272], [-2.351427023121376, 47.07340978593272], [-2.351427023121376, 47.08085626911315], [-2.3477099389852167, 47.08085626911315], [-2.3477099389852167, 47.07340978593272]]], [[[-2.321690350032102, 47.08830275229357], [-2.325407434168261, 47.08457951070336], [-2.325407434168261, 47.08830275229357], [-2.321690350032102, 47.08830275229357]]], [[[-2.2733682562620308, 47.095749235474], [-2.284519508670509, 47.095749235474], [-2.284519508670509, 47.09947247706422], [-2.258499919717394, 47.09947247706422], [-2.258499919717394, 47.095749235474], [-2.247348667308916, 47.095749235474], [-2.247348667308916, 47.09202599388379], [-2.2733682562620308, 47.09202599388379], [-2.2733682562620308, 47.095749235474]]], [[[-2.366295359666013, 47.10319571865443], [-2.355144107257535, 47.10319571865443], [-2.355144107257535, 47.095749235474], [-2.3737295279383317, 47.095749235474], [-2.366295359666013, 47.10319571865443]]], [[[-2.6941227064220077, 47.14415137614679], [-2.6941227064220077, 47.15159785932721], [-2.6903994648317937, 47.15159785932721], [-2.6903994648317937, 47.14415137614679], [-2.6941227064220077, 47.14415137614679]]], [[[-2.488959136159269, 47.16276758409786], [-2.488959136159269, 47.16649082568807], [-2.481524967886951, 47.16649082568807], [-2.481524967886951, 47.16276758409786], [-2.488959136159269, 47.16276758409786]]], [[[-2.656890290519867, 48.68511759935117], [-2.656890290519867, 48.673955798864554], [-2.6717832568807234, 48.67023519870235], [-2.6717832568807234, 48.66651459854014], [-2.6829529816513653, 48.66651459854014], [-2.6829529816513653, 48.67023519870235], [-2.6978459480122217, 48.66651459854014], [-2.6978459480122217, 48.65535279805352], [-2.7052924311926496, 48.65535279805352], [-2.7052924311926496, 48.64419099756691], [-2.716462155963292, 48.64419099756691], [-2.716462155963292, 48.65163219789132], [-2.7276318807339344, 48.65163219789132], [-2.7313551223241483, 48.65907339821573], [-2.761141055045861, 48.66651459854014], [-2.761141055045861, 48.67023519870235], [-2.7834805045871454, 48.67023519870235], [-2.7909269877675733, 48.67767639902676], [-2.7983734709480017, 48.673955798864554], [-2.7983734709480017, 48.68511759935117], [-2.776034021406717, 48.68511759935117], [-2.776034021406717, 48.67767639902676], [-2.768587538226289, 48.67767639902676], [-2.768587538226289, 48.69255879967558], [-2.7797572629969314, 48.69255879967558], [-2.7834805045871454, 48.699999999999996], [-2.653167048929653, 48.699999999999996], [-2.6494438073394386, 48.69255879967558], [-2.6419973241590107, 48.69255879967558], [-2.6419973241590107, 48.68511759935117], [-2.656890290519867, 48.68511759935117]]], [[[-2.288236592806668, 48.67767639902676], [-2.2919536769428275, 48.673955798864554], [-2.2919536769428275, 48.67767639902676], [-2.288236592806668, 48.67767639902676]]], [[[-2.8020967125382157, 48.67767639902676], [-2.8095431957186436, 48.67767639902676], [-2.8095431957186436, 48.68511759935117], [-2.8020967125382157, 48.68511759935117], [-2.8020967125382157, 48.67767639902676]]], [[[-2.1507044797687747, 48.69627939983779], [-2.1358361432241377, 48.699999999999996], [-2.1507044797687747, 48.68511759935117], [-2.1878753211303676, 48.68511759935117], [-2.1878753211303676, 48.67767639902676], [-2.191592405266527, 48.67767639902676], [-2.191592405266527, 48.68511759935117], [-2.206460741811164, 48.68511759935117], [-2.206460741811164, 48.67767639902676], [-2.22504616249196, 48.67767639902676], [-2.2287632466281195, 48.67023519870235], [-2.262217003853553, 48.67023519870235], [-2.262217003853553, 48.673955798864554], [-2.2733682562620308, 48.673955798864554], [-2.269651172125872, 48.68883819951338], [-2.284519508670509, 48.68511759935117], [-2.284519508670509, 48.68883819951338], [-2.303104929351305, 48.68883819951338], [-2.303104929351305, 48.69255879967558], [-2.340275770712898, 48.69255879967558], [-2.340275770712898, 48.68883819951338], [-2.3625782755298537, 48.68511759935117], [-2.3588611913936943, 48.69255879967558], [-2.377446612074491, 48.69255879967558], [-2.377446612074491, 48.69627939983779], [-2.3848807803468093, 48.69627939983779], [-2.3848807803468093, 48.69255879967558], [-2.392314948619128, 48.69255879967558], [-2.392314948619128, 48.69627939983779], [-2.3997491168914467, 48.69627939983779], [-2.3997491168914467, 48.69255879967558], [-2.4109003692999242, 48.69255879967558], [-2.4109003692999242, 48.69627939983779], [-2.436919958253039, 48.69255879967558], [-2.436919958253039, 48.69627939983779], [-2.470373715478473, 48.69627939983779], [-2.470373715478473, 48.699999999999996], [-2.1730069845857303, 48.699999999999996], [-2.1730069845857303, 48.69627939983779], [-2.169289900449571, 48.699999999999996], [-2.1507044797687747, 48.699999999999996], [-2.1507044797687747, 48.69627939983779]]], [[[-2.3960320327552873, 48.68883819951338], [-2.3997491168914467, 48.68511759935117], [-2.3997491168914467, 48.68883819951338], [-2.3960320327552873, 48.68883819951338]]], [[[-2.5038274727039065, 48.69627939983779], [-2.5186958092485434, 48.69627939983779], [-2.5186958092485434, 48.699999999999996], [-2.4852420520231098, 48.699999999999996], [-2.4926762202954285, 48.69255879967558], [-2.5038274727039065, 48.69255879967558], [-2.5038274727039065, 48.69627939983779]]], [[[-0.9091983782915749, 45.52826452599388], [-0.9017642100192564, 45.52826452599388], [-0.9017642100192564, 45.52454128440367], [-0.9166325465638935, 45.52454128440367], [-0.9315008831085306, 45.53943425076452], [-0.924066714836212, 45.53943425076452], [-0.924066714836212, 45.53571100917431], [-0.9166325465638935, 45.53571100917431], [-0.9091983782915749, 45.52826452599388]]], [[[-0.9315008831085306, 45.53943425076452], [-0.9389350513808492, 45.53943425076452], [-0.9389350513808492, 45.54315749235474], [-0.9315008831085306, 45.54315749235474], [-0.9315008831085306, 45.53943425076452]]], [[[-0.9538033879254864, 45.54315749235474], [-0.9538033879254864, 45.54688073394495], [-0.9389350513808492, 45.54688073394495], [-0.9389350513808492, 45.54315749235474], [-0.9538033879254864, 45.54315749235474]]], [[[-1.0615988278741055, 45.572943425076446], [-1.0653159120102647, 45.57666666666666], [-1.0615988278741055, 45.57666666666666], [-1.0615988278741055, 45.572943425076446]]], [[[-1.043013407193309, 45.599006116207946], [-1.0318621547848312, 45.59528287461773], [-1.0281450706486719, 45.580389908256876], [-1.0095596499678756, 45.57666666666666], [-1.002125481695557, 45.56549694189602], [-0.9872571451509199, 45.56177370030581], [-0.9872571451509199, 45.55805045871559], [-0.9575204720616456, 45.554327217125376], [-0.9575204720616456, 45.54688073394495], [-0.9686717244701234, 45.54688073394495], [-0.9686717244701234, 45.54315749235474], [-0.9984083975593977, 45.54688073394495], [-0.9984083975593977, 45.554327217125376], [-1.0095596499678756, 45.554327217125376], [-1.0132767341040347, 45.56177370030581], [-1.0281450706486719, 45.56549694189602], [-1.0318621547848312, 45.57666666666666], [-1.0578817437379462, 45.580389908256876], [-1.0578817437379462, 45.59528287461773], [-1.0727500802825833, 45.599006116207946], [-1.0727500802825833, 45.61017584097859], [-1.0467304913294684, 45.606452599388376], [-1.043013407193309, 45.599006116207946]]], [[[-1.095052585099539, 45.599006116207946], [-1.0839013326910611, 45.60272935779816], [-1.0801842485549018, 45.59528287461773], [-1.095052585099539, 45.59528287461773], [-1.095052585099539, 45.599006116207946]]], [[[-1.043013407193309, 45.61017584097859], [-1.0541646596017868, 45.61017584097859], [-1.0541646596017868, 45.6138990825688], [-1.043013407193309, 45.6138990825688], [-1.043013407193309, 45.61017584097859]]], [[[-1.0615988278741055, 45.62134556574923], [-1.0541646596017868, 45.62134556574923], [-1.0541646596017868, 45.6138990825688], [-1.0615988278741055, 45.6138990825688], [-1.0615988278741055, 45.62134556574923]]], [[[-1.0727500802825833, 45.625068807339446], [-1.0801842485549018, 45.625068807339446], [-1.0801842485549018, 45.62879204892966], [-1.069032996146424, 45.62879204892966], [-1.0615988278741055, 45.62134556574923], [-1.0727500802825833, 45.62134556574923], [-1.0727500802825833, 45.625068807339446]]], [[[-1.0839013326910611, 45.62879204892966], [-1.0801842485549018, 45.632515290519876], [-1.0801842485549018, 45.62879204892966], [-1.0839013326910611, 45.62879204892966]]], [[[-1.1582430154142467, 45.651131498470946], [-1.1136380057803354, 45.643685015290515], [-1.1136380057803354, 45.6399617737003], [-1.1024867533718576, 45.6399617737003], [-1.1024867533718576, 45.636238532110085], [-1.0913355009633796, 45.636238532110085], [-1.0913355009633796, 45.632515290519876], [-1.1433746788696095, 45.6399617737003], [-1.1433746788696095, 45.643685015290515], [-1.1693942678227247, 45.643685015290515], [-1.1693942678227247, 45.64740825688073], [-1.1805455202312025, 45.64740825688073], [-1.1805455202312025, 45.651131498470946], [-1.2028480250481581, 45.651131498470946], [-1.2028480250481581, 45.65857798165137], [-1.240018866409751, 45.65857798165137], [-1.240018866409751, 45.662301223241585], [-1.2363017822735916, 45.6660244648318], [-1.187979688503521, 45.6660244648318], [-1.187979688503521, 45.662301223241585], [-1.1582430154142467, 45.65857798165137], [-1.1582430154142467, 45.651131498470946]]], [[[-1.4741951669877855, 46.07558103975535], [-1.4779122511239449, 46.079304281345564], [-1.4741951669877855, 46.079304281345564], [-1.4741951669877855, 46.07558103975535]]], [[[-1.5819906069364047, 46.08675076452599], [-1.5819906069364047, 46.0904740061162], [-1.5745564386640862, 46.0904740061162], [-1.5745564386640862, 46.08675076452599], [-1.5819906069364047, 46.08675076452599]]], [[[-1.4704780828516264, 46.10164373088685], [-1.4853464193962636, 46.08302752293577], [-1.4853464193962636, 46.10164373088685], [-1.4704780828516264, 46.10164373088685]]], [[[-1.544819765574812, 46.16121559633027], [-1.5485368497109713, 46.15749235474006], [-1.5485368497109713, 46.16121559633027], [-1.544819765574812, 46.16121559633027]]], [[[-1.3589655587668479, 46.246850152905196], [-1.3701168111753257, 46.246850152905196], [-1.3701168111753257, 46.25057339449541], [-1.3589655587668479, 46.25057339449541], [-1.3589655587668479, 46.246850152905196]]], [[[-1.5485368497109713, 46.321314984709474], [-1.5485368497109713, 46.31759174311926], [-1.5299514290301748, 46.31759174311926], [-1.5299514290301748, 46.30642201834862], [-1.4964976718047414, 46.302698776758405], [-1.4964976718047414, 46.29897553516819], [-1.4853464193962636, 46.29897553516819], [-1.4853464193962636, 46.295252293577974], [-1.4741951669877855, 46.295252293577974], [-1.4704780828516264, 46.28780581039755], [-1.4295901573538743, 46.284082568807335], [-1.425873073217715, 46.272912844036696], [-1.440741409762352, 46.276636085626905], [-1.4444584938985114, 46.26918960244648], [-1.4295901573538743, 46.265466360856266], [-1.4221559890815556, 46.25429663608562], [-1.4593268304431486, 46.258019877675835], [-1.4593268304431486, 46.26174311926605], [-1.4816293352601042, 46.265466360856266], [-1.4816293352601042, 46.26918960244648], [-1.5150830924855376, 46.272912844036696], [-1.5150830924855376, 46.276636085626905], [-1.5262343448940157, 46.276636085626905], [-1.5262343448940157, 46.284082568807335], [-1.5336685131663341, 46.284082568807335], [-1.5336685131663341, 46.28780581039755], [-1.5559710179832897, 46.291529051987766], [-1.559688102119449, 46.29897553516819], [-1.5745564386640862, 46.29897553516819], [-1.5782735228002456, 46.295252293577974], [-1.5782735228002456, 46.29897553516819], [-1.5968589434810418, 46.29897553516819], [-1.5968589434810418, 46.302698776758405], [-1.6191614482979975, 46.302698776758405], [-1.6191614482979975, 46.30642201834862], [-1.6340297848426346, 46.310145259938835], [-1.6340297848426346, 46.31759174311926], [-1.6451810372511126, 46.31759174311926], [-1.6488981213872718, 46.33248470948012], [-1.6228785324341568, 46.33248470948012], [-1.6228785324341568, 46.328761467889905], [-1.5968589434810418, 46.32503822629969], [-1.5968589434810418, 46.321314984709474], [-1.5485368497109713, 46.321314984709474]]], [[[-1.7158056358381388, 46.29897553516819], [-1.7158056358381388, 46.30642201834862], [-1.704654383429661, 46.30642201834862], [-1.704654383429661, 46.29897553516819], [-1.7158056358381388, 46.29897553516819]]], [[[-1.7195227199742982, 46.310145259938835], [-1.7232398041104575, 46.310145259938835], [-1.7195227199742982, 46.32503822629969], [-1.7083714675658204, 46.32503822629969], [-1.7083714675658204, 46.33248470948012], [-1.6972202151573426, 46.33248470948012], [-1.6972202151573426, 46.321314984709474], [-1.7195227199742982, 46.31759174311926], [-1.7195227199742982, 46.310145259938835]], [[-1.704654383429661, 46.32503822629969], [-1.7009372992935017, 46.328761467889905], [-1.704654383429661, 46.328761467889905], [-1.704654383429661, 46.32503822629969]]], [[[-1.6600493737957496, 46.336207951070335], [-1.6674835420680683, 46.336207951070335], [-1.6674835420680683, 46.33993119266054], [-1.6563322896595905, 46.33993119266054], [-1.652615205523431, 46.33248470948012], [-1.6600493737957496, 46.33248470948012], [-1.6600493737957496, 46.336207951070335]]], [[[-1.6935031310211832, 46.34365443425076], [-1.7009372992935017, 46.34365443425076], [-1.7009372992935017, 46.35110091743119], [-1.6935031310211832, 46.35110091743119], [-1.6935031310211832, 46.34365443425076]]], [[[-1.544819765574812, 46.34365443425076], [-1.5522539338471306, 46.33993119266054], [-1.5522539338471306, 46.34365443425076], [-1.5745564386640862, 46.34365443425076], [-1.5745564386640862, 46.35110091743119], [-1.6005760276172012, 46.35110091743119], [-1.6042931117533605, 46.35854740061162], [-1.559688102119449, 46.35854740061162], [-1.5522539338471306, 46.35110091743119], [-1.544819765574812, 46.35110091743119], [-1.544819765574812, 46.34365443425076]]], [[[-1.91652817919074, 46.53726299694189], [-1.91652817919074, 46.540986238532106], [-1.9090940109184216, 46.540986238532106], [-1.9090940109184216, 46.53726299694189], [-1.91652817919074, 46.53726299694189]]]]}}]}