{"type": "FeatureCollection", "features": [{"type": "Feature", "properties": {"t": "b0", "lvl": 0}, "geometry": {"type": "Polygon", "coordinates": [[[-18.699999999999996, 28.762499999999996], [-18.343749999999996, 29.231249999999996], [-17.631249999999994, 29.543749999999996], [-16.562499999999996, 29.699999999999996], [-15.137499999999992, 29.699999999999996], [-14.068749999999993, 29.58433159722222], [-13.525019591495077, 29.407791448749318], [-13.527126736111105, 29.407377373417717], [-13.52821180555555, 29.40476661392405], [-13.53211805555555, 29.40411392405063], [-13.533420138888882, 29.403026107594933], [-13.534722222222214, 29.39758702531645], [-13.533420138888882, 29.38779667721519], [-13.53211805555555, 29.38670886075949], [-13.52821180555555, 29.38605617088607], [-13.527777777777771, 29.3845332278481], [-13.525824652777771, 29.3834454113924], [-13.519314236111104, 29.3834454113924], [-13.517361111111104, 29.3845332278481], [-13.516059027777771, 29.38670886075949], [-13.514539930555546, 29.386491297468353], [-13.512586805555546, 29.3834454113924], [-13.508029513888882, 29.38366297468354], [-13.502387152777771, 29.389754746835443], [-13.49696180555555, 29.390842563291137], [-13.496310763888882, 29.393018196202526], [-13.493706597222216, 29.394541139240506], [-13.493175275134174, 29.397452133069272], [-13.356249999999992, 29.352994791666667], [-12.999999999999993, 29.00598958333333], [-13.000217013888882, 28.19631076388888], [-13.001302083333325, 27.849305555555553], [-13.002821180555548, 27.848871527777774], [-13.003689236111104, 27.84366319444444], [-13.00629340277777, 27.841276041666664], [-13.008246527777771, 27.826085069444442], [-13.012586805555546, 27.824131944444442], [-13.013454861111104, 27.82239583333333], [-13.015190972222214, 27.811328124999996], [-13.020399305555548, 27.807204861111103], [-13.021267361111104, 27.80481770833333], [-13.026475694444438, 27.803949652777774], [-13.028211805555546, 27.801345486111103], [-13.033420138888882, 27.80004340277777], [-13.03537326388888, 27.79092881944444], [-13.037760416666659, 27.789409722222217], [-13.041232638888882, 27.778993055555553], [-13.044487847222214, 27.775520833333328], [-13.046006944444436, 27.76467013888889], [-13.050347222222214, 27.75989583333333], [-13.058159722222214, 27.754687499999992], [-13.059678819444436, 27.749045138888885], [-13.062065972222216, 27.74817708333333], [-13.065972222222214, 27.742968749999996], [-13.075737847222214, 27.741015625], [-13.076388888888882, 27.739496527777774], [-13.080946180555546, 27.73776041666666], [-13.091579861111105, 27.736024305555553], [-13.099175347222216, 27.733637152777774], [-13.100694444444438, 27.732118055555553], [-13.101345486111104, 27.729079861111106], [-13.102647569444438, 27.728211805555553], [-13.109157986111104, 27.727560763888885], [-13.11241319444444, 27.72452256944444], [-13.116970486111104, 27.723871527777774], [-13.12131076388888, 27.71866319444444], [-13.128038194444436, 27.71671006944444], [-13.129123263888882, 27.71453993055555], [-13.136935763888882, 27.713454861111106], [-13.138237847222214, 27.712586805555553], [-13.140190972222214, 27.70802951388888], [-13.159722222222214, 27.701736111111106], [-13.166883680555548, 27.693706597222217], [-13.169487847222214, 27.692187499999996], [-13.170516402024433, 27.68258765517929], [-13.171586540210413, 27.679556756429303], [-13.17296006944444, 27.67873263888889], [-13.174045138888882, 27.67352430555555], [-13.17795138888888, 27.672222222222217], [-13.18012152777777, 27.669618055555553], [-13.180989583333325, 27.660720486111106], [-13.181857638888882, 27.658550347222214], [-13.187065972222214, 27.653124999999992], [-13.187717013888882, 27.64639756944444], [-13.190755208333325, 27.643142361111103], [-13.19162326388888, 27.637934027777774], [-13.19379340277777, 27.63706597222222], [-13.195746527777771, 27.630989583333328], [-13.200954861111104, 27.629253472222217], [-13.202039930555546, 27.624045138888885], [-13.20421006944444, 27.622743055555553], [-13.205078124999993, 27.61232638888888], [-13.205512152777771, 27.610590277777774], [-13.20768229166666, 27.608420138888885], [-13.208116319444438, 27.605815972222217], [-13.208984374999993, 27.590190972222217], [-13.211154513888882, 27.58780381944444], [-13.211588541666659, 27.585633680555553], [-13.212456597222216, 27.572612847222217], [-13.214626736111104, 27.570876736111106], [-13.215711805555546, 27.563064236111106], [-13.216579861111104, 27.561762152777774], [-13.221788194444436, 27.559809027777774], [-13.222439236111104, 27.555468749999996], [-13.224392361111104, 27.554166666666664], [-13.225260416666659, 27.55177951388889], [-13.229600694444436, 27.518359374999996], [-13.233072916666657, 27.512065972222217], [-13.235894097222216, 27.499045138888885], [-13.238715277777771, 27.495138888888885], [-13.24262152777777, 27.493836805555553], [-13.243706597222216, 27.488628472222214], [-13.245876736111104, 27.48754340277777], [-13.246744791666657, 27.47973090277777], [-13.249782986111104, 27.476475694444442], [-13.250651041666659, 27.471267361111103], [-13.252821180555548, 27.46996527777777], [-13.253689236111104, 27.459548611111103], [-13.254774305555546, 27.45694444444444], [-13.25672743055555, 27.455642361111103], [-13.257378472222216, 27.45130208333333], [-13.261284722222214, 27.449999999999996], [-13.263454861111104, 27.44739583333333], [-13.264539930555546, 27.436979166666664], [-13.26671006944444, 27.43546006944444], [-13.267578124999993, 27.42764756944444], [-13.268012152777771, 27.426345486111103], [-13.27018229166666, 27.42504340277777], [-13.271050347222214, 27.41723090277777], [-13.273871527777771, 27.41397569444444], [-13.27756076388888, 27.39835069444444], [-13.278862847222214, 27.39574652777777], [-13.283420138888882, 27.39357638888888], [-13.284288194444436, 27.391840277777774], [-13.28537326388888, 27.381423611111106], [-13.28797743055555, 27.378602430555553], [-13.288845486111104, 27.370789930555553], [-13.291449652777771, 27.368836805555553], [-13.292317708333325, 27.363628472222214], [-13.294487847222214, 27.36254340277777], [-13.296006944444436, 27.354296874999992], [-13.300347222222214, 27.35017361111111], [-13.303819444444436, 27.348437499999992], [-13.306423611111104, 27.34561631944444], [-13.308159722222214, 27.34171006944444], [-13.310329861111104, 27.322395833333328], [-13.315538194444436, 27.31631944444444], [-13.31662326388888, 27.308289930555553], [-13.31879340277777, 27.307204861111106], [-13.319878472222216, 27.301996527777774], [-13.325086805555546, 27.30004340277777], [-13.325954861111104, 27.29874131944444], [-13.327690972222214, 27.290277777777774], [-13.332031249999993, 27.28702256944444], [-13.333767361111104, 27.280946180555553], [-13.339843749999993, 27.27530381944444], [-13.34071180555555, 27.270746527777774], [-13.346788194444436, 27.268793402777774], [-13.347656249999993, 27.266406249999996], [-13.353081597222214, 27.262282986111106], [-13.358072916666657, 27.249479166666664], [-13.360894097222216, 27.24796006944444], [-13.361545138888882, 27.24578993055555], [-13.36762152777777, 27.243836805555553], [-13.368272569444436, 27.239496527777774], [-13.371310763888882, 27.23624131944444], [-13.372178819444438, 27.22842881944444], [-13.37369791666666, 27.227777777777774], [-13.376334821148822, 27.22247123099795], [-13.38237384835146, 27.214485612323454], [-13.386400874401957, 27.206327023347484], [-13.388454861111104, 27.205642361111103], [-13.388888888888882, 27.202604166666667], [-14.384722222222216, 27.200434027777774], [-16.708333333333325, 27.199999999999996], [-17.70416666666666, 27.356249999999996], [-18.36805555555555, 27.668749999999996], [-18.699999999999996, 28.137499999999996], [-18.699999999999996, 28.762499999999996]], [[-13.512586805555546, 29.194839464662444], [-13.514539930555546, 29.18546281645569], [-13.51671006944444, 29.184374999999996], [-13.51866319444444, 29.17763053797468], [-13.523003472222214, 29.17371439873417], [-13.524956597222216, 29.154786392405057], [-13.527126736111105, 29.15269921325597], [-13.527882728888578, 29.146162842284777], [-13.537625560652453, 29.13657302497412], [-13.551038500211384, 29.132729500817216], [-13.580032143478507, 29.132745547126202], [-13.585503472222214, 29.134244791666664], [-13.588107638888882, 29.13684895833333], [-13.60394965277777, 29.13706597222222], [-13.606987847222214, 29.136197916666667], [-13.611890843619525, 29.13163255144107], [-13.622395833333327, 29.130121527777774], [-13.636247578127803, 29.12554673230353], [-13.642680537155249, 29.12197741215525], [-13.646267361111104, 29.123394097222217], [-13.659288194444438, 29.12296006944444], [-13.661892361111104, 29.121657986111103], [-13.663194444444438, 29.119704861111103], [-13.664496527777771, 29.113845486111103], [-13.669704861111104, 29.112543402777774], [-13.670789930555548, 29.110373263888885], [-13.679904513888882, 29.108420138888885], [-13.681857638888882, 29.102560763888885], [-13.686197916666659, 29.09973958333333], [-13.687934027777771, 29.096484374999996], [-13.693142361111104, 29.09561631944444], [-13.696397569444438, 29.092578124999996], [-13.704210069444438, 29.09171006944444], [-13.705512152777771, 29.089105902777774], [-13.70768229166666, 29.088454861111106], [-13.70883410418658, 29.084505789614234], [-13.72128100684167, 29.08376426496065], [-13.723524305555546, 29.088454861111106], [-13.726562499999993, 29.088888888888885], [-13.728732638888882, 29.087586805555553], [-13.729166666666659, 29.084548611111106], [-13.730300775762826, 29.083226911917084], [-13.745442708333327, 29.081293402777774], [-13.74716685832357, 29.079815559928992], [-13.756293402777771, 29.07782118055555], [-13.757000649308402, 29.076406687494288], [-13.766137279238169, 29.072706228874416], [-13.773066447329342, 29.068187313510784], [-13.775824652777771, 29.067621527777774], [-13.784384871482613, 29.059464480422868], [-13.792100694444438, 29.055902777777774], [-13.79947916666666, 29.047873263888885], [-13.804253472222214, 29.04678819444444], [-13.806206597222216, 29.040711805555553], [-13.808593749999995, 29.039843749999996], [-13.812282986111104, 29.03441840277777], [-13.818142361111104, 29.02986111111111], [-13.820746527777771, 29.020095486111103], [-13.825954861111104, 29.018793402777774], [-13.827039930555546, 29.016189236111106], [-13.82921006944444, 29.01553819444444], [-13.830078124999993, 29.010329861111106], [-13.832031249999993, 29.009027777777774], [-13.83268229166666, 29.006857638888885], [-13.83451761203296, 28.975573293311726], [-13.836805555555548, 28.97170138888888], [-13.836588541666659, 28.96866319444444], [-13.83516912303519, 28.967598630470835], [-13.837605980956035, 28.937770860497036], [-13.84095248712952, 28.923387852584916], [-13.846354166666659, 28.921137152777774], [-13.849175347222214, 28.91440972222222], [-13.853732638888882, 28.910937499999992], [-13.85763888888888, 28.90616319444444], [-13.861328124999995, 28.897048611111103], [-13.865697789419317, 28.894768786196675], [-13.874782986111104, 28.893142361111103], [-13.878906249999991, 28.887934027777774], [-13.88172743055555, 28.88684895833333], [-13.88151041666666, 28.884461805555553], [-13.87760416666666, 28.881857638888885], [-13.876519097222216, 28.879904513888885], [-13.877170138888882, 28.863628472222217], [-13.876302083333325, 28.861024305555553], [-13.874565972222214, 28.859722222222217], [-13.871961805555548, 28.859722222222217], [-13.868706597222214, 28.860373263888885], [-13.866753472222214, 28.862543402777774], [-13.861824658169393, 28.86281722578071], [-13.859202839578655, 28.86093829599029], [-13.818648339411451, 28.860626253039058], [-13.808242790746807, 28.859574465926226], [-13.798559960259512, 28.856939027574978], [-13.797309027777771, 28.852560763888885], [-13.792968749999993, 28.84952256944444], [-13.791232638888882, 28.84366319444444], [-13.789062499999993, 28.842361111111106], [-13.786024305555546, 28.842578124999996], [-13.783369136986344, 28.845315110720293], [-13.780132152780975, 28.841086], [-13.775520920956053, 28.841086], [-13.76135815139197, 28.86601120874073], [-13.753906249999993, 28.871874999999996], [-13.751302083333327, 28.87534722222222], [-13.749741162635537, 28.881925492817903], [-13.737240187660614, 28.89741216397984], [-13.71141708535765, 28.915072520937976], [-13.680397802694339, 28.921887529873203], [-13.64561631944444, 28.92352430555555], [-13.641059027777771, 28.92482638888888], [-13.640190972222214, 28.926562499999996], [-13.635997798480428, 28.928659086870894], [-13.620086096731203, 28.929852813564427], [-13.608460011242892, 28.93388341844577], [-13.60087415254665, 28.943002290990346], [-13.5938612672309, 28.949707161919576], [-13.587673611111104, 28.95065104166666], [-13.585503472222214, 28.95282118055555], [-13.569878472222214, 28.953689236111106], [-13.565972222222214, 28.954774305555553], [-13.56488715277777, 28.956293402777774], [-13.559461805555546, 28.95694444444444], [-13.54969618055555, 28.956293402777774], [-13.54796006944444, 28.953689236111106], [-13.546440972222214, 28.953472222222217], [-13.540186955113283, 28.964783397912125], [-13.511280607138126, 28.978766387546408], [-13.487413194444438, 28.996440972222217], [-13.483153639174429, 29.000496008074723], [-13.47337356316532, 29.015009738204146], [-13.467230902777771, 29.01705729166666], [-13.465928819444438, 29.019227430555553], [-13.465277777777771, 29.022482638888885], [-13.466920357469993, 29.041079100256475], [-13.465277777777771, 29.04678819444444], [-13.464626736111105, 29.05655381944444], [-13.462022569444436, 29.059592013888885], [-13.461154513888882, 29.067404513888885], [-13.458984374999993, 29.068489583333328], [-13.458116319444438, 29.073697916666667], [-13.455512152777771, 29.075434027777774], [-13.454644097222216, 29.080642361111103], [-13.452039930555546, 29.08324652777777], [-13.451388888888882, 29.08975694444444], [-13.452039930555546, 29.10147569444444], [-13.454644097222216, 29.104079861111106], [-13.45616319444444, 29.109939236111106], [-13.458114457506685, 29.111193619508267], [-13.463482996728912, 29.130267751110768], [-13.462022569444436, 29.131206597222217], [-13.460503472222214, 29.134461805555553], [-13.454644097222216, 29.138585069444446], [-13.45160590277777, 29.143142361111103], [-13.444878472222216, 29.145746527777774], [-13.44379340277777, 29.150954861111106], [-13.44162326388888, 29.151605902777774], [-13.440321180555548, 29.15421006944444], [-13.432508680555548, 29.155512152777774], [-13.431206597222214, 29.156814236111106], [-13.429253472222214, 29.164626736111106], [-13.42491319444444, 29.16614583333333], [-13.42296006944444, 29.17829861111111], [-13.421440972222214, 29.179166666666664], [-13.42035590277777, 29.183488264767927], [-13.42035590277777, 29.197893591772146], [-13.421440972222214, 29.202215189873414], [-13.422527332323565, 29.202609132861365], [-13.41965619554167, 29.20852969971568], [-13.447453816944973, 29.231733462411594], [-13.465651430704522, 29.241737842336324], [-13.474392361111104, 29.24050632911392], [-13.482175525088357, 29.23856331356546], [-13.494192505701802, 29.224276074046497], [-13.496397422720692, 29.219422676077865], [-13.498697916666659, 29.218749999999996], [-13.500307591819928, 29.21081572778882], [-13.502657103954844, 29.204851875611663], [-13.505642361111104, 29.202512416490855], [-13.507378472222216, 29.197514504219406], [-13.512586805555546, 29.194839464662444]], [[-13.52018229166666, 29.278144778481007], [-13.521484374999993, 29.269007120253157], [-13.523003472222214, 29.26835443037974], [-13.523871527777771, 29.266613924050624], [-13.527384236403558, 29.247637214123714], [-13.538599910895444, 29.237215889795802], [-13.544487847222214, 29.236372626582273], [-13.54535590277777, 29.234196993670885], [-13.54796006944444, 29.23267405063291], [-13.548611111111104, 29.224841772151898], [-13.547960069444438, 29.222231012658227], [-13.544704861111104, 29.219620253164553], [-13.538845486111104, 29.218967563291134], [-13.536892361111104, 29.216139240506326], [-13.53537326388888, 29.216356803797467], [-13.533854166666659, 29.218967563291134], [-13.523437499999993, 29.219837816455694], [-13.521701388888882, 29.22027294303797], [-13.519748263888882, 29.22244857594936], [-13.509982638888882, 29.22310126582278], [-13.504557291666659, 29.225059335443035], [-13.501519097222214, 29.23419699367088], [-13.493706597222214, 29.241376582278477], [-13.491390584124005, 29.24662574717109], [-13.48741319444444, 29.248121044303794], [-13.486545138888882, 29.249426424050633], [-13.484844758708686, 29.257567136773865], [-13.48285590277777, 29.25856408227848], [-13.482204861111104, 29.26073971518987], [-13.478298611111105, 29.261392405063287], [-13.476128472222216, 29.264003164556957], [-13.475911458333327, 29.27270569620253], [-13.476996527777771, 29.2753164556962], [-13.478949652777771, 29.275969145569615], [-13.479166666666659, 29.277492088607595], [-13.485574107991019, 29.27882299839619], [-13.487722872863879, 29.283309513833878], [-13.50307744446404, 29.28677008149763], [-13.504991319444436, 29.28858781645569], [-13.507378472222214, 29.289240506329108], [-13.513237847222214, 29.288587816455692], [-13.514539930555546, 29.285977056962018], [-13.51671006944444, 29.285324367088602], [-13.517578124999993, 29.28010284810126], [-13.52018229166666, 29.278144778481007]], [[-13.530381944444436, 29.296202531645566], [-13.52821180555555, 29.298160601265817], [-13.527777777777771, 29.302729430379742], [-13.528645833333327, 29.304687499999993], [-13.532986111111104, 29.306645569620247], [-13.536458333333327, 29.306645569620247], [-13.539062499999993, 29.305557753164553], [-13.540798611111104, 29.303382120253158], [-13.541666666666659, 29.30011867088607], [-13.540364583333325, 29.290328322784802], [-13.539062499999993, 29.289240506329108], [-13.536024305555546, 29.289675632911386], [-13.534288194444436, 29.29489715189873], [-13.530381944444436, 29.296202531645566]], [[-13.835503472222214, 28.758376736111106], [-13.836805555555548, 28.755121527777774], [-13.836588541666659, 28.750564236111106], [-13.833550347222214, 28.747309027777774], [-13.832899305555548, 28.742968749999996], [-13.826822916666659, 28.741015625], [-13.826388888888882, 28.739496527777774], [-13.824435763888882, 28.738411458333324], [-13.819878472222214, 28.73819444444444], [-13.816623263888882, 28.739496527777774], [-13.815755208333325, 28.743836805555553], [-13.813802083333325, 28.745138888888885], [-13.812717013888882, 28.749045138888885], [-13.812499999999993, 28.758159722222217], [-13.813802083333327, 28.764670138888885], [-13.81510416666666, 28.765972222222217], [-13.818142361111104, 28.765755208333328], [-13.820095486111104, 28.76315104166666], [-13.827907986111104, 28.76228298611111], [-13.829861111111104, 28.761197916666664], [-13.830295138888882, 28.759678819444442], [-13.835503472222214, 28.758376736111106]], [[-14.42881944444444, 28.06827256944444], [-14.423611111111104, 28.06545138888888], [-14.422309027777771, 28.061545138888885], [-14.417968749999993, 28.060894097222217], [-14.415147569444438, 28.05828993055555], [-14.396918402777771, 28.057421874999996], [-14.38780381944444, 28.054383680555553], [-14.372024825832074, 28.053632299907346], [-14.36566840277777, 28.051128472222217], [-14.35373263888888, 28.049392361111106], [-14.331597222222216, 28.04874131944444], [-14.328559027777771, 28.04982638888888], [-14.327690972222214, 28.051562499999996], [-14.32465277777777, 28.05373263888889], [-14.316623263888882, 28.05481770833333], [-14.314670138888882, 28.05807291666666], [-14.310329861111104, 28.061111111111106], [-14.309310784145676, 28.066206495938246], [-14.30216731776893, 28.06913885216954], [-14.272494017188297, 28.09715945255756], [-14.258816272696258, 28.114008213143713], [-14.257595486111104, 28.114496527777774], [-14.245581253629105, 28.130294816770906], [-14.213273253629106, 28.161625816770904], [-14.192310846458065, 28.172185627753773], [-14.176150969041219, 28.17596146999576], [-14.159722222222214, 28.176996527777774], [-14.158420138888882, 28.178949652777774], [-14.15321180555555, 28.17981770833333], [-14.152777777777771, 28.18133680555555], [-14.15125868055555, 28.182204861111103], [-14.129991319444436, 28.187196180555553], [-14.128472222222214, 28.188715277777774], [-14.127821180555548, 28.191753472222217], [-14.124565972222214, 28.193055555555553], [-14.120008680555548, 28.192621527777774], [-14.118055555555548, 28.19045138888888], [-14.11762152777777, 28.18741319444444], [-14.113715277777771, 28.186111111111106], [-14.111545138888882, 28.18741319444444], [-14.109809027777771, 28.192621527777774], [-14.105468749999993, 28.19327256944444], [-14.102647569444438, 28.195876736111106], [-14.081380208333327, 28.197178819444442], [-14.078559027777771, 28.19934895833333], [-14.062934027777771, 28.20021701388889], [-14.060329861111104, 28.20065104166666], [-14.056640624999993, 28.20303819444444], [-14.02799479166666, 28.20672743055555], [-14.020833333333327, 28.209548611111106], [-14.020616319444438, 28.212586805555553], [-14.019531249999993, 28.213888888888885], [-14.018012152777771, 28.213454861111106], [-14.017361111111104, 28.209548611111106], [-14.015407986111104, 28.207378472222214], [-14.008897569444438, 28.207378472222214], [-14.006944444444438, 28.209548611111106], [-14.006076388888882, 28.21302083333333], [-13.995659722222214, 28.219965277777774], [-13.991993549680124, 28.225881615028058], [-13.97900017766042, 28.227740688446104], [-13.967664930555548, 28.227560763888885], [-13.961805555555548, 28.22647569444444], [-13.960503472222214, 28.22452256944444], [-13.95616319444444, 28.22452256944444], [-13.95399305555555, 28.227126736111106], [-13.94184027777777, 28.229079861111106], [-13.939670138888882, 28.234939236111106], [-13.935329861111104, 28.23776041666666], [-13.933376736111104, 28.241015625], [-13.927517361111104, 28.241666666666664], [-13.923611111111105, 28.24427083333333], [-13.919704861111102, 28.254687499999996], [-13.917100694444436, 28.256423611111106], [-13.916232638888882, 28.258159722222217], [-13.912760416666659, 28.26857638888888], [-13.909939236111104, 28.270746527777774], [-13.909288194444436, 28.275086805555553], [-13.90321180555555, 28.27703993055555], [-13.902560763888882, 28.27921006944444], [-13.900607638888882, 28.279861111111106], [-13.899956597222216, 28.28116319444444], [-13.899522569444436, 28.29678819444444], [-13.900607638888882, 28.30069444444444], [-13.902126736111105, 28.300911458333324], [-13.902777777777771, 28.30286458333333], [-13.899956597222216, 28.304600694444442], [-13.899088541666659, 28.309809027777774], [-13.896484374999993, 28.311979166666664], [-13.894965277777771, 28.322612847222217], [-13.89322916666666, 28.324782986111106], [-13.884548611111105, 28.328472222222217], [-13.882812499999993, 28.330208333333328], [-13.88129340277777, 28.338237847222217], [-13.87912326388888, 28.340190972222217], [-13.87874398669578, 28.34701796169803], [-13.876471084113655, 28.349820854620535], [-13.87326956471066, 28.35837359470432], [-13.868272569444438, 28.38012152777777], [-13.86545138888888, 28.384027777777774], [-13.861545138888882, 28.385329861111106], [-13.860864267544533, 28.38873421783285], [-13.856770833333327, 28.390972222222217], [-13.855212925779721, 28.393309083552627], [-13.848960197785557, 28.398370782551915], [-13.844496483920882, 28.407148866694715], [-13.845766435906608, 28.41371712257595], [-13.854941011594637, 28.42768855440484], [-13.85802229972927, 28.434561224839808], [-13.858974403695862, 28.443055555555553], [-13.85785590277777, 28.447612847222217], [-13.858040961045349, 28.479208768406973], [-13.854294201607157, 28.49337748482338], [-13.852464158541947, 28.497297826782308], [-13.84809027777777, 28.50099826388889], [-13.845737336492423, 28.511708112109634], [-13.84071180555555, 28.51380208333333], [-13.840060763888882, 28.518142361111103], [-13.838107638888882, 28.51944444444444], [-13.837078395007062, 28.530257408719248], [-13.830132979696641, 28.552223871299937], [-13.826388888888882, 28.55546875], [-13.82660590277777, 28.556987847222217], [-13.828559027777771, 28.557638888888885], [-13.829326515132527, 28.56133869921021], [-13.822660720054866, 28.636676882338882], [-13.8258538969873, 28.681495578785594], [-13.836830865568546, 28.71466770412771], [-13.839154356898147, 28.716965123858046], [-13.84049479166666, 28.723220486111106], [-13.842664930555548, 28.726258680555553], [-13.845486111111104, 28.727777777777774], [-13.850582492089039, 28.728265025404486], [-13.855034722222214, 28.733637152777774], [-13.864325924108828, 28.741854244130007], [-13.861545138888882, 28.74231770833333], [-13.861545138888882, 28.744487847222217], [-13.866753472222214, 28.745355902777774], [-13.868489583333325, 28.747743055555553], [-13.873697916666659, 28.746440972222217], [-13.876302083333327, 28.754904513888885], [-13.880642361111104, 28.75577256944444], [-13.881944444444438, 28.75772569444444], [-13.884548611111105, 28.758810763888885], [-13.894965277777771, 28.758376736111106], [-13.896701388888882, 28.756206597222217], [-13.907118055555548, 28.755121527777774], [-13.909722222222214, 28.75295138888888], [-13.91013823952586, 28.7510099748052], [-13.919446824372825, 28.74989678530468], [-13.920138888888882, 28.75295138888888], [-13.92274305555555, 28.755121527777774], [-13.931423611111105, 28.755121527777774], [-13.934027777777771, 28.75295138888888], [-13.934678819444438, 28.749045138888885], [-13.936848958333327, 28.748394097222217], [-13.937744776396745, 28.74705037012709], [-13.941954231654362, 28.74551376971867], [-13.954427083333329, 28.743836805555553], [-13.958984374999993, 28.739496527777774], [-13.962022569444438, 28.738628472222214], [-13.977864583333327, 28.737543402777774], [-13.980468749999993, 28.734939236111106], [-13.984809027777771, 28.73428819444444], [-13.98697916666666, 28.728862847222217], [-14.000434027777771, 28.72256944444444], [-14.007812499999995, 28.714539930555553], [-14.012586805555546, 28.714105902777774], [-14.014322916666659, 28.716493055555553], [-14.018229166666659, 28.715190972222217], [-14.020399305555548, 28.710199652777774], [-14.020616319444438, 28.696961805555553], [-14.02018229166666, 28.694357638888885], [-14.017795138888884, 28.691753472222217], [-14.016927083333329, 28.689149305555553], [-14.014756944444436, 28.673524305555553], [-14.017144097222216, 28.670269097222217], [-14.018012152777771, 28.662456597222217], [-14.019531249999993, 28.661805555555553], [-14.020616319444438, 28.659852430555553], [-14.021484374999993, 28.652039930555553], [-14.023654513888882, 28.650954861111106], [-14.024522569444436, 28.645746527777774], [-14.027126736111105, 28.64401041666666], [-14.02821180555555, 28.63880208333333], [-14.033420138888882, 28.636631944444442], [-14.036024305555546, 28.623828124999996], [-14.041232638888882, 28.618402777777774], [-14.041449652777771, 28.611675347222217], [-14.038845486111104, 28.608637152777774], [-14.038194444444438, 28.598871527777774], [-14.038845486111104, 28.593446180555553], [-14.041449652777771, 28.590407986111103], [-14.042100694444438, 28.583680555555546], [-14.048177083333327, 28.577387152777774], [-14.049262152777771, 28.572829861111106], [-14.057074652777771, 28.570876736111106], [-14.058376736111104, 28.569574652777774], [-14.060329861111104, 28.561111111111106], [-14.06336805555555, 28.558940972222217], [-14.066189236111104, 28.553949652777774], [-14.068844971183344, 28.5423782356773], [-14.073344217874473, 28.53652792553483], [-14.075086805555546, 28.536154513888885], [-14.075954861111104, 28.534852430555553], [-14.076364222659693, 28.530758815069646], [-14.079644097222216, 28.525086805555553], [-14.081558418660283, 28.51945996586921], [-14.08268229166666, 28.51901041666666], [-14.08498707982399, 28.512001655585248], [-14.08897569444444, 28.50881076388889], [-14.090976682974395, 28.498972570283264], [-14.092520112709261, 28.495615172945207], [-14.096788194444436, 28.493836805555553], [-14.09787326388888, 28.488628472222214], [-14.10004340277777, 28.48754340277777], [-14.10175983458113, 28.478961243760974], [-14.103132451235572, 28.476966403879345], [-14.106553819444436, 28.47452256944444], [-14.111111111111105, 28.46866319444444], [-14.120876736111104, 28.46671006944444], [-14.122178819444438, 28.464105902777774], [-14.124348958333327, 28.463454861111106], [-14.125868055555548, 28.45802951388888], [-14.138671874999991, 28.452387152777774], [-14.142144097222216, 28.447612847222217], [-14.148220486111104, 28.442404513888885], [-14.152560763888882, 28.426128472222217], [-14.155381944444436, 28.422222222222217], [-14.158420138888882, 28.421571180555553], [-14.16037326388888, 28.412456597222217], [-14.163194444444438, 28.410503472222217], [-14.16297743055555, 28.408984374999996], [-14.161024305555546, 28.408333333333328], [-14.159939236111104, 28.40572916666666], [-14.160156249999993, 28.396831597222217], [-14.161024305555546, 28.394661458333328], [-14.165364583333325, 28.390104166666664], [-14.167100694444438, 28.37100694444444], [-14.169270833333327, 28.36536458333333], [-14.172309027777771, 28.36319444444444], [-14.173177083333327, 28.361458333333324], [-14.174045138888882, 28.35473090277777], [-14.17491319444444, 28.35342881944444], [-14.181423611111104, 28.350824652777774], [-14.184895833333325, 28.346267361111106], [-14.189670138888882, 28.342361111111106], [-14.200520833333325, 28.33780381944444], [-14.201822916666659, 28.33302951388888], [-14.207899305555548, 28.326736111111106], [-14.208550347222214, 28.320008680555553], [-14.208984374999993, 28.318706597222217], [-14.210503472222214, 28.318055555555553], [-14.211588541666659, 28.314149305555553], [-14.212456597222216, 28.298524305555553], [-14.214626736111105, 28.29635416666666], [-14.215060763888882, 28.294618055555553], [-14.215060763888882, 28.285937499999996], [-14.214626736111105, 28.28420138888888], [-14.213107638888882, 28.283333333333328], [-14.212673611111104, 28.279861111111103], [-14.213107638888882, 28.262499999999992], [-14.215060763888882, 28.238194444444442], [-14.217881944444436, 28.227777777777774], [-14.221788194444436, 28.226475694444442], [-14.22287326388888, 28.221267361111103], [-14.226128472222214, 28.219531249999996], [-14.228949652777771, 28.21519097222222], [-14.235677083333327, 28.212586805555553], [-14.23741319444444, 28.207378472222214], [-14.24262152777777, 28.206293402777774], [-14.243706597222216, 28.203689236111106], [-14.247612847222214, 28.201519097222217], [-14.252387152777771, 28.195008680555553], [-14.25629340277777, 28.192621527777774], [-14.257595486111104, 28.18741319444444], [-14.268012152777771, 28.184157986111103], [-14.27170138888888, 28.17960069444444], [-14.27582465277777, 28.176345486111103], [-14.284071180555548, 28.175043402777774], [-14.28537326388888, 28.172439236111106], [-14.28754340277777, 28.17178819444444], [-14.289496527777771, 28.165711805555553], [-14.293836805555546, 28.165060763888885], [-14.297092013888882, 28.16202256944444], [-14.304904513888882, 28.16115451388889], [-14.307508680555548, 28.15724826388888], [-14.314019097222214, 28.152256944444442], [-14.316184064775765, 28.14735692452587], [-14.321213232939646, 28.14442182142813], [-14.325737847222214, 28.143793402777774], [-14.326822916666659, 28.141623263888885], [-14.332031249999993, 28.140755208333328], [-14.333767361111104, 28.13815104166666], [-14.339843749999993, 28.13684895833333], [-14.340928819444438, 28.134678819444442], [-14.350043402777771, 28.133376736111106], [-14.351128472222216, 28.131206597222217], [-14.356336805555546, 28.130121527777774], [-14.35781334811674, 28.12618408094793], [-14.380835292899084, 28.116903771888037], [-14.388020833333325, 28.116015625], [-14.390190972222214, 28.113845486111103], [-14.405815972222214, 28.112977430555546], [-14.408420138888882, 28.112543402777774], [-14.41059027777777, 28.110373263888885], [-14.41232638888888, 28.109939236111106], [-14.421006944444436, 28.10928819444444], [-14.42274305555555, 28.108420138888885], [-14.423611111111104, 28.10538194444444], [-14.429470486111104, 28.103211805555553], [-14.443142361111104, 28.102777777777774], [-14.452907986111104, 28.104079861111106], [-14.454861111111104, 28.10538194444444], [-14.455512152777771, 28.10928819444444], [-14.457031249999993, 28.109722222222217], [-14.459201388888882, 28.104079861111106], [-14.467013888888882, 28.102777777777774], [-14.471354166666659, 28.104079861111106], [-14.472656249999993, 28.108420138888885], [-14.476562499999993, 28.109722222222217], [-14.478732638888882, 28.108420138888885], [-14.479383680555548, 28.104079861111106], [-14.481336805555546, 28.102777777777774], [-14.482421874999993, 28.104079861111106], [-14.483289930555546, 28.10928819444444], [-14.48546006944444, 28.109939236111106], [-14.486762152777771, 28.112543402777774], [-14.492621527777771, 28.11319444444444], [-14.494574652777771, 28.11254340277777], [-14.496527777777771, 28.10928819444444], [-14.497178819444438, 28.10342881944444], [-14.499999999999993, 28.10147569444444], [-14.499348958333327, 28.09952256944444], [-14.497178819444438, 28.098654513888885], [-14.496527777777771, 28.092795138888885], [-14.497178819444438, 28.089539930555553], [-14.499565972222216, 28.088020833333328], [-14.501302083333325, 28.08368055555555], [-14.502170138888882, 28.08020833333333], [-14.50075965924424, 28.077780531938814], [-14.502043470134792, 28.074148870967967], [-14.50360260430217, 28.072485071341596], [-14.503689236111104, 28.073697916666667], [-14.505642361111104, 28.074999999999996], [-14.507378472222216, 28.072178819444442], [-14.512586805555546, 28.071310763888885], [-14.513888888888882, 28.069357638888885], [-14.509982638888882, 28.068055555555553], [-14.505425347222214, 28.068489583333328], [-14.503472222222214, 28.070659722222217], [-14.503552037579759, 28.07177713722784], [-14.494695929271769, 28.06932641765183], [-14.448168832396929, 28.071699023561028], [-14.42881944444444, 28.06827256944444]], [[-15.437478813559316, 28.173524305555553], [-15.439650423728807, 28.169835069444442], [-15.440084745762706, 28.16354166666666], [-15.439433262711857, 28.15920138888888], [-15.436827330508468, 28.157031249999996], [-15.43595868644067, 28.15182291666666], [-15.434617600223023, 28.150929464918228], [-15.434438559322025, 28.14422743055555], [-15.43899894067796, 28.141189236111106], [-15.441626777506915, 28.137512757078724], [-15.45453821867941, 28.133852280090625], [-15.462198889677568, 28.133426975599424], [-15.474999629292261, 28.136148469991866], [-15.478522245762704, 28.139236111111106], [-15.487425847457619, 28.142274305555553], [-15.498066737288127, 28.14422743055555], [-15.50262711864406, 28.147048611111106], [-15.503712923728807, 28.150086805555553], [-15.519565677966092, 28.15269097222222], [-15.52347457627118, 28.157031249999996], [-15.527383474576263, 28.158333333333328], [-15.531943855932196, 28.15811631944444], [-15.53324682203389, 28.15768229166666], [-15.534549788135585, 28.155512152777774], [-15.542367584745756, 28.154644097222217], [-15.544322033898299, 28.153559027777774], [-15.544322033898299, 28.152690972222217], [-15.548230932203385, 28.15203993055555], [-15.583411016949146, 28.151388888888885], [-15.606864406779653, 28.152690972222217], [-15.606864406779653, 28.153559027777774], [-15.608818855932196, 28.154644097222217], [-15.617288135593213, 28.15616319444444], [-15.621848516949145, 28.16202256944444], [-15.62640889830508, 28.165060763888885], [-15.62836334745762, 28.170920138888885], [-15.637484110169485, 28.172873263888885], [-15.639438559322025, 28.17569444444444], [-15.64139300847457, 28.175043402777774], [-15.642261652542366, 28.172873263888885], [-15.65138241525423, 28.170920138888885], [-15.652033898305078, 28.16788194444444], [-15.65398834745762, 28.165711805555553], [-15.66180614406779, 28.164626736111106], [-15.663109110169485, 28.162456597222217], [-15.66441207627118, 28.16202256944444], [-15.670926906779654, 28.16202256944444], [-15.67418432203389, 28.165060763888885], [-15.678527542372876, 28.165711805555553], [-15.680481991525419, 28.17178819444444], [-15.68265360169491, 28.172439236111106], [-15.684608050847451, 28.17569444444444], [-15.686128177966093, 28.175477430555546], [-15.688082627118638, 28.172439236111106], [-15.69242584745762, 28.17178819444444], [-15.69476806855522, 28.166681356131118], [-15.704007864817635, 28.166041568485607], [-15.70357141980879, 28.16501254140258], [-15.709364406779656, 28.163975694444442], [-15.709798728813553, 28.16267361111111], [-15.707844279661009, 28.15941840277777], [-15.701980932203384, 28.15529513888889], [-15.700677966101688, 28.152690972222217], [-15.703501059322027, 28.15030381944444], [-15.704369703389823, 28.137282986111106], [-15.704804025423721, 28.135112847222217], [-15.70740995762711, 28.132074652777774], [-15.708278601694907, 28.124262152777774], [-15.711101694915246, 28.122309027777774], [-15.710450211864401, 28.120355902777774], [-15.708278601694907, 28.119704861111106], [-15.70762711864406, 28.115798611111106], [-15.708278601694907, 28.113628472222214], [-15.709798728813553, 28.11319444444444], [-15.710629023698162, 28.106416670881057], [-15.712025672484602, 28.105310084147877], [-15.710863648325974, 28.100086097844056], [-15.712404661016942, 28.08194444444444], [-15.714359110169486, 28.081293402777774], [-15.715010593220335, 28.079123263888885], [-15.721742584745757, 28.077170138888885], [-15.726085805084738, 28.071961805555553], [-15.731514830508466, 28.070876736111106], [-15.732600635593212, 28.06827256944444], [-15.734772245762706, 28.067621527777774], [-15.735858050847451, 28.06241319444444], [-15.742590042372873, 28.059809027777774], [-15.746933262711856, 28.054600694444442], [-15.75149364406779, 28.053949652777774], [-15.752796610169485, 28.051996527777774], [-15.755402542372874, 28.050911458333324], [-15.765826271186434, 28.050043402777774], [-15.767346398305076, 28.047439236111106], [-15.76951800847457, 28.046571180555553], [-15.770820974576264, 28.037456597222217], [-15.773426906779655, 28.03615451388889], [-15.774295550847452, 28.033984374999996], [-15.784067796610163, 28.032031249999996], [-15.788628177966096, 28.02682291666666], [-15.793188559322026, 28.025954861111106], [-15.794491525423721, 28.022048611111106], [-15.796011652542365, 28.020746527777774], [-15.803612288135586, 28.01944444444444], [-15.817293432203385, 28.018793402777774], [-15.820116525423721, 28.016189236111106], [-15.825328389830501, 28.01532118055555], [-15.825328389830501, 28.01315104166666], [-15.819247881355928, 28.011197916666667], [-15.818813559322027, 28.008159722222217], [-15.820116525423721, 28.005989583333328], [-15.824459745762704, 28.004687499999996], [-15.826414194915248, 27.99253472222222], [-15.828585805084739, 27.99123263888889], [-15.829454449152534, 27.98602430555555], [-15.832060381355927, 27.98428819444444], [-15.832929025423722, 27.979079861111106], [-15.835534957627111, 27.97647569444444], [-15.83596927966101, 27.96085069444444], [-15.835534957627111, 27.95824652777777], [-15.83336334745762, 27.95499131944444], [-15.832711864406773, 27.93741319444444], [-15.83336334745762, 27.92764756944444], [-15.83596927966101, 27.923090277777774], [-15.83575211864406, 27.91419270833333], [-15.834883474576266, 27.912022569444442], [-15.829020127118635, 27.905946180555546], [-15.824676906779654, 27.895312499999992], [-15.819247881355928, 27.893142361111103], [-15.818596398305079, 27.88880208333333], [-15.815773305084738, 27.886631944444442], [-15.811430084745755, 27.874479166666664], [-15.808606991525416, 27.872309027777774], [-15.80773834745762, 27.867100694444442], [-15.805132415254231, 27.865364583333328], [-15.804480932203383, 27.86102430555555], [-15.799269067796601, 27.859071180555553], [-15.798400423728804, 27.857769097222217], [-15.797314618644059, 27.849956597222217], [-15.795143008474568, 27.848871527777774], [-15.794274364406771, 27.84366319444444], [-15.791234110169484, 27.840407986111103], [-15.790365466101687, 27.832595486111103], [-15.7877595338983, 27.831293402777774], [-15.786890889830502, 27.829123263888885], [-15.781027542372874, 27.828472222222217], [-15.77646716101694, 27.826519097222217], [-15.772775423728808, 27.821961805555553], [-15.767997881355925, 27.818706597222217], [-15.757139830508468, 27.816753472222217], [-15.755619703389822, 27.811545138888885], [-15.753230932203383, 27.81067708333333], [-15.748236228813553, 27.804600694444442], [-15.743675847457618, 27.803949652777774], [-15.740418432203382, 27.800911458333324], [-15.732600635593213, 27.800043402777774], [-15.731297669491518, 27.797439236111106], [-15.729126059322027, 27.79678819444444], [-15.727171610169485, 27.790060763888885], [-15.722828389830502, 27.78723958333333], [-15.720873940677958, 27.783984374999996], [-15.711753177966095, 27.78268229166666], [-15.709798728813553, 27.779427083333328], [-15.70545550847457, 27.77660590277777], [-15.703283898305077, 27.770746527777774], [-15.691122881355923, 27.768793402777774], [-15.689602754237281, 27.766189236111106], [-15.68743114406779, 27.76553819444444], [-15.686345338983044, 27.760112847222217], [-15.681133474576264, 27.75577256944444], [-15.67983050847457, 27.751215277777774], [-15.677876059322028, 27.749045138888885], [-15.671361228813554, 27.749045138888885], [-15.670058262711859, 27.74991319444444], [-15.668103813559314, 27.755121527777774], [-15.663760593220331, 27.75577256944444], [-15.662806609820164, 27.75725553821992], [-15.649210805084738, 27.754253472222217], [-15.647907838983045, 27.74991319444444], [-15.64660487288135, 27.749045138888885], [-15.640090042372874, 27.748394097222217], [-15.636398305084738, 27.74578993055555], [-15.611424788135587, 27.743836805555553], [-15.609036016949146, 27.742534722222217], [-15.605778601694908, 27.738628472222214], [-15.60034957627118, 27.737543402777774], [-15.598612288135588, 27.734722222222217], [-15.597092161016942, 27.734939236111106], [-15.596440677966095, 27.736892361111106], [-15.594703389830503, 27.737543402777774], [-15.582575971882084, 27.73804836950863], [-15.57793860036792, 27.73599547442508], [-15.56688067894697, 27.740675359646094], [-15.540209532372916, 27.76700749858597], [-15.535346875616128, 27.767870533314582], [-15.523828810968707, 27.773119180938647], [-15.453742447025737, 27.792605647329133], [-15.443977644815451, 27.800675813463744], [-15.435524364406774, 27.80177951388888], [-15.431832627118638, 27.803298611111106], [-15.428575211864398, 27.807204861111106], [-15.423146186440672, 27.80828993055555], [-15.422494703389825, 27.81046006944444], [-15.420540254237281, 27.811111111111106], [-15.419888771186432, 27.812847222222217], [-15.41912363034781, 27.82712017463195], [-15.408084665967785, 27.839329969405167], [-15.39534522887282, 27.847238902269858], [-15.379216874187659, 27.853362335627], [-15.377499723107121, 27.867395826215226], [-15.384073332496984, 27.88481905382679], [-15.390078994441774, 27.89454456996827], [-15.389016930292348, 27.909159138952496], [-15.38321116935903, 27.921951041350376], [-15.375573990263533, 27.931037007551126], [-15.369724576271178, 27.932421874999996], [-15.367118644067789, 27.93133680555555], [-15.365815677966093, 27.929383680555553], [-15.362775423728806, 27.929166666666664], [-15.358866525423721, 27.93177083333333], [-15.357563559322028, 27.93567708333333], [-15.35951800847457, 27.936545138888885], [-15.360820974576264, 27.941753472222217], [-15.36713690978763, 27.943395160865457], [-15.376840467857747, 27.955305997936133], [-15.377622888377644, 27.96164799804755], [-15.375594950712635, 27.97583530207185], [-15.367732149527857, 27.99390337149417], [-15.365210409135951, 28.00938180448569], [-15.368633523689363, 28.01467562035446], [-15.380904973181853, 28.021251737720654], [-15.382319915254229, 28.025737847222217], [-15.38753177966101, 28.02769097222222], [-15.389269067796604, 28.03289930555555], [-15.394480932203383, 28.033984374999996], [-15.396218220338975, 28.03658854166666], [-15.397654124774084, 28.036827696933347], [-15.401079351397247, 28.042221409788787], [-15.410039847832403, 28.07465806549586], [-15.413065671857227, 28.093411258821916], [-15.41293961864406, 28.109722222222214], [-15.416485990624013, 28.115991118414822], [-15.416960447386447, 28.13451550108457], [-15.415979872881348, 28.134678819444442], [-15.415979872881348, 28.13684895833333], [-15.417036439001532, 28.137482468507017], [-15.417135732680185, 28.141604950917472], [-15.409694739500448, 28.154733844777052], [-15.40160492510018, 28.15823132600756], [-15.402298728813552, 28.173090277777774], [-15.404470338983044, 28.17569444444444], [-15.40862130586744, 28.177802876365135], [-15.409682203389824, 28.181336805555553], [-15.414025423728805, 28.182638888888885], [-15.420105932203382, 28.182421874999996], [-15.421843220338978, 28.181987847222217], [-15.424666313559316, 28.179383680555553], [-15.432484110169485, 28.178515625], [-15.433569915254232, 28.176128472222217], [-15.437478813559316, 28.173524305555553]], [[-16.69545550847457, 28.005121527777774], [-16.69440677966101, 28.001215277777774], [-16.693103813559315, 27.99991319444444], [-16.68658898305084, 27.998611111111106], [-16.67646930056047, 27.998638867564413], [-16.64967180884262, 28.007942956506493], [-16.64793432203389, 28.00577256944444], [-16.64359110169491, 28.00577256944444], [-16.641636652542367, 28.008376736111106], [-16.63577330508474, 28.009027777777774], [-16.631212923728807, 28.01098090277777], [-16.627291752620827, 28.015675761470565], [-16.615250304618044, 28.019785902599605], [-16.608628177966093, 28.020746527777774], [-16.607921424972538, 28.022287489589292], [-16.587245353129966, 28.02934491102627], [-16.567600998385647, 28.029596591097565], [-16.54640271660943, 28.02563783820517], [-16.528128738841374, 28.05079174262747], [-16.524804025423723, 28.051345486111103], [-16.522198093220332, 28.05525173611111], [-16.515683262711857, 28.060243055555553], [-16.513077330508466, 28.066753472222217], [-16.503956567796603, 28.068706597222217], [-16.502870762711858, 28.070876736111106], [-16.49679025423728, 28.072829861111106], [-16.49613877118643, 28.077170138888885], [-16.493098516949146, 28.080425347222217], [-16.49259446387017, 28.085462463018235], [-16.485063559322025, 28.090842013888885], [-16.481659160387565, 28.095236383279076], [-16.457833131344113, 28.116531970399603], [-16.43294491525423, 28.14444444444444], [-16.429202845043672, 28.150180255186957], [-16.429436912428656, 28.16797996705127], [-16.426489535585148, 28.18272765122976], [-16.423389830508466, 28.183940972222217], [-16.423824152542362, 28.18546006944444], [-16.425875180881736, 28.185801675903402], [-16.424311579049746, 28.193625414510112], [-16.422738347457617, 28.196310763888885], [-16.42013241525423, 28.197178819444442], [-16.42013241525423, 28.19934895833333], [-16.42282234754877, 28.201077028949385], [-16.419608794276574, 28.213658348102697], [-16.41579060096945, 28.21996401318634], [-16.411445974576264, 28.22387152777777], [-16.40942122081829, 28.230482909112506], [-16.399730624621924, 28.246486722738467], [-16.39689618644067, 28.248611111111106], [-16.39613190427921, 28.252429932886713], [-16.388158789365484, 28.26559736268277], [-16.385056140846235, 28.276320027803607], [-16.382129237288126, 28.278342013888885], [-16.380391949152532, 28.286805555555553], [-16.375180084745757, 28.291362847222217], [-16.373682437029505, 28.296601062896446], [-16.3634533898305, 28.304166666666664], [-16.362150423728806, 28.306336805555553], [-16.35966369018041, 28.314679831825718], [-16.360920447956296, 28.319740430720934], [-16.36128177966101, 28.332378472222217], [-16.3634533898305, 28.338888888888885], [-16.365190677966094, 28.338888888888885], [-16.36736228813559, 28.343446180555553], [-16.367365577487554, 28.356592514928252], [-16.366493644067788, 28.361675347222214], [-16.365190677966094, 28.36319444444444], [-16.3634533898305, 28.36319444444444], [-16.361933262711858, 28.36449652777777], [-16.36063029661016, 28.36710069444444], [-16.35643016016145, 28.382335730035436], [-16.35372050750726, 28.384326558541765], [-16.350206567796604, 28.385329861111106], [-16.345027774544622, 28.390705195805776], [-16.340434322033893, 28.391623263888885], [-16.339860250405838, 28.39353553952434], [-16.324599254768806, 28.398812963542692], [-16.310616813777155, 28.409034349531293], [-16.308511652542368, 28.40963541666666], [-16.302142179688452, 28.415229441374308], [-16.299608050847453, 28.415711805555553], [-16.298276124348014, 28.418055589105702], [-16.282129220397145, 28.432843554269358], [-16.278109110169485, 28.43328993055555], [-16.277240466101688, 28.43546006944444], [-16.2746345338983, 28.436762152777774], [-16.274130829886982, 28.440285692016836], [-16.263283350642364, 28.449941586932315], [-16.256393008474568, 28.45021701388889], [-16.253135593220332, 28.451302083333328], [-16.25270127118643, 28.45303819444444], [-16.247489406779657, 28.457161458333328], [-16.24591933849307, 28.467447154858466], [-16.239870745503307, 28.477377631787583], [-16.237065677966093, 28.47842881944444], [-16.2361970338983, 28.47973090277777], [-16.23556862439173, 28.484440780939305], [-16.233628223110593, 28.48762649870676], [-16.230116525423725, 28.487977430555546], [-16.228162076271182, 28.484939236111106], [-16.226641949152533, 28.484722222222217], [-16.22316737288135, 28.489062499999996], [-16.22012711864406, 28.49123263888889], [-16.212092161016944, 28.49231770833333], [-16.2110063559322, 28.494487847222217], [-16.205794491525417, 28.495355902777774], [-16.203622881355926, 28.49796006944444], [-16.193199152542366, 28.499262152777774], [-16.191461864406772, 28.500564236111106], [-16.189941737288127, 28.507074652777774], [-16.188638771186433, 28.508376736111106], [-16.180820974576264, 28.509678819444442], [-16.17930084745762, 28.512065972222217], [-16.168877118644062, 28.51553819444444], [-16.16475105932203, 28.518793402777774], [-16.146509533898296, 28.520095486111103], [-16.143469279661012, 28.52139756944444], [-16.141949152542367, 28.52335069444444], [-16.141297669491518, 28.52921006944444], [-16.139126059322027, 28.530078124999996], [-16.137605932203382, 28.53268229166666], [-16.129788135593216, 28.533333333333328], [-16.12609639830508, 28.53463541666666], [-16.127182203389822, 28.539843749999996], [-16.12522775423728, 28.54092881944444], [-16.124359110169486, 28.54874131944444], [-16.12175317796609, 28.55177951388888], [-16.121525671351158, 28.565420373122567], [-16.119583988320855, 28.57130811089653], [-16.125019412132687, 28.57392264187585], [-16.130222457627113, 28.578472222222217], [-16.132394067796604, 28.586935763888885], [-16.13673728813559, 28.588888888888885], [-16.144555084745754, 28.58953993055555], [-16.145858050847448, 28.59171006944444], [-16.151069915254233, 28.592578124999996], [-16.153241525423724, 28.59518229166666], [-16.163882415254232, 28.59539930555555], [-16.166054025423723, 28.594531249999996], [-16.171483050847453, 28.58932291666666], [-16.178215042372873, 28.588454861111106], [-16.179518008474567, 28.587586805555553], [-16.181472457627113, 28.582378472222214], [-16.18668432203389, 28.581293402777774], [-16.188421610169485, 28.578689236111106], [-16.193633474576266, 28.57782118055555], [-16.19537076271186, 28.57521701388889], [-16.19971398305084, 28.57521701388889], [-16.201668432203384, 28.578255208333328], [-16.20318855932203, 28.578472222222217], [-16.204925847457623, 28.57565104166666], [-16.210137711864398, 28.57478298611111], [-16.211440677966095, 28.57282986111111], [-16.214263771186435, 28.57239583333333], [-16.239671610169484, 28.573697916666664], [-16.25378707627118, 28.575434027777774], [-16.259216101694907, 28.578255208333328], [-16.269639830508467, 28.579123263888885], [-16.271811440677958, 28.58194444444444], [-16.273331567796603, 28.581727430555546], [-16.275068855932197, 28.579123263888885], [-16.288098516949145, 28.578255208333328], [-16.29461334745762, 28.57521701388889], [-16.30764300847457, 28.57565104166666], [-16.31003177966101, 28.578472222222217], [-16.311986228813552, 28.57782118055555], [-16.31242055084745, 28.57565104166666], [-16.313506355932198, 28.574999999999996], [-16.31502648305084, 28.57521701388889], [-16.316763771186434, 28.57782118055555], [-16.318935381355924, 28.578255208333328], [-16.32653601694915, 28.578472222222217], [-16.331965042372875, 28.577170138888885], [-16.33305084745762, 28.575868055555553], [-16.333702330508466, 28.571961805555553], [-16.335873940677956, 28.570659722222217], [-16.336525423728805, 28.562847222222217], [-16.33761122881355, 28.560243055555553], [-16.339782838983044, 28.55850694444444], [-16.35281249999999, 28.556987847222217], [-16.354332627118634, 28.55481770833333], [-16.35954449152542, 28.553949652777774], [-16.360847457627113, 28.551996527777774], [-16.362584745762703, 28.551345486111103], [-16.383432203389823, 28.550477430555546], [-16.3886440677966, 28.549392361111106], [-16.389078389830498, 28.547873263888885], [-16.395158898305077, 28.545920138888885], [-16.39689618644067, 28.540060763888885], [-16.401239406779652, 28.53723958333333], [-16.403411016949146, 28.533767361111106], [-16.415572033898297, 28.529427083333328], [-16.417092161016942, 28.526605902777774], [-16.419263771186433, 28.525954861111106], [-16.42013241525423, 28.520746527777774], [-16.422738347457617, 28.51857638888888], [-16.424692796610163, 28.506423611111106], [-16.429036016949148, 28.504904513888885], [-16.42990466101694, 28.503602430555553], [-16.43055614406779, 28.497092013888885], [-16.433596398305077, 28.493836805555553], [-16.434247881355923, 28.489496527777774], [-16.4403283898305, 28.487543402777774], [-16.441414194915247, 28.484939236111106], [-16.443585805084737, 28.48428819444444], [-16.444888771186434, 28.479079861111106], [-16.452923728813552, 28.476909722222217], [-16.454661016949146, 28.475173611111106], [-16.45835275423728, 28.466493055555553], [-16.46052436440677, 28.46475694444444], [-16.47116525423728, 28.462586805555553], [-16.472685381355923, 28.457378472222214], [-16.474856991525414, 28.45629340277777], [-16.476811440677956, 28.44717881944444], [-16.48202330508474, 28.445876736111106], [-16.483543432203383, 28.443706597222217], [-16.496790254237283, 28.442187499999996], [-16.49939618644067, 28.44045138888888], [-16.501133474576264, 28.437847222222217], [-16.50373940677965, 28.43003472222222], [-16.506562499999994, 28.428515625], [-16.50721398305084, 28.426345486111103], [-16.51242584745762, 28.425477430555546], [-16.513728813559315, 28.423524305555553], [-16.5560752118644, 28.420920138888885], [-16.55889830508474, 28.419618055555553], [-16.560201271186436, 28.415711805555553], [-16.564544491525417, 28.415060763888885], [-16.567801906779653, 28.41202256944444], [-16.575619703389822, 28.41115451388889], [-16.576705508474568, 28.408984374999996], [-16.58191737288135, 28.40811631944444], [-16.584523305084737, 28.405078124999996], [-16.58973516949152, 28.40421006944444], [-16.591472457627113, 28.401605902777774], [-16.595815677966094, 28.401605902777774], [-16.59777012711864, 28.404644097222217], [-16.599941737288127, 28.404644097222217], [-16.600810381355924, 28.40203993055555], [-16.603416313559315, 28.400954861111106], [-16.603992077817477, 28.39819306507601], [-16.610640935068147, 28.397657444225327], [-16.611016949152535, 28.398784722222217], [-16.614057203389823, 28.400086805555553], [-16.62925847457626, 28.401388888888885], [-16.656620762711857, 28.40203993055555], [-16.659661016949144, 28.402690972222217], [-16.659661016949144, 28.403559027777774], [-16.662266949152535, 28.404644097222217], [-16.6709533898305, 28.404644097222217], [-16.673559322033892, 28.403559027777774], [-16.674862288135586, 28.401605902777774], [-16.679205508474567, 28.400954861111106], [-16.68137711864406, 28.395746527777774], [-16.69353813559321, 28.393793402777774], [-16.694756355932196, 28.391623263888885], [-16.698951271186434, 28.390755208333328], [-16.699999999999996, 28.388802083333328], [-16.701519097222217, 28.38815104166666], [-16.71974826388889, 28.38728298611111], [-16.72278645833333, 28.38684895833333], [-16.725390624999996, 28.384678819444442], [-16.72756076388889, 28.384244791666664], [-16.74058159722222, 28.383376736111106], [-16.742968749999996, 28.38077256944444], [-16.747309027777774, 28.380121527777774], [-16.749262152777774, 28.37491319444444], [-16.752517361111106, 28.373611111111106], [-16.758376736111106, 28.37491319444444], [-16.759461805555553, 28.379253472222217], [-16.76163194444444, 28.380555555555553], [-16.76553819444444, 28.379253472222217], [-16.765972222222217, 28.376215277777774], [-16.767925347222217, 28.374045138888885], [-16.772482638888885, 28.373611111111106], [-16.775737847222217, 28.37491319444444], [-16.776388888888885, 28.37795138888888], [-16.778559027777774, 28.379253472222217], [-16.789409722222217, 28.380555555555553], [-16.808940972222217, 28.381206597222217], [-16.811111111111106, 28.381857638888885], [-16.81241319444444, 28.383810763888885], [-16.81697048611111, 28.384461805555553], [-16.821310763888885, 28.389670138888885], [-16.82803819444444, 28.391623263888885], [-16.829340277777774, 28.393793402777774], [-16.83975694444444, 28.394227430555546], [-16.842361111111106, 28.393142361111106], [-16.84366319444444, 28.391189236111106], [-16.848871527777774, 28.39032118055555], [-16.849956597222217, 28.38815104166666], [-16.859722222222217, 28.386197916666667], [-16.86427951388888, 28.380989583333328], [-16.868836805555553, 28.380121527777774], [-16.870487361677608, 28.37586055215653], [-16.884376522322594, 28.37014457443775], [-16.889887152777774, 28.369487847222217], [-16.89249131944444, 28.36731770833333], [-16.895529513888885, 28.366883680555553], [-16.913758680555553, 28.366015625], [-16.916579861111106, 28.363411458333324], [-16.92178819444444, 28.362543402777774], [-16.922439236111106, 28.360373263888885], [-16.924392361111103, 28.359722222222217], [-16.92547743055555, 28.35646701388888], [-16.92569444444444, 28.348871527777774], [-16.92482638888888, 28.34561631944444], [-16.923090277777774, 28.343446180555553], [-16.920486111111106, 28.342361111111106], [-16.91267361111111, 28.34171006944444], [-16.911371527777774, 28.33953993055555], [-16.906369805126115, 28.338139448213084], [-16.90030381944444, 28.325868055555553], [-16.894878472222217, 28.32434895833333], [-16.89401041666666, 28.321961805555553], [-16.88858506944444, 28.317838541666664], [-16.88532986111111, 28.309375], [-16.881640624999996, 28.303732638888885], [-16.87100694444444, 28.296354166666664], [-16.869487847222217, 28.290711805555553], [-16.86796875, 28.290277777777774], [-16.866883680555553, 28.288324652777774], [-16.866015625, 28.280512152777774], [-16.863845486111106, 28.279644097222217], [-16.862543402777774, 28.27703993055555], [-16.854858088971543, 28.275658513366395], [-16.852126736111106, 28.270312499999996], [-16.845942480051235, 28.26327334476366], [-16.84246918499413, 28.25309895189096], [-16.843012152777774, 28.249479166666664], [-16.844531249999992, 28.248611111111106], [-16.84561631944444, 28.244704861111106], [-16.84561631944444, 28.231684027777774], [-16.844531249999992, 28.227777777777774], [-16.843012152777774, 28.227126736111106], [-16.842578124999996, 28.225824652777774], [-16.841710069444442, 28.218012152777774], [-16.83953993055555, 28.216493055555553], [-16.837586805555553, 28.204340277777774], [-16.832378472222217, 28.202170138888885], [-16.83151041666666, 28.197612847222217], [-16.82630208333333, 28.193055555555553], [-16.824348958333328, 28.183289930555553], [-16.822178819444442, 28.182421874999996], [-16.820876736111106, 28.17981770833333], [-16.811762152777774, 28.178515625], [-16.810460069444442, 28.175911458333324], [-16.808940972222217, 28.17569444444444], [-16.807855902777774, 28.172439236111103], [-16.807204861111106, 28.16137152777777], [-16.806336805555553, 28.158767361111103], [-16.801128472222217, 28.153124999999992], [-16.80004340277777, 28.145095486111103], [-16.797439236111106, 28.143793402777774], [-16.79678819444444, 28.141623263888885], [-16.790711805555553, 28.139670138888885], [-16.789843749999996, 28.135112847222217], [-16.783767361111103, 28.12881944444444], [-16.782031249999996, 28.12013888888888], [-16.777690972222217, 28.117100694444446], [-16.775520833333328, 28.113628472222217], [-16.76510416666666, 28.109722222222217], [-16.762499999999996, 28.105815972222217], [-16.761848958333328, 28.099956597222217], [-16.759244791666664, 28.09865451388889], [-16.758376736111106, 28.096484374999996], [-16.749262152777774, 28.09518229166666], [-16.747309027777774, 28.091927083333328], [-16.742968749999996, 28.08888888888888], [-16.7413188559322, 28.080425347222217], [-16.737145127118637, 28.076953124999996], [-16.7358845338983, 28.058723958333328], [-16.73479872881355, 28.054166666666664], [-16.73327860169491, 28.053949652777774], [-16.732107020951027, 28.051562499999992], [-16.727426141713742, 28.05286458333333], [-16.724174611581915, 28.05264756944444], [-16.720994942842697, 28.04862108097051], [-16.71979894936314, 28.04541490900417], [-16.711648043959485, 28.039294070698592], [-16.710873057909595, 28.030946180555553], [-16.708757650659127, 28.029861111111106], [-16.707246645480218, 28.026605902777774], [-16.70629340277777, 28.013585069444442], [-16.70303819444444, 28.011197916666667], [-16.700301465395476, 28.00685763888888], [-16.69545550847457, 28.005121527777774]], [[-17.287890624999996, 28.21453993055555], [-17.30308159722222, 28.212586805555553], [-17.304166666666664, 28.209548611111106], [-17.307421874999996, 28.207378472222214], [-17.32044270833333, 28.206293402777774], [-17.322178819444442, 28.203689236111106], [-17.324348958333328, 28.202821180555553], [-17.32630208333333, 28.193706597222217], [-17.330642361111103, 28.192187499999996], [-17.332378472222217, 28.18177083333333], [-17.333246527777774, 28.18003472222222], [-17.337586805555553, 28.17808159722222], [-17.338454861111106, 28.17591145833333], [-17.338888888888885, 28.168315972222217], [-17.340842013888885, 28.16158854166666], [-17.347352430555553, 28.155295138888885], [-17.348654513888885, 28.152690972222217], [-17.349088541666664, 28.14357638888888], [-17.348654513888885, 28.141840277777774], [-17.346484374999992, 28.139887152777774], [-17.345833333333328, 28.130121527777774], [-17.346484374999992, 28.124696180555553], [-17.348654513888885, 28.121874999999996], [-17.349305555555553, 28.106249999999992], [-17.348003472222217, 28.09756944444444], [-17.346701388888885, 28.095833333333328], [-17.344965277777774, 28.095833333333328], [-17.342144097222217, 28.09322916666666], [-17.338671874999996, 28.084331597222217], [-17.336501736111103, 28.082161458333328], [-17.32760416666666, 28.07803819444444], [-17.325868055555553, 28.07543402777777], [-17.32369791666666, 28.061111111111106], [-17.321961805555553, 28.06067708333333], [-17.31935763888889, 28.05677083333333], [-17.31697048611111, 28.055034722222217], [-17.30069444444444, 28.04982638888888], [-17.291384373260623, 28.044837541011134], [-17.290277777777774, 28.043315972222217], [-17.289626736111106, 28.038758680555553], [-17.286371527777774, 28.036805555555553], [-17.280512152777774, 28.03615451388889], [-17.279210069444442, 28.033550347222217], [-17.27703993055555, 28.03289930555555], [-17.276388888888885, 28.028993055555553], [-17.274652777777774, 28.02769097222222], [-17.249187598594556, 28.024217087834803], [-17.24796006944444, 28.020746527777774], [-17.24210069444444, 28.01944444444444], [-17.238845486111106, 28.020746527777774], [-17.23859433681247, 28.021918557838088], [-17.232763672307144, 28.020653418021666], [-17.212224179671356, 28.0267418388315], [-17.202387152777774, 28.02703993055555], [-17.199999999999996, 28.027690972222217], [-17.19913194444444, 28.02921006944444], [-17.186328124999996, 28.03116319444444], [-17.184223491052652, 28.03384181946833], [-17.17960069444444, 28.036371527777774], [-17.16853298611111, 28.037456597222217], [-17.166362847222217, 28.038758680555553], [-17.165277777777774, 28.040711805555553], [-17.164708011594154, 28.045839701208116], [-17.159037667057735, 28.050432379564445], [-17.15616319444444, 28.050911458333324], [-17.15421006944444, 28.053515625], [-17.146180555555553, 28.05503472222222], [-17.14444444444444, 28.05677083333333], [-17.14041529265937, 28.06598032312778], [-17.138283369778662, 28.067760279642535], [-17.133810763888885, 28.06935763888888], [-17.130885786872724, 28.07301386015909], [-17.119053819444446, 28.075868055555553], [-17.116883680555553, 28.077604166666667], [-17.11495014064499, 28.08211575979131], [-17.107488428289287, 28.091625801459127], [-17.10017361111111, 28.09670138888888], [-17.099305555555553, 28.10017361111111], [-17.10242445397203, 28.110089824274414], [-17.10342881944444, 28.128168402777774], [-17.104730902777774, 28.132074652777774], [-17.106684027777774, 28.134027777777774], [-17.10928819444444, 28.134027777777774], [-17.11145833333333, 28.135329861111106], [-17.11319444444444, 28.137934027777774], [-17.11536458333333, 28.147048611111106], [-17.116883680555553, 28.150954861111106], [-17.119053819444446, 28.153559027777774], [-17.121875, 28.154861111111106], [-17.128168402777774, 28.155295138888885], [-17.130338541666667, 28.15616319444444], [-17.13467881944444, 28.160720486111103], [-17.147350775333813, 28.164507507411376], [-17.15513184296251, 28.169506335552864], [-17.155512152777774, 28.17178819444444], [-17.15811631944444, 28.172873263888885], [-17.158767361111103, 28.175043402777774], [-17.163975694444442, 28.176128472222214], [-17.166362847222217, 28.181336805555553], [-17.176310220719895, 28.182768089639612], [-17.185812211820647, 28.188235422294664], [-17.186545138888885, 28.191753472222217], [-17.191753472222217, 28.193489583333328], [-17.19348958333333, 28.198697916666667], [-17.199565972222217, 28.20065104166666], [-17.200651041666664, 28.203255208333328], [-17.20282118055555, 28.203255208333328], [-17.203689236111106, 28.20065104166666], [-17.205642361111103, 28.199999999999996], [-17.20694444444444, 28.20217013888888], [-17.213296515869196, 28.204049563923796], [-17.260000218140345, 28.21601067843508], [-17.262934027777774, 28.219531249999996], [-17.26553819444444, 28.22039930555555], [-17.278776041666664, 28.22018229166666], [-17.280295138888885, 28.218012152777774], [-17.285503472222217, 28.217144097222217], [-17.287890624999996, 28.21453993055555]], [[-17.93133680555555, 28.848437499999992], [-17.935677083333328, 28.846267361111103], [-17.94674479166666, 28.84561631944444], [-17.949999999999996, 28.844531249999992], [-17.95130208333333, 28.841927083333328], [-17.955642361111103, 28.83910590277777], [-17.957812499999996, 28.83302951388888], [-17.96996527777777, 28.827387152777774], [-17.971267361111103, 28.822612847222217], [-17.977343749999996, 28.81631944444444], [-17.979079861111106, 28.808289930555553], [-17.984939236111106, 28.806336805555553], [-17.98927951388888, 28.801128472222214], [-17.994704861111106, 28.800043402777774], [-17.99578993055555, 28.797439236111106], [-17.997960069444442, 28.79678819444444], [-17.999045138888885, 28.791579861111106], [-18.005121527777774, 28.789626736111106], [-18.005772569444442, 28.787456597222217], [-18.00772569444444, 28.786805555555553], [-18.009027777777774, 28.775086805555553], [-18.008376736111106, 28.757508680555553], [-18.005772569444442, 28.753602430555553], [-18.004904513888885, 28.747092013888885], [-18.003602430555553, 28.745789930555553], [-17.995789930555553, 28.743836805555553], [-17.994704861111106, 28.73927951388888], [-17.989496527777774, 28.734939236111106], [-17.98754340277777, 28.728211805555553], [-17.985373263888885, 28.727126736111106], [-17.98428819444444, 28.719314236111106], [-17.983420138888885, 28.718012152777774], [-17.979079861111106, 28.716493055555553], [-17.978211805555553, 28.71475694444444], [-17.977126736111106, 28.704340277777774], [-17.97473958333333, 28.701953124999996], [-17.971267361111103, 28.683723958333328], [-17.970399305555546, 28.68068576388889], [-17.968012152777774, 28.67829861111111], [-17.967578124999996, 28.676562499999996], [-17.966710069444442, 28.66614583333333], [-17.964105902777774, 28.664626736111106], [-17.963454861111106, 28.662456597222217], [-17.958246527777774, 28.661371527777774], [-17.955642361111103, 28.655295138888885], [-17.950434027777774, 28.65421006944444], [-17.949782986111106, 28.65203993055555], [-17.947178819444442, 28.650737847222217], [-17.946310763888885, 28.642925347222217], [-17.943272569444442, 28.639670138888885], [-17.942621527777774, 28.635329861111106], [-17.93741319444444, 28.633376736111106], [-17.934809027777774, 28.623611111111106], [-17.93025173611111, 28.619270833333324], [-17.926996527777774, 28.60494791666666], [-17.92330729166666, 28.596050347222217], [-17.91419270833333, 28.589322916666664], [-17.91202256944444, 28.586718749999996], [-17.90724826388888, 28.575217013888885], [-17.903993055555553, 28.57282986111111], [-17.90182291666666, 28.569791666666664], [-17.900086805555553, 28.561762152777774], [-17.894878472222217, 28.56046006944444], [-17.89422743055555, 28.55828993055555], [-17.891189236111106, 28.556336805555553], [-17.890755208333328, 28.551996527777774], [-17.88880208333333, 28.55069444444444], [-17.887065972222217, 28.54678819444444], [-17.883593749999996, 28.53116319444444], [-17.88185763888889, 28.529861111111106], [-17.88120659722222, 28.527907986111106], [-17.880555555555553, 28.510329861111106], [-17.879253472222217, 28.500564236111106], [-17.877951388888885, 28.498611111111106], [-17.876215277777774, 28.498611111111106], [-17.874696180555553, 28.497092013888885], [-17.873394097222217, 28.49405381944444], [-17.871440972222217, 28.48342013888888], [-17.868402777777774, 28.47452256944444], [-17.866232638888885, 28.47170138888888], [-17.860373263888885, 28.467144097222217], [-17.85928819444444, 28.46453993055555], [-17.853211805555553, 28.462586805555553], [-17.851475694444442, 28.457378472222214], [-17.846267361111103, 28.456293402777774], [-17.84561631944444, 28.454123263888885], [-17.843663194444442, 28.453472222222217], [-17.84171006944444, 28.456293402777774], [-17.831850692248654, 28.45689], [-17.82300121932949, 28.47653542107049], [-17.801279366625486, 28.516716818720546], [-17.797873263888885, 28.52096354166666], [-17.794669809190903, 28.529678943081183], [-17.790711805555553, 28.53116319444444], [-17.790060763888885, 28.535503472222217], [-17.78745659722222, 28.537456597222217], [-17.786022604235836, 28.546637135382078], [-17.783550347222217, 28.547873263888885], [-17.77552083333333, 28.556987847222217], [-17.769878472222217, 28.55828993055555], [-17.76922743055555, 28.56046006944444], [-17.766189236111106, 28.56241319444444], [-17.76532118055555, 28.567621527777774], [-17.763151041666664, 28.568923611111106], [-17.762569238272636, 28.575905251839433], [-17.761234611025994, 28.57750931648074], [-17.755084829533626, 28.60349489316492], [-17.747207020505172, 28.621952735560296], [-17.76672716412978, 28.67783146671792], [-17.75227653611169, 28.70091446374346], [-17.72257220404958, 28.73122782663273], [-17.723339571766825, 28.74804314901835], [-17.72759171210272, 28.74997471448006], [-17.729079861111106, 28.754904513888885], [-17.734939236111106, 28.75685763888888], [-17.73797743055555, 28.761414930555553], [-17.743836805555553, 28.765972222222217], [-17.74578993055555, 28.775737847222217], [-17.748394097222217, 28.77703993055555], [-17.749045138888885, 28.77921006944444], [-17.752951388888885, 28.779861111111106], [-17.754030512688846, 28.780940234911068], [-17.759096710658167, 28.80073082123317], [-17.757324281524994, 28.818025723099225], [-17.76604862864259, 28.828325496328343], [-17.77683170939131, 28.836738654839696], [-17.77703993055555, 28.838237847222217], [-17.779644097222217, 28.83953993055555], [-17.780295138888885, 28.84171006944444], [-17.785503472222217, 28.842578124999996], [-17.788324652777774, 28.84518229166666], [-17.79512419664254, 28.845506079469743], [-17.801387627073634, 28.847722220105766], [-17.816321550221907, 28.84257803725927], [-17.837152777777774, 28.84171006944444], [-17.838888888888885, 28.841059027777774], [-17.838888888888885, 28.840190972222217], [-17.84539930555555, 28.839105902777774], [-17.87348677024188, 28.84015366996145], [-17.875347222222217, 28.841927083333328], [-17.878819444444442, 28.84279513888889], [-17.89685362420499, 28.845800835515643], [-17.907031249999996, 28.852560763888885], [-17.90941840277777, 28.858420138888885], [-17.914843749999992, 28.859722222222217], [-17.924609374999996, 28.858420138888885], [-17.92569444444444, 28.857118055555553], [-17.926345486111106, 28.853211805555553], [-17.92873263888889, 28.852343749999996], [-17.93133680555555, 28.848437499999992]], [[-17.957595486111106, 27.843012152777774], [-17.96584201388888, 27.841493055555553], [-17.968012152777774, 27.83975694444444], [-17.974305555555553, 27.830859374999992], [-17.977777777777774, 27.828689236111103], [-17.995138888888885, 27.823697916666664], [-17.994921874999996, 27.822178819444442], [-17.99296875, 27.821527777777774], [-17.99218634673071, 27.818711126008328], [-17.994210687195153, 27.807076481294633], [-18.002261970760337, 27.797681015660316], [-18.043123597731913, 27.76279275889216], [-18.056336805555553, 27.76184895833333], [-18.05850694444444, 27.759678819444442], [-18.07097108748141, 27.758030774712005], [-18.097987481775466, 27.76387976638455], [-18.118242597586374, 27.7655002135768], [-18.120138888888885, 27.76749131944444], [-18.127951388888885, 27.76944444444444], [-18.133159722222217, 27.76944444444444], [-18.140321180555553, 27.768142361111103], [-18.142267881312854, 27.766411960437946], [-18.165521083571857, 27.756643249636312], [-18.159962054476953, 27.728021080670057], [-18.161154513888885, 27.727126736111106], [-18.161805555555553, 27.723871527777774], [-18.161371527777774, 27.719097222222217], [-18.155295138888885, 27.71280381944444], [-18.154210069444442, 27.707378472222214], [-18.15203993055555, 27.706727430555546], [-18.151388888888885, 27.704774305555553], [-18.148784722222217, 27.704123263888885], [-18.130707796736598, 27.703477659407255], [-18.12655315380638, 27.701726481842325], [-18.052647619626608, 27.69264998007543], [-18.046571180555553, 27.68741319444444], [-18.038761128400928, 27.682439147980816], [-18.029515087041535, 27.668842792723524], [-18.014891717910793, 27.6546995704742], [-18.012490090307946, 27.65345365750797], [-18.012065972222217, 27.65203993055555], [-18.00662441430705, 27.65041067042015], [-18.004253472222217, 27.644878472222214], [-17.99991319444444, 27.644227430555546], [-17.998611111111106, 27.642274305555553], [-17.994704861111106, 27.641189236111106], [-17.981684027777774, 27.641189236111106], [-17.977777777777774, 27.642274305555553], [-17.977126736111106, 27.644227430555546], [-17.97495659722222, 27.644878472222214], [-17.974088541666664, 27.650086805555553], [-17.97213541666666, 27.651388888888885], [-17.971050347222217, 27.655295138888885], [-17.97137194104909, 27.666872516656305], [-17.970107144727994, 27.67785166446815], [-17.96866319444444, 27.679383680555556], [-17.96652942770761, 27.687764404714788], [-17.951414048627925, 27.70057613548774], [-17.948305168012865, 27.705294676314683], [-17.946195186387303, 27.711826115165266], [-17.93127477907397, 27.719736218485178], [-17.92841, 27.72474936183551], [-17.928515625, 27.73754340277777], [-17.926345486111106, 27.738845486111103], [-17.925147148226067, 27.747026360409762], [-17.886459030332833, 27.7986348727269], [-17.880855561177956, 27.814512803245627], [-17.885321577707266, 27.826764565877284], [-17.89738119760011, 27.839100227186034], [-17.904748428751315, 27.84297160698713], [-17.906597222222217, 27.84496527777777], [-17.914508319678998, 27.84810029696887], [-17.933638626930644, 27.850486657857374], [-17.935823251957018, 27.84923794061027], [-17.944574652777774, 27.84865451388889], [-17.946527777777774, 27.848003472222217], [-17.94717881944444, 27.846484374999996], [-17.95499131944444, 27.84561631944444], [-17.95694444444444, 27.844531249999992], [-17.957595486111106, 27.843012152777774]]]}}, {"type": "Feature", "properties": {"t": "b2", "lvl": 2}, "geometry": {"type": "Polygon", "coordinates": [[[-18.699999999999996, 28.762499999999996], [-18.343749999999996, 29.231249999999996], [-17.631249999999994, 29.543749999999996], [-16.562499999999996, 29.699999999999996], [-15.137499999999992, 29.699999999999996], [-14.068749999999993, 29.58454861111111], [-13.524574594031055, 29.408195470287843], [-13.527126736111105, 29.407377373417717], [-13.52821180555555, 29.40476661392405], [-13.53211805555555, 29.40411392405063], [-13.533420138888882, 29.403026107594933], [-13.534722222222214, 29.39758702531645], [-13.533420138888882, 29.38779667721519], [-13.53211805555555, 29.38670886075949], [-13.52821180555555, 29.38605617088607], [-13.527777777777771, 29.3845332278481], [-13.525824652777771, 29.3834454113924], [-13.519314236111104, 29.3834454113924], [-13.517361111111104, 29.3845332278481], [-13.516059027777771, 29.38670886075949], [-13.514539930555546, 29.386491297468353], [-13.512586805555546, 29.3834454113924], [-13.508029513888882, 29.38366297468354], [-13.502387152777771, 29.389754746835443], [-13.49696180555555, 29.390842563291137], [-13.496310763888882, 29.393018196202526], [-13.493706597222216, 29.394541139240506], [-13.49312932959674, 29.398004875332276], [-13.356249999999992, 29.35364583333333], [-12.999999999999993, 29.007291666666664], [-13.000217013888882, 28.199131944444442], [-13.001302083333325, 27.852777777777774], [-13.003255208333325, 27.851475694444442], [-13.00412326388888, 27.846267361111103], [-13.00629340277777, 27.84496527777777], [-13.008246527777771, 27.832812499999992], [-13.013454861111104, 27.830642361111103], [-13.014539930555546, 27.825434027777774], [-13.01671006944444, 27.824131944444442], [-13.018012152777771, 27.811979166666664], [-13.020616319444438, 27.81046006944444], [-13.021267361111104, 27.80828993055555], [-13.026475694444438, 27.807421874999996], [-13.028211805555546, 27.80481770833333], [-13.034288194444436, 27.802864583333328], [-13.034939236111104, 27.79852430555555], [-13.03797743055555, 27.795269097222217], [-13.038845486111104, 27.787456597222217], [-13.041015624999993, 27.786371527777774], [-13.041883680555548, 27.78116319444444], [-13.044487847222214, 27.77921006944444], [-13.04535590277777, 27.77139756944444], [-13.048394097222216, 27.768142361111103], [-13.049045138888882, 27.76380208333333], [-13.055772569444438, 27.761197916666667], [-13.058593749999993, 27.75685763888888], [-13.061848958333327, 27.755121527777774], [-13.063151041666659, 27.749045138888885], [-13.065321180555548, 27.748394097222217], [-13.066623263888882, 27.74578993055555], [-13.074435763888882, 27.744921874999996], [-13.075737847222214, 27.744487847222217], [-13.077039930555548, 27.74231770833333], [-13.084852430555548, 27.741449652777774], [-13.08832465277777, 27.738628472222217], [-13.109592013888882, 27.733637152777774], [-13.111111111111104, 27.732118055555553], [-13.11241319444444, 27.728211805555553], [-13.11545138888888, 27.727777777777774], [-13.118923611111104, 27.725824652777774], [-13.12586805555555, 27.718012152777774], [-13.130642361111104, 27.717144097222217], [-13.133897569444438, 27.714105902777774], [-13.140407986111104, 27.713454861111106], [-13.141710069444438, 27.712586805555553], [-13.143663194444438, 27.70802951388888], [-13.146267361111104, 27.70672743055555], [-13.162543402777771, 27.702387152777774], [-13.166232638888882, 27.697829861111106], [-13.169704861111102, 27.69522569444444], [-13.173394097222216, 27.67960069444444], [-13.17469618055555, 27.67699652777777], [-13.179253472222214, 27.67504340277777], [-13.18012152777777, 27.67374131944444], [-13.181206597222216, 27.66592881944444], [-13.183376736111104, 27.664843749999996], [-13.184244791666657, 27.65963541666666], [-13.187282986111104, 27.657031249999996], [-13.188151041666659, 27.65182291666666], [-13.190321180555548, 27.650737847222217], [-13.19162326388888, 27.641623263888885], [-13.19422743055555, 27.64032118055555], [-13.194878472222216, 27.63815104166666], [-13.200086805555546, 27.63706597222222], [-13.202039930555546, 27.630989583333328], [-13.20421006944444, 27.629470486111106], [-13.205512152777771, 27.61427951388888], [-13.20768229166666, 27.61254340277777], [-13.208550347222214, 27.60473090277777], [-13.211154513888882, 27.601258680555553], [-13.212456597222216, 27.57999131944444], [-13.21506076388888, 27.576519097222217], [-13.215711805555546, 27.570008680555553], [-13.216579861111104, 27.568706597222217], [-13.220920138888882, 27.567404513888885], [-13.22287326388888, 27.558289930555553], [-13.22504340277777, 27.556336805555553], [-13.226345486111104, 27.538107638888885], [-13.228949652777771, 27.534852430555553], [-13.229817708333325, 27.527039930555553], [-13.231987847222214, 27.52530381944444], [-13.23285590277777, 27.512282986111106], [-13.233289930555546, 27.510112847222217], [-13.235894097222216, 27.507074652777774], [-13.236545138888882, 27.500564236111106], [-13.23741319444444, 27.499262152777774], [-13.241970486111104, 27.497743055555553], [-13.243272569444438, 27.49600694444444], [-13.246961805555546, 27.485590277777774], [-13.249348958333327, 27.484071180555553], [-13.250217013888882, 27.476258680555553], [-13.250651041666659, 27.474956597222217], [-13.252821180555548, 27.473654513888885], [-13.253689236111104, 27.465842013888885], [-13.254774305555546, 27.463888888888885], [-13.25629340277777, 27.463237847222217], [-13.257378472222216, 27.455425347222217], [-13.258246527777771, 27.454123263888885], [-13.263454861111104, 27.452170138888885], [-13.264539930555546, 27.446961805555553], [-13.26671006944444, 27.445659722222217], [-13.268012152777771, 27.43350694444444], [-13.27018229166666, 27.432204861111106], [-13.271050347222214, 27.426996527777774], [-13.273871527777771, 27.424175347222214], [-13.27756076388888, 27.405946180555553], [-13.278862847222214, 27.402907986111106], [-13.283420138888882, 27.40030381944444], [-13.284288194444436, 27.398133680555553], [-13.284939236111104, 27.387282986111106], [-13.28537326388888, 27.385112847222217], [-13.28797743055555, 27.382074652777774], [-13.288845486111104, 27.374262152777774], [-13.291015624999993, 27.37317708333333], [-13.291883680555548, 27.367968749999996], [-13.294704861111102, 27.36579861111111], [-13.298394097222216, 27.355381944444442], [-13.301215277777771, 27.352777777777774], [-13.30512152777777, 27.352126736111106], [-13.305772569444436, 27.349956597222217], [-13.308376736111104, 27.348220486111106], [-13.309678819444436, 27.33302951388888], [-13.312065972222216, 27.330642361111103], [-13.31293402777777, 27.32803819444444], [-13.316406249999991, 27.31241319444444], [-13.31879340277777, 27.31067708333333], [-13.320746527777771, 27.304600694444442], [-13.325954861111104, 27.303515625], [-13.32660590277777, 27.301345486111103], [-13.32921006944444, 27.30004340277777], [-13.330295138888882, 27.29201388888888], [-13.33637152777777, 27.285720486111103], [-13.337456597222216, 27.280295138888885], [-13.339626736111105, 27.279644097222217], [-13.34071180555555, 27.27703993055555], [-13.346788194444436, 27.275086805555553], [-13.347873263888882, 27.270312499999996], [-13.35763888888888, 27.26032986111111], [-13.36219618055555, 27.249479166666664], [-13.36762152777777, 27.24796006944444], [-13.368272569444436, 27.24578993055555], [-13.370876736111105, 27.244704861111106], [-13.37174479166666, 27.239496527777774], [-13.374348958333327, 27.23732638888888], [-13.376302083333327, 27.224522569444442], [-13.380642361111104, 27.221050347222217], [-13.383246527777771, 27.21432291666666], [-13.387803819444436, 27.213020833333328], [-13.391059027777771, 27.20520833333333], [-13.723437499999994, 27.202604166666667], [-14.387326388888884, 27.200868055555553], [-16.70963541666666, 27.199999999999996], [-17.70481770833333, 27.356249999999996], [-18.36827256944444, 27.668749999999996], [-18.699999999999996, 28.137499999999996], [-18.699999999999996, 28.762499999999996]], [[-13.311848958333327, 27.48732638888888], [-13.312282986111104, 27.476909722222217], [-13.31119791666666, 27.474305555555553], [-13.309678819444436, 27.475173611111106], [-13.309244791666657, 27.485590277777774], [-13.310329861111102, 27.48819444444444], [-13.311848958333327, 27.48732638888888]], [[-13.325954861111104, 27.46671006944444], [-13.326388888888882, 27.465190972222217], [-13.323784722222214, 27.463888888888885], [-13.319878472222216, 27.46453993055555], [-13.319878472222216, 27.46671006944444], [-13.322048611111105, 27.467361111111106], [-13.325954861111104, 27.46671006944444]], [[-13.517144097222216, 29.18358605836849], [-13.517795138888882, 29.178935917721514], [-13.523003472222214, 29.17371439873417], [-13.524956597222216, 29.154786392405057], [-13.527126736111105, 29.15269921325597], [-13.527882728888578, 29.146162842284777], [-13.533086094174163, 29.140521530600594], [-13.534288194444436, 29.14032118055555], [-13.535601454398625, 29.137794462588765], [-13.537796500990643, 29.13652369147249], [-13.551038500211384, 29.132729500817216], [-13.580032143478507, 29.132745547126202], [-13.585503472222214, 29.134244791666664], [-13.588107638888882, 29.13684895833333], [-13.60394965277777, 29.13706597222222], [-13.606987847222214, 29.136197916666667], [-13.611890843619525, 29.13163255144107], [-13.622395833333327, 29.130121527777774], [-13.636247578127803, 29.12554673230353], [-13.642680537155249, 29.12197741215525], [-13.646267361111104, 29.123394097222217], [-13.659288194444438, 29.12317708333333], [-13.663194444444438, 29.121006944444442], [-13.663845486111104, 29.117100694444442], [-13.666232638888882, 29.11623263888889], [-13.670355902777768, 29.11102430555555], [-13.681423611111105, 29.109071180555553], [-13.683159722222216, 29.107769097222217], [-13.684678819444438, 29.099956597222217], [-13.687282986111104, 29.09865451388889], [-13.687934027777771, 29.096484374999996], [-13.693142361111104, 29.09561631944444], [-13.696397569444438, 29.092578124999996], [-13.704210069444438, 29.09171006944444], [-13.705512152777771, 29.089105902777774], [-13.70768229166666, 29.088454861111106], [-13.70883410418658, 29.084505789614234], [-13.72128100684167, 29.08376426496065], [-13.723524305555546, 29.088454861111106], [-13.726562499999993, 29.088888888888885], [-13.728732638888882, 29.087586805555553], [-13.729166666666659, 29.084548611111106], [-13.730300775762826, 29.083226911917084], [-13.745442708333327, 29.081293402777774], [-13.74716685832357, 29.079815559928992], [-13.756293402777771, 29.07782118055555], [-13.757000649308402, 29.076406687494288], [-13.766137279238169, 29.072706228874416], [-13.773066447329342, 29.068187313510784], [-13.775824652777771, 29.067621527777774], [-13.784384871482613, 29.059464480422868], [-13.792100694444438, 29.055902777777774], [-13.79947916666666, 29.047873263888885], [-13.804253472222214, 29.04678819444444], [-13.806206597222216, 29.040711805555553], [-13.808593749999995, 29.039843749999996], [-13.812282986111104, 29.03441840277777], [-13.818142361111104, 29.02986111111111], [-13.820746527777771, 29.020095486111103], [-13.825954861111104, 29.018793402777774], [-13.827039930555546, 29.016189236111106], [-13.82921006944444, 29.01553819444444], [-13.830078124999993, 29.010329861111106], [-13.832031249999993, 29.009027777777774], [-13.833116319444438, 29.006423611111106], [-13.833984374999993, 28.99600694444444], [-13.836588541666659, 28.993836805555553], [-13.836588541666659, 28.989496527777774], [-13.833984374999993, 28.98732638888888], [-13.83370796110897, 28.9854836296154], [-13.834579434065809, 28.974816575671618], [-13.836154513888882, 28.973871527777774], [-13.836805555555548, 28.97170138888888], [-13.836588541666659, 28.96866319444444], [-13.83516912303519, 28.967598630470835], [-13.837605980956035, 28.937770860497036], [-13.841006155726259, 28.923158347424952], [-13.846788194444436, 28.920920138888885], [-13.847873263888882, 28.916145833333328], [-13.85763888888888, 28.90616319444444], [-13.861328124999995, 28.897048611111103], [-13.865697789419317, 28.894768786196675], [-13.874782986111104, 28.893142361111103], [-13.878906249999991, 28.887934027777774], [-13.88172743055555, 28.88684895833333], [-13.88172743055555, 28.884678819444442], [-13.879774305555546, 28.884027777777774], [-13.878689236111104, 28.882074652777774], [-13.877821180555548, 28.874262152777774], [-13.874999999999993, 28.872309027777774], [-13.875217013888882, 28.87078993055555], [-13.877170138888882, 28.870138888888885], [-13.878255208333325, 28.868185763888885], [-13.877821180555548, 28.861675347222217], [-13.874565972222214, 28.859722222222217], [-13.868706597222214, 28.860373263888885], [-13.866753472222214, 28.862543402777774], [-13.862092897983915, 28.863009460201603], [-13.859202839578655, 28.86093829599029], [-13.818648339411451, 28.860626253039058], [-13.808242790746807, 28.859574465926226], [-13.798559960259512, 28.856939027574978], [-13.797309027777771, 28.852560763888885], [-13.792968749999993, 28.84952256944444], [-13.791232638888882, 28.84366319444444], [-13.789062499999993, 28.842361111111106], [-13.786024305555546, 28.842578124999996], [-13.783369136986344, 28.845315110720293], [-13.780132152780975, 28.841086], [-13.775520920956053, 28.841086], [-13.76135815139197, 28.86601120874073], [-13.753906249999993, 28.871874999999996], [-13.751302083333327, 28.87534722222222], [-13.749741162635537, 28.881925492817903], [-13.737240187660614, 28.89741216397984], [-13.71141708535765, 28.915072520937976], [-13.678631277780555, 28.922233427109415], [-13.651258680555546, 28.922439236111106], [-13.638888888888882, 28.923524305555553], [-13.638454861111104, 28.925043402777774], [-13.633246527777771, 28.925911458333324], [-13.630425347222216, 28.92873263888889], [-13.620086096731203, 28.929852813564427], [-13.608460011242892, 28.93388341844577], [-13.60087415254665, 28.943002290990346], [-13.593782505356758, 28.94978231071573], [-13.568142361111104, 28.953906249999996], [-13.564670138888882, 28.95607638888888], [-13.549045138888882, 28.954340277777774], [-13.545138888888882, 28.954774305555553], [-13.544487847222214, 28.956727430555546], [-13.542317708333325, 28.957378472222214], [-13.540364583333325, 28.96410590277777], [-13.511280607138126, 28.978766387546408], [-13.489033963671266, 28.995953135907893], [-13.481770833333325, 28.998828124999996], [-13.479166666666659, 29.003819444444442], [-13.479068866414597, 29.00655785150222], [-13.473011569935158, 29.015546939760284], [-13.469184027777771, 29.015972222222217], [-13.467230902777771, 29.01705729166666], [-13.465928819444438, 29.019227430555553], [-13.465277777777771, 29.022482638888885], [-13.466639618785274, 29.038047881214716], [-13.465277777777771, 29.044618055555553], [-13.464626736111105, 29.056336805555553], [-13.462022569444436, 29.059592013888885], [-13.461588541666659, 29.066102430555553], [-13.460503472222214, 29.068055555555553], [-13.458984374999993, 29.068489583333328], [-13.458116319444438, 29.073697916666667], [-13.455512152777771, 29.075434027777774], [-13.454644097222216, 29.080642361111103], [-13.452690972222214, 29.08194444444444], [-13.45160590277777, 29.08585069444444], [-13.452039930555546, 29.10147569444444], [-13.454644097222216, 29.104079861111106], [-13.45616319444444, 29.109939236111106], [-13.458114457506685, 29.111193619508267], [-13.463482996728912, 29.130267751110768], [-13.462022569444436, 29.131206597222217], [-13.460503472222214, 29.134461805555553], [-13.454644097222216, 29.138585069444446], [-13.45160590277777, 29.143142361111103], [-13.445746527777771, 29.144878472222214], [-13.443576388888882, 29.15030381944444], [-13.433159722222214, 29.154644097222217], [-13.431423611111104, 29.155946180555553], [-13.429253472222214, 29.161371527777774], [-13.42491319444444, 29.162890624999996], [-13.42296006944444, 29.17808159722222], [-13.421440972222214, 29.179166666666664], [-13.42035590277777, 29.184140954641347], [-13.42125722297696, 29.205228223441196], [-13.41965619554167, 29.20852969971568], [-13.447453816944973, 29.231733462411594], [-13.465651430704522, 29.241737842336324], [-13.482175525088357, 29.23856331356546], [-13.494192505701802, 29.224276074046497], [-13.496218275482917, 29.21981700966614], [-13.499565972222214, 29.218314873417718], [-13.500651041666659, 29.213093354430374], [-13.503255208333325, 29.21135284810126], [-13.50412326388888, 29.20613132911392], [-13.50672743055555, 29.204390822784806], [-13.507378472222216, 29.20003955696202], [-13.511284722222214, 29.198734177215186], [-13.513454861111104, 29.19636735232067], [-13.51410590277777, 29.18839662447257], [-13.517144097222216, 29.18358605836849]], [[-13.523654513888882, 29.267484177215184], [-13.524522569444436, 29.257041139240503], [-13.525607638888882, 29.254430379746832], [-13.527126736111105, 29.253560126582272], [-13.527638721049094, 29.247400753353606], [-13.53882905715847, 29.237002972817226], [-13.544487847222214, 29.236372626582273], [-13.54535590277777, 29.234196993670885], [-13.54796006944444, 29.23267405063291], [-13.548611111111104, 29.224841772151898], [-13.547960069444438, 29.222231012658227], [-13.544704861111104, 29.219620253164553], [-13.538845486111104, 29.218967563291134], [-13.536892361111104, 29.216139240506326], [-13.53537326388888, 29.216356803797467], [-13.534722222222214, 29.218314873417718], [-13.532118055555548, 29.219402689873416], [-13.523437499999993, 29.219837816455694], [-13.521701388888882, 29.22027294303797], [-13.519748263888882, 29.22244857594936], [-13.506727430555548, 29.22331882911392], [-13.503472222222214, 29.224406645569616], [-13.503255208333325, 29.22592958860759], [-13.500217013888882, 29.227887658227843], [-13.499348958333327, 29.23310917721519], [-13.49674479166666, 29.234849683544297], [-13.495876736111105, 29.240071202531645], [-13.493272569444436, 29.24115901898734], [-13.49262152777777, 29.243334651898728], [-13.48741319444444, 29.244857594936708], [-13.485508578421829, 29.25645755782138], [-13.48285590277777, 29.25856408227848], [-13.482204861111104, 29.26073971518987], [-13.476996527777771, 29.262262658227844], [-13.475694444444438, 29.27009493670886], [-13.476345486111104, 29.274446202531642], [-13.478949652777771, 29.275969145569615], [-13.479600694444438, 29.27814477848101], [-13.484809027777771, 29.279015031645564], [-13.487722872863879, 29.283309513833878], [-13.502533235051452, 29.28664742919937], [-13.505859374999991, 29.28880537974683], [-13.51215277777777, 29.289240506329108], [-13.514973958333325, 29.287935126582273], [-13.517144097222218, 29.285324367088602], [-13.52039930555555, 29.272270569620247], [-13.522135416666659, 29.26835443037974], [-13.523654513888882, 29.267484177215184]], [[-13.530381944444436, 29.296202531645566], [-13.52821180555555, 29.298160601265817], [-13.527777777777771, 29.302729430379742], [-13.528645833333327, 29.304687499999993], [-13.532986111111104, 29.306645569620247], [-13.536458333333327, 29.306645569620247], [-13.539062499999993, 29.305557753164553], [-13.540798611111104, 29.303382120253158], [-13.541666666666659, 29.30011867088607], [-13.540364583333325, 29.290328322784802], [-13.539062499999993, 29.289240506329108], [-13.536024305555546, 29.289675632911386], [-13.534288194444436, 29.29489715189873], [-13.530381944444436, 29.296202531645566]], [[-13.83420138888888, 28.759027777777774], [-13.83637152777777, 28.756423611111106], [-13.836805555555548, 28.750347222222217], [-13.835503472222214, 28.74535590277777], [-13.830295138888882, 28.74123263888889], [-13.82899305555555, 28.738845486111103], [-13.821180555555546, 28.73819444444444], [-13.815972222222214, 28.739496527777774], [-13.815755208333325, 28.741015625], [-13.813802083333325, 28.741666666666664], [-13.812499999999993, 28.750781249999996], [-13.813368055555548, 28.76141493055555], [-13.815104166666659, 28.764453124999996], [-13.817708333333325, 28.765972222222217], [-13.824001736111104, 28.76553819444444], [-13.827690972222214, 28.763368055555553], [-13.829644097222216, 28.760329861111106], [-13.83420138888888, 28.759027777777774]], [[-13.920138888888882, 28.75295138888888], [-13.923394097222214, 28.755121527777774], [-13.934244791666659, 28.755121527777774], [-13.937499999999993, 28.75295138888888], [-13.938802083333327, 28.749045138888885], [-13.943142361111104, 28.748394097222217], [-13.946397569444438, 28.745355902777774], [-13.954210069444438, 28.744487847222217], [-13.955295138888882, 28.74231770833333], [-13.960503472222214, 28.741449652777774], [-13.963107638888882, 28.738845486111103], [-13.978732638888882, 28.737977430555546], [-13.982638888888882, 28.736892361111106], [-13.983289930555548, 28.735373263888885], [-13.984592013888882, 28.734939236111106], [-13.991102430555548, 28.73428819444444], [-13.993055555555548, 28.732118055555553], [-13.993706597222216, 28.728211805555553], [-13.995876736111105, 28.727560763888885], [-13.99696180555555, 28.724956597222217], [-14.002170138888882, 28.723871527777774], [-14.004557291666659, 28.71866319444444], [-14.017578124999993, 28.71671006944444], [-14.019748263888882, 28.715407986111103], [-14.020833333333327, 28.713454861111103], [-14.021484374999993, 28.707595486111103], [-14.023654513888882, 28.70651041666666], [-14.024305555555548, 28.702604166666667], [-14.023654513888882, 28.700434027777774], [-14.021484374999993, 28.69956597222222], [-14.020616319444438, 28.69435763888888], [-14.01866319444444, 28.693055555555553], [-14.016927083333329, 28.689149305555553], [-14.014756944444436, 28.673524305555553], [-14.015190972222214, 28.672222222222217], [-14.01671006944444, 28.671571180555553], [-14.017578124999993, 28.663758680555553], [-14.020616319444438, 28.660503472222217], [-14.021267361111104, 28.655946180555553], [-14.02647569444444, 28.651171874999992], [-14.02821180555555, 28.640104166666667], [-14.030381944444436, 28.637499999999996], [-14.034288194444436, 28.636197916666667], [-14.034939236111104, 28.63185763888888], [-14.03797743055555, 28.628602430555553], [-14.038845486111104, 28.620789930555553], [-14.040364583333327, 28.620138888888885], [-14.041449652777771, 28.618185763888885], [-14.041449652777771, 28.611675347222217], [-14.038845486111104, 28.608637152777774], [-14.038194444444438, 28.598871527777774], [-14.038845486111104, 28.593446180555553], [-14.041449652777771, 28.590407986111103], [-14.042317708333325, 28.582595486111103], [-14.045572916666657, 28.580642361111103], [-14.048394097222216, 28.57630208333333], [-14.05512152777777, 28.57434895833333], [-14.055772569444436, 28.572178819444442], [-14.058376736111105, 28.570876736111106], [-14.05946180555555, 28.562847222222217], [-14.064887152777771, 28.556987847222217], [-14.06875018153361, 28.542501489387824], [-14.073503728067095, 28.53632051657022], [-14.075954861111104, 28.535503472222217], [-14.07660590277777, 28.53116319444444], [-14.07921006944444, 28.52921006944444], [-14.080271790448537, 28.52225874707421], [-14.081491333121514, 28.519605895939232], [-14.08268229166666, 28.51901041666666], [-14.084564574141949, 28.512920725252073], [-14.087673611111105, 28.51032986111111], [-14.089843749999993, 28.506640624999996], [-14.09026595884056, 28.500518596811798], [-14.092520112709261, 28.495615172945207], [-14.096788194444436, 28.493836805555553], [-14.09787326388888, 28.488628472222214], [-14.10004340277777, 28.48754340277777], [-14.10175983458113, 28.478961243760974], [-14.103132451235572, 28.476966403879345], [-14.106553819444436, 28.47452256944444], [-14.111111111111105, 28.46866319444444], [-14.120876736111104, 28.46671006944444], [-14.122178819444438, 28.464105902777774], [-14.124348958333327, 28.463454861111106], [-14.125868055555548, 28.45802951388888], [-14.138671874999991, 28.452387152777774], [-14.142144097222216, 28.447612847222217], [-14.148220486111104, 28.442404513888885], [-14.152560763888882, 28.426128472222217], [-14.155381944444436, 28.422222222222217], [-14.158420138888882, 28.421571180555553], [-14.16037326388888, 28.412456597222217], [-14.163194444444438, 28.410503472222217], [-14.16297743055555, 28.408984374999996], [-14.161024305555546, 28.408333333333328], [-14.159939236111104, 28.40572916666666], [-14.160156249999993, 28.396831597222217], [-14.161024305555546, 28.394661458333328], [-14.165364583333325, 28.390104166666664], [-14.167100694444438, 28.37100694444444], [-14.169270833333327, 28.36536458333333], [-14.172309027777771, 28.36319444444444], [-14.173177083333327, 28.361458333333324], [-14.174045138888882, 28.35473090277777], [-14.17491319444444, 28.35342881944444], [-14.181423611111104, 28.350824652777774], [-14.184895833333325, 28.346267361111106], [-14.189670138888882, 28.342361111111106], [-14.200520833333325, 28.33780381944444], [-14.201822916666659, 28.33302951388888], [-14.207899305555548, 28.326736111111106], [-14.208550347222214, 28.320008680555553], [-14.208984374999993, 28.318706597222217], [-14.210503472222214, 28.318055555555553], [-14.211588541666659, 28.314149305555553], [-14.212456597222216, 28.298524305555553], [-14.214626736111105, 28.29635416666666], [-14.215277777777771, 28.292013888888885], [-14.215060763888882, 28.285937499999996], [-14.214626736111105, 28.28420138888888], [-14.213107638888882, 28.283333333333328], [-14.212673611111104, 28.279861111111103], [-14.215060763888882, 28.238194444444442], [-14.217881944444436, 28.227777777777774], [-14.221788194444436, 28.226475694444442], [-14.22287326388888, 28.221267361111103], [-14.225260416666659, 28.22039930555555], [-14.230251736111104, 28.21432291666666], [-14.234809027777771, 28.213454861111106], [-14.23741319444444, 28.207378472222214], [-14.24262152777777, 28.206293402777774], [-14.243706597222216, 28.203689236111106], [-14.246310763888882, 28.202821180555553], [-14.252387152777771, 28.195008680555553], [-14.25629340277777, 28.192621527777774], [-14.257595486111104, 28.18741319444444], [-14.268012152777771, 28.184157986111103], [-14.27170138888888, 28.17960069444444], [-14.27582465277777, 28.176345486111103], [-14.284071180555548, 28.175043402777774], [-14.28537326388888, 28.172439236111106], [-14.28754340277777, 28.17178819444444], [-14.289496527777771, 28.165711805555553], [-14.293836805555546, 28.165060763888885], [-14.297092013888882, 28.16202256944444], [-14.304904513888882, 28.16115451388889], [-14.307508680555548, 28.15724826388888], [-14.314019097222214, 28.152256944444442], [-14.316184064775765, 28.14735692452587], [-14.321479227489615, 28.144266582748063], [-14.325737847222214, 28.143793402777774], [-14.326822916666659, 28.141623263888885], [-14.332031249999993, 28.140755208333328], [-14.333767361111104, 28.13815104166666], [-14.33897569444444, 28.13728298611111], [-14.341579861111104, 28.134461805555553], [-14.357204861111104, 28.13077256944444], [-14.361111111111104, 28.12795138888888], [-14.362303559036949, 28.124374045111356], [-14.366753472222214, 28.123394097222217], [-14.373666715881967, 28.119793476075387], [-14.390842013888882, 28.11623263888889], [-14.392361111111104, 28.114496527777774], [-14.394748263888882, 28.113628472222217], [-14.423394097222214, 28.109939236111106], [-14.430555555555548, 28.107118055555553], [-14.430555555555548, 28.10538194444444], [-14.43207465277777, 28.104079861111106], [-14.43967013888888, 28.102777777777774], [-14.453342013888882, 28.104079861111106], [-14.454861111111104, 28.10538194444444], [-14.455295138888882, 28.108420138888885], [-14.457465277777771, 28.109722222222217], [-14.46137152777777, 28.108420138888885], [-14.462022569444436, 28.104079861111106], [-14.463107638888882, 28.102777777777774], [-14.464626736111105, 28.103211805555553], [-14.466145833333327, 28.108420138888885], [-14.470486111111104, 28.109722222222217], [-14.478298611111104, 28.108420138888885], [-14.479817708333325, 28.103211805555553], [-14.481336805555546, 28.102777777777774], [-14.482421874999993, 28.104079861111106], [-14.483289930555546, 28.10928819444444], [-14.48546006944444, 28.109939236111106], [-14.486762152777771, 28.112543402777774], [-14.492621527777771, 28.11319444444444], [-14.494574652777771, 28.11254340277777], [-14.496527777777771, 28.10928819444444], [-14.497178819444438, 28.10342881944444], [-14.499999999999993, 28.10147569444444], [-14.499782986111104, 28.099956597222217], [-14.497829861111104, 28.099305555555553], [-14.49674479166666, 28.097352430555553], [-14.497178819444438, 28.089539930555553], [-14.49869791666666, 28.088888888888885], [-14.50043402777777, 28.086284722222217], [-14.503906249999991, 28.075868055555553], [-14.50672743055555, 28.07434895833333], [-14.507378472222216, 28.072178819444442], [-14.513454861111104, 28.070876736111106], [-14.513237847222214, 28.068706597222217], [-14.505208333333325, 28.068489583333328], [-14.502086242834498, 28.071371513024555], [-14.494695929271769, 28.06932641765183], [-14.445568708911939, 28.071831614433005], [-14.439887152777771, 28.071093749999996], [-14.437499999999993, 28.07022569444444], [-14.436197916666659, 28.06827256944444], [-14.431857638888882, 28.067621527777774], [-14.429687499999993, 28.06241319444444], [-14.417534722222214, 28.06046006944444], [-14.415364583333327, 28.05828993055555], [-14.399739583333327, 28.057421874999996], [-14.397135416666659, 28.056987847222217], [-14.394097222222214, 28.05481770833333], [-14.371961029869937, 28.053606015133468], [-14.36566840277777, 28.051128472222217], [-14.344184027777771, 28.048524305555553], [-14.332248263888882, 28.048090277777774], [-14.329861111111104, 28.048524305555553], [-14.329210069444438, 28.050043402777774], [-14.327907986111104, 28.050477430555546], [-14.321397569444438, 28.050911458333324], [-14.310763888888882, 28.06067708333333], [-14.308082232572898, 28.0667108100443], [-14.30216731776893, 28.06913885216954], [-14.272494017188297, 28.09715945255756], [-14.259194015286436, 28.1135428956004], [-14.257378472222216, 28.113845486111103], [-14.256293402777771, 28.116449652777778], [-14.248480902777771, 28.122960069444442], [-14.245581253629105, 28.130294816770906], [-14.213273253629106, 28.161625816770904], [-14.192310846458065, 28.172185627753773], [-14.176150969041219, 28.17596146999576], [-14.159722222222214, 28.176996527777774], [-14.158420138888882, 28.178949652777774], [-14.15321180555555, 28.17981770833333], [-14.152777777777771, 28.18133680555555], [-14.15125868055555, 28.182204861111103], [-14.129991319444436, 28.187196180555553], [-14.128472222222214, 28.188715277777774], [-14.127821180555548, 28.191753472222217], [-14.124565972222214, 28.193055555555553], [-14.120008680555548, 28.192621527777774], [-14.118055555555548, 28.19045138888888], [-14.11762152777777, 28.18741319444444], [-14.113715277777771, 28.186111111111106], [-14.111545138888882, 28.18741319444444], [-14.110460069444438, 28.191753472222217], [-14.101345486111104, 28.193706597222217], [-14.099392361111104, 28.195876736111106], [-14.083767361111104, 28.196744791666664], [-14.081163194444438, 28.197178819444442], [-14.078342013888882, 28.19934895833333], [-14.07530381944444, 28.19978298611111], [-14.05707465277777, 28.20065104166666], [-14.053385416666659, 28.20303819444444], [-14.027343749999993, 28.20672743055555], [-14.020833333333327, 28.209548611111106], [-14.020616319444438, 28.212586805555553], [-14.019531249999993, 28.213888888888885], [-14.018012152777771, 28.213454861111106], [-14.017361111111104, 28.209548611111106], [-14.015407986111104, 28.207378472222214], [-14.008897569444438, 28.207378472222214], [-14.006944444444438, 28.209548611111106], [-14.00629340277777, 28.213454861111106], [-14.003689236111104, 28.21453993055555], [-14.003038194444436, 28.21671006944444], [-13.997612847222214, 28.217795138888885], [-13.993272569444438, 28.223003472222217], [-13.98741319444444, 28.22452256944444], [-13.986111111111104, 28.22647569444444], [-13.980257700190059, 28.227560763888885], [-13.966362847222214, 28.227560763888885], [-13.961805555555548, 28.22647569444444], [-13.960503472222214, 28.22452256944444], [-13.95616319444444, 28.22452256944444], [-13.95399305555555, 28.227126736111106], [-13.94184027777777, 28.229079861111106], [-13.939670138888882, 28.234939236111106], [-13.935329861111104, 28.23776041666666], [-13.933376736111104, 28.241015625], [-13.927517361111104, 28.241666666666664], [-13.923611111111105, 28.24427083333333], [-13.919053819444436, 28.255338541666664], [-13.915798611111105, 28.25772569444444], [-13.913628472222216, 28.26076388888888], [-13.91297743055555, 28.26749131944444], [-13.909939236111104, 28.270746527777774], [-13.909288194444436, 28.275086805555553], [-13.90321180555555, 28.27703993055555], [-13.902560763888882, 28.27921006944444], [-13.900607638888882, 28.279861111111106], [-13.899522569444436, 28.285720486111106], [-13.898654513888882, 28.309157986111106], [-13.898003472222214, 28.311111111111106], [-13.896484374999993, 28.311979166666664], [-13.894965277777771, 28.322612847222217], [-13.89322916666666, 28.324782986111106], [-13.884548611111105, 28.328472222222217], [-13.882812499999993, 28.330208333333328], [-13.88129340277777, 28.338237847222217], [-13.87912326388888, 28.340190972222217], [-13.87874398669578, 28.34701796169803], [-13.876471084113655, 28.349820854620535], [-13.87326956471066, 28.35837359470432], [-13.868272569444438, 28.38012152777777], [-13.86545138888888, 28.384027777777774], [-13.860894097222216, 28.385329861111106], [-13.858072916666657, 28.389670138888885], [-13.855468749999993, 28.390972222222217], [-13.854452667904141, 28.393924526369204], [-13.848960197785557, 28.398370782551915], [-13.844496483920882, 28.407148866694715], [-13.845766435906608, 28.41371712257595], [-13.854941011594637, 28.42768855440484], [-13.85802229972927, 28.434561224839808], [-13.858974403695862, 28.443055555555553], [-13.85785590277777, 28.44826388888889], [-13.858040961045349, 28.479208768406973], [-13.854385539371115, 28.493125015095046], [-13.852280750702874, 28.497690725430857], [-13.84982638888888, 28.498611111111106], [-13.847222222222214, 28.502517361111106], [-13.845920138888882, 28.508376736111106], [-13.841579861111104, 28.50967881944444], [-13.84071180555555, 28.51098090277777], [-13.839626736111105, 28.51879340277777], [-13.837456597222216, 28.520095486111103], [-13.837022569444436, 28.52139756944444], [-13.836154513888882, 28.52921006944444], [-13.833984374999993, 28.530295138888885], [-13.833333333333327, 28.532465277777774], [-13.833984374999993, 28.536371527777774], [-13.834920503727126, 28.536652366395913], [-13.831508729019465, 28.547570569542568], [-13.830078124999993, 28.54852430555555], [-13.82921006944444, 28.55373263888889], [-13.826388888888882, 28.55546875], [-13.82660590277777, 28.556987847222217], [-13.828559027777771, 28.557638888888885], [-13.829326515132527, 28.56133869921021], [-13.822660720054866, 28.636676882338882], [-13.8258538969873, 28.681495578785594], [-13.83657905811995, 28.713906748296864], [-13.837890624999993, 28.723220486111106], [-13.84006076388888, 28.726258680555553], [-13.843315972222214, 28.727777777777774], [-13.850732644023848, 28.728413492503627], [-13.854179804269195, 28.73182197260441], [-13.855468749999993, 28.73754340277777], [-13.860677083333327, 28.739496527777774], [-13.86197916666666, 28.74405381944444], [-13.872395833333327, 28.748394097222217], [-13.874131944444438, 28.749696180555553], [-13.876302083333327, 28.755121527777774], [-13.880642361111104, 28.75577256944444], [-13.881944444444438, 28.75772569444444], [-13.894965277777771, 28.75772569444444], [-13.910156249999993, 28.75577256944444], [-13.916666666666659, 28.75295138888888], [-13.916862779838478, 28.750205804483407], [-13.919626212857635, 28.749875332701404], [-13.920138888888882, 28.75295138888888]], [[-15.437478813559316, 28.173524305555553], [-15.439650423728807, 28.169835069444442], [-15.440084745762706, 28.16354166666666], [-15.439433262711857, 28.15920138888888], [-15.436827330508468, 28.157031249999996], [-15.43595868644067, 28.15182291666666], [-15.434617600223023, 28.150929464918228], [-15.433997043768981, 28.145178896030217], [-15.439650423728807, 28.14053819444444], [-15.440736228813552, 28.13815104166666], [-15.448554025423721, 28.13728298611111], [-15.452028601694906, 28.134678819444442], [-15.459629237288128, 28.134027777777774], [-15.466274150398995, 28.134293394223263], [-15.475507064359457, 28.136256352952653], [-15.478522245762704, 28.139670138888885], [-15.480693855932195, 28.14053819444444], [-15.491334745762707, 28.141623263888885], [-15.492854872881349, 28.144227430555546], [-15.495026483050841, 28.144878472222214], [-15.495677966101688, 28.148784722222217], [-15.496980932203384, 28.150086805555553], [-15.503495762711857, 28.151388888888885], [-15.515222457627111, 28.15203993055555], [-15.517828389830502, 28.154644097222217], [-15.52304025423728, 28.155512152777774], [-15.523474576271179, 28.157031249999992], [-15.52542902542372, 28.15811631944444], [-15.531943855932196, 28.15811631944444], [-15.53324682203389, 28.15768229166666], [-15.534549788135585, 28.155512152777774], [-15.542367584745756, 28.154644097222217], [-15.544322033898299, 28.153559027777774], [-15.544322033898299, 28.152690972222217], [-15.555397245762705, 28.151605902777774], [-15.599698093220331, 28.15203993055555], [-15.603389830508467, 28.152690972222217], [-15.603389830508467, 28.153559027777774], [-15.605995762711858, 28.154644097222217], [-15.614899364406774, 28.155295138888885], [-15.617070974576265, 28.15616319444444], [-15.621848516949145, 28.16202256944444], [-15.62640889830508, 28.165060763888885], [-15.62836334745762, 28.170920138888885], [-15.637484110169485, 28.172873263888885], [-15.639438559322025, 28.17569444444444], [-15.640958686440673, 28.175477430555546], [-15.642695974576265, 28.172873263888885], [-15.657897245762703, 28.170920138888885], [-15.65898305084745, 28.169618055555553], [-15.659634533898299, 28.165711805555553], [-15.66180614406779, 28.165060763888885], [-15.662457627118638, 28.163107638888885], [-15.66441207627118, 28.16202256944444], [-15.670926906779654, 28.16202256944444], [-15.67418432203389, 28.165060763888885], [-15.678527542372876, 28.165711805555553], [-15.680481991525419, 28.17178819444444], [-15.68265360169491, 28.172439236111106], [-15.684608050847451, 28.17569444444444], [-15.686128177966093, 28.175477430555546], [-15.688082627118638, 28.172439236111106], [-15.69242584745762, 28.17178819444444], [-15.69476806855522, 28.166681356131118], [-15.704007864817635, 28.166041568485607], [-15.703642752635007, 28.165180726187828], [-15.711101694915246, 28.16397569444444], [-15.710450211864401, 28.16202256944444], [-15.706541313559313, 28.159852430555553], [-15.701763771186434, 28.152039930555553], [-15.703501059322027, 28.15030381944444], [-15.703935381355926, 28.148133680555553], [-15.704804025423721, 28.135112847222217], [-15.70740995762711, 28.132074652777774], [-15.708278601694907, 28.124262152777774], [-15.711101694915246, 28.122309027777774], [-15.710450211864401, 28.120355902777774], [-15.708278601694907, 28.119704861111106], [-15.70762711864406, 28.115798611111106], [-15.708278601694907, 28.113628472222214], [-15.709798728813553, 28.11319444444444], [-15.710450211864401, 28.111675347222214], [-15.710779704255446, 28.106297284312827], [-15.712025672484602, 28.105310084147877], [-15.711096190435844, 28.101131512251325], [-15.711753177966095, 28.090407986111106], [-15.714359110169486, 28.086935763888885], [-15.715010593220335, 28.080425347222217], [-15.717182203389823, 28.078472222222217], [-15.721742584745757, 28.077170138888885], [-15.726085805084738, 28.071961805555553], [-15.731514830508466, 28.070876736111106], [-15.732600635593212, 28.06827256944444], [-15.734772245762706, 28.067621527777774], [-15.735858050847451, 28.06241319444444], [-15.742590042372873, 28.059809027777774], [-15.746933262711856, 28.054600694444442], [-15.75149364406779, 28.053949652777774], [-15.753882415254232, 28.051345486111103], [-15.76691207627118, 28.04982638888888], [-15.769083686440672, 28.048090277777774], [-15.770169491525417, 28.045486111111106], [-15.770820974576264, 28.037673611111106], [-15.773426906779655, 28.03615451388889], [-15.773644067796603, 28.03463541666666], [-15.784067796610163, 28.032031249999996], [-15.788628177966096, 28.02682291666666], [-15.793188559322026, 28.025954861111106], [-15.794491525423721, 28.022048611111106], [-15.796011652542365, 28.020746527777774], [-15.803612288135586, 28.01944444444444], [-15.817293432203385, 28.018793402777774], [-15.820116525423721, 28.016189236111106], [-15.824459745762704, 28.01553819444444], [-15.8257627118644, 28.013368055555553], [-15.825328389830501, 28.010329861111106], [-15.819247881355928, 28.008376736111106], [-15.818813559322027, 28.006857638888885], [-15.824459745762704, 28.004687499999996], [-15.826414194915248, 27.99253472222222], [-15.828585805084739, 27.99123263888889], [-15.829454449152534, 27.98602430555555], [-15.832060381355927, 27.98428819444444], [-15.832929025423722, 27.979079861111106], [-15.835534957627111, 27.97647569444444], [-15.83596927966101, 27.96085069444444], [-15.835534957627111, 27.95824652777777], [-15.83336334745762, 27.95499131944444], [-15.832711864406773, 27.93741319444444], [-15.83336334745762, 27.92764756944444], [-15.83596927966101, 27.923090277777774], [-15.83575211864406, 27.91419270833333], [-15.834883474576266, 27.912022569444442], [-15.829020127118635, 27.905946180555546], [-15.824676906779654, 27.895312499999992], [-15.819247881355928, 27.893142361111103], [-15.818596398305079, 27.88880208333333], [-15.815773305084738, 27.886631944444442], [-15.811430084745755, 27.874479166666664], [-15.808606991525416, 27.872309027777774], [-15.80773834745762, 27.867100694444442], [-15.805132415254231, 27.865364583333328], [-15.804480932203383, 27.86102430555555], [-15.799269067796601, 27.859071180555553], [-15.798400423728804, 27.857769097222217], [-15.797314618644059, 27.849956597222217], [-15.795143008474568, 27.848871527777774], [-15.794274364406771, 27.84366319444444], [-15.791234110169484, 27.840407986111103], [-15.790365466101687, 27.832595486111103], [-15.7877595338983, 27.831293402777774], [-15.786890889830502, 27.829123263888885], [-15.781027542372874, 27.828472222222217], [-15.77646716101694, 27.826519097222217], [-15.772775423728808, 27.821961805555553], [-15.767997881355925, 27.818706597222217], [-15.757139830508468, 27.816753472222217], [-15.755619703389822, 27.811545138888885], [-15.753230932203383, 27.81067708333333], [-15.749539194915249, 27.805468749999996], [-15.743675847457618, 27.803949652777774], [-15.741504237288128, 27.801128472222217], [-15.729343220338974, 27.796137152777774], [-15.727171610169485, 27.790060763888885], [-15.722828389830502, 27.78723958333333], [-15.720873940677958, 27.783984374999996], [-15.711753177966095, 27.78268229166666], [-15.709798728813553, 27.779427083333328], [-15.70545550847457, 27.77660590277777], [-15.703283898305077, 27.770746527777774], [-15.691122881355923, 27.768793402777774], [-15.689602754237281, 27.766189236111106], [-15.68743114406779, 27.765321180555553], [-15.685476694915247, 27.756206597222217], [-15.681133474576264, 27.755121527777774], [-15.679179025423723, 27.74991319444444], [-15.677876059322028, 27.749045138888885], [-15.671361228813554, 27.749045138888885], [-15.670058262711859, 27.74991319444444], [-15.66940677966101, 27.75295138888888], [-15.665497881355925, 27.755121527777774], [-15.652720245747261, 27.755121527777774], [-15.648559322033892, 27.75295138888888], [-15.647907838983045, 27.74991319444444], [-15.64660487288135, 27.749045138888885], [-15.640090042372874, 27.748394097222217], [-15.636398305084738, 27.74578993055555], [-15.615116525423725, 27.744487847222217], [-15.60773305084745, 27.741232638888885], [-15.605995762711856, 27.738628472222217], [-15.603172669491517, 27.736675347222217], [-15.594269067796603, 27.734722222222217], [-15.580587923728807, 27.735373263888885], [-15.579082252581113, 27.73650175217285], [-15.57793860036792, 27.73599547442508], [-15.56929555084745, 27.738845486111103], [-15.540209532372916, 27.76700749858597], [-15.535346875616128, 27.767870533314582], [-15.523828810968707, 27.773119180938647], [-15.453742447025737, 27.792605647329133], [-15.4436873873278, 27.800915698112377], [-15.434655720338977, 27.801345486111103], [-15.43118114406779, 27.803949652777774], [-15.42336334745762, 27.80481770833333], [-15.422494703389825, 27.806987847222217], [-15.420540254237281, 27.807638888888885], [-15.419888771186432, 27.809592013888885], [-15.419049630809525, 27.827202022814866], [-15.408084665967785, 27.839329969405167], [-15.39534522887282, 27.847238902269858], [-15.379216874187659, 27.853362335627], [-15.377499723107121, 27.867395826215226], [-15.384073332496984, 27.88481905382679], [-15.389860696924956, 27.894191060889177], [-15.388617584745756, 27.896180555555546], [-15.3879811806428, 27.91144390599232], [-15.38321116935903, 27.921951041350376], [-15.375219453345546, 27.931253315155256], [-15.373633474576264, 27.931770833333328], [-15.360603813559315, 27.93025173611111], [-15.357997881355926, 27.930685763888885], [-15.35669491525423, 27.93177083333333], [-15.35669491525423, 27.933506944444442], [-15.357346398305078, 27.93567708333333], [-15.35951800847457, 27.936545138888885], [-15.36147245762711, 27.942621527777774], [-15.366032838983044, 27.943489583333328], [-15.377542372881349, 27.956510416666664], [-15.37780149819859, 27.96039466303791], [-15.375594950712635, 27.97583530207185], [-15.36873821531423, 27.99159927202035], [-15.367118644067789, 27.99296875], [-15.367596021683703, 27.994738923686928], [-15.365210409135951, 28.00938180448569], [-15.368633523689363, 28.01467562035446], [-15.381159156633181, 28.02138795147515], [-15.382319915254229, 28.025737847222217], [-15.38753177966101, 28.02769097222222], [-15.389269067796604, 28.03289930555555], [-15.393612288135586, 28.033550347222217], [-15.39534957627118, 28.03615451388889], [-15.397444268636914, 28.03650339275513], [-15.401079351397247, 28.042221409788787], [-15.410039847832403, 28.07465806549586], [-15.412857876706289, 28.092123403809264], [-15.412288135593213, 28.104079861111106], [-15.413591101694909, 28.11232638888888], [-15.416473701728652, 28.11551131874022], [-15.41695549306032, 28.13432206758265], [-15.414894067796602, 28.134027777777774], [-15.412288135593213, 28.13532986111111], [-15.41293961864406, 28.13728298611111], [-15.41511122881355, 28.13771701388889], [-15.4157627118644, 28.138802083333328], [-15.41511122881355, 28.140755208333328], [-15.41293961864406, 28.141189236111106], [-15.412288135593213, 28.142274305555553], [-15.412505296610162, 28.143793402777774], [-15.415089633217663, 28.145453636443307], [-15.409781572054035, 28.154623090083184], [-15.40160492510018, 28.15823132600756], [-15.401512217379887, 28.161199492855612], [-15.398389830508467, 28.163107638888885], [-15.398606991525417, 28.164626736111106], [-15.401212923728806, 28.16614583333333], [-15.402298728813552, 28.176562499999996], [-15.404470338983044, 28.179166666666664], [-15.408379237288129, 28.17981770833333], [-15.409682203389824, 28.181987847222217], [-15.417499999999993, 28.182638888888885], [-15.421843220338978, 28.181987847222217], [-15.424666313559316, 28.179383680555553], [-15.432484110169485, 28.178515625], [-15.433569915254232, 28.176128472222217], [-15.437478813559316, 28.173524305555553]], [[-16.110026483050838, 28.61558159722222], [-16.110460805084735, 28.60256076388888], [-16.109374999999993, 28.599305555555553], [-16.10785487288135, 28.600390624999996], [-16.10742055084745, 28.61341145833333], [-16.1085063559322, 28.616666666666664], [-16.110026483050838, 28.61558159722222]], [[-16.69545550847457, 28.005121527777774], [-16.69440677966101, 28.001215277777774], [-16.690497881355924, 27.999045138888885], [-16.67646930056047, 27.998638867564413], [-16.655907653884878, 28.005774850334227], [-16.644242584745754, 28.006206597222217], [-16.64033368644067, 28.008810763888885], [-16.633384533898298, 28.00967881944444], [-16.62691390914199, 28.015804731842096], [-16.61581876702316, 28.019591867736764], [-16.610799788135584, 28.019878472222214], [-16.608628177966093, 28.020746527777774], [-16.60802560965733, 28.022251927939408], [-16.587349106631564, 28.029309496553353], [-16.567536196496448, 28.02958448942494], [-16.54640271660943, 28.02563783820517], [-16.542176906779652, 28.030295138888885], [-16.53049051585624, 28.047420218051247], [-16.52849576271186, 28.047873263888885], [-16.518506355932196, 28.05763888888888], [-16.50764830508474, 28.062196180555553], [-16.506128177966094, 28.066753472222217], [-16.5048252118644, 28.067621527777774], [-16.49700741525423, 28.06935763888888], [-16.495704449152534, 28.07456597222222], [-16.493098516949146, 28.07565104166666], [-16.4924470338983, 28.07782118055555], [-16.48723516949152, 28.079340277777774], [-16.485280720338974, 28.091493055555553], [-16.457833131344113, 28.116531970399603], [-16.436267763027214, 28.14121956125133], [-16.434247881355923, 28.141623263888885], [-16.433596398305077, 28.143793402777774], [-16.43099046610169, 28.145312499999992], [-16.430875986513847, 28.148058148651515], [-16.429202845043672, 28.150180255186957], [-16.42945977896299, 28.167822471278058], [-16.42643309664474, 28.183010052738865], [-16.424692796610163, 28.18350694444444], [-16.423389830508466, 28.187847222222217], [-16.422738347457617, 28.195659722222217], [-16.41991525423728, 28.19782986111111], [-16.42056673728813, 28.19978298611111], [-16.42283501547291, 28.20101364291011], [-16.419608794276574, 28.213658348102697], [-16.41579060096945, 28.21996401318634], [-16.411445974576264, 28.22387152777777], [-16.40942122081829, 28.230482909112506], [-16.399730624621924, 28.246486722738467], [-16.39689618644067, 28.248611111111106], [-16.395806317827322, 28.252967631991034], [-16.389078389830498, 28.263585069444446], [-16.38730209106516, 28.26855808766563], [-16.382997881355926, 28.27052951388888], [-16.380391949152532, 28.286371527777774], [-16.375180084745757, 28.291362847222217], [-16.37434425668065, 28.295956787044833], [-16.364130994968367, 28.304188354988373], [-16.362150423728806, 28.304600694444442], [-16.360195974576264, 28.31067708333333], [-16.358024364406774, 28.311762152777774], [-16.357590042372873, 28.319574652777774], [-16.360195974576264, 28.322612847222217], [-16.36128177966101, 28.335633680555553], [-16.362150423728806, 28.33780381944444], [-16.365190677966094, 28.338888888888885], [-16.366493644067788, 28.340407986111106], [-16.36736228813559, 28.343446180555553], [-16.367365577487554, 28.356592514928252], [-16.366493644067788, 28.361675347222214], [-16.365190677966094, 28.36319444444444], [-16.36128177966101, 28.364496527777774], [-16.360195974576264, 28.369704861111106], [-16.358024364406774, 28.370789930555553], [-16.356721398305076, 28.379904513888885], [-16.354115466101685, 28.381206597222217], [-16.3453084736145, 28.39049922174045], [-16.340434322033893, 28.391623263888885], [-16.339860250405838, 28.39353553952434], [-16.324599254768806, 28.398812963542692], [-16.310616813777155, 28.409034349531293], [-16.308511652542368, 28.40963541666666], [-16.302142179688452, 28.415229441374308], [-16.299608050847453, 28.415711805555553], [-16.298276124348014, 28.418055589105702], [-16.282129220397145, 28.432843554269358], [-16.278109110169485, 28.43328993055555], [-16.277240466101688, 28.43546006944444], [-16.2746345338983, 28.436762152777774], [-16.274130829886982, 28.440285692016836], [-16.263283350642364, 28.449941586932315], [-16.256393008474568, 28.45021701388889], [-16.253135593220332, 28.451302083333328], [-16.25270127118643, 28.45303819444444], [-16.24879237288135, 28.455642361111106], [-16.246620762711856, 28.458680555555546], [-16.24596927966101, 28.465407986111103], [-16.24292902542372, 28.46866319444444], [-16.242277542372875, 28.473003472222217], [-16.237065677966093, 28.475173611111106], [-16.234812216938234, 28.485682637810594], [-16.23336800234675, 28.488053724723812], [-16.230116525423725, 28.487977430555546], [-16.228162076271182, 28.484939236111106], [-16.226641949152533, 28.484722222222217], [-16.22316737288135, 28.489062499999996], [-16.22012711864406, 28.49123263888889], [-16.213395127118638, 28.491883680555553], [-16.21035487288135, 28.494487847222217], [-16.1968908898305, 28.49600694444444], [-16.191461864406772, 28.500347222222217], [-16.186249999999994, 28.508159722222217], [-16.180603813559312, 28.509678819444442], [-16.17930084745762, 28.512065972222217], [-16.168877118644062, 28.51553819444444], [-16.16475105932203, 28.518793402777774], [-16.146292372881348, 28.520312499999992], [-16.14281779661016, 28.522048611111103], [-16.14064618644067, 28.52465277777777], [-16.13825741525423, 28.53072916666666], [-16.136085805084736, 28.53246527777777], [-16.12609639830508, 28.53463541666666], [-16.127182203389822, 28.539843749999996], [-16.12522775423728, 28.54092881944444], [-16.124359110169486, 28.54874131944444], [-16.12175317796609, 28.55177951388888], [-16.121525671351158, 28.565420373122567], [-16.119583988320855, 28.57130811089653], [-16.12630528597166, 28.57454116898687], [-16.12848516949152, 28.58107638888888], [-16.13130826271186, 28.583246527777774], [-16.132176906779655, 28.587586805555553], [-16.141297669491518, 28.58953993055555], [-16.142383474576263, 28.59171006944444], [-16.147595338983045, 28.592578124999996], [-16.149984110169484, 28.59518229166666], [-16.163013771186435, 28.59561631944444], [-16.16627118644067, 28.594531249999992], [-16.167574152542365, 28.592578124999996], [-16.172786016949146, 28.59171006944444], [-16.17387182203389, 28.58953993055555], [-16.18168961864406, 28.588454861111106], [-16.182992584745755, 28.587586805555553], [-16.184947033898297, 28.582378472222214], [-16.189290254237278, 28.581727430555546], [-16.19167902542372, 28.579123263888885], [-16.20492584745762, 28.57803819444444], [-16.209269067796605, 28.575868055555553], [-16.210137711864398, 28.57413194444444], [-16.219041313559316, 28.57261284722222], [-16.25052966101694, 28.575434027777774], [-16.256393008474568, 28.578255208333328], [-16.26942266949152, 28.579123263888885], [-16.271811440677958, 28.58194444444444], [-16.273331567796603, 28.581727430555546], [-16.275068855932197, 28.579123263888885], [-16.288098516949145, 28.578255208333328], [-16.291355932203384, 28.57717013888888], [-16.29222457627118, 28.57565104166666], [-16.296567796610162, 28.574999999999996], [-16.30264830508474, 28.57521701388889], [-16.30438559322033, 28.57565104166666], [-16.306122881355925, 28.57782118055555], [-16.316546610169482, 28.578689236111106], [-16.319152542372873, 28.579774305555553], [-16.32045550847457, 28.581727430555546], [-16.324798728813555, 28.581727430555546], [-16.326536016949145, 28.579123263888885], [-16.331747881355923, 28.578255208333328], [-16.333702330508466, 28.57521701388889], [-16.33522245762711, 28.574999999999996], [-16.336308262711857, 28.571744791666667], [-16.336525423728805, 28.56414930555555], [-16.33761122881355, 28.560894097222217], [-16.339782838983044, 28.558723958333328], [-16.34304025423728, 28.557638888888885], [-16.35281249999999, 28.556987847222217], [-16.354332627118634, 28.55481770833333], [-16.35954449152542, 28.553949652777774], [-16.360847457627113, 28.551996527777774], [-16.362584745762703, 28.551345486111103], [-16.383432203389823, 28.550477430555546], [-16.3886440677966, 28.549392361111106], [-16.389078389830498, 28.547873263888885], [-16.395158898305077, 28.545920138888885], [-16.39689618644067, 28.540060763888885], [-16.401239406779652, 28.53723958333333], [-16.403411016949146, 28.533767361111106], [-16.415572033898297, 28.529427083333328], [-16.417092161016942, 28.526605902777774], [-16.419263771186433, 28.525954861111106], [-16.42013241525423, 28.520746527777774], [-16.422738347457617, 28.51857638888888], [-16.424692796610163, 28.506423611111106], [-16.429036016949148, 28.504904513888885], [-16.42990466101694, 28.503602430555553], [-16.43055614406779, 28.497092013888885], [-16.433596398305077, 28.493836805555553], [-16.434247881355923, 28.489496527777774], [-16.4403283898305, 28.487543402777774], [-16.441414194915247, 28.484939236111106], [-16.443585805084737, 28.48428819444444], [-16.444237288135586, 28.48038194444444], [-16.446191737288128, 28.478211805555553], [-16.454009533898297, 28.477126736111106], [-16.454878177966094, 28.474956597222217], [-16.45748411016948, 28.473654513888885], [-16.45813559322033, 28.467795138888885], [-16.460741525423717, 28.464539930555553], [-16.47116525423728, 28.462586805555553], [-16.472685381355923, 28.457378472222214], [-16.474856991525414, 28.45629340277777], [-16.476811440677956, 28.44717881944444], [-16.48202330508474, 28.445876736111106], [-16.483543432203383, 28.443706597222217], [-16.493315677966095, 28.443055555555553], [-16.49939618644067, 28.44045138888888], [-16.501133474576264, 28.437847222222217], [-16.50373940677965, 28.43003472222222], [-16.506562499999994, 28.428515625], [-16.50743114406779, 28.426345486111103], [-16.51524894067796, 28.425477430555546], [-16.516551906779654, 28.425043402777774], [-16.517203389830502, 28.423524305555553], [-16.519809322033893, 28.422873263888885], [-16.5432627118644, 28.422222222222217], [-16.556292372881348, 28.420920138888885], [-16.55889830508474, 28.419618055555553], [-16.560201271186436, 28.415711805555553], [-16.564544491525417, 28.415060763888885], [-16.567801906779653, 28.41202256944444], [-16.575619703389822, 28.41115451388889], [-16.576705508474568, 28.408984374999996], [-16.58191737288135, 28.40811631944444], [-16.584523305084737, 28.405078124999996], [-16.58973516949152, 28.40421006944444], [-16.591472457627113, 28.401605902777774], [-16.595815677966094, 28.401605902777774], [-16.59777012711864, 28.404644097222217], [-16.599941737288127, 28.404644097222217], [-16.600810381355924, 28.40203993055555], [-16.603416313559315, 28.400954861111106], [-16.603992077817477, 28.39819306507601], [-16.610640935068147, 28.397657444225327], [-16.611016949152535, 28.398784722222217], [-16.613622881355926, 28.400086805555553], [-16.618834745762705, 28.400954861111106], [-16.644894067796603, 28.401605902777774], [-16.652711864406772, 28.402690972222217], [-16.652711864406772, 28.403559027777774], [-16.656620762711857, 28.404644097222217], [-16.669650423728807, 28.404644097222217], [-16.673559322033892, 28.403559027777774], [-16.674862288135586, 28.401605902777774], [-16.679205508474567, 28.400954861111106], [-16.68172669491525, 28.395746527777774], [-16.69878177966101, 28.393142361111103], [-16.701519097222217, 28.38880208333333], [-16.709114583333328, 28.387499999999996], [-16.71974826388889, 28.38728298611111], [-16.72278645833333, 28.38684895833333], [-16.725390624999996, 28.384678819444442], [-16.72756076388889, 28.384244791666664], [-16.74058159722222, 28.383376736111106], [-16.742968749999996, 28.38077256944444], [-16.747309027777774, 28.380121527777774], [-16.749045138888885, 28.37491319444444], [-16.751215277777774, 28.373611111111106], [-16.754253472222217, 28.374045138888885], [-16.755555555555553, 28.37795138888888], [-16.758593749999996, 28.379253472222217], [-16.804166666666664, 28.381857638888885], [-16.80503472222222, 28.383376736111106], [-16.81284722222222, 28.384027777777774], [-16.81848958333333, 28.38598090277777], [-16.822395833333328, 28.39053819444444], [-16.827821180555553, 28.39379340277777], [-16.839105902777774, 28.394227430555546], [-16.842361111111106, 28.393142361111106], [-16.843012152777774, 28.391623263888885], [-16.850824652777774, 28.390755208333328], [-16.854079861111106, 28.38771701388889], [-16.858637152777774, 28.38706597222222], [-16.86297743055555, 28.38185763888888], [-16.868836805555553, 28.380121527777774], [-16.87042505585728, 28.375886193639833], [-16.878602430555553, 28.373394097222217], [-16.883400784162514, 28.370546132006627], [-16.889019097222217, 28.369921874999996], [-16.89249131944444, 28.36731770833333], [-16.913758680555553, 28.366015625], [-16.916579861111106, 28.363411458333324], [-16.92178819444444, 28.362543402777774], [-16.922439236111106, 28.360373263888885], [-16.924392361111103, 28.359722222222217], [-16.92547743055555, 28.35646701388888], [-16.92569444444444, 28.348871527777774], [-16.92482638888888, 28.34561631944444], [-16.923090277777774, 28.343446180555553], [-16.920486111111106, 28.342361111111106], [-16.91267361111111, 28.34171006944444], [-16.911371527777774, 28.33953993055555], [-16.906369805126115, 28.338139448213084], [-16.90030381944444, 28.325868055555553], [-16.894878472222217, 28.32434895833333], [-16.89401041666666, 28.321961805555553], [-16.88858506944444, 28.317838541666664], [-16.88532986111111, 28.309375], [-16.881640624999996, 28.303732638888885], [-16.87100694444444, 28.296354166666664], [-16.869487847222217, 28.290711805555553], [-16.86796875, 28.290277777777774], [-16.866883680555553, 28.288324652777774], [-16.866015625, 28.280512152777774], [-16.863845486111106, 28.279644097222217], [-16.862543402777774, 28.27703993055555], [-16.854858088971543, 28.275658513366395], [-16.852126736111106, 28.270312499999996], [-16.845942480051235, 28.26327334476366], [-16.84246918499413, 28.25309895189096], [-16.843012152777774, 28.249479166666664], [-16.844531249999992, 28.248611111111106], [-16.84561631944444, 28.24405381944444], [-16.84561631944444, 28.228862847222217], [-16.844531249999992, 28.224305555555553], [-16.843663194444442, 28.224305555555553], [-16.84192708333333, 28.220399305555553], [-16.839105902777774, 28.207378472222217], [-16.836284722222217, 28.203472222222217], [-16.832378472222217, 28.202170138888885], [-16.83151041666666, 28.197612847222217], [-16.82630208333333, 28.193055555555553], [-16.824348958333328, 28.183289930555553], [-16.822178819444442, 28.182421874999996], [-16.820876736111106, 28.17981770833333], [-16.811762152777774, 28.178515625], [-16.810460069444442, 28.175911458333324], [-16.808940972222217, 28.17569444444444], [-16.807855902777774, 28.172439236111103], [-16.806987847222217, 28.15941840277777], [-16.804383680555553, 28.157031249999996], [-16.803515625, 28.15182291666666], [-16.801996527777774, 28.151388888888885], [-16.80026041666666, 28.148784722222217], [-16.797439236111106, 28.140104166666667], [-16.794618055555553, 28.137499999999996], [-16.790711805555553, 28.13684895833333], [-16.790060763888885, 28.134678819444442], [-16.78745659722222, 28.133376736111106], [-16.786805555555553, 28.127517361111106], [-16.784852430555553, 28.122960069444442], [-16.778342013888885, 28.11775173611111], [-16.775520833333328, 28.113628472222217], [-16.767708333333328, 28.111024305555553], [-16.763368055555553, 28.107986111111106], [-16.761848958333328, 28.099956597222217], [-16.758593749999996, 28.098003472222217], [-16.755338541666667, 28.093446180555553], [-16.746875, 28.090190972222217], [-16.74253472222222, 28.087152777777774], [-16.7413188559322, 28.080425347222217], [-16.740623234463275, 28.079123263888885], [-16.737145127118637, 28.077387152777774], [-16.73610169491525, 28.07196180555555], [-16.737145127118637, 28.062196180555553], [-16.738188559322026, 28.061111111111106], [-16.7413188559322, 28.06046006944444], [-16.7413188559322, 28.05828993055555], [-16.73692796610169, 28.057204861111106], [-16.731975635593216, 28.05177951388888], [-16.721106919367855, 28.048921263205603], [-16.71979894936314, 28.04541490900417], [-16.711648043959485, 28.039294070698592], [-16.710873057909595, 28.030946180555553], [-16.708757650659127, 28.029861111111106], [-16.707246645480218, 28.025954861111106], [-16.70694444444444, 28.016840277777774], [-16.705642361111103, 28.010329861111106], [-16.70434027777777, 28.009027777777774], [-16.700434027777774, 28.008376736111106], [-16.69965042372881, 28.006206597222217], [-16.69545550847457, 28.005121527777774]], [[-16.1580190677966, 28.609071180555553], [-16.1593220338983, 28.605815972222217], [-16.158887711864402, 28.601258680555553], [-16.156716101694908, 28.599305555555553], [-16.15367584745762, 28.599956597222217], [-16.152372881355927, 28.603211805555553], [-16.152807203389823, 28.607769097222217], [-16.154978813559314, 28.609722222222217], [-16.1580190677966, 28.609071180555553]], [[-16.263124999999995, 28.59865451388889], [-16.263559322033892, 28.59713541666666], [-16.2609533898305, 28.595833333333328], [-16.257044491525416, 28.596484374999996], [-16.257044491525416, 28.59865451388889], [-16.259216101694907, 28.599305555555553], [-16.263124999999995, 28.59865451388889]], [[-17.287890624999996, 28.21453993055555], [-17.30308159722222, 28.212586805555553], [-17.304166666666664, 28.209548611111106], [-17.307421874999996, 28.207378472222214], [-17.31827256944444, 28.206727430555546], [-17.321527777777774, 28.205642361111106], [-17.321744791666664, 28.204123263888885], [-17.324348958333328, 28.202821180555553], [-17.325434027777774, 28.195008680555553], [-17.32630208333333, 28.193706597222217], [-17.330642361111103, 28.192404513888885], [-17.332378472222217, 28.184592013888885], [-17.333246527777774, 28.183289930555553], [-17.336284722222217, 28.182638888888885], [-17.33780381944444, 28.18111979166666], [-17.342144097222217, 28.162673611111106], [-17.344965277777774, 28.157031249999992], [-17.348003472222217, 28.15464409722222], [-17.349305555555553, 28.149652777777774], [-17.349088541666664, 28.14357638888888], [-17.348654513888885, 28.141840277777774], [-17.346484374999992, 28.139887152777774], [-17.345833333333328, 28.13446180555555], [-17.346484374999992, 28.124696180555553], [-17.348003472222217, 28.123611111111106], [-17.349088541666664, 28.118402777777774], [-17.349305555555553, 28.106249999999992], [-17.348003472222217, 28.09756944444444], [-17.346701388888885, 28.095833333333328], [-17.344965277777774, 28.095833333333328], [-17.342144097222217, 28.09322916666666], [-17.338671874999996, 28.084331597222217], [-17.336501736111103, 28.082161458333328], [-17.32760416666666, 28.07803819444444], [-17.325868055555553, 28.07543402777777], [-17.32369791666666, 28.061111111111106], [-17.321961805555553, 28.06067708333333], [-17.31935763888889, 28.05677083333333], [-17.31697048611111, 28.055034722222217], [-17.30069444444444, 28.04982638888888], [-17.291384373260623, 28.044837541011134], [-17.290277777777774, 28.043315972222217], [-17.289626736111106, 28.038758680555553], [-17.286371527777774, 28.036805555555553], [-17.280512152777774, 28.03615451388889], [-17.279210069444442, 28.033550347222217], [-17.27703993055555, 28.03289930555555], [-17.276388888888885, 28.028993055555553], [-17.274652777777774, 28.02769097222222], [-17.249187598594556, 28.024217087834803], [-17.24796006944444, 28.020746527777774], [-17.24210069444444, 28.01944444444444], [-17.238845486111106, 28.020746527777774], [-17.23859433681247, 28.021918557838088], [-17.232763672307144, 28.020653418021666], [-17.212224179671356, 28.0267418388315], [-17.202387152777774, 28.02703993055555], [-17.199999999999996, 28.027690972222217], [-17.19913194444444, 28.02921006944444], [-17.186328124999996, 28.03116319444444], [-17.184223491052652, 28.03384181946833], [-17.17960069444444, 28.036371527777774], [-17.16853298611111, 28.037456597222217], [-17.166362847222217, 28.038758680555553], [-17.165277777777774, 28.040711805555553], [-17.164708011594154, 28.045839701208116], [-17.159037667057735, 28.050432379564445], [-17.15616319444444, 28.050911458333324], [-17.15421006944444, 28.053515625], [-17.145095486111106, 28.05481770833333], [-17.14422743055555, 28.056987847222217], [-17.141623263888885, 28.058289930555553], [-17.140151827757684, 28.06620029171689], [-17.138071056602467, 28.06793754131769], [-17.133810763888885, 28.06935763888888], [-17.12935799402103, 28.073886483521598], [-17.119053819444446, 28.075868055555553], [-17.116883680555553, 28.077604166666667], [-17.11495014064499, 28.08211575979131], [-17.107488428289287, 28.091625801459127], [-17.10017361111111, 28.09670138888888], [-17.099305555555553, 28.10017361111111], [-17.10242445397203, 28.110089824274414], [-17.10342881944444, 28.128168402777774], [-17.104730902777774, 28.132074652777774], [-17.106684027777774, 28.134027777777774], [-17.10928819444444, 28.134027777777774], [-17.11145833333333, 28.135329861111106], [-17.11319444444444, 28.137934027777774], [-17.11536458333333, 28.147048611111106], [-17.116883680555553, 28.150954861111106], [-17.119053819444446, 28.153559027777774], [-17.121875, 28.154861111111106], [-17.130338541666667, 28.15616319444444], [-17.133810763888885, 28.160503472222217], [-17.14053819444444, 28.162456597222217], [-17.141840277777774, 28.164626736111106], [-17.148912403951446, 28.165510751882813], [-17.15488445027052, 28.16934740189366], [-17.155512152777774, 28.17374131944444], [-17.156814236111106, 28.17504340277777], [-17.164626736111106, 28.176996527777774], [-17.166362847222217, 28.181336805555553], [-17.176310220719895, 28.182768089639612], [-17.185812211820647, 28.188235422294664], [-17.186545138888885, 28.191753472222217], [-17.191753472222217, 28.193489583333328], [-17.19348958333333, 28.198697916666667], [-17.199565972222217, 28.20065104166666], [-17.200651041666664, 28.203255208333328], [-17.20282118055555, 28.203255208333328], [-17.203689236111106, 28.20065104166666], [-17.205642361111103, 28.199999999999996], [-17.20694444444444, 28.20217013888888], [-17.213296515869196, 28.204049563923796], [-17.260000218140345, 28.21601067843508], [-17.262934027777774, 28.219531249999996], [-17.26553819444444, 28.22039930555555], [-17.278776041666664, 28.22018229166666], [-17.280295138888885, 28.218012152777774], [-17.285503472222217, 28.217144097222217], [-17.287890624999996, 28.21453993055555]], [[-17.93133680555555, 28.848437499999992], [-17.935677083333328, 28.846267361111103], [-17.94674479166666, 28.84561631944444], [-17.949999999999996, 28.844531249999992], [-17.95130208333333, 28.841927083333328], [-17.955642361111103, 28.83910590277777], [-17.957812499999996, 28.83302951388888], [-17.96996527777777, 28.827387152777774], [-17.97213541666666, 28.821310763888885], [-17.977343749999996, 28.816970486111103], [-17.978211805555553, 28.81241319444444], [-17.98428819444444, 28.809809027777774], [-17.985373263888885, 28.804600694444442], [-17.98797743055555, 28.803515625], [-17.988628472222217, 28.801345486111103], [-17.994704861111106, 28.800043402777774], [-17.99578993055555, 28.797439236111106], [-17.997960069444442, 28.79678819444444], [-17.999045138888885, 28.791579861111106], [-18.005121527777774, 28.789626736111106], [-18.005772569444442, 28.787456597222217], [-18.008376736111106, 28.786371527777774], [-18.009678819444442, 28.780295138888885], [-18.012499999999996, 28.778559027777774], [-18.012282986111106, 28.77703993055555], [-18.01032986111111, 28.776388888888885], [-18.009678819444442, 28.775086805555553], [-18.008376736111106, 28.756857638888885], [-18.00620659722222, 28.754904513888885], [-18.004904513888885, 28.747092013888885], [-18.003602430555553, 28.745789930555553], [-17.995789930555553, 28.743836805555553], [-17.994704861111106, 28.73927951388888], [-17.989496527777774, 28.734939236111106], [-17.98754340277777, 28.728211805555553], [-17.985373263888885, 28.727126736111106], [-17.98428819444444, 28.719314236111106], [-17.983420138888885, 28.718012152777774], [-17.979079861111106, 28.716493055555553], [-17.978211805555553, 28.71475694444444], [-17.977126736111106, 28.704340277777774], [-17.97473958333333, 28.701953124999996], [-17.971267361111103, 28.683723958333328], [-17.970399305555546, 28.68068576388889], [-17.968012152777774, 28.67829861111111], [-17.967578124999996, 28.676562499999996], [-17.966710069444442, 28.66614583333333], [-17.964105902777774, 28.664626736111106], [-17.963454861111106, 28.662456597222217], [-17.958246527777774, 28.661371527777774], [-17.955642361111103, 28.655295138888885], [-17.950434027777774, 28.65421006944444], [-17.949782986111106, 28.65203993055555], [-17.947178819444442, 28.650737847222217], [-17.946310763888885, 28.642925347222217], [-17.943272569444442, 28.639670138888885], [-17.942621527777774, 28.635329861111106], [-17.93741319444444, 28.633376736111106], [-17.934809027777774, 28.623611111111106], [-17.930468749999996, 28.62013888888888], [-17.928515625, 28.610373263888885], [-17.926562499999996, 28.60885416666666], [-17.92786458333333, 28.60104166666666], [-17.927647569444442, 28.59670138888888], [-17.922656249999996, 28.59518229166666], [-17.920920138888885, 28.592578124999996], [-17.915711805555553, 28.59171006944444], [-17.915060763888885, 28.58953993055555], [-17.91223958333333, 28.588020833333328], [-17.908550347222217, 28.577387152777778], [-17.90182291666666, 28.569791666666664], [-17.900954861111106, 28.563064236111106], [-17.898784722222217, 28.561111111111106], [-17.894878472222217, 28.56046006944444], [-17.89422743055555, 28.55828993055555], [-17.891189236111106, 28.556336805555553], [-17.890755208333328, 28.551996527777774], [-17.88880208333333, 28.55069444444444], [-17.887065972222217, 28.546137152777774], [-17.883593749999996, 28.527907986111106], [-17.88120659722222, 28.524435763888885], [-17.880555555555553, 28.506857638888885], [-17.879253472222217, 28.497092013888885], [-17.877951388888885, 28.495138888888885], [-17.874045138888885, 28.493836805555553], [-17.872960069444442, 28.488628472222214], [-17.87078993055555, 28.48732638888888], [-17.870138888888885, 28.479513888888885], [-17.868185763888885, 28.47387152777777], [-17.860373263888885, 28.467144097222217], [-17.85928819444444, 28.46453993055555], [-17.854079861111106, 28.463454861111106], [-17.851475694444442, 28.457378472222214], [-17.846267361111103, 28.456293402777774], [-17.84561631944444, 28.454123263888885], [-17.843663194444442, 28.453472222222217], [-17.84171006944444, 28.456293402777774], [-17.831850692248654, 28.45689], [-17.82300121932949, 28.47653542107049], [-17.801279366625486, 28.516716818720546], [-17.797873263888885, 28.52096354166666], [-17.794669809190903, 28.529678943081183], [-17.790711805555553, 28.53116319444444], [-17.790060763888885, 28.535503472222217], [-17.78745659722222, 28.537456597222217], [-17.786022604235836, 28.546637135382078], [-17.783550347222217, 28.547873263888885], [-17.77552083333333, 28.556987847222217], [-17.769878472222217, 28.55828993055555], [-17.76922743055555, 28.56046006944444], [-17.766189236111106, 28.56241319444444], [-17.76532118055555, 28.567621527777774], [-17.763151041666664, 28.568923611111106], [-17.762569238272636, 28.575905251839433], [-17.761234611025994, 28.57750931648074], [-17.755084829533626, 28.60349489316492], [-17.747207020505172, 28.621952735560296], [-17.75894344376945, 28.65716790898656], [-17.766489846283815, 28.676588021750796], [-17.765514626845263, 28.679947110928023], [-17.76267001716783, 28.684456000154615], [-17.760329861111106, 28.686328124999996], [-17.759960245139055, 28.688751163039], [-17.75227653611169, 28.70091446374346], [-17.72257220404958, 28.73122782663273], [-17.723339571766825, 28.74804314901835], [-17.72759171210272, 28.74997471448006], [-17.729079861111106, 28.754904513888885], [-17.733420138888885, 28.755989583333328], [-17.735156249999996, 28.761197916666667], [-17.74058159722222, 28.763368055555553], [-17.74557291666666, 28.775520833333328], [-17.748394097222217, 28.77703993055555], [-17.749045138888885, 28.77921006944444], [-17.752951388888885, 28.779861111111106], [-17.754030512688846, 28.780940234911068], [-17.759096710658167, 28.80073082123317], [-17.757324281524994, 28.818025723099225], [-17.76604862864259, 28.828325496328343], [-17.77683170939131, 28.836738654839696], [-17.77703993055555, 28.838237847222217], [-17.779644097222217, 28.83953993055555], [-17.780295138888885, 28.84171006944444], [-17.785503472222217, 28.842578124999996], [-17.786805555555553, 28.844531249999992], [-17.788758680555553, 28.84518229166666], [-17.794846317617004, 28.845407759705974], [-17.801387627073634, 28.847722220105766], [-17.806999443268516, 28.845789157485797], [-17.816102430555553, 28.84518229166666], [-17.819357638888885, 28.843012152777774], [-17.821961805555553, 28.842578124999996], [-17.837586805555553, 28.84171006944444], [-17.838888888888885, 28.840190972222217], [-17.844748263888885, 28.839105902777774], [-17.868185763888885, 28.83953993055555], [-17.872743055555553, 28.842144097222217], [-17.883159722222217, 28.843012152777774], [-17.885112847222217, 28.84518229166666], [-17.89766044700514, 28.846257800219483], [-17.907031249999996, 28.852560763888885], [-17.90941840277777, 28.858420138888885], [-17.914843749999992, 28.859722222222217], [-17.924609374999996, 28.858420138888885], [-17.92569444444444, 28.857118055555553], [-17.926345486111106, 28.853211805555553], [-17.92873263888889, 28.852343749999996], [-17.93133680555555, 28.848437499999992]], [[-17.957595486111106, 27.843012152777774], [-17.96584201388888, 27.841493055555553], [-17.968012152777774, 27.83975694444444], [-17.974305555555553, 27.830859374999992], [-17.977777777777774, 27.828689236111103], [-17.995138888888885, 27.823697916666664], [-17.994921874999996, 27.822178819444442], [-17.99296875, 27.821527777777774], [-17.99218634673071, 27.818711126008328], [-17.994210687195153, 27.807076481294633], [-18.002261970760337, 27.797681015660316], [-18.042710714200847, 27.76303551021135], [-18.05655381944444, 27.76184895833333], [-18.05850694444444, 27.759678819444442], [-18.07097108748141, 27.758030774712005], [-18.097987481775466, 27.76387976638455], [-18.118242597586374, 27.7655002135768], [-18.120138888888885, 27.76749131944444], [-18.127951388888885, 27.76944444444444], [-18.133159722222217, 27.76944444444444], [-18.140321180555553, 27.768142361111103], [-18.142267881312854, 27.766411960437946], [-18.165521083571857, 27.756643249636312], [-18.159962054476953, 27.728021080670057], [-18.161154513888885, 27.727126736111106], [-18.161805555555553, 27.723871527777774], [-18.161371527777774, 27.719097222222217], [-18.155295138888885, 27.71280381944444], [-18.154210069444442, 27.707378472222214], [-18.15203993055555, 27.706727430555546], [-18.151388888888885, 27.704774305555553], [-18.148784722222217, 27.704123263888885], [-18.130707796736598, 27.703477659407255], [-18.12655315380638, 27.701726481842325], [-18.052647619626608, 27.69264998007543], [-18.046571180555553, 27.68741319444444], [-18.038761128400928, 27.682439147980816], [-18.029515087041535, 27.668842792723524], [-18.014891717910793, 27.6546995704742], [-18.012490090307946, 27.65345365750797], [-18.012065972222217, 27.65203993055555], [-18.00662441430705, 27.65041067042015], [-18.004253472222217, 27.644878472222214], [-17.999045138888885, 27.643793402777774], [-17.997309027777774, 27.641189236111106], [-17.992100694444442, 27.64032118055555], [-17.99036458333333, 27.637499999999996], [-17.988411458333328, 27.63815104166666], [-17.987543402777774, 27.64032118055555], [-17.97842881944444, 27.641623263888885], [-17.977126736111106, 27.644227430555546], [-17.97495659722222, 27.644878472222214], [-17.974088541666664, 27.650086805555553], [-17.97213541666666, 27.651388888888885], [-17.971050347222217, 27.655295138888885], [-17.97137194104909, 27.666872516656305], [-17.970107144727994, 27.67785166446815], [-17.96866319444444, 27.679383680555556], [-17.96652942770761, 27.687764404714788], [-17.951414048627925, 27.70057613548774], [-17.948305168012865, 27.705294676314683], [-17.946195186387303, 27.711826115165266], [-17.93127477907397, 27.719736218485178], [-17.92841, 27.72474936183551], [-17.928515625, 27.73754340277777], [-17.926345486111106, 27.738845486111103], [-17.925147148226067, 27.747026360409762], [-17.886459030332833, 27.7986348727269], [-17.880855561177956, 27.814512803245627], [-17.885321577707266, 27.826764565877284], [-17.89738119760011, 27.839100227186034], [-17.904285064677754, 27.842728115466624], [-17.905512152777774, 27.84518229166666], [-17.909878624720104, 27.845667455215807], [-17.917230902777774, 27.84865451388889], [-17.933638626930644, 27.850486657857374], [-17.935823251957018, 27.84923794061027], [-17.944574652777774, 27.84865451388889], [-17.946527777777774, 27.848003472222217], [-17.94717881944444, 27.846484374999996], [-17.95499131944444, 27.84561631944444], [-17.95694444444444, 27.844531249999992], [-17.957595486111106, 27.843012152777774]]]}}, {"type": "Feature", "properties": {"t": "b5", "lvl": 5}, "geometry": {"type": "Polygon", "coordinates": [[[-18.699999999999996, 28.762499999999996], [-18.343749999999996, 29.231249999999996], [-17.631249999999994, 29.543749999999996], [-16.562499999999996, 29.699999999999996], [-15.137499999999992, 29.699999999999996], [-14.068749999999993, 29.58498263888889], [-13.524305555555548, 29.409205619179115], [-13.524956597222216, 29.407812499999995], [-13.527560763888882, 29.406942246835442], [-13.52821180555555, 29.40476661392405], [-13.53211805555555, 29.40411392405063], [-13.533420138888882, 29.403026107594933], [-13.534722222222214, 29.39758702531645], [-13.533420138888882, 29.38779667721519], [-13.53211805555555, 29.38670886075949], [-13.52821180555555, 29.38605617088607], [-13.527777777777771, 29.3845332278481], [-13.526475694444438, 29.38388053797468], [-13.514756944444438, 29.38322784810126], [-13.507595486111104, 29.384533227848095], [-13.502387152777771, 29.389754746835443], [-13.49696180555555, 29.390842563291137], [-13.496310763888882, 29.393018196202526], [-13.493706597222216, 29.394323575949365], [-13.493055555555548, 29.399116376976387], [-13.356249999999992, 29.35494791666666], [-12.999999999999993, 29.009895833333328], [-13.000217013888882, 28.20477430555555], [-13.001302083333325, 27.859722222222217], [-13.003255208333325, 27.858420138888885], [-13.00412326388888, 27.853211805555553], [-13.00672743055555, 27.851475694444442], [-13.007378472222216, 27.84713541666666], [-13.012586805555546, 27.84539930555555], [-13.014539930555546, 27.83932291666666], [-13.01671006944444, 27.838020833333328], [-13.018012152777771, 27.825868055555553], [-13.02018229166666, 27.82456597222222], [-13.021050347222214, 27.81935763888888], [-13.023654513888882, 27.817621527777774], [-13.024956597222214, 27.81241319444444], [-13.034071180555548, 27.81046006944444], [-13.03537326388888, 27.807855902777774], [-13.03754340277777, 27.807204861111106], [-13.038411458333327, 27.801996527777774], [-13.041449652777771, 27.79874131944444], [-13.042100694444438, 27.79201388888888], [-13.048177083333327, 27.78506944444444], [-13.049045138888882, 27.778342013888885], [-13.051215277777771, 27.776388888888885], [-13.054253472222214, 27.775737847222217], [-13.056857638888882, 27.765972222222217], [-13.062717013888882, 27.761414930555553], [-13.066406249999991, 27.755989583333328], [-13.06879340277777, 27.755121527777774], [-13.070095486111104, 27.74991319444444], [-13.079210069444438, 27.74796006944444], [-13.08094618055555, 27.74578993055555], [-13.09613715277777, 27.744487847222217], [-13.098524305555546, 27.741883680555553], [-13.103732638888882, 27.741015625], [-13.105034722222214, 27.738845486111103], [-13.117187499999993, 27.737543402777774], [-13.118706597222216, 27.734939236111106], [-13.120876736111104, 27.73428819444444], [-13.122829861111104, 27.727560763888885], [-13.127387152777771, 27.72452256944444], [-13.132595486111104, 27.718446180555553], [-13.14887152777777, 27.71410590277777], [-13.151475694444436, 27.71280381944444], [-13.153428819444436, 27.708246527777774], [-13.15473090277777, 27.707378472222214], [-13.163194444444438, 27.705642361111103], [-13.167100694444436, 27.700434027777774], [-13.169704861111102, 27.699131944444442], [-13.17469618055555, 27.686979166666664], [-13.179253472222214, 27.68546006944444], [-13.18012152777777, 27.684157986111103], [-13.180989583333325, 27.677430555555546], [-13.183159722222214, 27.674392361111106], [-13.186197916666659, 27.672222222222217], [-13.188151041666659, 27.662456597222217], [-13.190321180555548, 27.661371527777774], [-13.191189236111104, 27.65616319444444], [-13.19379340277777, 27.65421006944444], [-13.194878472222216, 27.64639756944444], [-13.195746527777771, 27.645095486111103], [-13.200303819444436, 27.64357638888888], [-13.205295138888884, 27.631423611111106], [-13.20768229166666, 27.629470486111106], [-13.208984374999993, 27.61427951388888], [-13.211154513888882, 27.61254340277777], [-13.212022569444436, 27.60473090277777], [-13.214626736111104, 27.60147569444444], [-13.215711805555546, 27.58585069444444], [-13.216579861111104, 27.58324652777777], [-13.220920138888882, 27.58107638888888], [-13.221788194444436, 27.579340277777774], [-13.22287326388888, 27.568923611111106], [-13.224392361111104, 27.568055555555553], [-13.22547743055555, 27.56545138888888], [-13.226345486111104, 27.55503472222222], [-13.228515624999993, 27.55286458333333], [-13.229817708333325, 27.53463541666666], [-13.231987847222214, 27.53224826388888], [-13.23285590277777, 27.519227430555553], [-13.233289930555546, 27.51705729166666], [-13.235894097222216, 27.514019097222217], [-13.236545138888882, 27.507508680555553], [-13.23741319444444, 27.506206597222217], [-13.24045138888888, 27.505555555555553], [-13.24262152777777, 27.503602430555553], [-13.243706597222216, 27.495789930555553], [-13.24631076388888, 27.493836805555553], [-13.247178819444436, 27.488628472222214], [-13.249348958333327, 27.48754340277777], [-13.250651041666659, 27.47842881944444], [-13.252821180555548, 27.477343749999996], [-13.253689236111104, 27.47213541666666], [-13.25629340277777, 27.47039930555555], [-13.257378472222216, 27.46519097222222], [-13.262586805555546, 27.463237847222217], [-13.263454861111104, 27.461935763888885], [-13.264539930555546, 27.454123263888885], [-13.26671006944444, 27.45303819444444], [-13.267578124999993, 27.447829861111106], [-13.27018229166666, 27.445876736111106], [-13.271050347222214, 27.438064236111106], [-13.272135416666659, 27.436111111111106], [-13.273654513888882, 27.43546006944444], [-13.274956597222216, 27.426345486111103], [-13.277126736111104, 27.42482638888888], [-13.278211805555546, 27.414409722222217], [-13.280381944444436, 27.411805555555553], [-13.284288194444436, 27.410503472222217], [-13.284939236111104, 27.40616319444444], [-13.28754340277777, 27.403559027777774], [-13.288411458333327, 27.387934027777774], [-13.289496527777771, 27.384027777777774], [-13.290364583333327, 27.384027777777774], [-13.291449652777771, 27.382074652777774], [-13.292317708333325, 27.374262152777774], [-13.294487847222214, 27.37317708333333], [-13.29535590277777, 27.367968749999996], [-13.29796006944444, 27.36623263888889], [-13.299045138888882, 27.36102430555555], [-13.30512152777777, 27.358420138888885], [-13.305989583333325, 27.353862847222217], [-13.311197916666659, 27.348871527777774], [-13.313151041666659, 27.33302951388888], [-13.315321180555548, 27.33129340277777], [-13.316189236111104, 27.32348090277777], [-13.31662326388888, 27.32217881944444], [-13.31879340277777, 27.320876736111106], [-13.319878472222216, 27.313064236111106], [-13.322048611111105, 27.311111111111106], [-13.325954861111104, 27.31046006944444], [-13.32660590277777, 27.30828993055555], [-13.32921006944444, 27.307204861111106], [-13.330295138888882, 27.30177951388888], [-13.33637152777777, 27.295486111111106], [-13.337456597222216, 27.287456597222217], [-13.340060763888882, 27.28615451388889], [-13.34071180555555, 27.283984374999996], [-13.346788194444436, 27.28268229166666], [-13.347656249999993, 27.28029513888889], [-13.352864583333325, 27.27638888888888], [-13.355251736111104, 27.26749131944444], [-13.357421874999993, 27.265321180555553], [-13.368272569444438, 27.25967881944444], [-13.370442708333327, 27.257508680555553], [-13.372178819444438, 27.249262152777774], [-13.374348958333327, 27.24817708333333], [-13.375217013888882, 27.242968749999996], [-13.377821180555548, 27.24079861111111], [-13.378689236111104, 27.230381944444442], [-13.379774305555546, 27.227777777777774], [-13.38172743055555, 27.226475694444442], [-13.382378472222216, 27.22213541666666], [-13.38910590277777, 27.219531249999996], [-13.391927083333329, 27.21519097222222], [-13.39518229166666, 27.213237847222217], [-13.396484374999993, 27.204123263888885], [-13.398654513888882, 27.203255208333328], [-13.399305555555548, 27.201302083333328], [-14.393185763888882, 27.20021701388889], [-16.71223958333333, 27.199999999999996], [-17.706119791666662, 27.356249999999996], [-18.368706597222218, 27.668749999999996], [-18.699999999999996, 28.137499999999996], [-18.699999999999996, 28.762499999999996]], [[-13.311848958333327, 27.475173611111106], [-13.310329861111102, 27.474305555555553], [-13.30902777777777, 27.479513888888885], [-13.309244791666657, 27.485590277777774], [-13.310329861111102, 27.48819444444444], [-13.311848958333327, 27.48732638888888], [-13.312499999999993, 27.482986111111106], [-13.311848958333327, 27.475173611111106]], [[-13.315321180555548, 27.471050347222217], [-13.312717013888882, 27.471484374999996], [-13.313151041666659, 27.47408854166666], [-13.315321180555548, 27.47408854166666], [-13.315972222222214, 27.473003472222217], [-13.315321180555548, 27.471050347222217]], [[-13.31879340277777, 27.467578124999996], [-13.316189236111104, 27.468012152777774], [-13.31662326388888, 27.47061631944444], [-13.31879340277777, 27.47061631944444], [-13.319444444444438, 27.469531249999992], [-13.31879340277777, 27.467578124999996]], [[-13.326388888888882, 27.46085069444444], [-13.325086805555546, 27.457595486111103], [-13.323784722222214, 27.45694444444444], [-13.320746527777771, 27.457595486111103], [-13.319444444444438, 27.46085069444444], [-13.320746527777771, 27.46671006944444], [-13.322048611111105, 27.467361111111106], [-13.325086805555546, 27.46671006944444], [-13.326388888888882, 27.46085069444444]], [[-13.517144097222216, 29.18358605836849], [-13.517795138888882, 29.178935917721514], [-13.523003472222214, 29.17371439873417], [-13.524956597222216, 29.154786392405057], [-13.527126736111105, 29.15269921325597], [-13.528249516073389, 29.145765184092873], [-13.532230765200142, 29.141448849185807], [-13.539062499999993, 29.140321180555553], [-13.540798611111104, 29.139019097222217], [-13.541491161428441, 29.13545740987591], [-13.551038500211384, 29.132729500817216], [-13.579979523837064, 29.13274550600747], [-13.585503472222214, 29.134244791666664], [-13.588107638888882, 29.13684895833333], [-13.599826388888882, 29.137499999999996], [-13.606336805555548, 29.13684895833333], [-13.608289930555548, 29.134678819444442], [-13.617404513888882, 29.133376736111106], [-13.619357638888882, 29.13077256944444], [-13.623697916666659, 29.130121527777774], [-13.624343666020083, 29.1290452788554], [-13.636247578127803, 29.12554673230353], [-13.641123820884582, 29.122841154443417], [-13.654079861111105, 29.123611111111106], [-13.65907118055555, 29.122743055555553], [-13.66297743055555, 29.12100694444444], [-13.665798611111105, 29.118402777777774], [-13.669704861111104, 29.11232638888888], [-13.672309027777771, 29.110590277777774], [-13.681423611111105, 29.109071180555553], [-13.683159722222216, 29.107769097222217], [-13.684678819444438, 29.099956597222217], [-13.687282986111104, 29.09865451388889], [-13.687934027777771, 29.096484374999996], [-13.693142361111104, 29.09561631944444], [-13.696397569444438, 29.092578124999996], [-13.704210069444438, 29.09171006944444], [-13.705512152777771, 29.089105902777774], [-13.70768229166666, 29.088454861111106], [-13.70883410418658, 29.084505789614234], [-13.72128100684167, 29.08376426496065], [-13.723524305555546, 29.088454861111106], [-13.726562499999993, 29.088888888888885], [-13.728732638888882, 29.087586805555553], [-13.729166666666659, 29.084548611111106], [-13.730300775762826, 29.083226911917084], [-13.745442708333327, 29.081293402777774], [-13.74716685832357, 29.079815559928992], [-13.756293402777771, 29.07782118055555], [-13.757000649308402, 29.076406687494288], [-13.766137279238169, 29.072706228874416], [-13.773066447329342, 29.068187313510784], [-13.775824652777771, 29.067621527777774], [-13.784384871482613, 29.059464480422868], [-13.792100694444438, 29.055902777777774], [-13.79947916666666, 29.047873263888885], [-13.804253472222214, 29.04678819444444], [-13.806423611111104, 29.041145833333328], [-13.818576388888882, 29.032465277777774], [-13.820746527777771, 29.02682291666666], [-13.823784722222214, 29.026388888888885], [-13.825954861111104, 29.024435763888885], [-13.827039930555546, 29.016623263888885], [-13.82921006944444, 29.01553819444444], [-13.830078124999993, 29.010329861111106], [-13.83268229166666, 29.008159722222217], [-13.833984374999993, 28.99600694444444], [-13.836588541666659, 28.993836805555553], [-13.836588541666659, 28.989496527777774], [-13.833984374999993, 28.98732638888888], [-13.83370796110897, 28.9854836296154], [-13.834584590441509, 28.974753460302047], [-13.836154513888882, 28.973654513888885], [-13.836805555555548, 28.970399305555553], [-13.836154513888882, 28.964539930555553], [-13.83544787683329, 28.964186612027756], [-13.837605980956035, 28.937770860497036], [-13.841006155726259, 28.923158347424952], [-13.846788194444436, 28.920920138888885], [-13.847873263888882, 28.916145833333328], [-13.85763888888888, 28.90616319444444], [-13.861328124999995, 28.897048611111103], [-13.867044272524842, 28.894384042104406], [-13.874131944444438, 28.893793402777774], [-13.875434027777771, 28.891623263888885], [-13.88151041666666, 28.889670138888885], [-13.88172743055555, 28.885329861111106], [-13.87912326388888, 28.883376736111106], [-13.877821180555548, 28.874262152777774], [-13.874999999999993, 28.872309027777774], [-13.875217013888882, 28.87078993055555], [-13.877821180555548, 28.869487847222217], [-13.878472222222214, 28.863628472222217], [-13.877821180555548, 28.860373263888885], [-13.875217013888882, 28.858420138888885], [-13.874348958333327, 28.853211805555553], [-13.872178819444438, 28.853211805555553], [-13.870876736111105, 28.85928819444444], [-13.868706597222216, 28.859939236111106], [-13.868055555555548, 28.861892361111106], [-13.864149305555548, 28.862977430555546], [-13.862048204498338, 28.862977430555546], [-13.859202839578655, 28.86093829599029], [-13.846621725438705, 28.860841491739965], [-13.842013888888882, 28.859722222222217], [-13.82616206299107, 28.860684066708835], [-13.820746527777771, 28.85928819444444], [-13.81901041666666, 28.854079861111106], [-13.816840277777771, 28.852777777777774], [-13.812934027777771, 28.854079861111106], [-13.811631944444438, 28.858420138888885], [-13.80800233881986, 28.859509020576258], [-13.79897215907113, 28.857051218380953], [-13.797309027777771, 28.852560763888885], [-13.794270833333327, 28.850607638888885], [-13.792100694444438, 28.84756944444444], [-13.791015624999993, 28.839539930555553], [-13.788845486111104, 28.839105902777774], [-13.787543402777771, 28.84171006944444], [-13.781293234942241, 28.8426029505638], [-13.780132152780975, 28.841086], [-13.775520920956053, 28.841086], [-13.761503934979093, 28.86575464265572], [-13.753906249999993, 28.871874999999996], [-13.751302083333327, 28.87534722222222], [-13.749741162635537, 28.881925492817903], [-13.737240187660614, 28.89741216397984], [-13.711649524561558, 28.914914256700758], [-13.70399305555555, 28.915711805555553], [-13.701945974587485, 28.91766825561044], [-13.679069026291726, 28.922147713062028], [-13.642795138888882, 28.922873263888885], [-13.638888888888882, 28.923524305555553], [-13.638020833333325, 28.925043402777774], [-13.636284722222214, 28.925477430555546], [-13.625868055555548, 28.926345486111103], [-13.624999999999993, 28.92786458333333], [-13.622395833333327, 28.928949652777774], [-13.613498263888882, 28.929600694444442], [-13.611328124999995, 28.930468749999996], [-13.60682379468761, 28.93585029534401], [-13.604817708333325, 28.936762152777774], [-13.604625395862808, 28.938492965012436], [-13.597320053676007, 28.946407041901605], [-13.591145833333327, 28.947178819444442], [-13.589843749999993, 28.94934895833333], [-13.58463541666666, 28.95021701388889], [-13.582031249999993, 28.95282118055555], [-13.563802083333327, 28.954123263888885], [-13.56119791666666, 28.95694444444444], [-13.559678819444438, 28.956727430555546], [-13.559027777777771, 28.954774305555553], [-13.556423611111105, 28.953689236111106], [-13.546006944444436, 28.954123263888885], [-13.544487847222214, 28.956727430555546], [-13.542317708333325, 28.957378472222214], [-13.540364583333325, 28.96410590277777], [-13.53680660357784, 28.966418589618836], [-13.511280607138126, 28.978766387546408], [-13.494982215417616, 28.99135778622705], [-13.48719618055555, 28.99231770833333], [-13.485677083333327, 28.994487847222217], [-13.480468749999993, 28.99600694444444], [-13.478589879059884, 29.00726867350352], [-13.476345486111104, 29.009461805555553], [-13.473070672468518, 29.015459231012585], [-13.469184027777771, 29.015972222222217], [-13.467230902777771, 29.01705729166666], [-13.465928819444438, 29.019227430555553], [-13.465277777777771, 29.022482638888885], [-13.466639618785274, 29.038047881214716], [-13.465277777777771, 29.044618055555553], [-13.464626736111105, 29.056336805555553], [-13.462022569444436, 29.059592013888885], [-13.461588541666659, 29.066102430555553], [-13.460503472222214, 29.068055555555553], [-13.458984374999993, 29.068489583333328], [-13.458116319444438, 29.073697916666667], [-13.455512152777771, 29.075434027777774], [-13.454644097222216, 29.080642361111103], [-13.452690972222214, 29.08194444444444], [-13.45160590277777, 29.08585069444444], [-13.452039930555546, 29.10147569444444], [-13.452690972222214, 29.102777777777774], [-13.45421006944444, 29.103211805555553], [-13.455295138888882, 29.108637152777774], [-13.458010945279598, 29.110900324770036], [-13.461636530132251, 29.1225812311769], [-13.460503472222214, 29.13337673611111], [-13.454644097222216, 29.138585069444446], [-13.45138888888888, 29.143142361111103], [-13.441623263888882, 29.145746527777774], [-13.440321180555548, 29.150954861111106], [-13.437717013888882, 29.15203993055555], [-13.437065972222214, 29.15421006944444], [-13.431857638888882, 29.155295138888885], [-13.43012152777777, 29.160503472222217], [-13.42491319444444, 29.162673611111106], [-13.423611111111104, 29.167013888888885], [-13.423394097222216, 29.173090277777774], [-13.422309027777771, 29.17569444444444], [-13.421440972222214, 29.17569444444444], [-13.42035590277777, 29.181319774085786], [-13.421269616023507, 29.20520266775849], [-13.41965619554167, 29.20852969971568], [-13.447453816944973, 29.231733462411594], [-13.465651430704522, 29.241737842336324], [-13.482175525088357, 29.23856331356546], [-13.497829861111104, 29.219185126582275], [-13.502170138888882, 29.216139240506326], [-13.50412326388888, 29.20634889240506], [-13.50672743055555, 29.20504351265822], [-13.507378472222216, 29.202867879746833], [-13.511284722222214, 29.202215189873414], [-13.513454861111104, 29.19919567510548], [-13.51410590277777, 29.189049314345986], [-13.515190972222214, 29.185623241912797], [-13.517144097222216, 29.18358605836849]], [[-13.523003472222214, 29.2753164556962], [-13.524522569444436, 29.258346518987338], [-13.525607638888882, 29.254430379746832], [-13.527126736111105, 29.253560126582272], [-13.527928257331368, 29.24713172347899], [-13.535518330919206, 29.240079216865254], [-13.537543402777771, 29.2398536392405], [-13.539496527777771, 29.237242879746834], [-13.544704861111104, 29.236372626582273], [-13.54535590277777, 29.234196993670885], [-13.54796006944444, 29.23267405063291], [-13.548611111111104, 29.224841772151898], [-13.547960069444438, 29.222231012658227], [-13.544704861111104, 29.219620253164553], [-13.538845486111104, 29.218967563291134], [-13.536892361111104, 29.216139240506326], [-13.53537326388888, 29.216356803797467], [-13.534722222222214, 29.218314873417718], [-13.532769097222214, 29.219185126582275], [-13.509331597222214, 29.222666139240502], [-13.503472222222214, 29.224406645569616], [-13.502821180555548, 29.22636471518987], [-13.500651041666659, 29.227017405063286], [-13.498697916666659, 29.233761867088603], [-13.493489583333325, 29.238113132911387], [-13.49262152777777, 29.24268196202531], [-13.48741319444444, 29.244857594936708], [-13.484809027777771, 29.2570411392405], [-13.479600694444438, 29.25856408227848], [-13.478949652777771, 29.26073971518987], [-13.476996527777771, 29.261392405063287], [-13.475911458333327, 29.264003164556957], [-13.476345486111104, 29.274446202531642], [-13.478949652777771, 29.275969145569615], [-13.479817708333325, 29.27857990506329], [-13.482421874999993, 29.279450158227842], [-13.482638888888882, 29.280973101265822], [-13.487203306858177, 29.28222468555186], [-13.487722872863879, 29.283309513833878], [-13.502630502854021, 29.28666935112732], [-13.50607638888888, 29.28902294303797], [-13.51215277777777, 29.289240506329108], [-13.517144097222218, 29.286629746835438], [-13.522135416666659, 29.2753164556962], [-13.523003472222214, 29.2753164556962]], [[-13.534939236111104, 29.290545886075943], [-13.534288194444436, 29.29489715189873], [-13.529079861111104, 29.296855221518985], [-13.52821180555555, 29.298160601265817], [-13.527777777777771, 29.302729430379742], [-13.530381944444438, 29.30599287974683], [-13.536458333333327, 29.306645569620247], [-13.539062499999993, 29.305340189873412], [-13.540798611111104, 29.302729430379742], [-13.541666666666659, 29.293591772151892], [-13.540364583333327, 29.28575949367088], [-13.538845486111104, 29.285977056962018], [-13.53797743055555, 29.288587816455692], [-13.534939236111104, 29.290545886075943]], [[-13.829644097222216, 28.76184895833333], [-13.830295138888882, 28.759678819444442], [-13.835503472222214, 28.758159722222217], [-13.836805555555548, 28.75381944444444], [-13.836154513888882, 28.74600694444444], [-13.833984374999993, 28.744704861111106], [-13.833333333333327, 28.740798611111106], [-13.832031249999993, 28.739496527777774], [-13.820312499999993, 28.73819444444444], [-13.816406249999993, 28.74014756944444], [-13.813802083333327, 28.74405381944444], [-13.812499999999993, 28.74991319444444], [-13.813802083333327, 28.76749131944444], [-13.81510416666666, 28.76944444444444], [-13.818142361111104, 28.769227430555546], [-13.820746527777771, 28.766189236111106], [-13.825954861111104, 28.76532118055555], [-13.82660590277777, 28.76315104166666], [-13.829644097222216, 28.76184895833333]], [[-13.931423611111104, 28.755555555555553], [-13.94227430555555, 28.754253472222217], [-13.944444444444438, 28.75295138888888], [-13.945746527777771, 28.749045138888885], [-13.950086805555546, 28.748394097222217], [-13.951822916666659, 28.74578993055555], [-13.957031249999993, 28.744921874999996], [-13.959852430555548, 28.74231770833333], [-13.981770833333325, 28.740364583333328], [-13.987847222222216, 28.735156249999996], [-13.995876736111104, 28.733420138888885], [-13.997829861111104, 28.727560763888885], [-14.002170138888882, 28.72473958333333], [-14.003472222222214, 28.72213541666666], [-14.017795138888882, 28.71996527777777], [-14.020399305555548, 28.71822916666666], [-14.022135416666659, 28.715624999999992], [-14.024739583333327, 28.707812499999992], [-14.027560763888882, 28.705642361111103], [-14.027777777777771, 28.702604166666667], [-14.02647569444444, 28.69978298611111], [-14.023437499999993, 28.69782986111111], [-14.021267361111104, 28.694791666666664], [-14.02018229166666, 28.686762152777774], [-14.018012152777771, 28.68567708333333], [-14.017144097222216, 28.680468749999996], [-14.014539930555546, 28.67873263888889], [-14.013888888888882, 28.67482638888888], [-14.014539930555546, 28.672656249999996], [-14.01671006944444, 28.671571180555553], [-14.017578124999993, 28.663758680555553], [-14.020616319444438, 28.660503472222217], [-14.021267361111104, 28.655946180555553], [-14.02647569444444, 28.651171874999992], [-14.02821180555555, 28.640104166666667], [-14.030381944444436, 28.637499999999996], [-14.034288194444436, 28.636197916666667], [-14.034939236111104, 28.63185763888888], [-14.03797743055555, 28.628602430555553], [-14.038845486111104, 28.620789930555553], [-14.041015624999993, 28.61905381944444], [-14.041449652777771, 28.606032986111106], [-14.041015624999993, 28.603862847222217], [-14.038411458333327, 28.600824652777774], [-14.038628472222216, 28.594097222222217], [-14.044704861111104, 28.587152777777774], [-14.045789930555546, 28.579123263888885], [-14.048394097222216, 28.57782118055555], [-14.049045138888882, 28.57565104166666], [-14.05512152777777, 28.57434895833333], [-14.055772569444436, 28.572178819444442], [-14.058376736111105, 28.570876736111106], [-14.05946180555555, 28.562847222222217], [-14.064887152777771, 28.556987847222217], [-14.06875018153361, 28.542501489387824], [-14.073503728067095, 28.53632051657022], [-14.075954861111104, 28.535503472222217], [-14.077039930555546, 28.530295138888885], [-14.07921006944444, 28.52921006944444], [-14.080172152539227, 28.52247548778092], [-14.081491333121514, 28.519605895939232], [-14.083116319444438, 28.518793402777774], [-14.083984374999993, 28.516189236111106], [-14.086154513888882, 28.51553819444444], [-14.087022569444436, 28.510329861111106], [-14.089626736111105, 28.508159722222217], [-14.09046860458752, 28.500077784848646], [-14.092563265260543, 28.49552130390956], [-14.096788194444436, 28.493836805555553], [-14.097439236111104, 28.489496527777774], [-14.10047743055555, 28.48624131944444], [-14.101195141779064, 28.479781918432806], [-14.103949652777771, 28.477126736111106], [-14.104600694444438, 28.474956597222217], [-14.109809027777771, 28.47408854166666], [-14.111545138888882, 28.471484374999996], [-14.116970486111104, 28.47039930555555], [-14.122612847222214, 28.46432291666666], [-14.127170138888882, 28.463454861111106], [-14.12912326388888, 28.457378472222214], [-14.13172743055555, 28.456293402777774], [-14.132378472222216, 28.454123263888885], [-14.13910590277777, 28.452170138888885], [-14.142144097222216, 28.447612847222217], [-14.14887152777777, 28.441970486111103], [-14.149522569444436, 28.43741319444444], [-14.152126736111105, 28.435243055555553], [-14.15321180555555, 28.42482638888888], [-14.155381944444436, 28.422222222222217], [-14.158420138888882, 28.421571180555553], [-14.16037326388888, 28.412456597222217], [-14.163194444444438, 28.410503472222217], [-14.16254340277777, 28.408550347222217], [-14.16037326388888, 28.40789930555555], [-14.159722222222214, 28.403993055555553], [-14.16037326388888, 28.40182291666666], [-14.16254340277777, 28.400954861111106], [-14.163411458333327, 28.395746527777774], [-14.165364583333327, 28.39444444444444], [-14.166015624999993, 28.392708333333324], [-14.166666666666659, 28.37708333333333], [-14.167968749999993, 28.368402777777774], [-14.169270833333327, 28.366666666666664], [-14.173177083333327, 28.365364583333328], [-14.17491319444444, 28.360156249999996], [-14.179253472222214, 28.359071180555553], [-14.181206597222216, 28.349956597222217], [-14.184461805555548, 28.348003472222217], [-14.187282986111104, 28.34366319444444], [-14.19401041666666, 28.34171006944444], [-14.195095486111104, 28.33953993055555], [-14.200954861111104, 28.338888888888885], [-14.204210069444438, 28.336935763888885], [-14.205512152777771, 28.329123263888885], [-14.20768229166666, 28.327821180555553], [-14.208116319444438, 28.326519097222217], [-14.208984374999993, 28.318706597222217], [-14.211154513888882, 28.316753472222217], [-14.212456597222216, 28.298524305555553], [-14.214626736111105, 28.29635416666666], [-14.215060763888882, 28.294618055555553], [-14.215060763888882, 28.285937499999996], [-14.214626736111105, 28.28420138888888], [-14.213107638888882, 28.283333333333328], [-14.212673611111104, 28.279861111111103], [-14.215060763888882, 28.238194444444442], [-14.217881944444436, 28.227777777777774], [-14.221788194444436, 28.227126736111106], [-14.22287326388888, 28.22452256944444], [-14.22504340277777, 28.223871527777774], [-14.226345486111104, 28.217795138888885], [-14.228949652777771, 28.21671006944444], [-14.229600694444438, 28.21453993055555], [-14.234809027777771, 28.213454861111106], [-14.236545138888882, 28.208246527777774], [-14.24262152777777, 28.206293402777774], [-14.243272569444436, 28.204123263888885], [-14.246310763888882, 28.202821180555553], [-14.25282118055555, 28.195008680555553], [-14.263237847222214, 28.191753472222217], [-14.265190972222214, 28.185894097222217], [-14.269531249999993, 28.18307291666666], [-14.271267361111104, 28.17981770833333], [-14.27647569444444, 28.178949652777774], [-14.27821180555555, 28.176345486111103], [-14.283420138888882, 28.175477430555546], [-14.285156249999993, 28.172873263888885], [-14.290364583333325, 28.17178819444444], [-14.292317708333325, 28.165711805555553], [-14.294487847222214, 28.165060763888885], [-14.295789930555548, 28.162456597222217], [-14.304036458333325, 28.161154513888885], [-14.31336805555555, 28.152039930555553], [-14.318142361111104, 28.150954861111106], [-14.320746527777771, 28.144878472222214], [-14.325954861111104, 28.143793402777774], [-14.327256944444436, 28.141406249999996], [-14.337673611111105, 28.137934027777774], [-14.341145833333327, 28.134678819444442], [-14.353298611111104, 28.133376736111106], [-14.355468749999993, 28.13077256944444], [-14.359809027777771, 28.130121527777774], [-14.361762152777771, 28.12491319444444], [-14.362979731863085, 28.124101475054232], [-14.370876736111104, 28.12296006944444], [-14.37196180555555, 28.12078993055555], [-14.377170138888882, 28.119921874999996], [-14.379858191620833, 28.117297648336386], [-14.392578124999993, 28.116449652777774], [-14.394748263888882, 28.116015625], [-14.397135416666659, 28.113845486111103], [-14.399739583333327, 28.113411458333324], [-14.415364583333327, 28.112543402777774], [-14.417534722222214, 28.110373263888885], [-14.42795138888888, 28.10928819444444], [-14.429687499999993, 28.108420138888885], [-14.430555555555548, 28.10538194444444], [-14.43207465277777, 28.104079861111106], [-14.43967013888888, 28.102777777777774], [-14.453342013888882, 28.104079861111106], [-14.454861111111104, 28.10538194444444], [-14.455295138888882, 28.108420138888885], [-14.457465277777771, 28.109722222222217], [-14.46137152777777, 28.108420138888885], [-14.462022569444436, 28.104079861111106], [-14.463107638888882, 28.102777777777774], [-14.464626736111105, 28.103211805555553], [-14.466145833333327, 28.108420138888885], [-14.470486111111104, 28.109722222222217], [-14.478298611111104, 28.108420138888885], [-14.479817708333325, 28.103211805555553], [-14.481336805555546, 28.102777777777774], [-14.482421874999993, 28.104079861111106], [-14.483289930555546, 28.10928819444444], [-14.48546006944444, 28.109939236111106], [-14.486762152777771, 28.112543402777774], [-14.490017361111104, 28.11319444444444], [-14.495876736111104, 28.112543402777774], [-14.49674479166666, 28.110373263888885], [-14.499348958333327, 28.10885416666666], [-14.499782986111104, 28.107118055555553], [-14.499782986111104, 28.098437499999996], [-14.49869791666666, 28.095833333333328], [-14.49674479166666, 28.09518229166666], [-14.496527777777771, 28.093663194444442], [-14.499348958333327, 28.09171006944444], [-14.500434027777771, 28.083680555555546], [-14.50260416666666, 28.080642361111106], [-14.50651041666666, 28.07803819444444], [-14.507378472222216, 28.07565104166666], [-14.513454861111104, 28.073697916666667], [-14.513237847222214, 28.06935763888888], [-14.509982638888882, 28.068055555555553], [-14.505425347222214, 28.06827256944444], [-14.503472222222214, 28.069357638888885], [-14.503038194444436, 28.070876736111106], [-14.501328183484462, 28.071161737937768], [-14.494695929271769, 28.06932641765183], [-14.451161275090977, 28.071546426736905], [-14.43207465277777, 28.066970486111103], [-14.430555555555548, 28.06545138888888], [-14.429687499999993, 28.06241319444444], [-14.42795138888888, 28.061545138888885], [-14.419270833333325, 28.060894097222217], [-14.417534722222214, 28.06046006944444], [-14.415364583333327, 28.05828993055555], [-14.412760416666659, 28.057855902777774], [-14.397135416666659, 28.056987847222217], [-14.394965277777771, 28.05481770833333], [-14.39322916666666, 28.054383680555553], [-14.382812499999993, 28.053515625], [-14.380642361111104, 28.05069444444444], [-14.37912326388888, 28.050911458333324], [-14.377821180555548, 28.053515625], [-14.373032931493242, 28.05404765267359], [-14.366970486111104, 28.051345486111103], [-14.351779513888882, 28.050043402777774], [-14.349392361111104, 28.047873263888885], [-14.346788194444438, 28.047439236111106], [-14.331163194444438, 28.047873263888885], [-14.327907986111104, 28.050477430555546], [-14.320095486111104, 28.051345486111103], [-14.317491319444438, 28.05525173611111], [-14.310980902777771, 28.060243055555553], [-14.308561298052886, 28.066514156127088], [-14.30216731776893, 28.06913885216954], [-14.2886856094719, 28.0818696759521], [-14.286024305555546, 28.082595486111103], [-14.28532497826567, 28.08504313162567], [-14.272494017188297, 28.09715945255756], [-14.259194015286436, 28.1135428956004], [-14.257378472222216, 28.113845486111103], [-14.256293402777771, 28.116449652777778], [-14.248263888888882, 28.12317708333333], [-14.244397827574199, 28.131442455799203], [-14.235894097222216, 28.13880208333333], [-14.213273253629106, 28.161625816770904], [-14.192310846458065, 28.172185627753773], [-14.177357854285171, 28.175682679260788], [-14.161892361111104, 28.176345486111103], [-14.159722222222214, 28.176996527777774], [-14.158420138888882, 28.178949652777774], [-14.15321180555555, 28.17981770833333], [-14.152777777777771, 28.18133680555555], [-14.15104166666666, 28.182204861111103], [-14.126736111111104, 28.187196180555553], [-14.124999999999993, 28.188715277777774], [-14.124565972222214, 28.191753472222217], [-14.122395833333325, 28.193055555555553], [-14.118489583333325, 28.191753472222217], [-14.118055555555548, 28.188715277777774], [-14.116102430555548, 28.186545138888885], [-14.111545138888882, 28.186111111111106], [-14.108289930555548, 28.18741319444444], [-14.107638888888882, 28.19045138888888], [-14.10438368055555, 28.192621527777774], [-14.091362847222216, 28.193706597222217], [-14.089626736111104, 28.195876736111106], [-14.081814236111104, 28.196744791666664], [-14.078342013888882, 28.19934895833333], [-14.05707465277777, 28.20065104166666], [-14.055555555555548, 28.201302083333328], [-14.05512152777777, 28.20282118055555], [-14.05295138888888, 28.203472222222217], [-14.049045138888882, 28.20282118055555], [-14.048394097222216, 28.20065104166666], [-14.046440972222214, 28.199999999999996], [-14.044487847222214, 28.20282118055555], [-14.036675347222214, 28.203689236111106], [-14.032986111111104, 28.206293402777774], [-14.017361111111104, 28.20694444444444], [-14.00868055555555, 28.208246527777774], [-14.006944444444438, 28.209548611111106], [-14.00629340277777, 28.213454861111106], [-14.003689236111104, 28.21453993055555], [-14.003038194444436, 28.21671006944444], [-13.997612847222214, 28.217795138888885], [-13.993272569444438, 28.223003472222217], [-13.98741319444444, 28.22452256944444], [-13.985243938268866, 28.226847339948254], [-13.966362847222214, 28.227560763888885], [-13.961805555555548, 28.22647569444444], [-13.960503472222214, 28.22452256944444], [-13.95616319444444, 28.22452256944444], [-13.95399305555555, 28.227126736111106], [-13.94184027777777, 28.229079861111106], [-13.939670138888882, 28.23428819444444], [-13.935112847222214, 28.235156249999996], [-13.930772569444438, 28.240364583333328], [-13.92469618055555, 28.24253472222222], [-13.919053819444436, 28.255338541666664], [-13.915798611111105, 28.25772569444444], [-13.913628472222216, 28.26076388888888], [-13.91297743055555, 28.26749131944444], [-13.911892361111104, 28.26944444444444], [-13.91037326388888, 28.269878472222214], [-13.909071180555548, 28.275086805555553], [-13.901258680555548, 28.277039930555553], [-13.899956597222214, 28.278342013888885], [-13.898654513888882, 28.286154513888885], [-13.895833333333327, 28.288107638888885], [-13.896050347222214, 28.289626736111106], [-13.898003472222214, 28.290277777777774], [-13.898654513888882, 28.291579861111106], [-13.899305555555548, 28.303298611111106], [-13.898654513888882, 28.309809027777774], [-13.896050347222214, 28.31241319444444], [-13.89518229166666, 28.317621527777774], [-13.89322916666666, 28.318489583333328], [-13.894314236111104, 28.323914930555553], [-13.893012152777771, 28.325217013888885], [-13.884548611111105, 28.328472222222217], [-13.882812499999993, 28.330208333333328], [-13.88129340277777, 28.338237847222217], [-13.879774305555546, 28.338888888888885], [-13.878689236111104, 28.341493055555553], [-13.878169823491195, 28.34772600699445], [-13.876471084113655, 28.349820854620535], [-13.87326956471066, 28.35837359470432], [-13.870876736111105, 28.37296006944444], [-13.868706597222216, 28.374045138888885], [-13.866753472222214, 28.380121527777774], [-13.861545138888882, 28.38185763888888], [-13.860677083333327, 28.386414930555553], [-13.856770833333327, 28.38967013888888], [-13.854566058369597, 28.393832734689465], [-13.848960197785557, 28.398370782551915], [-13.844496483920882, 28.407148866694715], [-13.845766435906608, 28.41371712257595], [-13.851126330091086, 28.421874538334347], [-13.853298611111105, 28.426996527777774], [-13.855441215211805, 28.428782031195027], [-13.85802229972927, 28.434561224839808], [-13.85897209807699, 28.443034804985704], [-13.85785590277777, 28.44826388888889], [-13.858040961045349, 28.479208768406973], [-13.854385539371115, 28.493125015095046], [-13.852280750702874, 28.497690725430857], [-13.84982638888888, 28.498611111111106], [-13.847222222222214, 28.502517361111106], [-13.845920138888882, 28.508376736111106], [-13.841579861111104, 28.50967881944444], [-13.84071180555555, 28.51098090277777], [-13.839626736111105, 28.51879340277777], [-13.837456597222216, 28.519878472222214], [-13.836588541666659, 28.525086805555553], [-13.833984374999993, 28.527690972222217], [-13.833333333333327, 28.539409722222217], [-13.831635545511208, 28.547164737288732], [-13.827690972222214, 28.55047743055555], [-13.826388888888882, 28.553298611111106], [-13.82660590277777, 28.556336805555553], [-13.82921006944444, 28.558289930555553], [-13.829477816149717, 28.559628664081945], [-13.828762400494794, 28.567714438546332], [-13.826388888888882, 28.569357638888885], [-13.82660590277777, 28.570876736111106], [-13.828378073316863, 28.572058183137166], [-13.822660720054866, 28.636676882338882], [-13.8258538969873, 28.681495578785594], [-13.829882893978834, 28.693671107231076], [-13.830512152777771, 28.698914930555553], [-13.831951539003306, 28.699922500913427], [-13.83652330514368, 28.713738264192777], [-13.837673611111104, 28.729513888888885], [-13.839409722222214, 28.732986111111106], [-13.84201388888888, 28.734722222222217], [-13.849826388888882, 28.735373263888885], [-13.851996527777771, 28.737977430555546], [-13.857204861111104, 28.738845486111103], [-13.85785590277777, 28.741015625], [-13.86046006944444, 28.742100694444442], [-13.86197916666666, 28.747309027777774], [-13.874131944444438, 28.74991319444444], [-13.875651041666659, 28.755121527777774], [-13.877821180555548, 28.75577256944444], [-13.879123263888882, 28.758376736111106], [-13.888237847222214, 28.759678819444442], [-13.890190972222214, 28.762499999999996], [-13.89171006944444, 28.76228298611111], [-13.89344618055555, 28.759678819444442], [-13.90646701388888, 28.758810763888885], [-13.911892361111104, 28.756206597222217], [-13.931423611111104, 28.755555555555553]], [[-15.437478813559316, 28.173524305555553], [-15.438998940677958, 28.167230902777774], [-15.437478813559315, 28.149652777777774], [-15.437913135593213, 28.14444444444444], [-15.439650423728807, 28.14401041666666], [-15.442256355932196, 28.140104166666667], [-15.445296610169486, 28.137934027777774], [-15.452028601694908, 28.13728298611111], [-15.455286016949145, 28.134678819444442], [-15.46180084745762, 28.134027777777774], [-15.474997800145037, 28.136148081107], [-15.478522245762704, 28.139670138888885], [-15.480693855932195, 28.14053819444444], [-15.491334745762707, 28.141623263888885], [-15.492854872881349, 28.144227430555546], [-15.495026483050841, 28.144878472222214], [-15.495677966101688, 28.148784722222217], [-15.496980932203384, 28.150086805555553], [-15.503495762711857, 28.151388888888885], [-15.515222457627111, 28.15203993055555], [-15.516525423728806, 28.152690972222217], [-15.516959745762705, 28.15421006944444], [-15.522171610169485, 28.155078124999996], [-15.523474576271179, 28.157031249999992], [-15.526080508474568, 28.15811631944444], [-15.534766949152534, 28.15811631944444], [-15.53650423728813, 28.15768229166666], [-15.539327330508467, 28.155078124999996], [-15.547145127118636, 28.15421006944444], [-15.547796610169485, 28.152690972222217], [-15.558220338983045, 28.151605902777774], [-15.592966101694907, 28.151605902777774], [-15.603389830508467, 28.152690972222217], [-15.603389830508467, 28.153559027777774], [-15.605995762711858, 28.154644097222217], [-15.614682203389824, 28.155078124999996], [-15.617288135593213, 28.156163194444442], [-15.617939618644062, 28.15811631944444], [-15.620111228813553, 28.158767361111103], [-15.620979872881348, 28.163975694444442], [-15.623585805084737, 28.165711805555553], [-15.62510593220338, 28.170920138888885], [-15.637266949152535, 28.172873263888885], [-15.639438559322025, 28.17569444444444], [-15.640958686440673, 28.175477430555546], [-15.642695974576265, 28.172873263888885], [-15.657897245762703, 28.170920138888885], [-15.660286016949144, 28.165711805555553], [-15.665497881355925, 28.164626736111106], [-15.66723516949152, 28.161805555555553], [-15.668755296610163, 28.16202256944444], [-15.670058262711859, 28.164626736111106], [-15.679179025423723, 28.166579861111106], [-15.680481991525419, 28.17178819444444], [-15.68265360169491, 28.172439236111106], [-15.684608050847451, 28.17569444444444], [-15.686128177966093, 28.175477430555546], [-15.688082627118638, 28.172439236111106], [-15.69242584745762, 28.17178819444444], [-15.69476806855522, 28.166681356131118], [-15.704007864817635, 28.166041568485607], [-15.703642752635007, 28.165180726187828], [-15.711101694915246, 28.16397569444444], [-15.710450211864401, 28.16202256944444], [-15.706541313559313, 28.159852430555553], [-15.701763771186434, 28.152039930555553], [-15.703935381355926, 28.150086805555553], [-15.704804025423721, 28.144878472222214], [-15.70762711864406, 28.143142361111106], [-15.706975635593214, 28.141189236111106], [-15.704804025423721, 28.14053819444444], [-15.704152542372874, 28.13663194444444], [-15.704804025423721, 28.134461805555553], [-15.706975635593214, 28.133376736111106], [-15.708278601694907, 28.124262152777774], [-15.711101694915246, 28.122309027777774], [-15.710884533898298, 28.12078993055555], [-15.707844279661009, 28.118836805555553], [-15.708061440677959, 28.11427951388888], [-15.714141949152538, 28.107986111111106], [-15.714359110169486, 28.101258680555553], [-15.713924788135586, 28.099956597222217], [-15.712404661016942, 28.099305555555553], [-15.711970338983043, 28.095399305555553], [-15.713273305084739, 28.086284722222217], [-15.71566207627118, 28.079774305555553], [-15.721742584745757, 28.077170138888885], [-15.726085805084738, 28.071961805555553], [-15.731514830508466, 28.070876736111106], [-15.732600635593212, 28.06827256944444], [-15.734772245762706, 28.067621527777774], [-15.735858050847451, 28.06241319444444], [-15.742590042372873, 28.059809027777774], [-15.746933262711856, 28.054600694444442], [-15.75149364406779, 28.053949652777774], [-15.753882415254232, 28.051345486111103], [-15.763654661016943, 28.05069444444444], [-15.769083686440672, 28.04874131944444], [-15.770169491525417, 28.04678819444444], [-15.770820974576264, 28.04092881944444], [-15.772992584745756, 28.039843749999996], [-15.774295550847452, 28.03463541666666], [-15.784067796610163, 28.032031249999996], [-15.788628177966096, 28.02682291666666], [-15.793188559322026, 28.025954861111106], [-15.794491525423721, 28.022048611111106], [-15.796011652542365, 28.020746527777774], [-15.803612288135586, 28.01944444444444], [-15.817293432203385, 28.018793402777774], [-15.820116525423721, 28.016189236111106], [-15.824459745762704, 28.01553819444444], [-15.8257627118644, 28.013368055555553], [-15.825328389830501, 28.010329861111106], [-15.819247881355928, 28.008376736111106], [-15.818813559322027, 28.006857638888885], [-15.824459745762704, 28.004687499999996], [-15.826414194915248, 27.99253472222222], [-15.828585805084739, 27.99123263888889], [-15.829454449152534, 27.98602430555555], [-15.832060381355927, 27.98428819444444], [-15.832929025423722, 27.979079861111106], [-15.835534957627111, 27.97647569444444], [-15.83596927966101, 27.96085069444444], [-15.835534957627111, 27.95824652777777], [-15.83336334745762, 27.95499131944444], [-15.832711864406773, 27.93741319444444], [-15.83336334745762, 27.92764756944444], [-15.83596927966101, 27.923090277777774], [-15.83575211864406, 27.91419270833333], [-15.834883474576266, 27.912022569444442], [-15.829020127118635, 27.905946180555546], [-15.824676906779654, 27.895312499999992], [-15.819247881355928, 27.893142361111103], [-15.818596398305079, 27.88880208333333], [-15.815773305084738, 27.886631944444442], [-15.811430084745755, 27.874479166666664], [-15.808606991525416, 27.872309027777774], [-15.80773834745762, 27.867100694444442], [-15.805132415254231, 27.865364583333328], [-15.804480932203383, 27.86102430555555], [-15.799269067796601, 27.859071180555553], [-15.798400423728804, 27.857769097222217], [-15.797748940677957, 27.851258680555553], [-15.797314618644059, 27.849956597222217], [-15.795143008474568, 27.848654513888885], [-15.794274364406771, 27.840842013888885], [-15.791234110169484, 27.837586805555553], [-15.790365466101687, 27.832378472222214], [-15.788193855932196, 27.831727430555546], [-15.786890889830502, 27.829123263888885], [-15.781027542372874, 27.828472222222217], [-15.77646716101694, 27.826519097222217], [-15.772775423728808, 27.821961805555553], [-15.767997881355925, 27.818706597222217], [-15.757139830508468, 27.816753472222217], [-15.754316737288129, 27.810243055555553], [-15.747801906779653, 27.80525173611111], [-15.745195974576264, 27.801345486111103], [-15.737378177966095, 27.800477430555546], [-15.735423728813553, 27.799392361111106], [-15.734989406779654, 27.797873263888885], [-15.729777542372872, 27.796571180555553], [-15.727171610169485, 27.787456597222217], [-15.721959745762705, 27.78615451388889], [-15.721525423728806, 27.78463541666666], [-15.719570974576264, 27.783550347222217], [-15.711753177966095, 27.78268229166666], [-15.709798728813553, 27.779427083333328], [-15.70545550847457, 27.77660590277777], [-15.703283898305077, 27.770746527777774], [-15.692643008474567, 27.76857638888888], [-15.688951271186433, 27.764236111111106], [-15.685693855932197, 27.756423611111106], [-15.681133474576264, 27.755121527777774], [-15.679179025423723, 27.74991319444444], [-15.677876059322028, 27.749045138888885], [-15.671361228813554, 27.749045138888885], [-15.670058262711859, 27.74991319444444], [-15.668320974576265, 27.754253472222217], [-15.666149364406772, 27.755121527777774], [-15.655291313559315, 27.755121527777774], [-15.653119703389823, 27.754253472222217], [-15.65116525423728, 27.74991319444444], [-15.649427966101689, 27.749045138888885], [-15.640741525423723, 27.748394097222217], [-15.639004237288127, 27.74796006944444], [-15.636832627118636, 27.74578993055555], [-15.634226694915247, 27.745355902777774], [-15.618591101694909, 27.744487847222217], [-15.616636652542365, 27.74231770833333], [-15.606864406779655, 27.740364583333328], [-15.604692796610161, 27.73732638888888], [-15.60230402542372, 27.73602430555555], [-15.592966101694907, 27.734722222222217], [-15.57733050847457, 27.735373263888885], [-15.574046070609947, 27.7376428538731], [-15.569078389830503, 27.73819444444444], [-15.567123940677961, 27.73927951388888], [-15.565774509027106, 27.741774691256822], [-15.540209532372916, 27.76700749858597], [-15.530858050847451, 27.76922743055555], [-15.523828810968707, 27.773119180938647], [-15.453742447025737, 27.792605647329133], [-15.443795940542703, 27.800825983803797], [-15.434438559322027, 27.801345486111103], [-15.43118114406779, 27.803949652777774], [-15.42336334745762, 27.80481770833333], [-15.422494703389825, 27.806987847222217], [-15.420540254237281, 27.807638888888885], [-15.419888771186432, 27.809157986111106], [-15.4187639246567, 27.827518031941388], [-15.408084665967785, 27.839329969405167], [-15.39534522887282, 27.847238902269858], [-15.379216874187659, 27.853362335627], [-15.377499723107121, 27.867395826215226], [-15.384073332496984, 27.88481905382679], [-15.389692156408682, 27.893918127859216], [-15.386880296610165, 27.903559027777774], [-15.38536016949152, 27.904861111111106], [-15.382319915254229, 27.905295138888885], [-15.381016949152535, 27.907465277777774], [-15.382319915254229, 27.911371527777774], [-15.386663135593215, 27.91202256944444], [-15.387291715832525, 27.912964801002346], [-15.38659445492709, 27.914502893470534], [-15.382319915254229, 27.91614583333333], [-15.380636061219594, 27.92505366965654], [-15.375462665985504, 27.931119964614457], [-15.373633474576264, 27.931770833333328], [-15.360603813559315, 27.93025173611111], [-15.357997881355926, 27.930685763888885], [-15.35669491525423, 27.93177083333333], [-15.35669491525423, 27.933506944444442], [-15.357346398305078, 27.93567708333333], [-15.35951800847457, 27.936545138888885], [-15.36147245762711, 27.942621527777774], [-15.367335805084739, 27.94435763888888], [-15.377329079446278, 27.955905754538794], [-15.37773961838284, 27.960828884062597], [-15.375594950712635, 27.97583530207185], [-15.367732149527857, 27.99390337149417], [-15.365210409135951, 28.00938180448569], [-15.368633523689363, 28.01467562035446], [-15.380862793432414, 28.02122913411682], [-15.381451271186432, 28.02725694444444], [-15.383622881355926, 28.029861111111106], [-15.38753177966101, 28.030512152777774], [-15.388400423728807, 28.03268229166666], [-15.393612288135586, 28.033550347222217], [-15.395783898305076, 28.036371527777774], [-15.397791733658797, 28.037040352788328], [-15.401079351397247, 28.042221409788787], [-15.410039847832403, 28.07465806549586], [-15.412842767676851, 28.092029762358976], [-15.412505296610162, 28.108637152777774], [-15.413591101694907, 28.11319444444444], [-15.41554555084745, 28.114496527777774], [-15.416573672694625, 28.119414520414555], [-15.416869859663636, 28.13097865268155], [-15.414894067796602, 28.130555555555553], [-15.412722457627112, 28.13185763888888], [-15.412505296610162, 28.136197916666667], [-15.41554555084745, 28.13815104166666], [-15.4157627118644, 28.13967013888888], [-15.41511122881355, 28.140755208333328], [-15.41293961864406, 28.141189236111106], [-15.412288135593213, 28.143142361111106], [-15.415117938593307, 28.145404669742618], [-15.409917609778116, 28.15440094478901], [-15.402515889830502, 28.15616319444444], [-15.401212923728806, 28.161371527777774], [-15.399692796610163, 28.161805555555553], [-15.398606991525417, 28.163758680555553], [-15.398606991525417, 28.170269097222217], [-15.399692796610163, 28.172222222222217], [-15.401212923728806, 28.172656249999996], [-15.403167372881349, 28.17873263888889], [-15.407510593220332, 28.179383680555553], [-15.408813559322027, 28.18133680555555], [-15.411419491525416, 28.182421874999996], [-15.420105932203382, 28.182421874999996], [-15.421843220338978, 28.181987847222217], [-15.424666313559316, 28.179383680555553], [-15.432484110169485, 28.178515625], [-15.433569915254232, 28.176128472222217], [-15.437478813559316, 28.173524305555553]], [[-16.1085063559322, 28.595833333333328], [-16.10742055084745, 28.599739583333328], [-16.10785487288135, 28.612760416666664], [-16.109157838983045, 28.61536458333333], [-16.111112288135587, 28.616666666666664], [-16.116975635593214, 28.616015625], [-16.117192796610162, 28.613845486111103], [-16.113283898305077, 28.61319444444444], [-16.111112288135583, 28.609939236111103], [-16.110460805084735, 28.59908854166666], [-16.109374999999993, 28.595833333333328], [-16.1085063559322, 28.595833333333328]], [[-16.69440677966101, 28.001215277777774], [-16.693103813559315, 27.99991319444444], [-16.68658898305084, 27.998611111111106], [-16.67646930056047, 27.998638867564413], [-16.65626574858462, 28.005650346385927], [-16.644242584745754, 28.006206597222217], [-16.642288135593212, 28.006857638888885], [-16.641636652542367, 28.008376736111106], [-16.631864406779655, 28.010329861111106], [-16.628606991525416, 28.014670138888885], [-16.625783898305077, 28.015972222222217], [-16.62274364406779, 28.016189236111106], [-16.62135623438761, 28.017701748511897], [-16.61744908124544, 28.01903538802297], [-16.6073252118644, 28.019878472222214], [-16.60515360169491, 28.020746527777774], [-16.60383098169519, 28.023683692034908], [-16.592775423728806, 28.026605902777774], [-16.587622059157898, 28.029216328904038], [-16.567370895294868, 28.029553619630075], [-16.54640271660943, 28.02563783820517], [-16.54192272061778, 28.031561646868347], [-16.539136652542364, 28.033550347222214], [-16.53780803459496, 28.037002413501554], [-16.530136650450853, 28.047925374085633], [-16.521546610169484, 28.05177951388888], [-16.51937499999999, 28.057204861111106], [-16.514163135593215, 28.05828993055555], [-16.513077330508466, 28.06046006944444], [-16.503956567796603, 28.06241319444444], [-16.502002118644057, 28.067621527777774], [-16.49679025423728, 28.06935763888888], [-16.495704449152534, 28.07456597222222], [-16.493098516949146, 28.07565104166666], [-16.4924470338983, 28.07782118055555], [-16.48723516949152, 28.079340277777774], [-16.485280720338974, 28.091493055555553], [-16.457833131344113, 28.116531970399603], [-16.436440719976613, 28.14100019362509], [-16.435116525423723, 28.141189236111106], [-16.43316207627118, 28.144227430555546], [-16.431641949152535, 28.14444444444444], [-16.431145964432158, 28.14771572578107], [-16.429202845043672, 28.150180255186957], [-16.42945977896299, 28.167822471278058], [-16.42643309664474, 28.183010052738865], [-16.424692796610163, 28.18350694444444], [-16.423824152542362, 28.185243055555553], [-16.422738347457617, 28.195659722222217], [-16.42013241525423, 28.197829861111106], [-16.42013241525423, 28.202170138888885], [-16.422322677401503, 28.203577210608064], [-16.421672500766654, 28.206830476199837], [-16.42056673728813, 28.207595486111103], [-16.419608794276574, 28.213658348102697], [-16.41579060096945, 28.21996401318634], [-16.411445974576264, 28.22387152777777], [-16.40942122081829, 28.230482909112506], [-16.399730624621924, 28.246486722738467], [-16.39689618644067, 28.248611111111106], [-16.395806317827322, 28.252967631991034], [-16.389078389830498, 28.263585069444446], [-16.38730209106516, 28.26855808766563], [-16.382997881355926, 28.27052951388888], [-16.380391949152532, 28.286371527777774], [-16.375180084745757, 28.291362847222217], [-16.37434425668065, 28.295956787044833], [-16.364130994968367, 28.304188354988373], [-16.362150423728806, 28.304600694444442], [-16.360195974576264, 28.31067708333333], [-16.358024364406774, 28.311762152777774], [-16.357590042372873, 28.319574652777774], [-16.360195974576264, 28.322612847222217], [-16.36128177966101, 28.335633680555553], [-16.362150423728806, 28.33780381944444], [-16.365190677966094, 28.338888888888885], [-16.366493644067788, 28.340407986111106], [-16.36736228813559, 28.343446180555553], [-16.367365577487554, 28.356592514928252], [-16.366493644067788, 28.361675347222214], [-16.365190677966094, 28.36319444444444], [-16.36128177966101, 28.364496527777774], [-16.360195974576264, 28.369704861111106], [-16.358024364406774, 28.370789930555553], [-16.356721398305076, 28.379904513888885], [-16.354115466101685, 28.381206597222217], [-16.353463983050837, 28.383376736111106], [-16.348252118644062, 28.384461805555553], [-16.34510055426906, 28.390651790799048], [-16.340434322033893, 28.391623263888885], [-16.339860250405838, 28.39353553952434], [-16.324599254768806, 28.398812963542692], [-16.310616813777155, 28.409034349531293], [-16.308511652542368, 28.40963541666666], [-16.303213449025034, 28.41444632650949], [-16.29678495762711, 28.41592881944444], [-16.294602125164776, 28.42123808498477], [-16.2825930326421, 28.43241199811921], [-16.278326271186433, 28.433723958333328], [-16.275508359046114, 28.439003963931615], [-16.263719511252553, 28.44956560242413], [-16.253135593220332, 28.451302083333328], [-16.25270127118643, 28.45303819444444], [-16.24879237288135, 28.455642361111106], [-16.246620762711856, 28.458680555555546], [-16.24596927966101, 28.465407986111103], [-16.24292902542372, 28.46866319444444], [-16.242277542372875, 28.473003472222217], [-16.237065677966093, 28.475173611111106], [-16.234812216938234, 28.485682637810594], [-16.23336800234675, 28.488053724723812], [-16.230116525423725, 28.487977430555546], [-16.228162076271182, 28.484939236111106], [-16.226641949152533, 28.484722222222217], [-16.22468749999999, 28.487543402777774], [-16.21491525423728, 28.489496527777774], [-16.2110063559322, 28.493836805555553], [-16.1968908898305, 28.49600694444444], [-16.191461864406772, 28.500347222222217], [-16.186249999999994, 28.508159722222217], [-16.180603813559312, 28.509678819444442], [-16.180169491525415, 28.511197916666664], [-16.178215042372873, 28.51228298611111], [-16.170397245762707, 28.51315104166666], [-16.169311440677962, 28.51532118055555], [-16.164099576271177, 28.516189236111106], [-16.16149364406779, 28.518793402777774], [-16.145640889830503, 28.520312499999992], [-16.14260063559321, 28.522048611111103], [-16.14064618644067, 28.52465277777777], [-16.13825741525423, 28.53072916666666], [-16.133262711864397, 28.533333333333328], [-16.129788135593216, 28.533333333333328], [-16.126965042372877, 28.535503472222217], [-16.124793432203383, 28.539843749999996], [-16.12327330508474, 28.54635416666666], [-16.122110548596094, 28.56364685819021], [-16.119583988320855, 28.57130811089653], [-16.12517357171963, 28.573996795250043], [-16.126747881355925, 28.581076388888885], [-16.128702330508467, 28.585199652777774], [-16.131742584745755, 28.588237847222217], [-16.144989406779654, 28.592795138888885], [-16.14759533898304, 28.595399305555553], [-16.14889830508474, 28.598871527777774], [-16.149549788135587, 28.60646701388888], [-16.15085275423728, 28.608637152777774], [-16.152807203389823, 28.609722222222217], [-16.157367584745757, 28.60885416666666], [-16.15867055084745, 28.607118055555553], [-16.160190677966096, 28.598437499999996], [-16.16192796610169, 28.59670138888888], [-16.172351694915246, 28.59518229166666], [-16.17452330508474, 28.592578124999996], [-16.179735169491515, 28.59171006944444], [-16.180386652542364, 28.58953993055555], [-16.182992584745755, 28.588454861111106], [-16.183644067796603, 28.584548611111106], [-16.185381355932194, 28.583246527777774], [-16.2097033898305, 28.580642361111103], [-16.211440677966095, 28.579340277777767], [-16.212092161016944, 28.575434027777774], [-16.21426377118643, 28.57478298611111], [-16.21491525423728, 28.57282986111111], [-16.217521186440667, 28.571744791666664], [-16.226424788135585, 28.571961805555553], [-16.22859639830508, 28.572829861111106], [-16.23250529661016, 28.577170138888885], [-16.237499999999994, 28.578472222222217], [-16.245317796610163, 28.57782118055555], [-16.247489406779657, 28.57521701388889], [-16.251832627118638, 28.575434027777774], [-16.25378707627118, 28.58151041666666], [-16.25595868644067, 28.58302951388888], [-16.257261652542365, 28.596050347222217], [-16.258564618644062, 28.598220486111106], [-16.260519067796604, 28.599305555555553], [-16.26312499999999, 28.599305555555553], [-16.26638241525423, 28.597352430555553], [-16.267685381355925, 28.589539930555553], [-16.270291313559316, 28.587586805555553], [-16.271159957627113, 28.582378472222214], [-16.273331567796603, 28.581727430555546], [-16.275068855932197, 28.579123263888885], [-16.288098516949145, 28.578255208333328], [-16.291355932203384, 28.57717013888888], [-16.292658898305078, 28.57521701388889], [-16.295699152542365, 28.574999999999996], [-16.29787076271186, 28.57565104166666], [-16.2993908898305, 28.57782118055555], [-16.314592161016943, 28.579123263888885], [-16.31763241525423, 28.581727430555546], [-16.3254502118644, 28.581293402777774], [-16.326536016949145, 28.579123263888885], [-16.331747881355923, 28.578255208333328], [-16.333702330508466, 28.57521701388889], [-16.33522245762711, 28.574999999999996], [-16.336308262711857, 28.571744791666667], [-16.336525423728805, 28.56414930555555], [-16.33761122881355, 28.560894097222217], [-16.339782838983044, 28.558723958333328], [-16.34304025423728, 28.557638888888885], [-16.35281249999999, 28.556987847222217], [-16.354332627118634, 28.55481770833333], [-16.35954449152542, 28.553949652777774], [-16.360847457627113, 28.551996527777774], [-16.362584745762703, 28.551345486111103], [-16.383432203389823, 28.550477430555546], [-16.3886440677966, 28.549392361111106], [-16.389078389830498, 28.547873263888885], [-16.392987288135586, 28.547222222222217], [-16.395158898305077, 28.545920138888885], [-16.396027542372874, 28.541362847222217], [-16.402108050847453, 28.536371527777774], [-16.402976694915246, 28.533984374999996], [-16.408188559322028, 28.53311631944444], [-16.410794491525415, 28.530078124999996], [-16.416006355932197, 28.52921006944444], [-16.416657838983042, 28.52703993055555], [-16.419698093220333, 28.525086805555553], [-16.42056673728813, 28.519878472222214], [-16.422738347457617, 28.51879340277777], [-16.423824152542362, 28.51098090277777], [-16.424692796610163, 28.50967881944444], [-16.429036016949148, 28.508159722222217], [-16.42990466101694, 28.506423611111106], [-16.43099046610169, 28.49600694444444], [-16.43316207627118, 28.494704861111106], [-16.434247881355923, 28.489496527777774], [-16.4403283898305, 28.487543402777774], [-16.441414194915247, 28.484939236111106], [-16.443585805084737, 28.48428819444444], [-16.444237288135586, 28.48038194444444], [-16.446191737288128, 28.478211805555553], [-16.454009533898297, 28.477126736111106], [-16.454878177966094, 28.474956597222217], [-16.45748411016948, 28.473654513888885], [-16.45813559322033, 28.467795138888885], [-16.460741525423717, 28.464539930555553], [-16.47116525423728, 28.462586805555553], [-16.472685381355923, 28.457378472222214], [-16.474856991525414, 28.45629340277777], [-16.476811440677956, 28.44717881944444], [-16.48202330508474, 28.445876736111106], [-16.483543432203383, 28.443706597222217], [-16.493315677966095, 28.443055555555553], [-16.49939618644067, 28.44045138888888], [-16.501133474576264, 28.437847222222217], [-16.50373940677965, 28.43003472222222], [-16.506562499999994, 28.428515625], [-16.50743114406779, 28.426345486111103], [-16.51524894067796, 28.425477430555546], [-16.516551906779654, 28.425043402777774], [-16.517203389830502, 28.423524305555553], [-16.519809322033893, 28.422873263888885], [-16.5432627118644, 28.422222222222217], [-16.556292372881348, 28.420920138888885], [-16.55889830508474, 28.419618055555553], [-16.560201271186436, 28.415711805555553], [-16.564544491525417, 28.415060763888885], [-16.567801906779653, 28.41202256944444], [-16.575619703389822, 28.41115451388889], [-16.576705508474568, 28.408984374999996], [-16.58191737288135, 28.40811631944444], [-16.58430614406779, 28.405512152777774], [-16.59950741525423, 28.40421006944444], [-16.601244703389824, 28.401605902777774], [-16.603416313559315, 28.400954861111106], [-16.603875516017997, 28.398201513035687], [-16.607398140345847, 28.397919913320322], [-16.607542372881348, 28.398784722222217], [-16.610365466101687, 28.400086805555553], [-16.616011652542365, 28.400954861111106], [-16.644242584745758, 28.401605902777774], [-16.649888771186433, 28.40203993055555], [-16.652711864406772, 28.402690972222217], [-16.652711864406772, 28.403559027777774], [-16.654449152542366, 28.40421006944444], [-16.65792372881355, 28.404644097222217], [-16.675296610169482, 28.404644097222217], [-16.680508474576264, 28.403559027777774], [-16.68115995762711, 28.401605902777774], [-16.683331567796607, 28.400954861111106], [-16.684984110169488, 28.395746527777774], [-16.696996822033896, 28.39401041666666], [-16.69899894067796, 28.393142361111103], [-16.699999999999996, 28.390104166666667], [-16.701519097222217, 28.38880208333333], [-16.72278645833333, 28.38684895833333], [-16.725607638888885, 28.384678819444442], [-16.741232638888885, 28.383810763888885], [-16.748394097222217, 28.381206597222217], [-16.764670138888885, 28.380555555555553], [-16.793967013888885, 28.381206597222217], [-16.797222222222217, 28.381857638888885], [-16.79874131944444, 28.383593749999996], [-16.801779513888885, 28.384461805555553], [-16.82065972222222, 28.388585069444446], [-16.825434027777774, 28.393142361111103], [-16.82803819444444, 28.39401041666666], [-16.839105902777774, 28.394227430555546], [-16.842361111111106, 28.393142361111106], [-16.843012152777774, 28.391623263888885], [-16.850824652777774, 28.390755208333328], [-16.854079861111106, 28.38771701388889], [-16.858637152777774, 28.38706597222222], [-16.86297743055555, 28.38185763888888], [-16.868836805555553, 28.380121527777774], [-16.87042505585728, 28.375886193639833], [-16.878602430555553, 28.373394097222217], [-16.883400784162514, 28.370546132006627], [-16.889019097222217, 28.369921874999996], [-16.89249131944444, 28.36731770833333], [-16.913758680555553, 28.366015625], [-16.916579861111106, 28.363411458333324], [-16.92178819444444, 28.362543402777774], [-16.922439236111106, 28.360373263888885], [-16.924392361111103, 28.359722222222217], [-16.92547743055555, 28.35646701388888], [-16.92569444444444, 28.348871527777774], [-16.92482638888888, 28.34561631944444], [-16.923090277777774, 28.343446180555553], [-16.920486111111106, 28.342361111111106], [-16.91267361111111, 28.34171006944444], [-16.911371527777774, 28.33953993055555], [-16.906369805126115, 28.338139448213084], [-16.90030381944444, 28.325868055555553], [-16.894878472222217, 28.32434895833333], [-16.89401041666666, 28.321961805555553], [-16.88858506944444, 28.317838541666664], [-16.88532986111111, 28.309375], [-16.881640624999996, 28.303732638888885], [-16.87100694444444, 28.296354166666664], [-16.869487847222217, 28.290711805555553], [-16.86796875, 28.290277777777774], [-16.866883680555553, 28.288324652777774], [-16.866015625, 28.280512152777774], [-16.863845486111106, 28.279644097222217], [-16.862543402777774, 28.27703993055555], [-16.854858088971543, 28.275658513366395], [-16.852126736111106, 28.270312499999996], [-16.845942480051235, 28.26327334476366], [-16.843449780926775, 28.256131258949896], [-16.84518229166666, 28.254687499999996], [-16.846484374999992, 28.24253472222222], [-16.849088541666664, 28.241015625], [-16.849305555555553, 28.239496527777774], [-16.846484374999992, 28.23732638888888], [-16.84561631944444, 28.226909722222217], [-16.84518229166666, 28.225173611111106], [-16.843012152777774, 28.223220486111106], [-16.842578124999996, 28.221050347222217], [-16.841710069444442, 28.20802951388888], [-16.839105902777774, 28.205642361111103], [-16.838454861111106, 28.20130208333333], [-16.832378472222217, 28.19934895833333], [-16.83151041666666, 28.196961805555553], [-16.82630208333333, 28.193055555555553], [-16.824348958333328, 28.183289930555553], [-16.822178819444442, 28.182421874999996], [-16.820876736111106, 28.17981770833333], [-16.811762152777774, 28.178515625], [-16.810460069444442, 28.175911458333324], [-16.808940972222217, 28.17569444444444], [-16.807855902777774, 28.172439236111103], [-16.806987847222217, 28.15941840277777], [-16.804383680555553, 28.157031249999996], [-16.803515625, 28.15182291666666], [-16.801996527777774, 28.151388888888885], [-16.80026041666666, 28.148784722222217], [-16.797439236111106, 28.140104166666667], [-16.794618055555553, 28.137499999999996], [-16.790711805555553, 28.13684895833333], [-16.790060763888885, 28.134678819444442], [-16.78745659722222, 28.133376736111106], [-16.786154513888885, 28.12513020833333], [-16.782899305555553, 28.121006944444442], [-16.777039930555553, 28.116449652777778], [-16.775954861111106, 28.113845486111103], [-16.769878472222217, 28.112543402777774], [-16.76922743055555, 28.110373263888885], [-16.766623263888885, 28.10928819444444], [-16.764670138888885, 28.102560763888885], [-16.760112847222217, 28.09952256944444], [-16.755772569444442, 28.09366319444444], [-16.749045138888885, 28.09171006944444], [-16.748394097222217, 28.08953993055555], [-16.74557291666666, 28.088020833333328], [-16.74196989759887, 28.077604166666667], [-16.740840248352164, 28.075868055555553], [-16.737145127118637, 28.074131944444442], [-16.73610169491525, 28.069791666666664], [-16.737145127118637, 28.061979166666664], [-16.740623234463275, 28.06067708333333], [-16.741666666666664, 28.05677083333333], [-16.736714336158187, 28.053298611111106], [-16.720875689377987, 28.04830139100398], [-16.71979894936314, 28.04541490900417], [-16.71286808400488, 28.03989186181096], [-16.71147745998116, 28.031814236111106], [-16.707851047551785, 28.028559027777774], [-16.70672743055555, 28.012934027777774], [-16.705642361111103, 28.009027777777774], [-16.703689236111106, 28.008376736111106], [-16.70290563206214, 28.006206597222217], [-16.696106550141234, 28.005121527777774], [-16.69440677966101, 28.00295138888888], [-16.69440677966101, 28.001215277777774]], [[-17.287890624999996, 28.21453993055555], [-17.30091145833333, 28.213454861111106], [-17.30308159722222, 28.212586805555553], [-17.30525173611111, 28.208246527777774], [-17.32044270833333, 28.206293402777774], [-17.322178819444442, 28.203689236111106], [-17.324348958333328, 28.202821180555553], [-17.325434027777774, 28.195008680555553], [-17.32630208333333, 28.193706597222217], [-17.330642361111103, 28.192404513888885], [-17.332378472222217, 28.184592013888885], [-17.333246527777774, 28.183289930555553], [-17.336284722222217, 28.182638888888885], [-17.33780381944444, 28.18111979166666], [-17.342144097222217, 28.162673611111106], [-17.344965277777774, 28.157031249999992], [-17.348003472222217, 28.15464409722222], [-17.349305555555553, 28.149652777777774], [-17.348654513888885, 28.141840277777774], [-17.346484374999992, 28.140321180555553], [-17.345833333333328, 28.137065972222217], [-17.346050347222217, 28.132508680555553], [-17.346484374999992, 28.131206597222217], [-17.348003472222217, 28.130555555555553], [-17.349088541666664, 28.12404513888889], [-17.348871527777774, 28.102126736111106], [-17.346701388888885, 28.094531249999992], [-17.34366319444444, 28.09236111111111], [-17.342795138888885, 28.090624999999992], [-17.34171006944444, 28.08389756944444], [-17.338454861111106, 28.08194444444444], [-17.332595486111106, 28.081293402777774], [-17.33151041666666, 28.079123263888885], [-17.327604166666664, 28.078472222222217], [-17.32630208333333, 28.077387152777774], [-17.32369791666666, 28.061111111111106], [-17.321093749999996, 28.059809027777774], [-17.318272569444442, 28.055468749999996], [-17.311545138888885, 28.053515625], [-17.31046006944444, 28.051345486111103], [-17.301345486111106, 28.050043402777774], [-17.30004340277777, 28.047439236111106], [-17.297873263888885, 28.04678819444444], [-17.295920138888885, 28.040711805555553], [-17.291579861111106, 28.040060763888885], [-17.288324652777774, 28.03702256944444], [-17.280512152777774, 28.03615451388889], [-17.279210069444442, 28.033550347222217], [-17.27703993055555, 28.03289930555555], [-17.276388888888885, 28.028993055555553], [-17.274652777777774, 28.02769097222222], [-17.249187598594556, 28.024217087834803], [-17.24796006944444, 28.020746527777774], [-17.244704861111106, 28.01944444444444], [-17.24014756944444, 28.019878472222214], [-17.238357702829205, 28.02186721290581], [-17.232763672307144, 28.020653418021666], [-17.212224179671356, 28.0267418388315], [-17.202387152777774, 28.02703993055555], [-17.19674479166666, 28.029644097222217], [-17.185894097222217, 28.030295138888885], [-17.183723958333328, 28.03116319444444], [-17.181509991284535, 28.035510046446202], [-17.16853298611111, 28.037456597222217], [-17.166362847222217, 28.038758680555553], [-17.165277777777774, 28.040711805555553], [-17.164708011594154, 28.045839701208116], [-17.159037667057735, 28.050432379564445], [-17.15616319444444, 28.050911458333324], [-17.15421006944444, 28.053515625], [-17.145095486111106, 28.05481770833333], [-17.14422743055555, 28.056987847222217], [-17.141623263888885, 28.058289930555553], [-17.140151827757684, 28.06620029171689], [-17.138071056602467, 28.06793754131769], [-17.133810763888885, 28.06935763888888], [-17.12935799402103, 28.073886483521598], [-17.119053819444446, 28.075868055555553], [-17.116883680555553, 28.077604166666667], [-17.11495014064499, 28.08211575979131], [-17.107488428289287, 28.091625801459127], [-17.10017361111111, 28.09670138888888], [-17.099305555555553, 28.10017361111111], [-17.10242445397203, 28.110089824274414], [-17.10342881944444, 28.128168402777774], [-17.104730902777774, 28.132074652777774], [-17.106684027777774, 28.134027777777774], [-17.10928819444444, 28.134027777777774], [-17.11145833333333, 28.135329861111106], [-17.11319444444444, 28.137934027777774], [-17.116449652777774, 28.150954861111106], [-17.11927083333333, 28.154861111111106], [-17.12317708333333, 28.155512152777774], [-17.123611111111106, 28.157031249999992], [-17.125564236111106, 28.15811631944444], [-17.133376736111106, 28.158984374999996], [-17.134461805555553, 28.16115451388889], [-17.139670138888885, 28.16202256944444], [-17.141840277777774, 28.164626736111106], [-17.148912403951446, 28.165510751882813], [-17.154416804588703, 28.169046970062702], [-17.155512152777774, 28.17374131944444], [-17.156814236111106, 28.17504340277777], [-17.163324652777774, 28.176128472222214], [-17.164626736111106, 28.176996527777774], [-17.166362847222217, 28.181336805555553], [-17.176080956442537, 28.182636173701475], [-17.182528152692644, 28.186345813735652], [-17.18328993055555, 28.192404513888885], [-17.185894097222217, 28.193706597222217], [-17.186545138888885, 28.195876736111106], [-17.192621527777774, 28.197178819444442], [-17.19435763888889, 28.19978298611111], [-17.199565972222217, 28.20065104166666], [-17.200651041666664, 28.203255208333328], [-17.20282118055555, 28.203255208333328], [-17.203689236111106, 28.20065104166666], [-17.205642361111103, 28.199999999999996], [-17.20694444444444, 28.20217013888888], [-17.213296515869196, 28.204049563923796], [-17.260000218140345, 28.21601067843508], [-17.262934027777774, 28.219531249999996], [-17.26553819444444, 28.22039930555555], [-17.278776041666664, 28.22018229166666], [-17.280295138888885, 28.218012152777774], [-17.285503472222217, 28.217144097222217], [-17.287890624999996, 28.21453993055555]], [[-17.93133680555555, 28.848437499999992], [-17.935677083333328, 28.846267361111103], [-17.948914930555553, 28.84518229166666], [-17.95130208333333, 28.841927083333328], [-17.955642361111103, 28.83910590277777], [-17.957812499999996, 28.83302951388888], [-17.96996527777777, 28.827387152777774], [-17.97213541666666, 28.821310763888885], [-17.977343749999996, 28.816970486111103], [-17.978211805555553, 28.81241319444444], [-17.98428819444444, 28.809809027777774], [-17.985373263888885, 28.804600694444442], [-17.98754340277777, 28.803949652777774], [-17.988845486111106, 28.801345486111103], [-17.996657986111106, 28.80004340277777], [-17.99796006944444, 28.79874131944444], [-17.99991319444444, 28.79092881944444], [-18.005121527777774, 28.789626736111106], [-18.005772569444442, 28.787456597222217], [-18.008376736111106, 28.786371527777774], [-18.009244791666664, 28.78116319444444], [-18.012282986111106, 28.777907986111103], [-18.012282986111106, 28.77139756944444], [-18.009461805555553, 28.767925347222214], [-18.00447048611111, 28.746657986111106], [-18.002951388888885, 28.745138888888885], [-17.99947916666666, 28.744487847222217], [-17.997743055555553, 28.743185763888885], [-17.99275173611111, 28.736675347222217], [-17.988845486111106, 28.73428819444444], [-17.98797743055555, 28.729079861111106], [-17.984939236111106, 28.725824652777774], [-17.98428819444444, 28.719314236111106], [-17.983420138888885, 28.718012152777774], [-17.979079861111106, 28.716493055555553], [-17.978211805555553, 28.71475694444444], [-17.977126736111106, 28.704340277777774], [-17.97473958333333, 28.701953124999996], [-17.971267361111103, 28.683723958333328], [-17.970399305555546, 28.68068576388889], [-17.968012152777774, 28.67829861111111], [-17.967578124999996, 28.676562499999996], [-17.966710069444442, 28.66614583333333], [-17.964105902777774, 28.664626736111106], [-17.963454861111106, 28.662456597222217], [-17.958246527777774, 28.661371527777774], [-17.955642361111103, 28.655295138888885], [-17.950434027777774, 28.65421006944444], [-17.949782986111106, 28.65203993055555], [-17.947178819444442, 28.650737847222217], [-17.946310763888885, 28.642925347222217], [-17.943272569444442, 28.639670138888885], [-17.942621527777774, 28.635329861111106], [-17.93741319444444, 28.633376736111106], [-17.93567708333333, 28.625347222222217], [-17.930468749999996, 28.619270833333324], [-17.92786458333333, 28.59735243055555], [-17.926562499999996, 28.595833333333328], [-17.922656249999996, 28.59518229166666], [-17.920920138888885, 28.592578124999996], [-17.915711805555553, 28.59171006944444], [-17.915060763888885, 28.58953993055555], [-17.91223958333333, 28.588020833333328], [-17.908550347222217, 28.577387152777778], [-17.90182291666666, 28.569791666666664], [-17.900954861111106, 28.563064236111106], [-17.900086805555553, 28.561762152777774], [-17.894878472222217, 28.559809027777774], [-17.89401041666666, 28.55525173611111], [-17.88858506944444, 28.54982638888888], [-17.883593749999996, 28.527907986111106], [-17.88120659722222, 28.524435763888885], [-17.880555555555553, 28.506857638888885], [-17.879253472222217, 28.497092013888885], [-17.877951388888885, 28.495138888888885], [-17.874045138888885, 28.493836805555553], [-17.872960069444442, 28.488628472222214], [-17.87078993055555, 28.48732638888888], [-17.870138888888885, 28.479513888888885], [-17.868185763888885, 28.47387152777777], [-17.860373263888885, 28.467144097222217], [-17.85928819444444, 28.46453993055555], [-17.854079861111106, 28.463454861111106], [-17.851475694444442, 28.457378472222214], [-17.846267361111103, 28.456293402777774], [-17.84561631944444, 28.454123263888885], [-17.843663194444442, 28.453472222222217], [-17.84171006944444, 28.456293402777774], [-17.831850692248654, 28.45689], [-17.82300121932949, 28.47653542107049], [-17.801055497531536, 28.517155852508363], [-17.797873263888885, 28.52096354166666], [-17.794669809190903, 28.529678943081183], [-17.790711805555553, 28.53116319444444], [-17.790060763888885, 28.535503472222217], [-17.78745659722222, 28.537456597222217], [-17.786022604235836, 28.546637135382078], [-17.783550347222217, 28.547873263888885], [-17.77552083333333, 28.556987847222217], [-17.769878472222217, 28.55828993055555], [-17.76922743055555, 28.56046006944444], [-17.766189236111106, 28.56241319444444], [-17.76532118055555, 28.567621527777774], [-17.763151041666664, 28.568923611111106], [-17.762569238272636, 28.575905251839433], [-17.761234611025994, 28.57750931648074], [-17.755084829533626, 28.60349489316492], [-17.747207020505172, 28.621952735560296], [-17.75894344376945, 28.65716790898656], [-17.76573802628576, 28.674653268189374], [-17.76553819444444, 28.678949652777774], [-17.763469982602604, 28.683188003508498], [-17.760329861111106, 28.686328124999996], [-17.75933484680953, 28.689742459599895], [-17.75227653611169, 28.70091446374346], [-17.72257220404958, 28.73122782663273], [-17.723339571766825, 28.74804314901835], [-17.72759171210272, 28.74997471448006], [-17.729079861111106, 28.754904513888885], [-17.733420138888885, 28.755989583333328], [-17.735156249999996, 28.761197916666667], [-17.74123263888889, 28.76380208333333], [-17.741883680555553, 28.768142361111103], [-17.744704861111103, 28.770312499999992], [-17.748394097222217, 28.78072916666666], [-17.749696180555553, 28.78246527777777], [-17.755121527777774, 28.78463541666666], [-17.755772569444442, 28.788975694444442], [-17.75929415930934, 28.798804168719002], [-17.757324281524994, 28.818025723099225], [-17.76604862864259, 28.828325496328343], [-17.776877306478436, 28.83677423052818], [-17.77703993055555, 28.838237847222217], [-17.77942708333333, 28.83932291666666], [-17.782031249999992, 28.84322916666666], [-17.789626736111103, 28.84539930555555], [-17.794972000113816, 28.845452228961516], [-17.801387627073634, 28.847722220105766], [-17.807614192455794, 28.845577399182726], [-17.815885416666664, 28.84518229166666], [-17.819357638888885, 28.843012152777774], [-17.821961805555553, 28.842578124999996], [-17.837586805555553, 28.84171006944444], [-17.838888888888885, 28.840190972222217], [-17.844748263888885, 28.839105902777774], [-17.868185763888885, 28.83953993055555], [-17.872743055555553, 28.842144097222217], [-17.883159722222217, 28.843012152777774], [-17.885112847222217, 28.84518229166666], [-17.89766044700514, 28.846257800219483], [-17.907031249999996, 28.852560763888885], [-17.90941840277777, 28.858420138888885], [-17.914843749999992, 28.859722222222217], [-17.924609374999996, 28.858420138888885], [-17.92569444444444, 28.857118055555553], [-17.926345486111106, 28.853211805555553], [-17.92873263888889, 28.852343749999996], [-17.93133680555555, 28.848437499999992]], [[-17.957595486111106, 27.843012152777774], [-17.96584201388888, 27.841493055555553], [-17.968012152777774, 27.83975694444444], [-17.973871527777774, 27.83107638888888], [-17.976475694444442, 27.829340277777774], [-17.98732638888888, 27.82782118055555], [-17.989496527777774, 27.82521701388889], [-17.994704861111106, 27.82434895833333], [-17.994921874999996, 27.822178819444442], [-17.99296875, 27.821527777777774], [-17.99218634673071, 27.818711126008328], [-17.994210687195153, 27.807076481294633], [-18.002261970760337, 27.797681015660316], [-18.042710714200847, 27.76303551021135], [-18.05655381944444, 27.76184895833333], [-18.05850694444444, 27.759678819444442], [-18.07097108748141, 27.758030774712005], [-18.097987481775466, 27.76387976638455], [-18.117975109745426, 27.76547881404866], [-18.12165798611111, 27.76879340277777], [-18.129904513888885, 27.770746527777774], [-18.13185763888889, 27.775954861111106], [-18.13619791666666, 27.775954861111106], [-18.138151041666664, 27.769878472222214], [-18.14053819444444, 27.76901041666666], [-18.142587851705855, 27.766277540318107], [-18.165521083571857, 27.756643249636312], [-18.159909279308366, 27.727749353401368], [-18.161154513888885, 27.727126736111106], [-18.161805555555553, 27.721267361111106], [-18.160503472222217, 27.717361111111106], [-18.155295138888885, 27.71280381944444], [-18.154210069444442, 27.707378472222214], [-18.15203993055555, 27.706727430555546], [-18.151388888888885, 27.704774305555553], [-18.148784722222217, 27.704123263888885], [-18.130707796736598, 27.703477659407255], [-18.12655315380638, 27.701726481842325], [-18.052647619626608, 27.69264998007543], [-18.046571180555553, 27.68741319444444], [-18.038761128400928, 27.682439147980816], [-18.029515087041535, 27.668842792723524], [-18.012717013888885, 27.65269097222222], [-18.005987378028813, 27.650080189642], [-18.004253472222217, 27.644878472222214], [-17.999045138888885, 27.643793402777774], [-17.997309027777774, 27.641189236111106], [-17.992100694444442, 27.64032118055555], [-17.99036458333333, 27.637499999999996], [-17.988845486111106, 27.63771701388889], [-17.98732638888888, 27.64032118055555], [-17.976909722222217, 27.641623263888885], [-17.974305555555553, 27.644878472222217], [-17.974088541666664, 27.649435763888885], [-17.973003472222217, 27.651388888888885], [-17.97213541666666, 27.651388888888885], [-17.971050347222217, 27.655295138888885], [-17.97137194104909, 27.666872516656305], [-17.970107144727994, 27.67785166446815], [-17.96866319444444, 27.679383680555556], [-17.96652942770761, 27.687764404714788], [-17.951414048627925, 27.70057613548774], [-17.948305168012865, 27.705294676314683], [-17.946195186387303, 27.711826115165266], [-17.93127477907397, 27.719736218485178], [-17.92841, 27.72474936183551], [-17.928515625, 27.73754340277777], [-17.926345486111106, 27.738845486111103], [-17.925147148226067, 27.747026360409762], [-17.886459030332833, 27.7986348727269], [-17.880855561177956, 27.814512803245627], [-17.885321577707266, 27.826764565877284], [-17.89738119760011, 27.839100227186034], [-17.904285064677754, 27.842728115466624], [-17.905512152777774, 27.84518229166666], [-17.909878624720104, 27.845667455215807], [-17.917230902777774, 27.84865451388889], [-17.933638626930644, 27.850486657857374], [-17.935823251957018, 27.84923794061027], [-17.944574652777774, 27.84865451388889], [-17.946527777777774, 27.848003472222217], [-17.94717881944444, 27.846484374999996], [-17.95499131944444, 27.84561631944444], [-17.95694444444444, 27.844531249999992], [-17.957595486111106, 27.843012152777774]]]}}, {"type": "Feature", "properties": {"t": "b10", "lvl": 10}, "geometry": {"type": "MultiPolygon", "coordinates": [[[[-18.699999999999996, 28.762499999999996], [-18.343749999999996, 29.231249999999996], [-17.631249999999994, 29.543749999999996], [-16.562499999999996, 29.699999999999996], [-15.137499999999992, 29.699999999999996], [-14.068749999999993, 29.58628472222222], [-13.52151210262532, 29.41160595868401], [-13.52647569444444, 29.410858386075944], [-13.52821180555555, 29.408247626582277], [-13.53211805555555, 29.407594936708858], [-13.534288194444436, 29.40367879746835], [-13.534722222222214, 29.394541139240502], [-13.533420138888882, 29.38801424050633], [-13.53211805555555, 29.38670886075949], [-13.52821180555555, 29.38605617088607], [-13.527777777777771, 29.3845332278481], [-13.52625868055555, 29.38388053797468], [-13.51258680555555, 29.38322784810126], [-13.504340277777771, 29.384533227848095], [-13.498914930555548, 29.389754746835443], [-13.494357638888882, 29.390842563291137], [-13.49262152777777, 29.39867484177215], [-13.49045138888888, 29.4006329113924], [-13.487943480699172, 29.40089082839082], [-13.356249999999992, 29.358854166666667], [-12.999999999999993, 29.01770833333333], [-13.001302083333325, 27.880555555555553], [-13.002170138888882, 27.880555555555553], [-13.003255208333325, 27.877300347222217], [-13.00412326388888, 27.86427951388888], [-13.00672743055555, 27.862543402777774], [-13.007378472222216, 27.860373263888885], [-13.011284722222214, 27.859722222222217], [-13.01410590277777, 27.857118055555553], [-13.017144097222216, 27.848220486111106], [-13.02387152777777, 27.840624999999992], [-13.024522569444436, 27.83389756944444], [-13.02756076388888, 27.830642361111103], [-13.028211805555546, 27.82630208333333], [-13.034288194444436, 27.82434895833333], [-13.03537326388888, 27.821744791666664], [-13.03797743055555, 27.820876736111106], [-13.038845486111104, 27.81827256944444], [-13.041015624999993, 27.817621527777774], [-13.041883680555548, 27.81241319444444], [-13.044487847222214, 27.81067708333333], [-13.04535590277777, 27.805468749999996], [-13.04796006944444, 27.80373263888889], [-13.049262152777771, 27.79852430555555], [-13.058376736111104, 27.795920138888885], [-13.059461805555546, 27.791362847222217], [-13.064670138888882, 27.786154513888885], [-13.067274305555546, 27.765972222222217], [-13.06922743055555, 27.76532118055555], [-13.070095486111104, 27.76315104166666], [-13.079861111111105, 27.761197916666667], [-13.083550347222216, 27.75685763888888], [-13.096354166666659, 27.754253472222217], [-13.09809027777777, 27.74991319444444], [-13.09982638888888, 27.749045138888885], [-13.11024305555555, 27.74796006944444], [-13.11197916666666, 27.74557291666666], [-13.122829861111104, 27.74123263888889], [-13.125434027777771, 27.73862847222222], [-13.132812499999995, 27.725390624999996], [-13.138454861111104, 27.72365451388889], [-13.138888888888882, 27.72213541666666], [-13.140842013888882, 27.721050347222217], [-13.148654513888882, 27.72018229166666], [-13.149956597222214, 27.718012152777774], [-13.151258680555548, 27.717578124999996], [-13.159071180555548, 27.71671006944444], [-13.16037326388888, 27.714105902777774], [-13.16254340277777, 27.713454861111106], [-13.163628472222216, 27.708246527777774], [-13.169704861111104, 27.705642361111103], [-13.170789930555546, 27.700434027777774], [-13.17296006944444, 27.69978298611111], [-13.17491319444444, 27.696744791666664], [-13.18012152777777, 27.695876736111106], [-13.180772569444436, 27.693706597222217], [-13.183376736111104, 27.692404513888885], [-13.184678819444436, 27.684157986111106], [-13.18793402777777, 27.680034722222217], [-13.192491319444438, 27.676345486111106], [-13.194444444444438, 27.67178819444444], [-13.194878472222216, 27.66723090277777], [-13.195746527777771, 27.66592881944444], [-13.200086805555546, 27.664626736111106], [-13.202690972222214, 27.654861111111106], [-13.205729166666659, 27.652690972222217], [-13.207899305555548, 27.649652777777774], [-13.208550347222214, 27.642925347222217], [-13.209635416666659, 27.640972222222217], [-13.210503472222214, 27.640972222222217], [-13.211588541666659, 27.637065972222217], [-13.212456597222216, 27.621440972222217], [-13.21506076388888, 27.618836805555553], [-13.215711805555546, 27.614496527777774], [-13.221788194444436, 27.612543402777774], [-13.22287326388888, 27.609939236111106], [-13.22504340277777, 27.60928819444444], [-13.225911458333327, 27.604079861111106], [-13.228298611111104, 27.601909722222217], [-13.226562499999993, 27.58975694444444], [-13.228515624999993, 27.587586805555553], [-13.229383680555548, 27.571961805555553], [-13.229817708333325, 27.569357638888885], [-13.231987847222214, 27.56588541666666], [-13.233289930555546, 27.535503472222217], [-13.235894097222216, 27.53072916666666], [-13.236545138888882, 27.522048611111103], [-13.23741319444444, 27.520312499999992], [-13.241970486111104, 27.518142361111103], [-13.243272569444438, 27.51553819444444], [-13.246961805555546, 27.49991319444444], [-13.249348958333327, 27.49817708333333], [-13.251302083333327, 27.491449652777778], [-13.255642361111104, 27.48819444444444], [-13.257378472222216, 27.47973090277777], [-13.258246527777771, 27.47842881944444], [-13.262803819444436, 27.476909722222217], [-13.267795138888884, 27.46475694444444], [-13.27018229166666, 27.463237847222217], [-13.271050347222214, 27.455425347222217], [-13.274088541666659, 27.452170138888885], [-13.274956597222216, 27.446961805555553], [-13.277126736111104, 27.445876736111106], [-13.278211805555546, 27.438064236111106], [-13.279079861111104, 27.436762152777774], [-13.284288194444436, 27.434809027777774], [-13.28537326388888, 27.429600694444442], [-13.28754340277777, 27.42829861111111], [-13.288845486111104, 27.41614583333333], [-13.291015624999993, 27.414626736111106], [-13.291883680555548, 27.406814236111106], [-13.294487847222214, 27.403559027777774], [-13.29535590277777, 27.387934027777774], [-13.295789930555546, 27.385329861111106], [-13.29796006944444, 27.383159722222217], [-13.298394097222216, 27.381423611111106], [-13.299045138888882, 27.372743055555553], [-13.301215277777771, 27.370138888888885], [-13.30512152777777, 27.368836805555553], [-13.306857638888882, 27.36297743055555], [-13.312065972222214, 27.358637152777774], [-13.313151041666659, 27.353211805555553], [-13.315321180555548, 27.352560763888885], [-13.316189236111104, 27.349956597222217], [-13.318142361111104, 27.349305555555553], [-13.320746527777771, 27.33302951388888], [-13.325954861111104, 27.330642361111103], [-13.32660590277777, 27.32630208333333], [-13.32921006944444, 27.32456597222222], [-13.330078124999993, 27.31935763888888], [-13.33268229166666, 27.317621527777774], [-13.333550347222214, 27.31241319444444], [-13.336154513888882, 27.31067708333333], [-13.337673611111104, 27.305034722222217], [-13.348090277777771, 27.29787326388888], [-13.349826388888882, 27.295703124999996], [-13.351128472222216, 27.28854166666666], [-13.353298611111105, 27.285503472222217], [-13.356553819444436, 27.28311631944444], [-13.361545138888882, 27.272048611111103], [-13.36762152777777, 27.26944444444444], [-13.37521701388888, 27.269878472222214], [-13.378472222222214, 27.272048611111106], [-13.379123263888882, 27.275086805555553], [-13.38888888888888, 27.27769097222222], [-13.39366319444444, 27.283333333333328], [-13.395616319444438, 27.28268229166666], [-13.396267361111104, 27.280512152777774], [-13.40147569444444, 27.279644097222217], [-13.40321180555555, 27.27703993055555], [-13.408420138888882, 27.275520833333328], [-13.409722222222214, 27.27118055555555], [-13.408420138888882, 27.263368055555553], [-13.40321180555555, 27.26184895833333], [-13.402343749999993, 27.259461805555553], [-13.396267361111104, 27.254470486111103], [-13.395399305555548, 27.24991319444444], [-13.390190972222214, 27.247309027777774], [-13.388888888888882, 27.240798611111106], [-13.389322916666659, 27.231467013888885], [-13.391493055555548, 27.22647569444444], [-13.39496527777777, 27.224305555555553], [-13.402126736111105, 27.215842013888885], [-13.404296874999993, 27.214539930555553], [-13.411241319444438, 27.213237847222217], [-13.412543402777771, 27.211935763888885], [-13.413845486111104, 27.204123263888885], [-13.416449652777771, 27.20282118055555], [-13.416666666666659, 27.201302083333328], [-14.407291666666659, 27.20021701388889], [-16.718749999999996, 27.199999999999996], [-17.709374999999994, 27.356249999999996], [-18.369791666666664, 27.668749999999996], [-18.699999999999996, 28.137499999999996], [-18.699999999999996, 28.762499999999996]], [[-13.31922743055555, 27.47365451388889], [-13.319878472222216, 27.471484374999996], [-13.325086805555546, 27.46996527777777], [-13.325954861111104, 27.46822916666666], [-13.325737847222214, 27.459548611111103], [-13.322482638888882, 27.45694444444444], [-13.317925347222214, 27.457595486111103], [-13.315972222222214, 27.46085069444444], [-13.315321180555548, 27.46671006944444], [-13.312717013888882, 27.468012152777774], [-13.312065972222214, 27.47018229166666], [-13.308159722222214, 27.470833333333328], [-13.306857638888882, 27.47213541666666], [-13.305555555555548, 27.483854166666664], [-13.305989583333325, 27.487760416666664], [-13.308159722222214, 27.491666666666664], [-13.312065972222214, 27.491015625], [-13.312717013888882, 27.488845486111103], [-13.315321180555548, 27.48732638888888], [-13.316189236111104, 27.476909722222217], [-13.317274305555546, 27.474305555555553], [-13.31922743055555, 27.47365451388889]], [[-13.337456597222216, 27.395095486111103], [-13.337456597222214, 27.402907986111103], [-13.340711805555548, 27.404861111111106], [-13.347222222222214, 27.403559027777774], [-13.346788194444436, 27.40203993055555], [-13.34071180555555, 27.400086805555553], [-13.340060763888882, 27.395746527777774], [-13.33897569444444, 27.39444444444444], [-13.337456597222216, 27.395095486111103]], [[-13.340060763888882, 27.369487847222217], [-13.339626736111105, 27.366883680555553], [-13.337022569444436, 27.36731770833333], [-13.337022569444436, 27.369487847222217], [-13.338107638888882, 27.370138888888885], [-13.340060763888882, 27.369487847222217]], [[-13.520616319444438, 29.180105595112515], [-13.521484374999993, 29.174802215189864], [-13.523654513888882, 29.17371439873417], [-13.524956597222216, 29.164576740506323], [-13.527126736111105, 29.162706575246126], [-13.527777777777771, 29.151749296765114], [-13.529079861111104, 29.145661919831216], [-13.530381944444436, 29.14444444444444], [-13.534288194444436, 29.143793402777774], [-13.535373263888882, 29.141623263888885], [-13.544487847222214, 29.139670138888885], [-13.545789930555546, 29.134461805555553], [-13.551038500211384, 29.132729500817216], [-13.579757414076559, 29.13274533244354], [-13.584418402777771, 29.136197916666667], [-13.588324652777771, 29.13706597222222], [-13.605902777777771, 29.13728298611111], [-13.611111111111104, 29.136197916666664], [-13.611111111111104, 29.13532986111111], [-13.613064236111104, 29.134244791666664], [-13.620876736111104, 29.133376736111106], [-13.62196180555555, 29.131206597222217], [-13.627170138888882, 29.130121527777774], [-13.628075577925525, 29.12794847408983], [-13.63882953281509, 29.1241141376223], [-13.64149305555555, 29.12491319444444], [-13.643012152777771, 29.130121527777774], [-13.644531249999993, 29.130555555555553], [-13.646918402777771, 29.12491319444444], [-13.660373263888884, 29.122743055555553], [-13.663411458333329, 29.12100694444444], [-13.669704861111104, 29.11232638888888], [-13.672309027777771, 29.110590277777774], [-13.681640624999995, 29.10885416666666], [-13.683810763888882, 29.107118055555553], [-13.68619791666666, 29.10104166666666], [-13.68988715277777, 29.09670138888888], [-13.701171874999991, 29.094531249999996], [-13.705295138888884, 29.08932291666666], [-13.70768229166666, 29.088454861111106], [-13.70832428468042, 29.084602903028546], [-13.714570877420893, 29.08416402115158], [-13.715277777777771, 29.086284722222217], [-13.717881944444438, 29.088454861111106], [-13.723958333333327, 29.088888888888885], [-13.728298611111104, 29.087586805555553], [-13.729166666666659, 29.084548611111106], [-13.732712892476433, 29.08285993215407], [-13.751953124999993, 29.081293402777774], [-13.755425347222214, 29.078689236111106], [-13.761935763888882, 29.07803819444444], [-13.763237847222214, 29.077170138888885], [-13.764505522748928, 29.07336711230874], [-13.776909722222216, 29.066970486111103], [-13.777326011008823, 29.06540940316133], [-13.784384871482613, 29.059464480422868], [-13.792100694444438, 29.055902777777774], [-13.79947916666666, 29.047873263888885], [-13.804253472222214, 29.04678819444444], [-13.806206597222216, 29.040711805555553], [-13.808376736111105, 29.040060763888885], [-13.810329861111104, 29.03702256944444], [-13.815538194444436, 29.03615451388889], [-13.81662326388888, 29.033550347222217], [-13.81879340277777, 29.03289930555555], [-13.819878472222216, 29.02769097222222], [-13.825086805555546, 29.025737847222217], [-13.826822916666659, 29.017708333333328], [-13.832031249999993, 29.012065972222217], [-13.832899305555548, 29.009461805555553], [-13.833550347222214, 28.998394097222217], [-13.833984374999993, 28.996223958333328], [-13.835503472222214, 28.995138888888885], [-13.836154513888882, 28.990798611111106], [-13.837605980956035, 28.937770860497036], [-13.841076662407481, 28.92285683689299], [-13.846788194444438, 28.922222222222217], [-13.850043402777771, 28.920269097222217], [-13.851128472222216, 28.91354166666666], [-13.857204861111104, 28.90724826388888], [-13.858289930555548, 28.90269097222222], [-13.866102430555548, 28.900954861111106], [-13.867404513888882, 28.900086805555553], [-13.868706597222214, 28.895746527777774], [-13.877821180555548, 28.893793402777774], [-13.878689236111104, 28.891623263888885], [-13.88172743055555, 28.889670138888885], [-13.88172743055555, 28.885329861111106], [-13.879774305555546, 28.884027777777774], [-13.878689236111104, 28.879470486111106], [-13.877821180555548, 28.86124131944444], [-13.875217013888882, 28.858420138888885], [-13.874348958333327, 28.853211805555553], [-13.872178819444438, 28.853211805555553], [-13.871527777777771, 28.857118055555553], [-13.869574652777771, 28.85928819444444], [-13.863064236111104, 28.859939236111106], [-13.860466736330553, 28.86184406928351], [-13.859202839578655, 28.86093829599029], [-13.848460582333812, 28.86085564065883], [-13.844184027777771, 28.859939236111106], [-13.840277777777771, 28.857118055555553], [-13.840060763888882, 28.854079861111106], [-13.83897569444444, 28.852777777777774], [-13.837022569444436, 28.854079861111106], [-13.836154513888882, 28.858420138888885], [-13.830295138888882, 28.859722222222217], [-13.827039930555548, 28.858420138888885], [-13.826388888888882, 28.85538194444444], [-13.824435763888882, 28.854079861111106], [-13.806857638888882, 28.852777777777774], [-13.800781249999993, 28.851909722222217], [-13.796440972222214, 28.850173611111106], [-13.793836805555546, 28.84756944444444], [-13.790581597222214, 28.83975694444444], [-13.789062499999993, 28.838888888888885], [-13.786024305555546, 28.839105902777774], [-13.784288194444436, 28.84171006944444], [-13.781278595376522, 28.842583824012543], [-13.780132152780975, 28.841086], [-13.775520920956053, 28.841086], [-13.761064605918065, 28.866527822541364], [-13.757378472222216, 28.86731770833333], [-13.75651041666666, 28.869704861111103], [-13.751302083333327, 28.873611111111106], [-13.749605625242763, 28.88209340156392], [-13.737240187660614, 28.89741216397984], [-13.71375555101564, 28.913480296057678], [-13.705946180555546, 28.915060763888885], [-13.701636047772139, 28.91772894132623], [-13.679069026291726, 28.922147713062028], [-13.642795138888882, 28.922873263888885], [-13.638888888888882, 28.923524305555553], [-13.637803819444436, 28.925043402777774], [-13.63563368055555, 28.925477430555546], [-13.622612847222216, 28.926345486111103], [-13.620876736111104, 28.928515625], [-13.612847222222216, 28.929600694444442], [-13.609809027777771, 28.93177083333333], [-13.606865111783534, 28.935800628543355], [-13.604817708333325, 28.936545138888885], [-13.604459917345837, 28.93869188481381], [-13.601158081550095, 28.9426609832363], [-13.592664930555548, 28.943489583333328], [-13.58897569444444, 28.945659722222217], [-13.58680555555555, 28.948697916666667], [-13.577039930555548, 28.95065104166666], [-13.576388888888882, 28.95217013888888], [-13.574435763888882, 28.95282118055555], [-13.556857638888882, 28.953472222222217], [-13.545789930555546, 28.95607638888888], [-13.542534722222214, 28.95868055555555], [-13.540798611111105, 28.962152777777774], [-13.536694634965347, 28.966472752668047], [-13.527777777777771, 28.96866319444444], [-13.524556910951972, 28.972344185102497], [-13.511280607138126, 28.978766387546408], [-13.495171523014573, 28.99121153575845], [-13.486979166666659, 28.991666666666664], [-13.483072916666659, 28.99275173611111], [-13.480468749999993, 28.994921874999996], [-13.479166666666659, 28.99817708333333], [-13.478557341593742, 29.007316959427094], [-13.476345486111104, 29.009461805555553], [-13.473070672468518, 29.015459231012585], [-13.469184027777771, 29.015972222222217], [-13.467230902777771, 29.017925347222217], [-13.465928819444438, 29.021831597222217], [-13.465060763888882, 29.041362847222217], [-13.464626736111105, 29.045269097222217], [-13.462456597222216, 29.048524305555553], [-13.462022569444436, 29.051128472222217], [-13.461154513888882, 29.066753472222217], [-13.458550347222214, 29.06935763888888], [-13.458116319444438, 29.073697916666667], [-13.455512152777771, 29.075434027777774], [-13.454644097222216, 29.080642361111103], [-13.452690972222214, 29.08194444444444], [-13.45160590277777, 29.08585069444444], [-13.452039930555546, 29.10147569444444], [-13.454644097222216, 29.104079861111106], [-13.455512152777771, 29.10928819444444], [-13.458035743244482, 29.11097058808891], [-13.458984374999993, 29.11623263888889], [-13.46055149089308, 29.11809878510299], [-13.461730012085175, 29.122970380320407], [-13.46137152777777, 29.12816840277777], [-13.460503472222214, 29.130338541666664], [-13.454644097222216, 29.135112847222217], [-13.45160590277777, 29.139670138888885], [-13.444878472222216, 29.141623263888885], [-13.44422743055555, 29.143793402777774], [-13.44162326388888, 29.144878472222214], [-13.439670138888882, 29.150954861111106], [-13.435329861111104, 29.151605902777774], [-13.433376736111104, 29.15421006944444], [-13.427517361111104, 29.154861111111106], [-13.425564236111104, 29.15616319444444], [-13.423611111111104, 29.162673611111103], [-13.42296006944444, 29.174392361111103], [-13.42035590277777, 29.176996527777774], [-13.419487847222214, 29.182204861111106], [-13.417317708333325, 29.183862407700417], [-13.416883680555548, 29.198544633438814], [-13.417968749999993, 29.202215189873414], [-13.419487847222214, 29.202867879746833], [-13.420320348074643, 29.207160151772953], [-13.41965619554167, 29.20852969971568], [-13.421006944444436, 29.210700158227844], [-13.423725755162945, 29.211926720430473], [-13.444362627534653, 29.229153125609226], [-13.445095486111104, 29.232238924050627], [-13.448350694444438, 29.233544303797466], [-13.45039298255545, 29.233349307753596], [-13.465651430704522, 29.241737842336324], [-13.482175525088357, 29.23856331356546], [-13.49461752195827, 29.223340540864022], [-13.499565972222214, 29.223753955696196], [-13.499782986111104, 29.22592958860759], [-13.497829861111104, 29.226582278481008], [-13.49674479166666, 29.228540348101262], [-13.495876736111105, 29.236372626582277], [-13.493272569444436, 29.237678006329112], [-13.49262152777777, 29.2398536392405], [-13.48741319444444, 29.24137658227848], [-13.485460069444438, 29.25225474683544], [-13.484157986111104, 29.25486550632911], [-13.477647569444438, 29.26095727848101], [-13.476345486111104, 29.26356803797468], [-13.475694444444438, 29.27009493670886], [-13.476996527777771, 29.275098892405058], [-13.482204861111104, 29.2792325949367], [-13.483506944444436, 29.281625791139238], [-13.498312363458677, 29.285696141717885], [-13.500434027777771, 29.287935126582273], [-13.503038194444438, 29.28880537974683], [-13.51627604166666, 29.288587816455692], [-13.518012152777771, 29.285977056962018], [-13.52018229166666, 29.28510680379746], [-13.521484374999993, 29.27596914556962], [-13.524088541666659, 29.274011075949364], [-13.524956597222216, 29.26878955696202], [-13.527777777777771, 29.267049050632906], [-13.527560763888882, 29.265526107594933], [-13.524522569444436, 29.26356803797468], [-13.524522569444436, 29.259216772151895], [-13.527560763888882, 29.257258702531644], [-13.52821180555555, 29.25508306962025], [-13.533420138888882, 29.253995253164554], [-13.534722222222214, 29.25181962025316], [-13.533420138888882, 29.247903481012656], [-13.528591113656425, 29.246515813954225], [-13.531245033065373, 29.244049858391698], [-13.534939236111104, 29.24268196202531], [-13.539279513888882, 29.237460443037975], [-13.544704861111104, 29.236372626582273], [-13.54535590277777, 29.234196993670885], [-13.547309027777771, 29.233544303797466], [-13.548394097222216, 29.230933544303795], [-13.548611111111104, 29.224841772151898], [-13.547309027777771, 29.220490506329114], [-13.542100694444438, 29.218967563291134], [-13.541666666666659, 29.21744462025316], [-13.540364583333327, 29.216791930379742], [-13.524739583333327, 29.216356803797467], [-13.520833333333327, 29.21744462025316], [-13.52018229166666, 29.219402689873416], [-13.51866319444444, 29.219620253164553], [-13.517578124999993, 29.218967563291134], [-13.517144097222216, 29.216791930379742], [-13.515190972222214, 29.216139240506326], [-13.515190972222214, 29.203576608649787], [-13.516927083333329, 29.18883834388185], [-13.51866319444444, 29.18214772327707], [-13.520616319444438, 29.180105595112515]], [[-13.530381944444436, 29.289240506329108], [-13.529079861111104, 29.290328322784802], [-13.527777777777771, 29.295767405063284], [-13.528645833333327, 29.303382120253158], [-13.530381944444438, 29.305557753164553], [-13.532986111111104, 29.306645569620247], [-13.536458333333327, 29.306645569620247], [-13.539062499999993, 29.305340189873412], [-13.540798611111104, 29.302729430379742], [-13.541666666666659, 29.298813291139236], [-13.541232638888882, 29.289675632911386], [-13.539062499999993, 29.28575949367088], [-13.536024305555546, 29.285977056962018], [-13.534288194444436, 29.288587816455692], [-13.530381944444436, 29.289240506329108]], [[-13.838324652777771, 28.756206597222217], [-13.840277777777771, 28.751649305555553], [-13.840060763888882, 28.747092013888885], [-13.837022569444436, 28.743836805555553], [-13.83637152777777, 28.739496527777774], [-13.830295138888882, 28.737543402777774], [-13.829861111111104, 28.736024305555553], [-13.827256944444436, 28.734939236111106], [-13.81684027777777, 28.735373263888885], [-13.815755208333325, 28.737543402777774], [-13.813151041666659, 28.73927951388888], [-13.811848958333327, 28.754470486111106], [-13.809027777777771, 28.756857638888885], [-13.809678819444438, 28.758810763888885], [-13.811848958333327, 28.75967881944444], [-13.813368055555548, 28.76749131944444], [-13.817708333333325, 28.76944444444444], [-13.824001736111104, 28.76901041666666], [-13.827690972222214, 28.766840277777767], [-13.829861111111105, 28.763368055555556], [-13.838324652777771, 28.756206597222217]], [[-13.938368055555548, 28.756206597222217], [-13.950520833333325, 28.754253472222217], [-13.952039930555548, 28.74991319444444], [-13.953342013888882, 28.749045138888885], [-13.959852430555548, 28.748394097222217], [-13.963107638888882, 28.74578993055555], [-13.978732638888882, 28.744704861111106], [-13.981336805555548, 28.743836805555553], [-13.983506944444436, 28.739496527777774], [-13.98524305555555, 28.738628472222214], [-13.993923611111105, 28.73754340277777], [-13.996527777777771, 28.73428819444444], [-13.997829861111104, 28.72842881944444], [-14.002387152777771, 28.727343749999996], [-14.00868055555555, 28.721267361111103], [-14.015407986111104, 28.721050347222217], [-14.017361111111104, 28.72213541666666], [-14.017795138888882, 28.72365451388889], [-14.019965277777771, 28.724305555555553], [-14.02170138888888, 28.724305555555553], [-14.02387152777777, 28.722352430555553], [-14.024956597222216, 28.714539930555553], [-14.027126736111105, 28.71280381944444], [-14.027777777777771, 28.70303819444444], [-14.02647569444444, 28.696961805555553], [-14.02213541666666, 28.693055555555553], [-14.02018229166666, 28.683289930555553], [-14.018012152777771, 28.68155381944444], [-14.017578124999993, 28.668532986111106], [-14.01866319444444, 28.665277777777774], [-14.02039930555555, 28.664409722222217], [-14.021267361111104, 28.662673611111106], [-14.024739583333327, 28.65225694444444], [-14.027126736111105, 28.650737847222217], [-14.02821180555555, 28.642925347222217], [-14.029079861111104, 28.641623263888885], [-14.034288194444436, 28.639670138888885], [-14.034939236111104, 28.635329861111106], [-14.03754340277777, 28.633159722222217], [-14.038411458333327, 28.622743055555553], [-14.038845486111104, 28.62100694444444], [-14.041015624999993, 28.61905381944444], [-14.041666666666659, 28.613628472222217], [-14.041449652777771, 28.606032986111106], [-14.040364583333327, 28.602777777777774], [-14.038411458333327, 28.601475694444442], [-14.038411458333327, 28.59713541666666], [-14.041449652777771, 28.594531249999996], [-14.042317708333325, 28.58932291666666], [-14.044921874999993, 28.587586805555553], [-14.045789930555546, 28.582378472222214], [-14.048394097222216, 28.581293402777774], [-14.049045138888882, 28.579123263888885], [-14.054253472222214, 28.57803819444444], [-14.056857638888882, 28.571310763888885], [-14.061197916666659, 28.568055555555553], [-14.062934027777771, 28.559374999999996], [-14.068142361111104, 28.553949652777778], [-14.06901041666666, 28.551779513888885], [-14.069878472222216, 28.542881944444442], [-14.070746527777771, 28.54114583333333], [-14.075303819444436, 28.53897569444444], [-14.081638368067933, 28.51928605323661], [-14.083116319444438, 28.518793402777774], [-14.083984374999993, 28.516189236111106], [-14.086154513888882, 28.51553819444444], [-14.087022569444436, 28.510329861111106], [-14.089626736111105, 28.508376736111106], [-14.09071180555555, 28.500564236111106], [-14.091579861111104, 28.499262152777774], [-14.096137152777771, 28.497743055555553], [-14.097439236111104, 28.49600694444444], [-14.101128472222214, 28.485590277777774], [-14.103949652777771, 28.483420138888885], [-14.105468749999993, 28.477560763888885], [-14.109809027777771, 28.47473958333333], [-14.111545138888882, 28.471484374999996], [-14.116970486111104, 28.47039930555555], [-14.121310763888882, 28.46519097222222], [-14.127170138888882, 28.463454861111106], [-14.12912326388888, 28.457378472222214], [-14.13172743055555, 28.456293402777774], [-14.132378472222216, 28.454123263888885], [-14.137586805555546, 28.453255208333328], [-14.139322916666659, 28.45065104166666], [-14.144531249999993, 28.44978298611111], [-14.146484374999993, 28.446744791666664], [-14.148003472222214, 28.446527777777774], [-14.153862847222214, 28.42374131944444], [-14.155381944444436, 28.422222222222217], [-14.159288194444436, 28.420920138888885], [-14.159939236111104, 28.416579861111106], [-14.161892361111104, 28.415277777777774], [-14.162760416666659, 28.412456597222217], [-14.167751736111104, 28.37230902777777], [-14.169270833333327, 28.36883680555555], [-14.173177083333327, 28.365581597222217], [-14.174045138888882, 28.36102430555555], [-14.179253472222214, 28.359071180555553], [-14.181206597222216, 28.349956597222217], [-14.183810763888882, 28.34865451388889], [-14.18446180555555, 28.346484374999996], [-14.189887152777771, 28.34539930555555], [-14.19618055555555, 28.33932291666666], [-14.202907986111104, 28.338454861111106], [-14.204861111111104, 28.336284722222217], [-14.205512152777771, 28.332378472222214], [-14.20768229166666, 28.33129340277777], [-14.208550347222214, 28.32348090277777], [-14.208984374999993, 28.32217881944444], [-14.210503472222214, 28.321527777777774], [-14.211588541666659, 28.31762152777777], [-14.212456597222216, 28.30199652777777], [-14.21397569444444, 28.30069444444444], [-14.215060763888882, 28.29678819444444], [-14.215060763888882, 28.283767361111103], [-14.21397569444444, 28.279861111111106], [-14.213107638888882, 28.279861111111106], [-14.212022569444436, 28.277907986111103], [-14.211805555555548, 28.27335069444444], [-14.212456597222216, 28.270095486111103], [-14.215060763888882, 28.268142361111103], [-14.215277777777771, 28.265104166666667], [-14.214626736111105, 28.262934027777774], [-14.212456597222216, 28.26228298611111], [-14.211805555555548, 28.26032986111111], [-14.21397569444444, 28.259027777777774], [-14.214626736111105, 28.257508680555553], [-14.21571180555555, 28.239279513888885], [-14.217881944444436, 28.234722222222217], [-14.220920138888882, 28.234071180555553], [-14.221788194444436, 28.232769097222217], [-14.22287326388888, 28.224956597222217], [-14.22504340277777, 28.22408854166666], [-14.226345486111104, 28.221050347222217], [-14.234157986111104, 28.214756944444442], [-14.236111111111104, 28.211284722222217], [-14.236545138888882, 28.208246527777774], [-14.243923611111104, 28.20499131944444], [-14.247395833333325, 28.20043402777777], [-14.252170138888882, 28.196527777777774], [-14.263020833333325, 28.191970486111103], [-14.264539930555546, 28.186545138888885], [-14.26671006944444, 28.185894097222217], [-14.267795138888882, 28.18328993055555], [-14.273220486111104, 28.182204861111106], [-14.27799479166666, 28.17677951388888], [-14.290798611111104, 28.171137152777774], [-14.292968749999993, 28.165711805555553], [-14.297309027777771, 28.165060763888885], [-14.300564236111104, 28.16202256944444], [-14.308376736111104, 28.16115451388889], [-14.310980902777771, 28.15724826388888], [-14.317491319444438, 28.152256944444442], [-14.320095486111104, 28.145746527777774], [-14.329210069444438, 28.143793402777774], [-14.330295138888882, 28.141623263888885], [-14.335503472222214, 28.140755208333328], [-14.337456597222214, 28.13815104166666], [-14.345269097222214, 28.13728298611111], [-14.346571180555548, 28.13684895833333], [-14.347873263888882, 28.134678819444442], [-14.355685763888882, 28.133810763888885], [-14.359592013888882, 28.13077256944444], [-14.366102430555548, 28.130121527777774], [-14.367404513888882, 28.129253472222217], [-14.369357638888882, 28.124045138888885], [-14.373697916666659, 28.123394097222217], [-14.375434027777771, 28.12078993055555], [-14.380642361111104, 28.119921874999996], [-14.383246527777771, 28.11731770833333], [-14.398871527777771, 28.116449652777774], [-14.401475694444438, 28.116015625], [-14.40494791666666, 28.113628472222217], [-14.430989583333327, 28.109939236111106], [-14.437499999999993, 28.107118055555553], [-14.438585069444438, 28.104079861111106], [-14.44401041666666, 28.102777777777774], [-14.45377604166666, 28.104079861111106], [-14.455295138888882, 28.108420138888885], [-14.457465277777771, 28.109722222222217], [-14.46137152777777, 28.108420138888885], [-14.462022569444436, 28.104079861111106], [-14.463107638888882, 28.102777777777774], [-14.464626736111105, 28.103211805555553], [-14.466145833333327, 28.108420138888885], [-14.470486111111104, 28.109722222222217], [-14.478298611111104, 28.108420138888885], [-14.479817708333325, 28.103211805555553], [-14.481336805555546, 28.102777777777774], [-14.482421874999993, 28.104079861111106], [-14.483289930555546, 28.10928819444444], [-14.48546006944444, 28.109939236111106], [-14.486762152777771, 28.112543402777774], [-14.490017361111104, 28.11319444444444], [-14.495876736111104, 28.112543402777774], [-14.49674479166666, 28.110373263888885], [-14.499348958333327, 28.108637152777774], [-14.500217013888882, 28.09561631944444], [-14.500651041666659, 28.093446180555553], [-14.503255208333325, 28.090407986111103], [-14.50412326388888, 28.082595486111103], [-14.50672743055555, 28.081293402777774], [-14.507378472222216, 28.079123263888885], [-14.511284722222214, 28.078472222222217], [-14.513454861111104, 28.07521701388888], [-14.513888888888882, 28.067621527777774], [-14.511935763888882, 28.062196180555553], [-14.509982638888882, 28.061111111111106], [-14.505425347222214, 28.061545138888885], [-14.503472222222214, 28.063715277777774], [-14.502821180555548, 28.067621527777774], [-14.500651041666659, 28.06827256944444], [-14.499641679872935, 28.070695037749374], [-14.494695929271769, 28.06932641765183], [-14.452812806943822, 28.071462208410455], [-14.442274305555548, 28.070876736111106], [-14.439670138888882, 28.06827256944444], [-14.435329861111104, 28.067621527777774], [-14.434027777777771, 28.063715277777774], [-14.431423611111105, 28.061545138888885], [-14.42274305555555, 28.060894097222217], [-14.421006944444436, 28.06046006944444], [-14.418836805555548, 28.05828993055555], [-14.416232638888882, 28.057855902777774], [-14.400607638888882, 28.056987847222217], [-14.398654513888882, 28.05481770833333], [-14.390842013888882, 28.053949652777774], [-14.389539930555548, 28.053515625], [-14.388888888888882, 28.051996527777774], [-14.386501736111104, 28.051345486111103], [-14.353081597222216, 28.050043402777774], [-14.349175347222216, 28.047873263888885], [-14.341579861111105, 28.047222222222217], [-14.327907986111104, 28.047873263888885], [-14.324435763888882, 28.050477430555546], [-14.317925347222214, 28.050911458333324], [-14.315972222222214, 28.051996527777774], [-14.315321180555548, 28.053949652777774], [-14.313151041666659, 28.054600694444442], [-14.311848958333327, 28.06067708333333], [-14.30924479166666, 28.06241319444444], [-14.308561298052886, 28.066514156127088], [-14.30216731776893, 28.06913885216954], [-14.2923908717256, 28.078370783988206], [-14.288628472222216, 28.079123263888885], [-14.28797743055555, 28.081293402777774], [-14.28537326388888, 28.082378472222214], [-14.284693992816898, 28.085638973367736], [-14.281178372439406, 28.08895878585189], [-14.276909722222218, 28.090842013888885], [-14.271918402777771, 28.097352430555553], [-14.268012152777771, 28.099956597222217], [-14.267440908671256, 28.10338406186131], [-14.26222849497785, 28.109804909278612], [-14.256944444444436, 28.11102430555555], [-14.253038194444438, 28.11623263888889], [-14.25043402777777, 28.11753472222222], [-14.246083359623176, 28.129693094818283], [-14.243272569444436, 28.131206597222217], [-14.242357926778462, 28.13342066961099], [-14.23741319444444, 28.134244791666664], [-14.23546006944444, 28.13728298611111], [-14.233289930555546, 28.137934027777774], [-14.232438993028964, 28.143039652937272], [-14.213273253629106, 28.161625816770904], [-14.208767361111104, 28.162456597222217], [-14.207977680722205, 28.164351830155574], [-14.192310846458065, 28.172185627753773], [-14.156032986111104, 28.176128472222217], [-14.152777777777771, 28.176996527777774], [-14.15147569444444, 28.178949652777774], [-14.146267361111104, 28.17981770833333], [-14.144965277777771, 28.181987847222217], [-14.134548611111105, 28.182855902777774], [-14.130425347222216, 28.18546006944444], [-14.127387152777771, 28.185894097222217], [-14.112196180555546, 28.186545138888885], [-14.109157986111104, 28.18741319444444], [-14.107638888888882, 28.188715277777774], [-14.106553819444436, 28.191753472222217], [-14.10438368055555, 28.192621527777774], [-14.091362847222216, 28.193706597222217], [-14.089409722222216, 28.195876736111106], [-14.07899305555555, 28.196744791666664], [-14.074218749999993, 28.19934895833333], [-14.043836805555548, 28.20065104166666], [-14.039496527777771, 28.20303819444444], [-14.035156249999993, 28.203906249999996], [-14.013454861111104, 28.20672743055555], [-14.006944444444438, 28.209548611111106], [-14.00629340277777, 28.213454861111106], [-14.003689236111104, 28.21453993055555], [-14.003038194444436, 28.21671006944444], [-13.997612847222214, 28.217795138888885], [-13.994357638888882, 28.22170138888888], [-13.990668402777768, 28.223871527777774], [-13.981770833333325, 28.22452256944444], [-13.980034722222214, 28.224956597222217], [-13.978081597222214, 28.227126736111106], [-13.972656249999993, 28.227777777777774], [-13.96506076388888, 28.227560763888885], [-13.962890624999993, 28.227126736111106], [-13.959852430555548, 28.22452256944444], [-13.955295138888882, 28.224305555555553], [-13.952039930555548, 28.224956597222217], [-13.951388888888882, 28.22647569444444], [-13.949435763888882, 28.227560763888885], [-13.942925347222214, 28.228211805555553], [-13.941623263888882, 28.229079861111106], [-13.939670138888882, 28.23428819444444], [-13.935112847222214, 28.235156249999996], [-13.929470486111104, 28.24123263888889], [-13.923394097222216, 28.242968749999996], [-13.920572916666657, 28.247309027777774], [-13.917317708333325, 28.249262152777774], [-13.916449652777771, 28.257074652777774], [-13.915364583333327, 28.259027777777774], [-13.913845486111104, 28.25967881944444], [-13.91297743055555, 28.26749131944444], [-13.911892361111104, 28.26944444444444], [-13.91037326388888, 28.269878472222214], [-13.909071180555548, 28.275086805555553], [-13.901258680555548, 28.277039930555553], [-13.899305555555548, 28.280295138888885], [-13.898654513888882, 28.286154513888885], [-13.895833333333327, 28.288107638888885], [-13.896050347222214, 28.289626736111106], [-13.898003472222214, 28.290277777777774], [-13.898654513888882, 28.291579861111106], [-13.899305555555548, 28.303298611111106], [-13.898654513888882, 28.309809027777774], [-13.896050347222214, 28.31241319444444], [-13.895616319444438, 28.316753472222217], [-13.892578124999993, 28.31935763888888], [-13.89171006944444, 28.32456597222222], [-13.88910590277777, 28.32565104166666], [-13.888454861111104, 28.32782118055555], [-13.884548611111105, 28.328472222222217], [-13.882378472222216, 28.330425347222217], [-13.88129340277777, 28.338237847222217], [-13.87912326388888, 28.33932291666666], [-13.878255208333325, 28.344531249999996], [-13.875651041666659, 28.34691840277777], [-13.8752379217086, 28.353115202148672], [-13.87326956471066, 28.35837359470432], [-13.871310763888882, 28.368836805555553], [-13.868272569444436, 28.37078993055555], [-13.86762152777777, 28.37296006944444], [-13.86241319444444, 28.374262152777774], [-13.859809027777771, 28.384027777777774], [-13.856770833333327, 28.386197916666664], [-13.854600694444438, 28.389887152777778], [-13.854295996752686, 28.394051354565036], [-13.848960197785557, 28.398370782551915], [-13.844496483920882, 28.407148866694715], [-13.845766435906608, 28.41371712257595], [-13.851658275650395, 28.422684125415504], [-13.853298611111105, 28.426996527777774], [-13.855369489076246, 28.42862364617896], [-13.857638888888882, 28.434375], [-13.856987847222214, 28.442187499999996], [-13.854383680555548, 28.443706597222217], [-13.854166666666659, 28.44522569444444], [-13.856336805555546, 28.446527777777774], [-13.856987847222214, 28.448046874999996], [-13.85839059455547, 28.46954911877759], [-13.858040961045349, 28.479208768406973], [-13.854370365764076, 28.49317366704082], [-13.850260416666659, 28.49817708333333], [-13.84787326388888, 28.499045138888885], [-13.845920138888882, 28.505121527777774], [-13.842881944444436, 28.505555555555553], [-13.84071180555555, 28.507508680555553], [-13.839626736111105, 28.515321180555553], [-13.838107638888882, 28.515972222222217], [-13.837022569444436, 28.517925347222217], [-13.836154513888882, 28.525737847222217], [-13.833984374999993, 28.52725694444444], [-13.83268229166666, 28.539409722222217], [-13.830512152777771, 28.540711805555553], [-13.829644097222216, 28.545920138888885], [-13.827039930555546, 28.54874131944444], [-13.82660590277777, 28.566970486111106], [-13.828398185665018, 28.57183086925326], [-13.826388888888882, 28.588454861111103], [-13.825086805555546, 28.59171006944444], [-13.820746527777771, 28.592578124999996], [-13.819444444444438, 28.594531249999992], [-13.820746527777771, 28.59561631944444], [-13.823784722222214, 28.595833333333328], [-13.825752240222245, 28.601735887333422], [-13.822660720054866, 28.636676882338882], [-13.8258538969873, 28.681495578785594], [-13.827437203139972, 28.68628029049927], [-13.826388888888882, 28.69045138888888], [-13.827039930555546, 28.692621527777774], [-13.82921006944444, 28.693923611111106], [-13.830078124999993, 28.704340277777774], [-13.833116319444438, 28.709548611111103], [-13.833116319444438, 28.71822916666666], [-13.83268229166666, 28.71996527777777], [-13.83072916666666, 28.72170138888888], [-13.83072916666666, 28.723437499999996], [-13.833550347222216, 28.732335069444442], [-13.835720486111104, 28.73450520833333], [-13.846354166666659, 28.73927951388888], [-13.84809027777777, 28.743836805555553], [-13.858506944444436, 28.745789930555553], [-13.86024305555555, 28.747092013888885], [-13.861111111111104, 28.751649305555553], [-13.863715277777771, 28.754904513888885], [-13.874131944444438, 28.756206597222217], [-13.875434027777771, 28.758376736111106], [-13.880642361111104, 28.759244791666664], [-13.881944444444438, 28.761197916666664], [-13.884548611111105, 28.76228298611111], [-13.89322916666666, 28.76228298611111], [-13.895833333333327, 28.761197916666664], [-13.89713541666666, 28.759244791666664], [-13.900173611111105, 28.759027777777774], [-13.902343749999993, 28.759678819444442], [-13.904079861111104, 28.76228298611111], [-13.90711805555555, 28.762499999999996], [-13.909288194444436, 28.76184895833333], [-13.909722222222214, 28.76032986111111], [-13.911458333333325, 28.759678819444442], [-13.935763888888882, 28.758376736111106], [-13.937499999999993, 28.75772569444444], [-13.938368055555548, 28.756206597222217]], [[-15.437478813559316, 28.17569444444444], [-15.439650423728807, 28.17374131944444], [-15.440736228813552, 28.16592881944444], [-15.443559322033892, 28.16397569444444], [-15.443342161016943, 28.162456597222217], [-15.441387711864401, 28.161805555555553], [-15.440301906779656, 28.157899305555553], [-15.440084745762706, 28.148784722222217], [-15.442039194915246, 28.142274305555553], [-15.443993644067788, 28.140972222222217], [-15.449856991525415, 28.14032118055555], [-15.451811440677957, 28.13771701388889], [-15.456154661016944, 28.13728298611111], [-15.458326271186435, 28.134678819444442], [-15.462669491525418, 28.134027777777774], [-15.4708385133216, 28.13526379815873], [-15.47179025423728, 28.13684895833333], [-15.47700211864406, 28.13771701388889], [-15.479173728813553, 28.14032118055555], [-15.491334745762707, 28.141623263888885], [-15.492854872881349, 28.144227430555546], [-15.495026483050841, 28.144878472222214], [-15.495677966101688, 28.148784722222217], [-15.496980932203384, 28.150086805555553], [-15.515873940677958, 28.15269097222222], [-15.52043432203389, 28.157031249999996], [-15.523040254237278, 28.15789930555555], [-15.534115466101689, 28.15811631944444], [-15.53628707627118, 28.15768229166666], [-15.539110169491519, 28.155512152777774], [-15.563432203389823, 28.15421006944444], [-15.566255296610162, 28.15203993055555], [-15.571684322033892, 28.151388888888885], [-15.581456567796604, 28.15203993055555], [-15.582976694915248, 28.15421006944444], [-15.586885593220332, 28.154861111111106], [-15.589057203389821, 28.15421006944444], [-15.590143008474568, 28.15203993055555], [-15.596006355932195, 28.151388888888885], [-15.599263771186433, 28.15203993055555], [-15.60056673728813, 28.15421006944444], [-15.608384533898299, 28.155078124999996], [-15.611641949152535, 28.15811631944444], [-15.616853813559315, 28.158984374999996], [-15.617722457627112, 28.161371527777774], [-15.623802966101685, 28.166362847222217], [-15.624671610169482, 28.170920138888885], [-15.630752118644061, 28.172873263888885], [-15.63118644067796, 28.174392361111106], [-15.633140889830502, 28.175477430555546], [-15.639655720338975, 28.175477430555546], [-15.640958686440671, 28.175043402777774], [-15.641610169491518, 28.173524305555553], [-15.645519067796602, 28.172439236111106], [-15.658548728813553, 28.17178819444444], [-15.662457627118638, 28.169618055555553], [-15.663543432203383, 28.166579861111106], [-15.66897245762711, 28.165277777777774], [-15.676573093220334, 28.16592881944444], [-15.678744703389825, 28.16723090277777], [-15.67983050847457, 28.16918402777777], [-15.67983050847457, 28.17178819444444], [-15.681133474576265, 28.173524305555546], [-15.683739406779655, 28.174392361111106], [-15.696769067796604, 28.172439236111106], [-15.700677966101688, 28.169618055555553], [-15.701907224679955, 28.166194938390717], [-15.711101694915246, 28.16397569444444], [-15.710450211864401, 28.16202256944444], [-15.708278601694907, 28.161371527777774], [-15.707192796610162, 28.15616319444444], [-15.701112288135587, 28.15421006944444], [-15.700677966101688, 28.152690972222217], [-15.703501059322027, 28.150954861111106], [-15.704804025423721, 28.144878472222214], [-15.70762711864406, 28.143142361111106], [-15.706975635593214, 28.141189236111106], [-15.704804025423721, 28.14053819444444], [-15.704152542372874, 28.13663194444444], [-15.704804025423721, 28.134461805555553], [-15.706975635593214, 28.133376736111106], [-15.707844279661009, 28.125564236111106], [-15.710450211864401, 28.122743055555553], [-15.710884533898298, 28.12100694444444], [-15.711753177966095, 28.110590277777774], [-15.714359110169486, 28.107769097222217], [-15.714359110169486, 28.101258680555553], [-15.713924788135586, 28.099956597222217], [-15.711753177966095, 28.098654513888885], [-15.711101694915246, 28.092795138888885], [-15.711753177966095, 28.089539930555553], [-15.714359110169486, 28.087586805555553], [-15.715010593220335, 28.083246527777774], [-15.721091101694908, 28.081293402777774], [-15.722176906779655, 28.078689236111106], [-15.729994703389824, 28.072612847222217], [-15.732600635593213, 28.068706597222217], [-15.740418432203382, 28.067404513888885], [-15.742372881355925, 28.064149305555553], [-15.743024364406772, 28.058289930555553], [-15.745630296610162, 28.056987847222217], [-15.746281779661011, 28.05481770833333], [-15.75149364406779, 28.053949652777774], [-15.753882415254232, 28.051345486111103], [-15.763654661016943, 28.05069444444444], [-15.769083686440672, 28.04874131944444], [-15.771472457627112, 28.040277777777774], [-15.77668432203389, 28.036371527777774], [-15.777552966101688, 28.033984374999996], [-15.78276483050847, 28.03311631944444], [-15.78493644067796, 28.03029513888889], [-15.795360169491516, 28.02660590277777], [-15.79709745762711, 28.02530381944444], [-15.797966101694907, 28.022048611111106], [-15.799269067796601, 28.020746527777774], [-15.805783898305076, 28.01944444444444], [-15.817510593220334, 28.018793402777774], [-15.818813559322027, 28.018142361111106], [-15.819247881355928, 28.016623263888885], [-15.823156779661009, 28.015972222222217], [-15.824459745762704, 28.014670138888885], [-15.8257627118644, 28.008159722222217], [-15.826414194915248, 27.996440972222217], [-15.829020127118635, 27.993836805555553], [-15.829888771186434, 27.988628472222214], [-15.832060381355927, 27.98754340277777], [-15.832929025423722, 27.97973090277777], [-15.83336334745762, 27.97842881944444], [-15.834883474576264, 27.977777777777774], [-15.83596927966101, 27.97387152777777], [-15.83596927966101, 27.96085069444444], [-15.835534957627111, 27.95824652777777], [-15.83336334745762, 27.95499131944444], [-15.832711864406773, 27.94522569444444], [-15.83336334745762, 27.92764756944444], [-15.834014830508467, 27.92569444444444], [-15.835534957627111, 27.924609374999992], [-15.83618644067796, 27.91918402777777], [-15.83618644067796, 27.914843749999992], [-15.834231991525417, 27.90811631944444], [-15.826414194915248, 27.90052083333333], [-15.824459745762704, 27.894878472222214], [-15.819247881355928, 27.893142361111103], [-15.818162076271179, 27.887934027777774], [-15.81555614406779, 27.886197916666667], [-15.814687499999994, 27.880989583333328], [-15.8125158898305, 27.879904513888885], [-15.811212923728807, 27.870789930555553], [-15.808606991525416, 27.868836805555553], [-15.80773834745762, 27.863628472222214], [-15.805566737288128, 27.86254340277777], [-15.804480932203383, 27.85473090277777], [-15.802309322033892, 27.852777777777774], [-15.798400423728804, 27.852126736111106], [-15.797748940677957, 27.849956597222217], [-15.795143008474568, 27.848654513888885], [-15.794274364406771, 27.840842013888885], [-15.791234110169484, 27.837586805555553], [-15.790365466101687, 27.832378472222214], [-15.788193855932196, 27.831727430555546], [-15.786890889830502, 27.829123263888885], [-15.781027542372874, 27.828472222222217], [-15.77646716101694, 27.826519097222217], [-15.772775423728808, 27.821961805555553], [-15.767997881355925, 27.818706597222217], [-15.757139830508468, 27.816753472222217], [-15.754316737288129, 27.810243055555553], [-15.747584745762705, 27.805034722222217], [-15.742372881355923, 27.79852430555555], [-15.732600635593213, 27.795920138888885], [-15.730646186440673, 27.790060763888885], [-15.726302966101688, 27.78723958333333], [-15.724131355932196, 27.783984374999996], [-15.711970338983043, 27.78268229166666], [-15.709798728813553, 27.779427083333328], [-15.70545550847457, 27.77660590277777], [-15.703283898305077, 27.770746527777774], [-15.691122881355923, 27.768142361111103], [-15.689602754237281, 27.762934027777774], [-15.68743114406779, 27.761631944444442], [-15.686128177966093, 27.749479166666664], [-15.683956567796603, 27.748394097222217], [-15.68243644067796, 27.74578993055555], [-15.678093220338978, 27.745138888888885], [-15.670275423728807, 27.74578993055555], [-15.668103813559314, 27.748394097222217], [-15.663760593220331, 27.749045138888885], [-15.66180614406779, 27.755121527777774], [-15.660286016949145, 27.755555555555553], [-15.659200211864398, 27.754253472222217], [-15.65898305084745, 27.751215277777774], [-15.65572563559321, 27.749045138888885], [-15.644867584745757, 27.748394097222217], [-15.642695974576265, 27.74796006944444], [-15.640090042372876, 27.74578993055555], [-15.637049788135585, 27.745355902777774], [-15.618808262711857, 27.744487847222217], [-15.615985169491518, 27.741883680555553], [-15.610121822033893, 27.740364583333328], [-15.606430084745757, 27.73602430555555], [-15.592748940677957, 27.73428819444444], [-15.590577330508467, 27.733420138888885], [-15.588840042372873, 27.729079861111106], [-15.587537076271179, 27.728211805555553], [-15.581022245762703, 27.728211805555553], [-15.579067796610163, 27.73038194444444], [-15.578416313559316, 27.733420138888885], [-15.56929555084745, 27.735373263888885], [-15.568426906779653, 27.737543402777774], [-15.56647245762711, 27.73819444444444], [-15.564539805949673, 27.743001761437014], [-15.54171791474189, 27.765682568400592], [-15.528903601694909, 27.769878472222214], [-15.523828810968707, 27.773119180938647], [-15.453742447025737, 27.792605647329133], [-15.447673885267385, 27.797621038376835], [-15.444645127118637, 27.797873263888885], [-15.442039194915248, 27.80026041666666], [-15.42075741525423, 27.80525173611111], [-15.419237288135585, 27.80677083333333], [-15.418585805084739, 27.81067708333333], [-15.417065677966093, 27.811111111111106], [-15.415979872881348, 27.813064236111106], [-15.415979872881348, 27.819574652777774], [-15.417065677966093, 27.821527777777774], [-15.418585805084739, 27.821961805555553], [-15.4187310407168, 27.82755440366465], [-15.416414194915244, 27.829123263888885], [-15.416245459061296, 27.83030361462874], [-15.407758638962378, 27.83960118406773], [-15.39534522887282, 27.847238902269858], [-15.379216874187659, 27.853362335627], [-15.377499723107121, 27.867395826215226], [-15.384073332496984, 27.88481905382679], [-15.388565318965936, 27.89209333721349], [-15.386663135593215, 27.900737847222217], [-15.383622881355926, 27.901388888888885], [-15.382319915254229, 27.902907986111106], [-15.381016949152535, 27.910503472222217], [-15.380365466101686, 27.924175347222214], [-15.372206251005174, 27.93255914588004], [-15.371244703389824, 27.932421874999996], [-15.369724576271182, 27.92981770833333], [-15.361906779661009, 27.929166666666664], [-15.357563559322028, 27.930468749999996], [-15.35669491525423, 27.93177083333333], [-15.356912076271179, 27.934809027777774], [-15.35951800847457, 27.936545138888885], [-15.36147245762711, 27.942621527777774], [-15.36668432203389, 27.94435763888888], [-15.368421610169484, 27.94956597222222], [-15.372928599100216, 27.950504292100383], [-15.377017762692393, 27.955523622221335], [-15.377652278816667, 27.961441760417493], [-15.375642933662583, 27.97554167169188], [-15.368782483110282, 27.99149788957899], [-15.367118644067789, 27.99296875], [-15.367633129002654, 27.994511159103503], [-15.365210409135951, 28.00938180448569], [-15.368633523689363, 28.01467562035446], [-15.38007799685509, 28.020808571378552], [-15.382319915254229, 28.02921006944444], [-15.388183262711859, 28.03116319444444], [-15.39252648305084, 28.036371527777774], [-15.39795550847457, 28.037456597222217], [-15.401079351397247, 28.042221409788787], [-15.410014722337177, 28.074535236987728], [-15.412120940508283, 28.087556083675384], [-15.410985169491518, 28.092361111111106], [-15.409465042372876, 28.093446180555553], [-15.408813559322027, 28.10321180555555], [-15.409465042372876, 28.108637152777774], [-15.411636652542366, 28.110156249999996], [-15.413591101694909, 28.116883680555553], [-15.416565957955562, 28.119113311137085], [-15.41684830468943, 28.130137074223246], [-15.413591101694909, 28.131857638888885], [-15.411636652542365, 28.147482638888885], [-15.410333686440671, 28.150086805555553], [-15.408379237288129, 28.151388888888885], [-15.402515889830502, 28.15269097222222], [-15.401212923728806, 28.15789930555555], [-15.399041313559316, 28.15920138888888], [-15.398389830508467, 28.16354166666666], [-15.399041313559316, 28.17135416666666], [-15.401212923728806, 28.172656249999996], [-15.403167372881349, 28.17873263888889], [-15.407510593220332, 28.179383680555553], [-15.408813559322027, 28.18133680555555], [-15.412722457627112, 28.182421874999996], [-15.421843220338976, 28.182638888888885], [-15.429009533898297, 28.181336805555553], [-15.432918432203383, 28.176996527777774], [-15.437478813559316, 28.17569444444444]], [[-16.103728813559314, 28.59713541666666], [-16.103945974576263, 28.59865451388889], [-16.106551906779654, 28.600390624999996], [-16.10785487288135, 28.61341145833333], [-16.109157838983045, 28.61558159722222], [-16.111112288135587, 28.616666666666664], [-16.11567266949152, 28.61623263888889], [-16.117627118644062, 28.614062499999996], [-16.117192796610162, 28.61102430555555], [-16.111980932203384, 28.608637152777774], [-16.109374999999993, 28.59409722222222], [-16.108072033898296, 28.593663194444442], [-16.103728813559314, 28.59713541666666]], [[-16.703689236111103, 28.38880208333333], [-16.70868055555555, 28.387499999999996], [-16.716493055555553, 28.38815104166666], [-16.718012152777774, 28.390755208333328], [-16.719531249999992, 28.390972222222217], [-16.721267361111103, 28.38815104166666], [-16.726475694444442, 28.38728298611111], [-16.728862847222217, 28.384678819444442], [-16.741883680555553, 28.383810763888885], [-16.748394097222217, 28.38077256944444], [-16.761414930555553, 28.381206597222217], [-16.763151041666664, 28.383810763888885], [-16.76467013888888, 28.384027777777774], [-16.76705729166666, 28.381206597222217], [-16.77682291666666, 28.380555555555553], [-16.78224826388888, 28.381206597222217], [-16.78506944444444, 28.383376736111106], [-16.809374999999996, 28.384678819444442], [-16.813064236111106, 28.38728298611111], [-16.819791666666664, 28.387934027777774], [-16.825434027777774, 28.393142361111103], [-16.82803819444444, 28.39401041666666], [-16.841276041666664, 28.393793402777774], [-16.843012152777774, 28.391623263888885], [-16.850824652777774, 28.390755208333328], [-16.854079861111106, 28.38771701388889], [-16.858637152777774, 28.38706597222222], [-16.864930555555553, 28.380989583333328], [-16.871657986111106, 28.380121527777774], [-16.87296006944444, 28.379253472222217], [-16.874262152777774, 28.37491319444444], [-16.875564236111106, 28.374045138888885], [-16.882074652777774, 28.373394097222217], [-16.885329861111106, 28.37078993055555], [-16.900954861111106, 28.369921874999996], [-16.903559027777774, 28.369487847222217], [-16.905946180555553, 28.36731770833333], [-16.90811631944444, 28.366883680555553], [-16.921137152777774, 28.366015625], [-16.92504340277777, 28.361892361111103], [-16.92569444444444, 28.35538194444444], [-16.925043402777774, 28.346267361111103], [-16.92374131944444, 28.34366319444444], [-16.92178819444444, 28.342361111111106], [-16.917230902777774, 28.342144097222217], [-16.913975694444442, 28.339105902777774], [-16.90963541666666, 28.338454861111106], [-16.907031249999996, 28.332378472222214], [-16.90182291666666, 28.330642361111103], [-16.900086805555553, 28.325434027777774], [-16.894878472222217, 28.32434895833333], [-16.89401041666666, 28.321961805555553], [-16.88858506944444, 28.317838541666664], [-16.88532986111111, 28.309375], [-16.881640624999996, 28.303732638888885], [-16.87100694444444, 28.296354166666664], [-16.869487847222217, 28.290711805555553], [-16.86796875, 28.290277777777774], [-16.866883680555553, 28.288324652777774], [-16.86623263888889, 28.281597222222217], [-16.860156249999996, 28.27530381944444], [-16.859071180555553, 28.270746527777774], [-16.849956597222217, 28.268793402777774], [-16.846022027509516, 28.263395913882547], [-16.844117670741138, 28.258068242005994], [-16.848220486111106, 28.23971354166666], [-16.846050347222217, 28.235590277777774], [-16.84518229166666, 28.225173611111106], [-16.843012152777774, 28.223220486111106], [-16.841710069444442, 28.20802951388888], [-16.839105902777774, 28.205642361111103], [-16.838454861111106, 28.20130208333333], [-16.832378472222217, 28.19934895833333], [-16.83172743055555, 28.197178819444442], [-16.829123263888885, 28.195876736111106], [-16.828255208333328, 28.188064236111106], [-16.82717013888888, 28.186111111111106], [-16.825651041666664, 28.18567708333333], [-16.82413194444444, 28.180468749999996], [-16.811979166666664, 28.178515625], [-16.810460069444442, 28.175911458333324], [-16.808940972222217, 28.17569444444444], [-16.807855902777774, 28.172439236111103], [-16.806987847222217, 28.15941840277777], [-16.804383680555553, 28.157031249999996], [-16.803949652777774, 28.15269097222222], [-16.801128472222217, 28.150520833333328], [-16.796137152777774, 28.138368055555553], [-16.790711805555553, 28.13684895833333], [-16.790060763888885, 28.134678819444442], [-16.78745659722222, 28.133376736111106], [-16.786805555555553, 28.127517361111106], [-16.784852430555553, 28.122960069444442], [-16.777039930555553, 28.116449652777778], [-16.775954861111106, 28.113845486111103], [-16.769878472222217, 28.112543402777774], [-16.76922743055555, 28.110373263888885], [-16.766623263888885, 28.109071180555553], [-16.76532118055555, 28.099956597222217], [-16.761414930555553, 28.097352430555553], [-16.75620659722222, 28.090842013888885], [-16.754036458333328, 28.089539930555553], [-16.747092013888885, 28.088237847222217], [-16.745789930555553, 28.086935763888885], [-16.744487847222217, 28.079123263888885], [-16.74296875, 28.078472222222217], [-16.74231770833333, 28.076736111111106], [-16.741666666666664, 28.061111111111106], [-16.74058159722222, 28.055902777777774], [-16.73841145833333, 28.052430555555546], [-16.73515625, 28.05069444444444], [-16.725390624999996, 28.050043402777774], [-16.723739848163838, 28.047873263888885], [-16.720564523462393, 28.047467229737638], [-16.71979894936314, 28.04541490900417], [-16.71286808400488, 28.03989186181096], [-16.71147745998116, 28.031814236111106], [-16.707851047551785, 28.028559027777774], [-16.70629340277777, 28.010329861111106], [-16.705642361111103, 28.009027777777774], [-16.703689236111106, 28.008376736111106], [-16.70290563206214, 28.006206597222217], [-16.696106550141234, 28.005121527777774], [-16.69440677966101, 28.00295138888888], [-16.69440677966101, 28.001215277777774], [-16.68984639830508, 27.999045138888885], [-16.67646930056047, 27.998638867564413], [-16.65611353995995, 28.005703266953446], [-16.644025423728806, 28.006206597222217], [-16.64033368644067, 28.008810763888885], [-16.633601694915246, 28.009461805555553], [-16.627521186440674, 28.014887152777774], [-16.608628177966096, 28.01922743055555], [-16.605587923728805, 28.02052951388888], [-16.603575368694223, 28.023770941135524], [-16.592775423728806, 28.026605902777774], [-16.58760745606155, 28.02922131341976], [-16.567576449717848, 28.02959200666423], [-16.555640889830503, 28.026605902777774], [-16.54640271660943, 28.02563783820517], [-16.541525423728807, 28.028993055555553], [-16.54087394067796, 28.03289930555555], [-16.538485169491516, 28.03420138888888], [-16.537335062011387, 28.03764937371244], [-16.53018948612946, 28.047849949188276], [-16.520895127118635, 28.05177951388888], [-16.517203389830502, 28.056336805555553], [-16.51546610169491, 28.057204861111106], [-16.508734110169485, 28.057855902777774], [-16.505476694915245, 28.060894097222217], [-16.501133474576264, 28.061545138888885], [-16.49917902542372, 28.067621527777774], [-16.495921610169482, 28.06935763888888], [-16.493098516949146, 28.073697916666667], [-16.48723516949152, 28.075868055555553], [-16.485280720338974, 28.086718749999996], [-16.48397775423728, 28.089322916666664], [-16.475508474576262, 28.09670138888888], [-16.472251059322026, 28.101475694444442], [-16.465519067796603, 28.104079861111106], [-16.464867584745754, 28.108420138888885], [-16.462261652542367, 28.110373263888885], [-16.46169092737163, 28.113083891357668], [-16.442173940085645, 28.133728540821433], [-16.436440719976613, 28.14100019362509], [-16.435116525423723, 28.141189236111106], [-16.43316207627118, 28.144227430555546], [-16.431641949152535, 28.14444444444444], [-16.429202845043672, 28.150180255186957], [-16.429036016949148, 28.16397569444444], [-16.42773305084745, 28.165277777777774], [-16.424692796610163, 28.165711805555553], [-16.423389830508466, 28.16788194444444], [-16.423824152542362, 28.170920138888885], [-16.428535651431314, 28.172489574494396], [-16.42723661387032, 28.178989522313323], [-16.424692796610163, 28.18025173611111], [-16.423824152542362, 28.182421874999996], [-16.422738347457617, 28.19544270833333], [-16.42056673728813, 28.196961805555553], [-16.41991525423728, 28.19913194444444], [-16.42013241525423, 28.202170138888885], [-16.422322677401503, 28.203577210608064], [-16.419480932203385, 28.21280381944444], [-16.41340042372881, 28.218446180555553], [-16.41274894067796, 28.223003472222217], [-16.41014300847457, 28.224956597222217], [-16.409552700001726, 28.230265774035907], [-16.406972520089145, 28.234526886314825], [-16.402976694915246, 28.23602430555555], [-16.401890889830504, 28.24123263888889], [-16.39928495762711, 28.242968749999996], [-16.398416313559316, 28.24817708333333], [-16.396244703389826, 28.249262152777774], [-16.39535341023913, 28.2537155992455], [-16.388158789365484, 28.26559736268277], [-16.387155069976366, 28.269066188370896], [-16.382997881355926, 28.270312499999992], [-16.38104343220338, 28.28246527777777], [-16.378871822033894, 28.283767361111103], [-16.378003177966097, 28.288975694444442], [-16.375397245762706, 28.290711805555553], [-16.37387711864406, 28.296137152777774], [-16.3634533898305, 28.30069444444444], [-16.360847457627113, 28.30460069444444], [-16.360195974576264, 28.31046006944444], [-16.35867584745762, 28.311111111111106], [-16.35867584745762, 28.322829861111106], [-16.36063029661016, 28.336501736111106], [-16.3634533898305, 28.342361111111106], [-16.365190677966094, 28.342361111111106], [-16.36736228813559, 28.34561631944444], [-16.36739263592587, 28.354893891173575], [-16.366493644067788, 28.358637152777774], [-16.36128177966101, 28.36102430555555], [-16.360195974576264, 28.36623263888889], [-16.358024364406774, 28.36753472222222], [-16.35606991525423, 28.379687499999996], [-16.35085805084745, 28.381206597222217], [-16.350206567796604, 28.383376736111106], [-16.347600635593214, 28.384461805555553], [-16.346949152542365, 28.388368055555553], [-16.344343220338974, 28.391189236111106], [-16.324599254768806, 28.398812963542692], [-16.31626043200027, 28.404908775158034], [-16.312637711864397, 28.405512152777774], [-16.311986228813552, 28.40768229166666], [-16.309380296610165, 28.408550347222217], [-16.3076289507828, 28.411218524738228], [-16.298956567796605, 28.412456597222217], [-16.29765360169491, 28.415060763888885], [-16.295481991525413, 28.41592881944444], [-16.294741556927143, 28.421108350086154], [-16.282468737217513, 28.43252764934554], [-16.277891949152533, 28.43328993055555], [-16.277240466101688, 28.43546006944444], [-16.274200211864404, 28.43741319444444], [-16.27364588325142, 28.440736912753987], [-16.26427693997804, 28.449085080890764], [-16.25400423728813, 28.45065104166666], [-16.25270127118643, 28.45282118055555], [-16.24879237288135, 28.453472222222217], [-16.247272245762705, 28.454774305555553], [-16.24292902542372, 28.470399305555553], [-16.241626059322027, 28.473003472222217], [-16.237065677966093, 28.475173611111106], [-16.235640702867496, 28.484322443725695], [-16.23337648516592, 28.48803979777581], [-16.230985169491518, 28.484939236111106], [-16.226641949152537, 28.484939236111106], [-16.22468749999999, 28.487543402777774], [-16.21556673728813, 28.488845486111103], [-16.21448093220338, 28.491015625], [-16.209269067796605, 28.491883680555553], [-16.20709745762711, 28.494487847222217], [-16.196239406779654, 28.49600694444444], [-16.191461864406772, 28.500347222222217], [-16.186249999999994, 28.508159722222217], [-16.180603813559312, 28.509678819444442], [-16.180169491525415, 28.511197916666664], [-16.178215042372873, 28.51228298611111], [-16.170397245762707, 28.51315104166666], [-16.169311440677962, 28.51532118055555], [-16.164099576271177, 28.516189236111106], [-16.16149364406779, 28.518793402777774], [-16.145640889830503, 28.520312499999992], [-16.14260063559321, 28.522048611111103], [-16.13825741525423, 28.53072916666666], [-16.136085805084736, 28.53246527777777], [-16.127182203389825, 28.53441840277777], [-16.12544491525423, 28.53658854166666], [-16.124576271186434, 28.539843749999992], [-16.123273305084737, 28.55026041666666], [-16.118930084745756, 28.553949652777778], [-16.117627118644062, 28.55677083333333], [-16.11784427966101, 28.559809027777774], [-16.119798728813553, 28.561111111111106], [-16.1208845338983, 28.563715277777774], [-16.121127423241656, 28.56662797518796], [-16.119583988320855, 28.57130811089653], [-16.12159850510498, 28.572277127614047], [-16.12175317796609, 28.574131944444442], [-16.12392478813559, 28.575868055555553], [-16.12501059322033, 28.586284722222217], [-16.127182203389825, 28.588888888888885], [-16.13109110169491, 28.58953993055555], [-16.131959745762707, 28.59171006944444], [-16.13717161016948, 28.592578124999996], [-16.138908898305075, 28.59518229166666], [-16.144120762711857, 28.59670138888888], [-16.14542372881355, 28.604513888888885], [-16.146509533898296, 28.607118055555553], [-16.148681144067787, 28.60885416666666], [-16.15628177966101, 28.609722222222217], [-16.161710805084738, 28.607769097222217], [-16.16344809322033, 28.601258680555553], [-16.164751059322025, 28.599956597222217], [-16.1712658898305, 28.59908854166666], [-16.17452330508474, 28.596050347222217], [-16.17886652542372, 28.59539930555555], [-16.180169491525415, 28.591493055555553], [-16.182775423728803, 28.58932291666666], [-16.193199152542366, 28.58953993055555], [-16.19450211864406, 28.59171006944444], [-16.19971398305084, 28.592795138888885], [-16.201668432203384, 28.598871527777774], [-16.20318855932203, 28.599305555555553], [-16.205143008474572, 28.59366319444444], [-16.211006355932195, 28.592361111111106], [-16.212960805084737, 28.591059027777774], [-16.21426377118643, 28.588454861111106], [-16.215783898305077, 28.575434027777774], [-16.217521186440667, 28.572829861111106], [-16.220127118644058, 28.571527777777774], [-16.223601694915246, 28.571527777777774], [-16.226207627118637, 28.572612847222217], [-16.22794491525423, 28.574782986111106], [-16.228813559322028, 28.57803819444444], [-16.229682203389824, 28.585633680555553], [-16.23141949152542, 28.58780381944444], [-16.23402542372881, 28.588888888888885], [-16.23749999999999, 28.588888888888885], [-16.242494703389823, 28.586284722222217], [-16.24596927966101, 28.577604166666667], [-16.247272245762705, 28.575868055555553], [-16.25052966101694, 28.574999999999996], [-16.25270127118643, 28.578906249999996], [-16.25378707627118, 28.594531249999996], [-16.254438559322026, 28.595833333333328], [-16.25595868644067, 28.596267361111103], [-16.257261652542365, 28.601475694444442], [-16.26312499999999, 28.602777777777774], [-16.26638241525423, 28.601475694444442], [-16.267685381355925, 28.596267361111103], [-16.270291313559316, 28.594531249999996], [-16.271159957627113, 28.58932291666666], [-16.273765889830504, 28.587586805555553], [-16.2746345338983, 28.582378472222214], [-16.276806144067788, 28.581727430555546], [-16.278760593220333, 28.578689236111106], [-16.283103813559315, 28.578689236111106], [-16.284841101694905, 28.581293402777774], [-16.2870127118644, 28.58194444444444], [-16.29005296610169, 28.581727430555546], [-16.291355932203384, 28.579774305555553], [-16.293744703389823, 28.579340277777774], [-16.32240995762711, 28.58107638888888], [-16.329576271186433, 28.580642361111106], [-16.33001059322033, 28.578906249999996], [-16.33522245762711, 28.574565972222217], [-16.3378283898305, 28.557638888888885], [-16.339782838983044, 28.55828993055555], [-16.340434322033893, 28.56046006944444], [-16.344343220338974, 28.561111111111106], [-16.35085805084745, 28.557204861111103], [-16.366493644067788, 28.55373263888889], [-16.36909957627118, 28.55069444444444], [-16.37105402542372, 28.551345486111103], [-16.37170550847457, 28.553515625], [-16.375614406779654, 28.554166666666664], [-16.37778601694915, 28.553515625], [-16.379088983050842, 28.551345486111103], [-16.391249999999992, 28.550043402777774], [-16.392770127118638, 28.547439236111106], [-16.39494173728813, 28.54678819444444], [-16.39689618644067, 28.540060763888885], [-16.401239406779652, 28.53723958333333], [-16.403193855932198, 28.533984374999996], [-16.41296610169491, 28.532031249999996], [-16.416874999999994, 28.52682291666666], [-16.419263771186433, 28.525954861111106], [-16.42013241525423, 28.520746527777774], [-16.422738347457617, 28.51879340277777], [-16.424692796610163, 28.50967881944444], [-16.429036016949148, 28.508159722222217], [-16.43099046610169, 28.49600694444444], [-16.43316207627118, 28.494704861111106], [-16.434247881355923, 28.489496527777774], [-16.4403283898305, 28.487543402777774], [-16.441414194915247, 28.484939236111106], [-16.443585805084737, 28.48428819444444], [-16.444237288135586, 28.48038194444444], [-16.446191737288128, 28.478211805555553], [-16.454009533898297, 28.477126736111106], [-16.454878177966094, 28.474956597222217], [-16.45748411016948, 28.473654513888885], [-16.459004237288127, 28.465842013888885], [-16.460741525423717, 28.464539930555553], [-16.469645127118635, 28.463020833333328], [-16.47181673728813, 28.461284722222217], [-16.475942796610163, 28.450868055555553], [-16.47854872881355, 28.44956597222222], [-16.48289194915254, 28.44435763888888], [-16.498744703389825, 28.441753472222217], [-16.49983050847457, 28.44045138888888], [-16.50048199152542, 28.436545138888885], [-16.503087923728806, 28.434809027777774], [-16.5039565677966, 28.429600694444442], [-16.506128177966097, 28.428949652777774], [-16.50743114406779, 28.426345486111103], [-16.51524894067796, 28.425477430555546], [-16.518723516949148, 28.422873263888885], [-16.52632415254237, 28.422222222222217], [-16.54000529661016, 28.422873263888885], [-16.541525423728807, 28.423524305555553], [-16.542176906779652, 28.425477430555546], [-16.5436970338983, 28.42569444444444], [-16.54608580508474, 28.422873263888885], [-16.56128707627118, 28.420920138888885], [-16.563241525423724, 28.416362847222217], [-16.564978813559318, 28.415060763888885], [-16.57366525423728, 28.41223958333333], [-16.57627118644067, 28.410503472222217], [-16.576705508474568, 28.408984374999996], [-16.58191737288135, 28.40811631944444], [-16.58452330508474, 28.405512152777774], [-16.60015889830508, 28.404644097222217], [-16.602764830508466, 28.40421006944444], [-16.606239406779654, 28.40203993055555], [-16.632298728813552, 28.401605902777774], [-16.638813559322028, 28.402690972222217], [-16.638813559322028, 28.403559027777774], [-16.64076800847457, 28.404644097222217], [-16.645328389830503, 28.404861111111106], [-16.64858580508474, 28.40421006944444], [-16.649454449152536, 28.40203993055555], [-16.65140889830508, 28.401388888888885], [-16.652711864406772, 28.403559027777774], [-16.65792372881355, 28.404644097222217], [-16.67877118644067, 28.40421006944444], [-16.680508474576264, 28.403559027777774], [-16.68115995762711, 28.401605902777774], [-16.683331567796607, 28.400954861111106], [-16.684984110169488, 28.395746527777774], [-16.69721383592278, 28.39401041666666], [-16.70130208333333, 28.391840277777767], [-16.703689236111103, 28.38880208333333]], [[-17.29114583333333, 28.21453993055555], [-17.30329861111111, 28.212586805555553], [-17.304166666666664, 28.209548611111106], [-17.307421874999996, 28.207378472222214], [-17.32044270833333, 28.206293402777774], [-17.322178819444442, 28.203689236111106], [-17.324348958333328, 28.20303819444444], [-17.325434027777774, 28.197612847222217], [-17.33151041666666, 28.19131944444444], [-17.332378472222217, 28.184592013888885], [-17.333246527777774, 28.183289930555553], [-17.338454861111106, 28.181336805555553], [-17.339105902777774, 28.176996527777774], [-17.341710069444442, 28.174609374999992], [-17.342795138888885, 28.16137152777777], [-17.344965277777774, 28.157031249999992], [-17.348003472222217, 28.15464409722222], [-17.349305555555553, 28.149652777777774], [-17.348654513888885, 28.141840277777774], [-17.346484374999992, 28.140321180555553], [-17.345833333333328, 28.137065972222217], [-17.346050347222217, 28.132508680555553], [-17.346484374999992, 28.131206597222217], [-17.348003472222217, 28.130555555555553], [-17.349088541666664, 28.12404513888889], [-17.348654513888885, 28.098003472222217], [-17.348003472222217, 28.095833333333328], [-17.346050347222217, 28.094531249999996], [-17.34561631944444, 28.09019097222222], [-17.343012152777774, 28.088454861111106], [-17.342144097222217, 28.083246527777774], [-17.339105902777774, 28.081293402777774], [-17.338888888888885, 28.079774305555553], [-17.336284722222217, 28.078689236111106], [-17.330208333333328, 28.078472222222217], [-17.32760416666666, 28.077387152777774], [-17.325868055555553, 28.07521701388888], [-17.324348958333328, 28.062196180555553], [-17.321093749999996, 28.059809027777774], [-17.318272569444442, 28.055468749999996], [-17.311545138888885, 28.053515625], [-17.311111111111106, 28.051996527777774], [-17.309157986111106, 28.050911458333324], [-17.301345486111106, 28.050043402777774], [-17.30004340277777, 28.047439236111106], [-17.297873263888885, 28.04678819444444], [-17.295920138888885, 28.040711805555553], [-17.291579861111106, 28.040060763888885], [-17.288324652777774, 28.03702256944444], [-17.280512152777774, 28.03615451388889], [-17.279210069444442, 28.033550347222217], [-17.27703993055555, 28.03289930555555], [-17.276388888888885, 28.028993055555553], [-17.274652777777774, 28.02769097222222], [-17.249187598594556, 28.024217087834803], [-17.24796006944444, 28.020746527777774], [-17.244704861111106, 28.01944444444444], [-17.24014756944444, 28.019878472222214], [-17.238357702829205, 28.02186721290581], [-17.232763672307144, 28.020653418021666], [-17.21246829705284, 28.026669476316428], [-17.19913194444444, 28.02703993055555], [-17.19392361111111, 28.029644097222217], [-17.185243055555553, 28.030295138888885], [-17.18350694444444, 28.03116319444444], [-17.18156649231158, 28.035475310295237], [-17.179383680555553, 28.036371527777774], [-17.16853298611111, 28.03702256944444], [-17.165277777777774, 28.038107638888885], [-17.165060763888885, 28.039626736111106], [-17.162022569444442, 28.041579861111106], [-17.161154513888885, 28.04678819444444], [-17.158767361111103, 28.047656249999996], [-17.15486111111111, 28.052864583333328], [-17.145095486111106, 28.05481770833333], [-17.14422743055555, 28.056987847222217], [-17.141623263888885, 28.058289930555553], [-17.140972222222217, 28.064149305555553], [-17.139453124999996, 28.066536458333328], [-17.13641493055555, 28.068706597222217], [-17.120789930555553, 28.07478298611111], [-17.116883680555553, 28.077821180555553], [-17.10761965801117, 28.09145837510067], [-17.101258680555553, 28.093446180555553], [-17.099956597222217, 28.09561631944444], [-17.099305555555553, 28.10321180555555], [-17.09995659722222, 28.108637152777774], [-17.102126736111106, 28.11124131944444], [-17.103211805555553, 28.129470486111106], [-17.10538194444444, 28.134027777777774], [-17.10928819444444, 28.134678819444442], [-17.109939236111106, 28.13684895833333], [-17.11254340277777, 28.137934027777774], [-17.113411458333328, 28.143142361111103], [-17.116015625, 28.145095486111103], [-17.117968749999996, 28.15421006944444], [-17.12317708333333, 28.155512152777774], [-17.123611111111106, 28.157031249999992], [-17.125564236111106, 28.15811631944444], [-17.133376736111106, 28.158984374999996], [-17.134461805555553, 28.16115451388889], [-17.139670138888885, 28.16202256944444], [-17.141840277777774, 28.164626736111106], [-17.148912403951446, 28.165510751882813], [-17.154861111111106, 28.169332408006905], [-17.15616319444444, 28.17504340277777], [-17.16072048611111, 28.176128472222214], [-17.165711805555553, 28.181336805555553], [-17.176501594823343, 28.18287820402238], [-17.182528152692644, 28.186345813735652], [-17.18328993055555, 28.192404513888885], [-17.185894097222217, 28.193706597222217], [-17.186545138888885, 28.195876736111106], [-17.192621527777774, 28.197178819444442], [-17.19435763888889, 28.19978298611111], [-17.199565972222217, 28.20065104166666], [-17.200651041666664, 28.203255208333328], [-17.20282118055555, 28.203255208333328], [-17.203689236111106, 28.20065104166666], [-17.205642361111103, 28.199999999999996], [-17.20694444444444, 28.20217013888888], [-17.259753455056078, 28.216062474250787], [-17.262934027777774, 28.219531249999996], [-17.269010416666664, 28.220833333333328], [-17.278776041666664, 28.22018229166666], [-17.280512152777774, 28.218012152777774], [-17.289626736111106, 28.21671006944444], [-17.29114583333333, 28.21453993055555]], [[-17.931987847222217, 28.84908854166666], [-17.933723958333328, 28.846484374999996], [-17.948914930555553, 28.84518229166666], [-17.95130208333333, 28.841927083333328], [-17.955642361111103, 28.83910590277777], [-17.957595486111106, 28.833246527777774], [-17.96736111111111, 28.830642361111103], [-17.971267361111103, 28.825434027777774], [-17.973871527777774, 28.824131944444442], [-17.978862847222217, 28.811979166666664], [-17.98428819444444, 28.809809027777774], [-17.985373263888885, 28.804600694444442], [-17.98754340277777, 28.803949652777774], [-17.988845486111106, 28.801345486111103], [-17.996657986111106, 28.80004340277777], [-17.99796006944444, 28.79874131944444], [-17.99991319444444, 28.79092881944444], [-18.005121527777774, 28.789626736111106], [-18.005772569444442, 28.787456597222217], [-18.008376736111106, 28.786371527777774], [-18.009244791666664, 28.78116319444444], [-18.012282986111106, 28.777907986111103], [-18.012282986111106, 28.77139756944444], [-18.009461805555553, 28.767925347222214], [-18.00447048611111, 28.746657986111106], [-18.002951388888885, 28.745138888888885], [-17.99947916666666, 28.744487847222217], [-17.997743055555553, 28.743185763888885], [-17.99275173611111, 28.736675347222217], [-17.988845486111106, 28.734071180555553], [-17.98797743055555, 28.726258680555553], [-17.984939236111106, 28.723003472222217], [-17.98428819444444, 28.71866319444444], [-17.98038194444444, 28.717361111111106], [-17.978211805555553, 28.71475694444444], [-17.977126736111106, 28.704340277777774], [-17.97473958333333, 28.701953124999996], [-17.971267361111103, 28.683723958333328], [-17.970399305555546, 28.68068576388889], [-17.968012152777774, 28.67829861111111], [-17.967578124999996, 28.676562499999996], [-17.966710069444442, 28.66614583333333], [-17.964105902777774, 28.664626736111106], [-17.963454861111106, 28.662456597222217], [-17.957378472222217, 28.660503472222217], [-17.95651041666666, 28.655946180555553], [-17.950434027777774, 28.65030381944444], [-17.94869791666666, 28.64422743055555], [-17.94348958333333, 28.639887152777774], [-17.942621527777774, 28.635329861111106], [-17.93741319444444, 28.633376736111106], [-17.936545138888885, 28.632074652777774], [-17.935460069444442, 28.624262152777774], [-17.93328993055555, 28.62317708333333], [-17.932421874999996, 28.617968749999996], [-17.92981770833333, 28.61536458333333], [-17.929166666666664, 28.603645833333328], [-17.92786458333333, 28.59713541666666], [-17.926562499999996, 28.595833333333328], [-17.922656249999996, 28.59518229166666], [-17.920920138888885, 28.592578124999996], [-17.915711805555553, 28.59171006944444], [-17.915060763888885, 28.58953993055555], [-17.91223958333333, 28.588020833333328], [-17.908550347222217, 28.577387152777778], [-17.90182291666666, 28.569791666666664], [-17.900954861111106, 28.563064236111106], [-17.900086805555553, 28.561762152777774], [-17.894878472222217, 28.559809027777774], [-17.89401041666666, 28.55525173611111], [-17.88858506944444, 28.54982638888888], [-17.883593749999996, 28.527907986111106], [-17.88120659722222, 28.524435763888885], [-17.880555555555553, 28.506857638888885], [-17.879253472222217, 28.497092013888885], [-17.877951388888885, 28.495138888888885], [-17.876215277777774, 28.495138888888885], [-17.87447916666666, 28.493402777777774], [-17.872743055555553, 28.48993055555555], [-17.867100694444442, 28.472352430555553], [-17.864496527777774, 28.468446180555553], [-17.86145833333333, 28.466059027777774], [-17.85364583333333, 28.46280381944444], [-17.851475694444442, 28.457378472222214], [-17.846267361111103, 28.456293402777774], [-17.84561631944444, 28.454123263888885], [-17.843663194444442, 28.453472222222217], [-17.84171006944444, 28.456293402777774], [-17.831850692248654, 28.45689], [-17.82300121932949, 28.47653542107049], [-17.801279366625486, 28.516716818720546], [-17.797873263888885, 28.52096354166666], [-17.794669809190903, 28.529678943081183], [-17.790711805555553, 28.53116319444444], [-17.790060763888885, 28.535503472222217], [-17.78745659722222, 28.537456597222217], [-17.786005620255295, 28.546670442977945], [-17.78224826388888, 28.549175347222217], [-17.77725694444444, 28.555685763888885], [-17.773784722222217, 28.557638888888885], [-17.769878472222217, 28.55828993055555], [-17.76922743055555, 28.56046006944444], [-17.766623263888885, 28.561545138888885], [-17.765755208333328, 28.566753472222217], [-17.763151041666664, 28.568489583333328], [-17.762282986111106, 28.573697916666667], [-17.76032986111111, 28.574999999999996], [-17.759113981877796, 28.58647818136591], [-17.755119750841406, 28.603371148491256], [-17.747207020505172, 28.621952735560296], [-17.75894344376945, 28.65716790898656], [-17.765803666936648, 28.674822189584667], [-17.76553819444444, 28.67960069444444], [-17.76262819468642, 28.684522291476537], [-17.760329861111106, 28.686328124999996], [-17.759956067216518, 28.688757785314838], [-17.75227653611169, 28.70091446374346], [-17.72257220404958, 28.73122782663273], [-17.723339571766825, 28.74804314901835], [-17.72759171210272, 28.74997471448006], [-17.729079861111106, 28.754904513888885], [-17.733420138888885, 28.755989583333328], [-17.735156249999996, 28.761197916666667], [-17.74123263888889, 28.76380208333333], [-17.741883680555553, 28.768142361111103], [-17.744704861111103, 28.770312499999992], [-17.748394097222217, 28.78072916666666], [-17.749696180555553, 28.78246527777777], [-17.755121527777774, 28.78463541666666], [-17.755772569444442, 28.788975694444442], [-17.75929415930934, 28.798804168719002], [-17.757324281524994, 28.818025723099225], [-17.76604862864259, 28.828325496328343], [-17.776877306478436, 28.83677423052818], [-17.77703993055555, 28.838237847222217], [-17.77942708333333, 28.83932291666666], [-17.782031249999992, 28.84322916666666], [-17.784852430555546, 28.844531249999996], [-17.7959055787577, 28.845782549796464], [-17.801387627073634, 28.847722220105766], [-17.80799795551029, 28.84544520703854], [-17.815885416666664, 28.84518229166666], [-17.818055555555553, 28.844531249999992], [-17.81848958333333, 28.843229166666664], [-17.824565972222217, 28.84496527777777], [-17.825868055555553, 28.843012152777774], [-17.836284722222217, 28.842144097222217], [-17.840624999999996, 28.83953993055555], [-17.86145833333333, 28.839105902777774], [-17.864930555555553, 28.83953993055555], [-17.868836805555553, 28.841927083333328], [-17.87317708333333, 28.84279513888889], [-17.897202725251244, 28.845998557811274], [-17.907031249999996, 28.852560763888885], [-17.90941840277777, 28.858420138888885], [-17.914843749999992, 28.859722222222217], [-17.924609374999996, 28.858420138888885], [-17.92569444444444, 28.857118055555553], [-17.926345486111106, 28.853211805555553], [-17.928515625, 28.852560763888885], [-17.929383680555553, 28.849956597222217], [-17.931987847222217, 28.84908854166666]], [[-17.96584201388888, 27.841493055555553], [-17.968012152777774, 27.83975694444444], [-17.971701388888885, 27.83368055555555], [-17.976475694444442, 27.829340277777774], [-17.98732638888888, 27.82782118055555], [-17.989496527777774, 27.82521701388889], [-17.994704861111106, 27.82434895833333], [-17.994921874999996, 27.822178819444442], [-17.99296875, 27.821527777777774], [-17.99218634673071, 27.818711126008328], [-17.994210687195153, 27.807076481294633], [-18.002261970760337, 27.797681015660316], [-18.042710714200847, 27.76303551021135], [-18.05655381944444, 27.76184895833333], [-18.05850694444444, 27.759678819444442], [-18.07097108748141, 27.758030774712005], [-18.097987481775466, 27.76387976638455], [-18.117975109745426, 27.76547881404866], [-18.12165798611111, 27.76879340277777], [-18.129904513888885, 27.770746527777774], [-18.13185763888889, 27.775954861111106], [-18.13619791666666, 27.775954861111106], [-18.138151041666664, 27.769878472222214], [-18.14053819444444, 27.76901041666666], [-18.142587851705855, 27.766277540318107], [-18.165521083571857, 27.756643249636312], [-18.16093046637681, 27.733007211980663], [-18.161805555555553, 27.723871527777774], [-18.160503472222217, 27.717795138888885], [-18.155295138888885, 27.71280381944444], [-18.154210069444442, 27.707378472222214], [-18.15203993055555, 27.706727430555546], [-18.151388888888885, 27.704774305555553], [-18.149001736111106, 27.704123263888885], [-18.130941037119772, 27.703575969980054], [-18.12655315380638, 27.701726481842325], [-18.052647619626608, 27.69264998007543], [-18.046571180555553, 27.68741319444444], [-18.038761128400928, 27.682439147980816], [-18.029515087041535, 27.668842792723524], [-18.012717013888885, 27.65269097222222], [-18.005987378028813, 27.650080189642], [-18.004253472222217, 27.644878472222214], [-17.99991319444444, 27.644227430555546], [-17.99817708333333, 27.641623263888885], [-17.992968749999996, 27.640755208333328], [-17.99123263888889, 27.63815104166666], [-17.989062499999996, 27.637499999999996], [-17.985156249999996, 27.63815104166666], [-17.984722222222217, 27.63967013888888], [-17.982769097222217, 27.640755208333328], [-17.976258680555553, 27.641623263888885], [-17.974305555555553, 27.644878472222217], [-17.973654513888885, 27.650737847222217], [-17.97213541666666, 27.651388888888885], [-17.971050347222217, 27.655295138888885], [-17.97137194104909, 27.666872516656305], [-17.970107144727994, 27.67785166446815], [-17.96866319444444, 27.679383680555556], [-17.96652942770761, 27.687764404714788], [-17.951414048627925, 27.70057613548774], [-17.948305168012865, 27.705294676314683], [-17.946195186387303, 27.711826115165266], [-17.93127477907397, 27.719736218485178], [-17.92841, 27.72474936183551], [-17.928515625, 27.73754340277777], [-17.926345486111106, 27.738845486111103], [-17.925147148226067, 27.747026360409762], [-17.91245659722222, 27.762934027777774], [-17.886459030332833, 27.7986348727269], [-17.880855561177956, 27.814512803245627], [-17.885321577707266, 27.826764565877284], [-17.89738119760011, 27.839100227186034], [-17.904285064677754, 27.842728115466624], [-17.905512152777774, 27.84518229166666], [-17.909878624720104, 27.845667455215807], [-17.914508319678998, 27.84810029696887], [-17.933638626930644, 27.850486657857374], [-17.936228469935507, 27.8490063206881], [-17.946527777777774, 27.848003472222217], [-17.946527777777774, 27.84713541666666], [-17.948480902777774, 27.846050347222217], [-17.95499131944444, 27.84561631944444], [-17.956293402777774, 27.84518229166666], [-17.957595486111106, 27.843012152777774], [-17.96584201388888, 27.841493055555553]]], [[[-13.502821180555548, 29.222883702531643], [-13.500217013888882, 29.22244857594936], [-13.500651041666659, 29.219837816455694], [-13.502821180555548, 29.219837816455694], [-13.503472222222214, 29.22092563291139], [-13.502821180555548, 29.222883702531643]]]]}}, {"type": "Feature", "properties": {"t": "b15", "lvl": 15}, "geometry": {"type": "MultiPolygon", "coordinates": [[[[-18.699999999999996, 28.762499999999996], [-18.343749999999996, 29.231249999999996], [-17.631249999999994, 29.543749999999996], [-16.562499999999996, 29.699999999999996], [-15.137499999999992, 29.699999999999996], [-14.068749999999993, 29.58693576388889], [-13.520833333333327, 29.41304164636127], [-13.52213541666666, 29.411293512658222], [-13.527343749999993, 29.41042325949367], [-13.529079861111104, 29.407812499999995], [-13.53211805555555, 29.407594936708858], [-13.534288194444436, 29.403026107594933], [-13.534722222222214, 29.39236550632911], [-13.532769097222214, 29.387796677215185], [-13.528862847222214, 29.384750791139236], [-13.523003472222214, 29.38322784810126], [-13.504774305555548, 29.384533227848095], [-13.502170138888882, 29.385838607594934], [-13.498914930555548, 29.389754746835443], [-13.494357638888882, 29.390842563291137], [-13.491753472222214, 29.399980221518984], [-13.48741319444444, 29.40106803797468], [-13.486478612540774, 29.402138375446967], [-13.356249999999992, 29.36080729166666], [-12.999999999999993, 29.021614583333328], [-13.000217013888882, 28.23016493055555], [-13.001302083333325, 27.890972222222217], [-13.003255208333325, 27.889670138888885], [-13.00412326388888, 27.884461805555553], [-13.00629340277777, 27.883159722222217], [-13.008246527777771, 27.87100694444444], [-13.013454861111104, 27.868836805555553], [-13.014322916666659, 27.86427951388888], [-13.019531249999993, 27.859939236111106], [-13.021267361111104, 27.854079861111106], [-13.027343749999991, 27.852126736111106], [-13.028645833333325, 27.849956597222217], [-13.040798611111104, 27.84865451388889], [-13.042317708333325, 27.846050347222217], [-13.044487847222214, 27.84539930555555], [-13.04535590277777, 27.84019097222222], [-13.04796006944444, 27.83780381944444], [-13.04991319444444, 27.822612847222217], [-13.054253472222214, 27.820876736111106], [-13.056857638888882, 27.811111111111106], [-13.061197916666659, 27.80807291666666], [-13.063368055555548, 27.804600694444446], [-13.071180555555548, 27.801996527777774], [-13.075520833333325, 27.79830729166666], [-13.077690972222214, 27.786805555555553], [-13.079644097222216, 27.786154513888885], [-13.08637152777777, 27.778342013888885], [-13.088975694444436, 27.777039930555553], [-13.099826388888882, 27.775086805555553], [-13.101345486111104, 27.769878472222214], [-13.103949652777771, 27.768793402777774], [-13.104600694444438, 27.766623263888885], [-13.109809027777771, 27.765755208333328], [-13.113064236111104, 27.76271701388889], [-13.120876736111104, 27.76184895833333], [-13.121961805555546, 27.759461805555553], [-13.127170138888882, 27.755555555555553], [-13.12912326388888, 27.745789930555553], [-13.13172743055555, 27.744487847222217], [-13.132378472222216, 27.74231770833333], [-13.138454861111104, 27.740364583333328], [-13.139539930555546, 27.735156249999996], [-13.14171006944444, 27.734071180555553], [-13.142361111111104, 27.728211805555553], [-13.143663194444438, 27.72604166666666], [-13.150173611111104, 27.723003472222217], [-13.159505208333327, 27.721050347222217], [-13.164496527777771, 27.71822916666666], [-13.167100694444436, 27.71432291666666], [-13.169487847222214, 27.713454861111106], [-13.171006944444436, 27.707812499999996], [-13.181640624999993, 27.700434027777778], [-13.183810763888879, 27.69782986111111], [-13.187717013888882, 27.68849826388889], [-13.192708333333325, 27.684809027777774], [-13.201171874999991, 27.68155381944444], [-13.204427083333329, 27.676996527777774], [-13.20768229166666, 27.67482638888888], [-13.208984374999993, 27.662673611111106], [-13.212239583333327, 27.660503472222217], [-13.21506076388888, 27.65616319444444], [-13.219618055555548, 27.654861111111106], [-13.220920138888882, 27.65247395833333], [-13.222222222222214, 27.63098958333333], [-13.223524305555548, 27.62361111111111], [-13.226128472222214, 27.618402777777778], [-13.230034722222214, 27.61536458333333], [-13.239149305555548, 27.61276041666666], [-13.241753472222214, 27.610156249999992], [-13.243055555555548, 27.60668402777777], [-13.243706597222216, 27.59691840277777], [-13.245876736111104, 27.59474826388888], [-13.24631076388888, 27.592578124999996], [-13.24631076388888, 27.581727430555553], [-13.245225694444436, 27.578472222222217], [-13.243272569444436, 27.57782118055555], [-13.24262152777777, 27.57565104166666], [-13.238715277777771, 27.574999999999996], [-13.23741319444444, 27.57261284722222], [-13.236111111111104, 27.56067708333333], [-13.236545138888882, 27.54396701388888], [-13.238715277777771, 27.536805555555553], [-13.24045138888888, 27.536805555555553], [-13.24262152777777, 27.533550347222217], [-13.243706597222216, 27.52052951388888], [-13.24631076388888, 27.518142361111103], [-13.247178819444436, 27.512934027777774], [-13.249782986111104, 27.511197916666667], [-13.250651041666659, 27.505989583333328], [-13.252821180555548, 27.504904513888885], [-13.25412326388888, 27.495789930555553], [-13.25672743055555, 27.494487847222217], [-13.257378472222216, 27.49231770833333], [-13.261284722222214, 27.491666666666664], [-13.26410590277777, 27.489062499999996], [-13.267795138888884, 27.47864583333333], [-13.27018229166666, 27.477126736111106], [-13.270833333333327, 27.471267361111106], [-13.271918402777771, 27.469314236111106], [-13.27408854166666, 27.468012152777774], [-13.281684027777771, 27.467361111111106], [-13.287109374999993, 27.46866319444444], [-13.289496527777771, 27.47452256944444], [-13.294704861111104, 27.478862847222217], [-13.295789930555548, 27.483420138888885], [-13.303602430555548, 27.485373263888885], [-13.304904513888882, 27.486675347222217], [-13.305989583333325, 27.493185763888885], [-13.308159722222214, 27.495138888888885], [-13.312065972222214, 27.494487847222217], [-13.312717013888882, 27.49231770833333], [-13.314670138888882, 27.491666666666664], [-13.31684027777777, 27.479947916666664], [-13.31857638888888, 27.477343749999996], [-13.327256944444436, 27.471050347222214], [-13.329861111111104, 27.46432291666666], [-13.329210069444438, 27.456727430555553], [-13.327907986111104, 27.45455729166666], [-13.325954861111104, 27.453472222222217], [-13.320095486111104, 27.454123263888885], [-13.31922743055555, 27.456293402777774], [-13.31662326388888, 27.457595486111103], [-13.315972222222214, 27.463454861111103], [-13.314670138888882, 27.466059027777774], [-13.310329861111104, 27.46410590277777], [-13.30902777777777, 27.459548611111106], [-13.309678819444436, 27.457378472222214], [-13.312282986111104, 27.455642361111103], [-13.313802083333327, 27.44978298611111], [-13.318142361111104, 27.446527777777774], [-13.320746527777771, 27.436762152777774], [-13.325954861111104, 27.43546006944444], [-13.32660590277777, 27.43328993055555], [-13.32921006944444, 27.432204861111106], [-13.330295138888882, 27.42677951388888], [-13.335720486111104, 27.42200520833333], [-13.340060763888882, 27.410937499999996], [-13.341362847222214, 27.40920138888888], [-13.345920138888882, 27.40746527777777], [-13.346788194444436, 27.40572916666666], [-13.346788194444436, 27.397048611111103], [-13.34461805555555, 27.39444444444444], [-13.34071180555555, 27.393142361111103], [-13.339626736111105, 27.387934027777774], [-13.337456597222216, 27.38728298611111], [-13.336805555555548, 27.38532986111111], [-13.340060763888882, 27.383376736111106], [-13.34071180555555, 27.381206597222217], [-13.345920138888882, 27.379687499999996], [-13.34787326388888, 27.36753472222222], [-13.35004340277777, 27.36623263888889], [-13.350694444444438, 27.36232638888888], [-13.35004340277777, 27.360156249999996], [-13.347439236111104, 27.358420138888885], [-13.346788194444436, 27.354079861111106], [-13.342881944444436, 27.352777777777774], [-13.340060763888882, 27.347569444444442], [-13.338107638888882, 27.335416666666664], [-13.338107638888882, 27.324999999999996], [-13.339626736111105, 27.32478298611111], [-13.340277777777771, 27.32282986111111], [-13.342013888888882, 27.322178819444442], [-13.357638888888882, 27.321527777777774], [-13.362847222222216, 27.320659722222217], [-13.366319444444436, 27.318923611111106], [-13.368055555555548, 27.31631944444444], [-13.36762152777777, 27.310243055555553], [-13.36545138888888, 27.307638888888885], [-13.36241319444444, 27.306987847222217], [-13.361111111111104, 27.301128472222217], [-13.36241319444444, 27.297873263888885], [-13.366753472222214, 27.296571180555553], [-13.36762152777777, 27.295269097222217], [-13.368706597222216, 27.287456597222217], [-13.371310763888882, 27.28615451388889], [-13.37196180555555, 27.283984374999996], [-13.374131944444436, 27.283333333333328], [-13.378038194444436, 27.283984374999996], [-13.378689236111104, 27.28615451388889], [-13.38129340277777, 27.287456597222217], [-13.383246527777771, 27.296571180555553], [-13.387586805555546, 27.297439236111106], [-13.388888888888882, 27.299392361111106], [-13.392795138888882, 27.29982638888888], [-13.401909722222214, 27.298524305555553], [-13.408420138888882, 27.296137152777774], [-13.411675347222214, 27.28940972222222], [-13.419487847222214, 27.282465277777774], [-13.42035590277777, 27.27769097222222], [-13.422309027777771, 27.276388888888885], [-13.423394097222216, 27.273133680555553], [-13.423611111111104, 27.26553819444444], [-13.422309027777771, 27.259461805555553], [-13.417968749999993, 27.25577256944444], [-13.415798611111104, 27.249696180555553], [-13.405381944444438, 27.244704861111103], [-13.402777777777771, 27.238628472222217], [-13.402777777777771, 27.23428819444444], [-13.405381944444438, 27.228211805555553], [-13.415798611111104, 27.223220486111103], [-13.417968749999993, 27.217144097222217], [-13.421006944444438, 27.215190972222217], [-13.423177083333327, 27.212152777777774], [-13.42491319444444, 27.204123263888885], [-13.429253472222214, 27.203255208333328], [-13.430555555555548, 27.201302083333328], [-14.418576388888882, 27.20021701388889], [-16.72395833333333, 27.199999999999996], [-17.711979166666662, 27.356249999999996], [-18.370659722222218, 27.668749999999996], [-18.699999999999996, 28.137499999999996], [-18.699999999999996, 28.762499999999996]], [[-13.336588541666659, 27.428515625], [-13.336154513888882, 27.425911458333324], [-13.333550347222214, 27.426345486111103], [-13.333550347222214, 27.428515625], [-13.334635416666659, 27.429166666666664], [-13.336588541666659, 27.428515625]], [[-13.340060763888882, 29.27814477848101], [-13.339626736111105, 29.275534018987337], [-13.337022569444436, 29.275969145569615], [-13.337022569444436, 29.27814477848101], [-13.338107638888882, 29.278797468354426], [-13.340060763888882, 29.27814477848101]], [[-13.517578124999993, 29.191509537623062], [-13.517578124999993, 29.18635614451476], [-13.52018229166666, 29.184374999999996], [-13.52213541666666, 29.17763053797468], [-13.52647569444444, 29.17393196202531], [-13.52821180555555, 29.160225474683543], [-13.529079861111104, 29.158049841772147], [-13.533420138888882, 29.15617967651195], [-13.534288194444436, 29.15461497890295], [-13.535373263888882, 29.146791490857943], [-13.538628472222214, 29.14444444444444], [-13.543185763888882, 29.14479166666666], [-13.545138888888882, 29.14652777777777], [-13.545789930555546, 29.149652777777774], [-13.547309027777771, 29.149999999999995], [-13.54991319444444, 29.13828125], [-13.55512152777777, 29.13684895833333], [-13.556206597222214, 29.134678819444442], [-13.569820831967524, 29.132737567668897], [-13.582465277777771, 29.134678819444442], [-13.584418402777771, 29.13684895833333], [-13.58658854166666, 29.13728298611111], [-13.599609374999993, 29.13815104166666], [-13.601345486111104, 29.140755208333328], [-13.602864583333327, 29.140972222222217], [-13.604600694444438, 29.13815104166666], [-13.609809027777771, 29.13728298611111], [-13.61197916666666, 29.134678819444442], [-13.624131944444438, 29.133376736111106], [-13.625651041666659, 29.13077256944444], [-13.627821180555548, 29.130121527777774], [-13.6281889074049, 29.127915166681667], [-13.637852456525131, 29.12465626731305], [-13.639539930555548, 29.129253472222217], [-13.640842013888882, 29.130121527777774], [-13.647352430555548, 29.130121527777774], [-13.648654513888882, 29.129253472222217], [-13.650173611111104, 29.12491319444444], [-13.66102430555555, 29.12296006944444], [-13.663628472222216, 29.121657986111103], [-13.67035590277777, 29.113845486111103], [-13.673394097222216, 29.112543402777774], [-13.67447916666666, 29.110373263888885], [-13.68229166666666, 29.109722222222217], [-13.686631944444438, 29.107769097222217], [-13.688151041666659, 29.099956597222217], [-13.690321180555548, 29.09908854166666], [-13.69184027777777, 29.096484374999996], [-13.702256944444436, 29.09561631944444], [-13.704861111111104, 29.094531249999992], [-13.705512152777771, 29.092578124999996], [-13.70768229166666, 29.09171006944444], [-13.708872203164578, 29.08450351986631], [-13.714570877420893, 29.08416402115158], [-13.715277777777771, 29.086284722222217], [-13.718532986111105, 29.088454861111106], [-13.726128472222216, 29.088888888888885], [-13.731553819444436, 29.087586805555553], [-13.732638888888882, 29.084548611111106], [-13.737196180555546, 29.082378472222214], [-13.755425347222216, 29.081293402777774], [-13.758246527777771, 29.078689236111106], [-13.762586805555546, 29.07803819444444], [-13.76490696867292, 29.073204521283248], [-13.767264679053927, 29.071970985583828], [-13.783420138888882, 29.066970486111103], [-13.784722222222214, 29.06545138888888], [-13.78537326388888, 29.061545138888885], [-13.787760416666659, 29.06067708333333], [-13.791449652777771, 29.055468749999996], [-13.797309027777771, 29.05373263888889], [-13.799045138888882, 29.04852430555555], [-13.80512152777777, 29.045920138888885], [-13.806206597222216, 29.040711805555553], [-13.808376736111105, 29.040060763888885], [-13.810329861111104, 29.03702256944444], [-13.815538194444436, 29.03615451388889], [-13.81662326388888, 29.033550347222217], [-13.81879340277777, 29.03289930555555], [-13.819878472222216, 29.02769097222222], [-13.825086805555546, 29.025737847222217], [-13.827690972222214, 29.015972222222217], [-13.830729166666659, 29.013802083333328], [-13.832899305555548, 29.010112847222217], [-13.833550347222214, 29.001215277777774], [-13.834635416666659, 28.998611111111106], [-13.835503472222214, 28.998611111111106], [-13.836154513888882, 28.99405381944444], [-13.837605980956035, 28.937770860497036], [-13.841076662407481, 28.92285683689299], [-13.846788194444438, 28.922222222222217], [-13.850694444444438, 28.919618055555553], [-13.854600694444436, 28.90920138888888], [-13.857421874999993, 28.907031249999996], [-13.858289930555548, 28.90269097222222], [-13.866102430555548, 28.900954861111106], [-13.867404513888882, 28.900086805555553], [-13.868706597222214, 28.895746527777774], [-13.877821180555548, 28.893793402777774], [-13.87912326388888, 28.891189236111106], [-13.88129340277777, 28.890321180555553], [-13.88172743055555, 28.882508680555553], [-13.87912326388888, 28.879253472222217], [-13.877821180555548, 28.861024305555553], [-13.875217013888882, 28.858420138888885], [-13.874348958333327, 28.853211805555553], [-13.872178819444438, 28.853211805555553], [-13.871527777777771, 28.857118055555553], [-13.87000868055555, 28.858420138888885], [-13.85633680555555, 28.859722222222217], [-13.848741319444436, 28.858420138888885], [-13.847222222222214, 28.857118055555553], [-13.846354166666659, 28.854079861111106], [-13.844618055555548, 28.853211805555553], [-13.838541666666659, 28.852777777777774], [-13.834201388888882, 28.854079861111106], [-13.83268229166666, 28.85928819444444], [-13.83116319444444, 28.859722222222217], [-13.830078124999993, 28.858420138888885], [-13.82921006944444, 28.853211805555553], [-13.827039930555546, 28.852560763888885], [-13.826388888888882, 28.850607638888885], [-13.824435763888882, 28.84952256944444], [-13.817925347222214, 28.84952256944444], [-13.81488715277777, 28.852126736111106], [-13.81271701388888, 28.852560763888885], [-13.801866319444436, 28.852560763888885], [-13.798611111111104, 28.85147569444444], [-13.798394097222216, 28.849956597222217], [-13.79535590277777, 28.848003472222217], [-13.794704861111104, 28.843446180555553], [-13.789496527777771, 28.83910590277777], [-13.78797743055555, 28.833246527777774], [-13.786024305555546, 28.83194444444444], [-13.784939236111104, 28.83389756944444], [-13.784071180555548, 28.840407986111103], [-13.780854109262979, 28.842029234104313], [-13.780132152780975, 28.841086], [-13.775520920956053, 28.841086], [-13.772801304264428, 28.845872282331776], [-13.771484374999993, 28.846267361111103], [-13.77103094138842, 28.84898796278055], [-13.761064605918065, 28.866527822541364], [-13.757378472222216, 28.86731770833333], [-13.75651041666666, 28.869704861111103], [-13.750434027777771, 28.874696180555553], [-13.749782986111104, 28.879253472222217], [-13.747178819444438, 28.881206597222217], [-13.746341652638502, 28.886136931808977], [-13.73714244009168, 28.897521806964374], [-13.716103822703309, 28.911881394404347], [-13.712673611111104, 28.912456597222217], [-13.711154513888882, 28.914626736111106], [-13.703342013888882, 28.915711805555553], [-13.701800603606227, 28.91769672020794], [-13.680905116692145, 28.92178819444444], [-13.661892361111105, 28.92178819444444], [-13.655815972222216, 28.920920138888885], [-13.652777777777771, 28.919618055555553], [-13.652777777777771, 28.91788194444444], [-13.650173611111105, 28.915711805555553], [-13.64149305555555, 28.915711805555553], [-13.639756944444436, 28.916579861111106], [-13.638237847222214, 28.920920138888885], [-13.636935763888882, 28.92178819444444], [-13.630425347222214, 28.922439236111106], [-13.62738715277777, 28.925043402777774], [-13.62521701388888, 28.925477430555546], [-13.613932291666659, 28.926345486111103], [-13.610894097222214, 28.92764756944444], [-13.604600694444438, 28.934157986111103], [-13.601996527777771, 28.93546006944444], [-13.591145833333327, 28.93741319444444], [-13.589626736111105, 28.942621527777774], [-13.587239583333327, 28.943489583333328], [-13.583116319444436, 28.948697916666667], [-13.570312499999993, 28.95065104166666], [-13.567925347222216, 28.95282118055555], [-13.554253472222214, 28.953472222222217], [-13.54535590277777, 28.95607638888888], [-13.536710041921394, 28.966465299796212], [-13.529513888888882, 28.967795138888885], [-13.524015870747133, 28.972605904762915], [-13.521106923557163, 28.97401306205719], [-13.514539930555548, 28.974956597222217], [-13.512586805555546, 28.977560763888885], [-13.508246527777771, 28.978211805555553], [-13.506645794214412, 28.98234703392756], [-13.494824175448995, 28.991479880743274], [-13.486979166666659, 28.991666666666664], [-13.483072916666659, 28.99275173611111], [-13.480468749999993, 28.994921874999996], [-13.477482319067306, 29.00891230355501], [-13.472656249999993, 29.012934027777774], [-13.471788194444436, 29.01532118055555], [-13.46571180555555, 29.016623263888885], [-13.465060763888882, 29.018793402777774], [-13.463107638888882, 29.01944444444444], [-13.462022569444436, 29.02139756944444], [-13.462022569444436, 29.027907986111103], [-13.464626736111105, 29.030946180555553], [-13.465060763888882, 29.03311631944444], [-13.465060763888882, 29.04396701388888], [-13.461371527777771, 29.05243055555555], [-13.45789930555555, 29.07326388888889], [-13.457031249999993, 29.074999999999996], [-13.455512152777771, 29.075434027777774], [-13.454644097222216, 29.080642361111103], [-13.452690972222214, 29.08194444444444], [-13.45160590277777, 29.08585069444444], [-13.452039930555546, 29.10147569444444], [-13.45421006944444, 29.10342881944444], [-13.45616319444444, 29.11319444444444], [-13.460007901997619, 29.116558563553475], [-13.461573797456209, 29.122320085935613], [-13.458984374999993, 29.124262152777774], [-13.45768229166666, 29.133376736111106], [-13.454427083333329, 29.135329861111106], [-13.451171874999991, 29.139887152777774], [-13.440104166666659, 29.14422743055555], [-13.438368055555548, 29.14552951388888], [-13.436631944444438, 29.15030381944444], [-13.426215277777771, 29.154644097222217], [-13.423611111111104, 29.157465277777774], [-13.42296006944444, 29.161371527777774], [-13.420789930555546, 29.162890624999996], [-13.419487847222214, 29.17808159722222], [-13.417317708333325, 29.180824762658226], [-13.416883680555548, 29.200721914556958], [-13.417968749999993, 29.20569620253164], [-13.419921874999993, 29.207001582278476], [-13.420789930555546, 29.212223101265817], [-13.42296006944444, 29.212875791139233], [-13.424262152777771, 29.215486550632907], [-13.428762494919262, 29.216131084263296], [-13.438249582970371, 29.224050328022297], [-13.439670138888882, 29.228322784810125], [-13.441840277777771, 29.230933544303795], [-13.445312499999993, 29.23267405063291], [-13.450747673472597, 29.233544303797466], [-13.465651430704522, 29.241737842336324], [-13.481519062308838, 29.238689430006833], [-13.484809027777771, 29.240506329113924], [-13.486111111111104, 29.243552215189872], [-13.48524305555555, 29.25160205696202], [-13.48090277777777, 29.257041139240503], [-13.47309027777777, 29.262262658227844], [-13.472222222222214, 29.264003164556957], [-13.472439236111104, 29.267049050632906], [-13.47504340277777, 29.26878955696202], [-13.476996527777771, 29.275534018987337], [-13.481336805555546, 29.27836234177215], [-13.482638888888882, 29.280973101265822], [-13.48715770502932, 29.282129471174645], [-13.487722872863879, 29.283309513833878], [-13.49822390237414, 29.285676204621844], [-13.501085069444438, 29.28880537974683], [-13.505642361111104, 29.289675632911386], [-13.507378472222216, 29.29489715189873], [-13.509548611111105, 29.296202531645566], [-13.513454861111104, 29.29489715189873], [-13.514539930555548, 29.290110759493665], [-13.520399305555548, 29.284889240506324], [-13.523654513888882, 29.28010284810126], [-13.524956597222216, 29.269224683544298], [-13.527126736111105, 29.267919303797463], [-13.527777777777771, 29.26574367088607], [-13.527560763888882, 29.262697784810122], [-13.524522569444436, 29.26073971518987], [-13.524522569444436, 29.25856408227848], [-13.527126736111105, 29.25769382911392], [-13.52821180555555, 29.25508306962025], [-13.533420138888882, 29.253560126582272], [-13.53559027777777, 29.242681962025316], [-13.53732638888888, 29.24007120253164], [-13.546006944444436, 29.23397943037974], [-13.548611111111104, 29.228322784810125], [-13.548177083333327, 29.222231012658227], [-13.546006944444438, 29.219620253164553], [-13.542968749999993, 29.219402689873416], [-13.540147569444438, 29.216791930379742], [-13.526475694444438, 29.216139240506326], [-13.521918402777771, 29.215051424050632], [-13.518880208333327, 29.212875791139236], [-13.517361111111104, 29.20961234177215], [-13.518012152777771, 29.19982199367088], [-13.52018229166666, 29.19837926336146], [-13.520833333333327, 29.196604694092827], [-13.520616319444438, 29.194120297116733], [-13.517578124999993, 29.191509537623062]], [[-13.539062499999993, 29.306645569620247], [-13.541232638888882, 29.302729430379742], [-13.541666666666659, 29.293591772151892], [-13.540798611111104, 29.289893196202527], [-13.539062499999993, 29.28771756329113], [-13.536458333333327, 29.287064873417712], [-13.532986111111104, 29.287935126582276], [-13.530381944444438, 29.28967563291139], [-13.528645833333327, 29.292286392405053], [-13.527126736111105, 29.305557753164553], [-13.524522569444436, 29.308603639240502], [-13.524956597222216, 29.316435917721513], [-13.527126736111105, 29.31665348101265], [-13.529079861111104, 29.310561708860753], [-13.533420138888882, 29.309909018987337], [-13.535156249999993, 29.307298259493667], [-13.539062499999993, 29.306645569620247]], [[-14.500651041666659, 28.103211805555553], [-14.502604166666659, 28.102343749999996], [-14.501085069444436, 28.09691840277777], [-14.50651041666666, 28.090624999999992], [-14.507378472222216, 28.08389756944444], [-14.509548611111105, 28.08194444444444], [-14.513454861111104, 28.081293402777774], [-14.51410590277777, 28.079123263888885], [-14.516059027777771, 28.078472222222217], [-14.51671006944444, 28.077170138888885], [-14.517361111111104, 28.065451388888885], [-14.516710069444438, 28.061545138888885], [-14.515407986111104, 28.058940972222217], [-14.513454861111104, 28.057638888888885], [-14.508897569444438, 28.057855902777774], [-14.505642361111104, 28.060894097222217], [-14.501302083333327, 28.061545138888885], [-14.499348958333327, 28.067621527777774], [-14.497178819444438, 28.06827256944444], [-14.49664751796013, 28.069866473897367], [-14.494695929271769, 28.06932641765183], [-14.455903163319558, 28.071304618569457], [-14.452907986111104, 28.070876736111106], [-14.448784722222214, 28.06827256944444], [-14.440104166666659, 28.067621527777774], [-14.438368055555548, 28.066753472222217], [-14.436631944444438, 28.06241319444444], [-14.434895833333327, 28.061545138888885], [-14.42447916666666, 28.06046006944444], [-14.422960069444438, 28.05828993055555], [-14.415147569444438, 28.057421874999996], [-14.413845486111104, 28.056987847222217], [-14.413194444444438, 28.05546875], [-14.410373263888882, 28.054600694444446], [-14.376519097222214, 28.051128472222217], [-14.370876736111104, 28.05026041666666], [-14.365451388888882, 28.047873263888885], [-14.360243055555548, 28.047439236111106], [-14.328993055555548, 28.047873263888885], [-14.326388888888882, 28.048524305555553], [-14.325737847222214, 28.050043402777774], [-14.324435763888882, 28.050477430555546], [-14.316623263888882, 28.051345486111103], [-14.314019097222214, 28.05525173611111], [-14.307508680555548, 28.060243055555553], [-14.304253472222214, 28.067621527777774], [-14.298394097222216, 28.06935763888888], [-14.29340277777777, 28.075868055555556], [-14.286675347222214, 28.081076388888878], [-14.284806596007632, 28.085532641785193], [-14.280996365362515, 28.089130655764222], [-14.271701388888882, 28.093446180555553], [-14.269531249999993, 28.09952256944444], [-14.264322916666659, 28.103862847222217], [-14.263305805245727, 28.108477837933545], [-14.256727430555548, 28.11102430555555], [-14.253472222222214, 28.115798611111106], [-14.245008680555548, 28.122960069444442], [-14.241753472222214, 28.133376736111106], [-14.235894097222216, 28.135329861111106], [-14.233072916666657, 28.139670138888885], [-14.229383680555548, 28.141840277777774], [-14.221066698342488, 28.154068047292295], [-14.216362847222214, 28.155295138888885], [-14.212022569444438, 28.160503472222217], [-14.205295138888882, 28.162456597222217], [-14.204210069444438, 28.164626736111106], [-14.196397569444438, 28.165711805555553], [-14.195095486111104, 28.166579861111106], [-14.194444444444438, 28.169618055555553], [-14.192491319444438, 28.170920138888885], [-14.182725694444438, 28.172222222222217], [-14.165147569444438, 28.172873263888885], [-14.160590277777771, 28.175477430555546], [-14.151909722222214, 28.175911458333324], [-14.149305555555548, 28.176996527777774], [-14.148654513888882, 28.178515625], [-14.140842013888882, 28.179383680555553], [-14.136718749999993, 28.182204861111103], [-14.110677083333325, 28.185894097222217], [-14.106336805555548, 28.187196180555553], [-14.104166666666659, 28.188715277777774], [-14.103081597222214, 28.191753472222217], [-14.100911458333325, 28.192621527777774], [-14.087890624999993, 28.193706597222217], [-14.086805555555548, 28.19522569444444], [-14.083984374999993, 28.196093749999996], [-14.050130208333325, 28.199565972222217], [-14.044487847222214, 28.200434027777774], [-14.039930555555548, 28.20282118055555], [-14.036458333333325, 28.203255208333328], [-14.015624999999993, 28.204123263888885], [-14.011935763888882, 28.206727430555546], [-14.005425347222214, 28.207378472222214], [-14.003472222222214, 28.209548611111106], [-14.002821180555548, 28.213454861111106], [-14.000217013888882, 28.21453993055555], [-13.999565972222214, 28.21671006944444], [-13.994357638888882, 28.217578124999996], [-13.99262152777777, 28.22018229166666], [-13.98741319444444, 28.221050347222217], [-13.98524305555555, 28.22365451388889], [-13.97309027777777, 28.224956597222217], [-13.971788194444436, 28.227126736111106], [-13.96961805555555, 28.227777777777774], [-13.966579861111104, 28.227560763888885], [-13.965277777777771, 28.225607638888885], [-13.961371527777771, 28.22452256944444], [-13.945746527777771, 28.224956597222217], [-13.944444444444438, 28.225607638888885], [-13.94401041666666, 28.227126736111106], [-13.937934027777771, 28.229079861111106], [-13.937065972222214, 28.233637152777774], [-13.930989583333325, 28.238628472222217], [-13.93012152777777, 28.241015625], [-13.923394097222216, 28.242968749999996], [-13.920572916666657, 28.247309027777774], [-13.916883680555548, 28.24991319444444], [-13.916449652777771, 28.254253472222217], [-13.913411458333327, 28.257508680555553], [-13.91254340277777, 28.265321180555553], [-13.909939236111104, 28.266623263888885], [-13.909288194444436, 28.268793402777774], [-13.904079861111104, 28.269878472222214], [-13.902126736111105, 28.275954861111106], [-13.899522569444436, 28.27769097222222], [-13.899088541666659, 28.282031249999996], [-13.896484374999993, 28.28441840277777], [-13.896050347222214, 28.297439236111103], [-13.897135416666659, 28.30069444444444], [-13.899088541666659, 28.301996527777774], [-13.89887152777777, 28.30655381944444], [-13.892795138888882, 28.312847222222217], [-13.89171006944444, 28.320876736111106], [-13.88910590277777, 28.322178819444442], [-13.888454861111104, 28.32434895833333], [-13.883029513888882, 28.325868055555553], [-13.878038194444438, 28.338020833333328], [-13.875651041666659, 28.340190972222217], [-13.874879892066213, 28.35407166503025], [-13.87174479166666, 28.361675347222217], [-13.870876736111105, 28.369487847222217], [-13.868272569444436, 28.37078993055555], [-13.86762152777777, 28.37296006944444], [-13.86219618055555, 28.374479166666664], [-13.857204861111102, 28.386631944444442], [-13.854817708333325, 28.388368055555553], [-13.854347579873421, 28.39400959707441], [-13.848960197785557, 28.398370782551915], [-13.844496483920882, 28.407148866694715], [-13.845766435906608, 28.41371712257595], [-13.851064690106302, 28.421780726224274], [-13.851996527777771, 28.42569444444444], [-13.853949652777771, 28.426996527777774], [-13.854383680555548, 28.431336805555553], [-13.857421874999993, 28.434592013888885], [-13.857421874999993, 28.441102430555553], [-13.856336805555546, 28.443055555555553], [-13.854817708333325, 28.443489583333328], [-13.854166666666659, 28.44739583333333], [-13.854817708333325, 28.44956597222222], [-13.856987847222214, 28.45021701388889], [-13.857638888888882, 28.45217013888888], [-13.854817708333325, 28.454123263888885], [-13.854166666666659, 28.459982638888885], [-13.854817708333325, 28.463237847222217], [-13.856336805555546, 28.463888888888885], [-13.857421874999993, 28.465842013888885], [-13.858056069657914, 28.47904282197194], [-13.854934723905446, 28.491039721086036], [-13.84809027777777, 28.496657986111106], [-13.845920138888882, 28.504904513888885], [-13.84071180555555, 28.50685763888888], [-13.840060763888882, 28.511197916666667], [-13.838107638888882, 28.512499999999996], [-13.837022569444436, 28.515104166666667], [-13.836154513888882, 28.525520833333328], [-13.833550347222214, 28.52769097222222], [-13.83268229166666, 28.53289930555555], [-13.830078124999993, 28.53463541666666], [-13.82921006944444, 28.539843749999996], [-13.827039930555546, 28.54092881944444], [-13.825954861111104, 28.54874131944444], [-13.823784722222214, 28.55069444444444], [-13.820746527777771, 28.551128472222214], [-13.819444444444438, 28.553298611111106], [-13.820746527777771, 28.557204861111106], [-13.825086805555546, 28.558723958333328], [-13.827039930555546, 28.573914930555553], [-13.828118372706, 28.574993372706004], [-13.82660590277777, 28.586284722222217], [-13.823784722222214, 28.588888888888885], [-13.820746527777771, 28.589539930555553], [-13.819444444444438, 28.595399305555553], [-13.820746527777771, 28.598654513888885], [-13.823784722222214, 28.599305555555553], [-13.825546417867734, 28.604062133798458], [-13.822660720054866, 28.636676882338882], [-13.8258538969873, 28.681495578785594], [-13.82716754566073, 28.685465392320904], [-13.827039930555546, 28.711935763888885], [-13.827690972222214, 28.713888888888885], [-13.829644097222216, 28.71453993055555], [-13.829861111111104, 28.716059027777774], [-13.827039930555546, 28.717795138888885], [-13.825954861111104, 28.723003472222217], [-13.820746527777771, 28.724956597222217], [-13.819878472222216, 28.726258680555553], [-13.818142361111104, 28.734071180555553], [-13.81510416666666, 28.734722222222217], [-13.812934027777771, 28.736675347222217], [-13.811848958333327, 28.744487847222217], [-13.809678819444438, 28.746440972222217], [-13.80924479166666, 28.762065972222217], [-13.810329861111104, 28.765972222222217], [-13.81119791666666, 28.765972222222217], [-13.812282986111104, 28.767925347222217], [-13.813151041666659, 28.775737847222217], [-13.815321180555548, 28.775954861111106], [-13.815972222222214, 28.772048611111106], [-13.81857638888888, 28.769878472222214], [-13.827256944444436, 28.769227430555546], [-13.829861111111104, 28.768142361111106], [-13.830078124999993, 28.766623263888885], [-13.833116319444438, 28.765321180555553], [-13.839409722222218, 28.757508680555553], [-13.846788194444436, 28.754253472222217], [-13.84787326388888, 28.749045138888885], [-13.85004340277777, 28.748394097222217], [-13.851128472222216, 28.74600694444444], [-13.856336805555546, 28.748394097222217], [-13.858506944444436, 28.754253472222217], [-13.871310763888882, 28.75685763888888], [-13.875217013888882, 28.761197916666667], [-13.87738715277777, 28.76206597222222], [-13.886284722222214, 28.76271701388889], [-13.888020833333325, 28.76315104166666], [-13.889756944444436, 28.76510416666666], [-13.901909722222216, 28.763368055555553], [-13.904079861111104, 28.765755208333328], [-13.90711805555555, 28.765972222222217], [-13.909288194444436, 28.764670138888885], [-13.910156249999993, 28.760329861111106], [-13.91232638888888, 28.759027777777774], [-13.916232638888882, 28.759678819444442], [-13.916883680555548, 28.76184895833333], [-13.918836805555546, 28.762499999999996], [-13.920138888888882, 28.76032986111111], [-13.922092013888882, 28.759678819444442], [-13.949435763888882, 28.758376736111106], [-13.953342013888882, 28.75577256944444], [-13.959852430555548, 28.755121527777774], [-13.961154513888882, 28.754253472222217], [-13.962673611111104, 28.74991319444444], [-13.96701388888888, 28.748611111111106], [-13.974826388888882, 28.74991319444444], [-13.976345486111104, 28.755121527777774], [-13.977864583333327, 28.755555555555553], [-13.978949652777771, 28.754253472222217], [-13.979817708333325, 28.749045138888885], [-13.982204861111102, 28.74817708333333], [-13.986328124999995, 28.742968749999996], [-13.999131944444438, 28.741015625], [-14.000651041666659, 28.738411458333324], [-14.002170138888882, 28.73819444444444], [-14.003255208333325, 28.735590277777774], [-14.003472222222214, 28.729513888888885], [-14.00607638888888, 28.725173611111106], [-14.008680555555546, 28.724305555555553], [-14.014756944444436, 28.724956597222217], [-14.017361111111104, 28.728211805555553], [-14.018012152777771, 28.732769097222217], [-14.021267361111104, 28.734722222222217], [-14.025824652777771, 28.73428819444444], [-14.027126736111104, 28.733420138888885], [-14.029079861111104, 28.728211805555553], [-14.033420138888882, 28.727343749999996], [-14.034722222222214, 28.72517361111111], [-14.034288194444436, 28.72213541666666], [-14.02821180555555, 28.72018229166666], [-14.027777777777771, 28.718663194444442], [-14.029079861111104, 28.717578124999996], [-14.03211805555555, 28.717361111111106], [-14.033420138888882, 28.716059027777774], [-14.034722222222214, 28.709548611111106], [-14.034288194444436, 28.700434027777774], [-14.03211805555555, 28.696527777777774], [-14.02821180555555, 28.695876736111106], [-14.027126736111105, 28.69327256944444], [-14.024956597222216, 28.692621527777774], [-14.02387152777777, 28.687196180555553], [-14.017795138888882, 28.680902777777774], [-14.017361111111104, 28.676128472222217], [-14.018012152777771, 28.672873263888885], [-14.02018229166666, 28.67135416666666], [-14.02213541666666, 28.658550347222214], [-14.027343749999993, 28.654427083333328], [-14.02821180555555, 28.65203993055555], [-14.03211805555555, 28.651388888888885], [-14.034939236111104, 28.645529513888885], [-14.038628472222214, 28.622092013888885], [-14.041015624999993, 28.61905381944444], [-14.041449652777771, 28.616883680555553], [-14.041449652777771, 28.606032986111106], [-14.040364583333327, 28.602777777777774], [-14.038411458333327, 28.601475694444442], [-14.038845486111104, 28.59670138888888], [-14.046657986111104, 28.589756944444442], [-14.04991319444444, 28.582378472222214], [-14.05512152777777, 28.580642361111103], [-14.056206597222216, 28.575434027777774], [-14.058810763888882, 28.573697916666667], [-14.059678819444438, 28.568489583333328], [-14.061848958333327, 28.567404513888885], [-14.063802083333327, 28.55763888888888], [-14.068142361111104, 28.554383680555553], [-14.069878472222216, 28.54852430555555], [-14.075086805555546, 28.54635416666666], [-14.077039930555546, 28.53420138888888], [-14.079644097222216, 28.532031249999996], [-14.080512152777771, 28.52682291666666], [-14.08268229166666, 28.525737847222217], [-14.083550347222214, 28.517925347222217], [-14.086588541666659, 28.514670138888885], [-14.087456597222216, 28.509461805555553], [-14.089626736111105, 28.508376736111106], [-14.09071180555555, 28.500564236111106], [-14.091579861111104, 28.499262152777774], [-14.096788194444436, 28.497309027777774], [-14.097439236111104, 28.492968749999996], [-14.100260416666659, 28.49079861111111], [-14.105251736111104, 28.47799479166666], [-14.110677083333327, 28.473871527777774], [-14.111545138888882, 28.471484374999996], [-14.116753472222214, 28.47061631944444], [-14.118923611111104, 28.46779513888889], [-14.131076388888882, 28.46280381944444], [-14.133246527777771, 28.457378472222214], [-14.13910590277777, 28.455642361111103], [-14.142361111111105, 28.450868055555556], [-14.150824652777771, 28.44327256944444], [-14.152777777777771, 28.436545138888885], [-14.15321180555555, 28.428949652777774], [-14.154079861111104, 28.42677951388888], [-14.158637152777771, 28.424175347222214], [-14.163628472222214, 28.402907986111106], [-14.166015624999993, 28.399652777777774], [-14.167317708333325, 28.375347222222217], [-14.167968749999993, 28.373611111111106], [-14.169921874999993, 28.372309027777774], [-14.170789930555546, 28.367100694444442], [-14.173394097222216, 28.366015625], [-14.174045138888882, 28.363845486111103], [-14.179253472222214, 28.36254340277777], [-14.181857638888882, 28.352777777777774], [-14.186197916666659, 28.34973958333333], [-14.187717013888882, 28.346484374999996], [-14.190321180555548, 28.34561631944444], [-14.191623263888882, 28.343012152777774], [-14.200737847222214, 28.34171006944444], [-14.202039930555546, 28.339105902777774], [-14.20421006944444, 28.338454861111106], [-14.205078124999993, 28.333246527777774], [-14.208116319444438, 28.32999131944444], [-14.208984374999993, 28.32217881944444], [-14.211154513888882, 28.32044270833333], [-14.212022569444436, 28.307421874999996], [-14.213107638888882, 28.304166666666664], [-14.214626736111105, 28.30329861111111], [-14.21571180555555, 28.292881944444442], [-14.217881944444436, 28.290277777777774], [-14.220920138888882, 28.290060763888885], [-14.222222222222214, 28.28897569444444], [-14.220920138888882, 28.28702256944444], [-14.217881944444436, 28.286805555555553], [-14.216579861111104, 28.284201388888885], [-14.215277777777771, 28.271180555555553], [-14.21571180555555, 28.252951388888885], [-14.217881944444436, 28.245138888888885], [-14.21961805555555, 28.245138888888885], [-14.221788194444436, 28.241883680555553], [-14.223524305555546, 28.228211805555553], [-14.227864583333325, 28.22452256944444], [-14.230034722222214, 28.218446180555553], [-14.242187499999993, 28.21280381944444], [-14.243706597222216, 28.207378472222214], [-14.246310763888882, 28.206293402777774], [-14.247178819444438, 28.203689236111106], [-14.254991319444438, 28.197612847222217], [-14.257595486111104, 28.193706597222217], [-14.266710069444438, 28.191753472222217], [-14.268012152777771, 28.186545138888885], [-14.27039930555555, 28.18567708333333], [-14.274305555555548, 28.180468749999996], [-14.284722222222214, 28.177864583333328], [-14.287977430555548, 28.17352430555555], [-14.293836805555546, 28.17178819444444], [-14.295789930555548, 28.166579861111106], [-14.297092013888882, 28.165711805555553], [-14.303819444444436, 28.164843749999996], [-14.310112847222214, 28.158767361111103], [-14.316189236111104, 28.157031249999996], [-14.319227430555548, 28.15269097222222], [-14.325954861111104, 28.150086805555553], [-14.327690972222214, 28.144878472222214], [-14.332899305555548, 28.143793402777774], [-14.33463541666666, 28.141189236111106], [-14.339843749999993, 28.14032118055555], [-14.340928819444438, 28.13815104166666], [-14.348741319444438, 28.13728298611111], [-14.352647569444438, 28.134244791666664], [-14.360460069444438, 28.133376736111106], [-14.361545138888882, 28.131206597222217], [-14.36762152777777, 28.129253472222217], [-14.369357638888882, 28.124045138888885], [-14.373697916666659, 28.123394097222217], [-14.375868055555548, 28.12078993055555], [-14.386284722222214, 28.119921874999996], [-14.388020833333325, 28.119487847222217], [-14.390190972222214, 28.11731770833333], [-14.392795138888882, 28.116883680555553], [-14.408420138888882, 28.116015625], [-14.41059027777777, 28.113845486111103], [-14.41232638888888, 28.113411458333324], [-14.421006944444436, 28.112977430555546], [-14.42274305555555, 28.112543402777774], [-14.423611111111104, 28.111024305555553], [-14.435329861111104, 28.109939236111106], [-14.482204861111104, 28.110373263888885], [-14.486111111111104, 28.111024305555553], [-14.48741319444444, 28.112977430555546], [-14.491753472222214, 28.113411458333324], [-14.493706597222216, 28.116449652777774], [-14.49522569444444, 28.116666666666664], [-14.496310763888882, 28.115364583333328], [-14.49674479166666, 28.11102430555555], [-14.499348958333327, 28.10928819444444], [-14.500651041666659, 28.103211805555553]], [[-14.486545138888882, 28.119487847222217], [-14.491753472222214, 28.119921874999996], [-14.493055555555548, 28.11883680555555], [-14.49262152777777, 28.11731770833333], [-14.48741319444444, 28.116883680555553], [-14.486111111111104, 28.11796875], [-14.486545138888882, 28.119487847222217]], [[-15.43878177966101, 28.17569444444444], [-15.441387711864401, 28.165277777777774], [-15.443342161016943, 28.166579861111106], [-15.44399364406779, 28.170920138888885], [-15.446165254237282, 28.172222222222217], [-15.44920550847457, 28.171571180555553], [-15.450508474576264, 28.168315972222217], [-15.44920550847457, 28.162456597222217], [-15.44399364406779, 28.16115451388889], [-15.443342161016943, 28.158984374999996], [-15.440736228813552, 28.15746527777777], [-15.440084745762706, 28.153124999999992], [-15.440736228813552, 28.145312499999992], [-15.443342161016943, 28.143793402777774], [-15.44399364406779, 28.141623263888885], [-15.44920550847457, 28.140755208333328], [-15.452462923728806, 28.13771701388889], [-15.460280720338975, 28.13684895833333], [-15.462235169491517, 28.134027777777774], [-15.463755296610163, 28.134244791666664], [-15.465058262711857, 28.13684895833333], [-15.472876059322028, 28.13771701388889], [-15.47678495762711, 28.140755208333328], [-15.48460275423728, 28.141623263888885], [-15.485688559322025, 28.143793402777774], [-15.490900423728808, 28.144878472222214], [-15.493506355932197, 28.150086805555553], [-15.500021186440671, 28.151388888888885], [-15.511747881355925, 28.15203993055555], [-15.51305084745762, 28.152690972222217], [-15.513485169491519, 28.15421006944444], [-15.518697033898299, 28.155078124999996], [-15.521302966101686, 28.15768229166666], [-15.536938559322024, 28.15811631944444], [-15.539544491525415, 28.15768229166666], [-15.54084745762711, 28.156163194444442], [-15.55387711864406, 28.155078124999996], [-15.60599576271186, 28.155512152777774], [-15.610338983050841, 28.156163194444442], [-15.611641949152535, 28.15811631944444], [-15.616853813559315, 28.158984374999996], [-15.618591101694909, 28.16223958333333], [-15.622934322033892, 28.165060763888885], [-15.624888771186434, 28.17178819444444], [-15.627060381355925, 28.172439236111106], [-15.627711864406773, 28.174392361111106], [-15.640741525423723, 28.174392361111106], [-15.655942796610162, 28.172439236111106], [-15.662457627118638, 28.169618055555553], [-15.662457627118638, 28.16788194444444], [-15.66441207627118, 28.165711805555553], [-15.668972457627111, 28.165277777777774], [-15.67222987288135, 28.166579861111106], [-15.67418432203389, 28.17178819444444], [-15.678527542372876, 28.172439236111106], [-15.680699152542367, 28.175043402777774], [-15.685042372881352, 28.17569444444444], [-15.692860169491517, 28.175043402777774], [-15.694163135593211, 28.172873263888885], [-15.70024364406779, 28.170920138888885], [-15.701329449152535, 28.166579861111106], [-15.709147245762704, 28.164843749999996], [-15.711101694915246, 28.16267361111111], [-15.709798728813553, 28.15811631944444], [-15.706758474576265, 28.156163194444442], [-15.704586864406773, 28.153124999999992], [-15.704152542372874, 28.14835069444444], [-15.704804025423721, 28.145095486111103], [-15.706975635593214, 28.143142361111103], [-15.708278601694907, 28.12491319444444], [-15.710450211864401, 28.12296006944444], [-15.711318855932197, 28.11514756944444], [-15.713924788135586, 28.112109374999992], [-15.714359110169486, 28.109939236111103], [-15.714359110169486, 28.09908854166666], [-15.713273305084739, 28.095833333333328], [-15.711753177966095, 28.09561631944444], [-15.711101694915246, 28.093663194444442], [-15.713924788135586, 28.09171006944444], [-15.715879237288128, 28.082595486111103], [-15.722394067796603, 28.07999131944444], [-15.72586864406779, 28.07543402777777], [-15.73064618644067, 28.071527777777774], [-15.739766949152536, 28.068055555555553], [-15.742372881355925, 28.064149305555553], [-15.74324152542372, 28.059374999999996], [-15.744978813559316, 28.05763888888888], [-15.755402542372874, 28.05373263888889], [-15.757139830508468, 28.051345486111103], [-15.767997881355925, 28.049609374999992], [-15.772775423728808, 28.04418402777777], [-15.777987288135584, 28.03441840277777], [-15.783633474576266, 28.03268229166666], [-15.785370762711857, 28.030078124999996], [-15.790582627118637, 28.02921006944444], [-15.791885593220332, 28.02703993055555], [-15.80230932203389, 28.025954861111106], [-15.804046610169486, 28.025086805555553], [-15.804915254237281, 28.022048611111106], [-15.80752118644067, 28.019878472222214], [-15.817944915254232, 28.018793402777774], [-15.819247881355928, 28.016623263888885], [-15.823156779661009, 28.015972222222217], [-15.824459745762704, 28.014670138888885], [-15.8257627118644, 28.008159722222217], [-15.826414194915248, 27.996440972222217], [-15.829020127118635, 27.993836805555553], [-15.829888771186434, 27.988628472222214], [-15.832060381355927, 27.98754340277777], [-15.832929025423722, 27.97973090277777], [-15.83336334745762, 27.97842881944444], [-15.834883474576264, 27.977777777777774], [-15.83596927966101, 27.97387152777777], [-15.83596927966101, 27.96085069444444], [-15.835534957627111, 27.95824652777777], [-15.83336334745762, 27.95499131944444], [-15.832711864406773, 27.94522569444444], [-15.83336334745762, 27.92764756944444], [-15.834014830508467, 27.92569444444444], [-15.835534957627111, 27.924609374999992], [-15.83618644067796, 27.91918402777777], [-15.83618644067796, 27.914843749999992], [-15.834231991525417, 27.90811631944444], [-15.826414194915248, 27.89986979166666], [-15.824459745762704, 27.891623263888885], [-15.819247881355928, 27.89032118055555], [-15.818596398305079, 27.88815104166666], [-15.815990466101688, 27.88706597222222], [-15.815121822033891, 27.88185763888888], [-15.812081567796602, 27.878602430555553], [-15.811212923728807, 27.870789930555553], [-15.808606991525416, 27.868836805555553], [-15.80773834745762, 27.863628472222214], [-15.805566737288128, 27.86254340277777], [-15.804480932203383, 27.85473090277777], [-15.803612288135588, 27.85342881944444], [-15.798400423728804, 27.851475694444442], [-15.797314618644059, 27.846267361111103], [-15.79470868644067, 27.844531249999996], [-15.793840042372874, 27.83932291666666], [-15.791234110169484, 27.837586805555553], [-15.790365466101687, 27.832378472222214], [-15.788193855932196, 27.831727430555546], [-15.786890889830502, 27.829123263888885], [-15.777770127118636, 27.827170138888885], [-15.776249999999992, 27.822612847222217], [-15.765826271186434, 27.81827256944444], [-15.764088983050838, 27.816970486111103], [-15.762568855932194, 27.81241319444444], [-15.7612658898305, 27.811545138888885], [-15.753448093220332, 27.81046006944444], [-15.752362288135586, 27.80807291666666], [-15.746933262711856, 27.804383680555553], [-15.742372881355923, 27.79852430555555], [-15.732600635593213, 27.795920138888885], [-15.730646186440673, 27.790060763888885], [-15.726302966101688, 27.78723958333333], [-15.724348516949146, 27.783984374999996], [-15.716530720338977, 27.78311631944444], [-15.714576271186434, 27.782031249999992], [-15.714141949152538, 27.780512152777774], [-15.708495762711856, 27.778993055555553], [-15.701329449152537, 27.76857638888888], [-15.699157838983044, 27.766840277777774], [-15.69220868644067, 27.764887152777774], [-15.690254237288128, 27.75946180555555], [-15.689602754237281, 27.749696180555553], [-15.686345338983042, 27.747309027777774], [-15.682870762711858, 27.742968749999996], [-15.672447033898298, 27.741666666666664], [-15.667018008474571, 27.74231770833333], [-15.665932203389824, 27.74383680555555], [-15.657462923728806, 27.744270833333328], [-15.637701271186433, 27.74296875], [-15.622934322033892, 27.740581597222217], [-15.619459745762704, 27.739062499999996], [-15.616202330508468, 27.735156249999996], [-15.611641949152535, 27.73428819444444], [-15.609470338983046, 27.729079861111106], [-15.597960805084739, 27.726475694444442], [-15.598612288135588, 27.72213541666666], [-15.597743644067787, 27.721267361111103], [-15.590143008474568, 27.721484374999996], [-15.588622881355924, 27.723871527777774], [-15.576461864406774, 27.728862847222217], [-15.57494173728813, 27.733420138888885], [-15.573638771186435, 27.73428819444444], [-15.565820974576265, 27.73602430555555], [-15.56451800847457, 27.74123263888889], [-15.562346398305078, 27.74253472222222], [-15.562028766440957, 27.7454972777751], [-15.54521561019922, 27.76220649559125], [-15.542150423728806, 27.76271701388889], [-15.539544491525415, 27.765755208333328], [-15.534332627118637, 27.766623263888885], [-15.53324682203389, 27.768793402777774], [-15.52542902542372, 27.769878472222214], [-15.523474576271179, 27.77321767060396], [-15.511655410481465, 27.776503813071162], [-15.503930084745756, 27.77703993055555], [-15.501403803799668, 27.779354119148046], [-15.483082627118637, 27.783767361111106], [-15.481925082804905, 27.784769886504773], [-15.453742447025737, 27.792605647329133], [-15.448354667400318, 27.79705840282151], [-15.434655720338977, 27.797873263888885], [-15.43118114406779, 27.800477430555546], [-15.42336334745762, 27.801345486111103], [-15.422277542372875, 27.80373263888889], [-15.41836864406779, 27.80633680555555], [-15.417065677966093, 27.80850694444444], [-15.41511122881355, 27.830425347222214], [-15.412505296610162, 27.833246527777774], [-15.412261129919587, 27.8347105353737], [-15.407984713937493, 27.839430530831386], [-15.403770206464444, 27.84205772614413], [-15.395783898305076, 27.84366319444444], [-15.394310577110673, 27.84763846656958], [-15.379216874187659, 27.853362335627], [-15.377499723107121, 27.867395826215226], [-15.381451271186432, 27.879470486111106], [-15.387824086503583, 27.89089299188212], [-15.386663135593215, 27.89379340277777], [-15.383622881355926, 27.89444444444444], [-15.382319915254229, 27.89639756944444], [-15.37971398305084, 27.92569444444444], [-15.378193855932196, 27.925911458333324], [-15.377542372881349, 27.92786458333333], [-15.376239406779654, 27.928515625], [-15.360603813559315, 27.93003472222222], [-15.357997881355926, 27.93177083333333], [-15.35669491525423, 27.934375], [-15.35669491525423, 27.937847222222217], [-15.358649364406773, 27.942187499999996], [-15.365164194915247, 27.943706597222217], [-15.366467161016942, 27.945008680555553], [-15.368421610169484, 27.952821180555553], [-15.373633474576264, 27.954123263888885], [-15.374284957627111, 27.956293402777774], [-15.376890889830502, 27.95802951388888], [-15.377127532743025, 27.965123991449286], [-15.375838884896416, 27.97416664908536], [-15.374719279661011, 27.975173611111106], [-15.374110212868064, 27.97929628258883], [-15.367118644067789, 27.99427083333333], [-15.365210409135951, 28.00938180448569], [-15.368633523689363, 28.01467562035446], [-15.379919759415845, 28.02072377390024], [-15.382319915254229, 28.03246527777777], [-15.386663135593215, 28.033550347222217], [-15.388834745762706, 28.036371527777774], [-15.400364172569905, 28.041015707992774], [-15.405351351397247, 28.055852409788788], [-15.410014722337177, 28.074535236987728], [-15.411770316488786, 28.085383016118097], [-15.409030720338976, 28.093446180555553], [-15.409030720338976, 28.108637152777774], [-15.410116525423723, 28.11319444444444], [-15.412070974576263, 28.114496527777774], [-15.412722457627112, 28.11905381944444], [-15.416648166991195, 28.122323027502265], [-15.41685186446525, 28.13027605980582], [-15.414894067796602, 28.130555555555553], [-15.413591101694909, 28.131857638888885], [-15.411636652542365, 28.147482638888885], [-15.410333686440671, 28.150086805555553], [-15.408379237288129, 28.151388888888885], [-15.402515889830502, 28.15269097222222], [-15.401212923728806, 28.15789930555555], [-15.399041313559316, 28.15941840277777], [-15.398389830508467, 28.164843749999992], [-15.399041313559316, 28.174609374999992], [-15.401212923728806, 28.176128472222214], [-15.401864406779653, 28.180034722222217], [-15.403601694915247, 28.181336805555553], [-15.412288135593213, 28.182638888888885], [-15.427923728813552, 28.181987847222217], [-15.429661016949145, 28.18133680555555], [-15.43096398305084, 28.179383680555553], [-15.43617584745762, 28.178515625], [-15.436827330508468, 28.176345486111103], [-15.43878177966101, 28.17569444444444]], [[-16.113283898305077, 28.602777777777774], [-16.111112288135583, 28.600824652777774], [-16.110677966101687, 28.596267361111106], [-16.109374999999993, 28.593663194444442], [-16.106334745762705, 28.594531249999992], [-16.10416313559321, 28.59952256944444], [-16.103728813559314, 28.608854166666664], [-16.10481461864406, 28.612760416666664], [-16.10698622881355, 28.61536458333333], [-16.110243644067786, 28.616666666666664], [-16.11784427966101, 28.616449652777774], [-16.121101694915247, 28.61536458333333], [-16.1204502118644, 28.613411458333324], [-16.11827860169491, 28.61254340277777], [-16.117192796610162, 28.60473090277777], [-16.11502118644067, 28.602777777777774], [-16.113283898305077, 28.602777777777774]], [[-16.705896598399242, 28.390755208333328], [-16.707378472222217, 28.38815104166666], [-16.709548611111106, 28.387499999999996], [-16.713454861111106, 28.38815104166666], [-16.715190972222217, 28.390755208333328], [-16.719531249999996, 28.390755208333328], [-16.721787605932196, 28.38815104166666], [-16.73514742231638, 28.38684895833333], [-16.736666519538602, 28.384678819444442], [-16.74344441501883, 28.383810763888885], [-16.74600694444444, 28.381206597222217], [-16.747743055555553, 28.38077256944444], [-16.75642361111111, 28.38077256944444], [-16.759027777777774, 28.381857638888885], [-16.760329861111106, 28.383810763888885], [-16.763368055555553, 28.384027777777774], [-16.76553819444444, 28.383376736111106], [-16.766840277777774, 28.381206597222217], [-16.774652777777774, 28.380555555555553], [-16.778993055555553, 28.381206597222217], [-16.779861111111106, 28.38272569444444], [-16.781597222222217, 28.383376736111106], [-16.805902777777774, 28.384678819444442], [-16.809592013888885, 28.38728298611111], [-16.81631944444444, 28.387934027777774], [-16.818055555555553, 28.38880208333333], [-16.82022569444444, 28.391840277777767], [-16.825868055555553, 28.39401041666666], [-16.844314236111103, 28.393793402777774], [-16.84670138888888, 28.391623263888885], [-16.85885416666666, 28.389670138888885], [-16.860590277777774, 28.385112847222217], [-16.87100694444444, 28.38077256944444], [-16.872743055555553, 28.379470486111103], [-16.874696180555553, 28.37491319444444], [-16.87686631944444, 28.374045138888885], [-16.88771701388888, 28.373394097222217], [-16.889887152777774, 28.37296006944444], [-16.892925347222217, 28.37057291666666], [-16.916362847222217, 28.367100694444446], [-16.922222222222217, 28.36536458333333], [-16.922439236111106, 28.363845486111103], [-16.924392361111103, 28.36319444444444], [-16.92547743055555, 28.35928819444444], [-16.925043402777774, 28.346267361111103], [-16.92374131944444, 28.34366319444444], [-16.92178819444444, 28.342361111111106], [-16.917230902777774, 28.342144097222217], [-16.913975694444442, 28.339105902777774], [-16.90963541666666, 28.338454861111106], [-16.90768229166666, 28.332378472222214], [-16.90529513888889, 28.33151041666666], [-16.90030381944444, 28.325434027777774], [-16.895746527777774, 28.32456597222222], [-16.893142361111103, 28.318489583333328], [-16.88880208333333, 28.317404513888885], [-16.88619791666666, 28.30763888888888], [-16.88098958333333, 28.30373263888889], [-16.880121527777774, 28.301345486111103], [-16.874045138888885, 28.300043402777774], [-16.873394097222217, 28.297873263888885], [-16.87078993055555, 28.296571180555553], [-16.869487847222217, 28.287456597222217], [-16.86731770833333, 28.286371527777774], [-16.86536458333333, 28.279644097222217], [-16.860156249999996, 28.27530381944444], [-16.85885416666666, 28.27052951388888], [-16.848437499999996, 28.265321180555553], [-16.84670138888888, 28.262282986111106], [-16.845833333333328, 28.252951388888885], [-16.846484374999992, 28.246440972222217], [-16.849088541666664, 28.243836805555553], [-16.849305555555553, 28.240798611111106], [-16.848654513888885, 28.238628472222214], [-16.846484374999992, 28.237109374999992], [-16.84518229166666, 28.22191840277777], [-16.843012152777774, 28.21996527777777], [-16.842144097222217, 28.209548611111103], [-16.841059027777774, 28.20694444444444], [-16.839105902777774, 28.205642361111103], [-16.838454861111106, 28.20130208333333], [-16.832378472222217, 28.198697916666667], [-16.83172743055555, 28.19435763888888], [-16.828906249999996, 28.192187499999996], [-16.823914930555553, 28.18003472222222], [-16.81848958333333, 28.178515625], [-16.816753472222217, 28.175911458333324], [-16.811545138888885, 28.175043402777774], [-16.810894097222217, 28.172873263888885], [-16.808940972222217, 28.172222222222217], [-16.806336805555553, 28.155295138888885], [-16.80177951388888, 28.151171874999992], [-16.796137152777774, 28.138368055555553], [-16.790711805555553, 28.136197916666667], [-16.790060763888885, 28.13185763888888], [-16.787022569444442, 28.128602430555553], [-16.786154513888885, 28.120789930555553], [-16.78224826388888, 28.118185763888885], [-16.77725694444444, 28.111675347222217], [-16.769878472222217, 28.108420138888885], [-16.768142361111103, 28.102560763888885], [-16.76163194444444, 28.09756944444444], [-16.75642361111111, 28.090842013888885], [-16.749045138888885, 28.087586805555553], [-16.748394097222217, 28.083246527777774], [-16.74578993055555, 28.08151041666666], [-16.744921874999996, 28.07630208333333], [-16.74231770833333, 28.073480902777774], [-16.741666666666664, 28.059809027777767], [-16.74058159722222, 28.055251736111103], [-16.73841145833333, 28.05221354166666], [-16.73515625, 28.05069444444444], [-16.725390624999996, 28.050043402777774], [-16.723654513888885, 28.047439236111106], [-16.721484374999992, 28.04678819444444], [-16.720267478813554, 28.041579861111106], [-16.713477224576263, 28.039626736111106], [-16.712345515536715, 28.038324652777774], [-16.71147745998116, 28.031814236111106], [-16.707851047551785, 28.028559027777774], [-16.705642361111103, 28.00967881944444], [-16.700434027777774, 28.004470486111103], [-16.699999999999996, 28.001215277777774], [-16.693739406779656, 27.999045138888885], [-16.67646930056047, 27.998638867564413], [-16.668697033898297, 27.99991319444444], [-16.66661016949152, 28.002059829551193], [-16.657150886853607, 28.005342597599466], [-16.640550847457618, 28.006206597222217], [-16.638813559322028, 28.006857638888885], [-16.637510593220334, 28.008810763888885], [-16.631647245762707, 28.010329861111106], [-16.629692796610165, 28.013368055555553], [-16.626652542372874, 28.01553819444444], [-16.61992055084745, 28.016189236111106], [-16.616880296610162, 28.018793402777774], [-16.61470868644067, 28.019227430555546], [-16.60385063559321, 28.019878472222214], [-16.60167902542372, 28.020746527777774], [-16.599725354542663, 28.025085077235108], [-16.587563559322028, 28.02703993055555], [-16.58669491525423, 28.028559027777774], [-16.583437499999995, 28.029644097222217], [-16.572579449152535, 28.029644097222217], [-16.570407838983044, 28.02921006944444], [-16.567584745762705, 28.02703993055555], [-16.552842630400264, 28.0268404841373], [-16.54640271660943, 28.02563783820517], [-16.545375624572248, 28.02699594136398], [-16.541525423728807, 28.027690972222217], [-16.54087394067796, 28.029644097222217], [-16.538702330508464, 28.030295138888885], [-16.53783368644067, 28.035503472222217], [-16.535227754237283, 28.037456597222217], [-16.53480469287823, 28.041261569811258], [-16.530853119708432, 28.04690258755886], [-16.52567266949152, 28.047873263888885], [-16.523501059322026, 28.049175347222217], [-16.517637711864403, 28.055685763888885], [-16.51503177966101, 28.056987847222217], [-16.50417372881355, 28.05828993055555], [-16.502870762711858, 28.06046006944444], [-16.497441737288128, 28.061979166666664], [-16.491795550847453, 28.074131944444442], [-16.48636652542372, 28.07630208333333], [-16.485715042372874, 28.080642361111103], [-16.48267478813559, 28.08389756944444], [-16.48115466101694, 28.09236111111111], [-16.475291313559314, 28.09691840277777], [-16.472251059322026, 28.101475694444442], [-16.465519067796603, 28.104079861111106], [-16.464867584745754, 28.108420138888885], [-16.462261652542367, 28.110373263888885], [-16.46169092737163, 28.113083891357668], [-16.442173940085645, 28.133728540821433], [-16.436267763027214, 28.14121956125133], [-16.434247881355923, 28.141623263888885], [-16.433596398305077, 28.143793402777774], [-16.43099046610169, 28.144878472222214], [-16.429205642414303, 28.150366223560674], [-16.423389830508466, 28.152690972222217], [-16.423824152542362, 28.15421006944444], [-16.42773305084745, 28.154861111111106], [-16.429294378219836, 28.15626535371737], [-16.42940729427265, 28.163771979575234], [-16.42773305084745, 28.165277777777774], [-16.424692796610163, 28.165711805555553], [-16.423389830508466, 28.169618055555553], [-16.424692796610163, 28.17178819444444], [-16.428522838933237, 28.17255368393313], [-16.42723661387032, 28.178989522313323], [-16.425995762711857, 28.179166666666664], [-16.423824152542362, 28.18177083333333], [-16.422738347457617, 28.192187499999996], [-16.42056673728813, 28.194357638888885], [-16.41991525423728, 28.206076388888885], [-16.41796080508474, 28.21388888888889], [-16.411445974576264, 28.22039930555555], [-16.41014300847457, 28.223003472222217], [-16.40853097884957, 28.231953124800036], [-16.407200499038236, 28.234150383926536], [-16.403845338983047, 28.235156249999996], [-16.401890889830504, 28.24123263888889], [-16.399719279661007, 28.242100694444442], [-16.398850635593213, 28.247309027777774], [-16.396244703389826, 28.249262152777774], [-16.395686421044957, 28.253165638978466], [-16.388158789365484, 28.26559736268277], [-16.387155069976366, 28.269066188370896], [-16.382997881355926, 28.270312499999992], [-16.38104343220338, 28.28116319444444], [-16.379740466101687, 28.283767361111103], [-16.371922669491518, 28.291145833333328], [-16.37061970338982, 28.29678819444444], [-16.36844809322033, 28.297439236111106], [-16.36736228813559, 28.300043402777774], [-16.3634533898305, 28.30069444444444], [-16.36128177966101, 28.30264756944444], [-16.36063029661016, 28.309157986111103], [-16.35954449152542, 28.311111111111106], [-16.35867584745762, 28.311111111111106], [-16.358241525423722, 28.313064236111106], [-16.35954449152542, 28.330642361111106], [-16.361933262711858, 28.340407986111106], [-16.3634533898305, 28.342361111111106], [-16.366493644067788, 28.343446180555553], [-16.36736228813559, 28.34561631944444], [-16.36739263592587, 28.354893891173575], [-16.366493644067788, 28.358637152777774], [-16.36128177966101, 28.36102430555555], [-16.36063029661016, 28.365364583333328], [-16.358024364406774, 28.367100694444442], [-16.357155720338973, 28.372309027777774], [-16.354549788135586, 28.374045138888885], [-16.353463983050837, 28.379253472222217], [-16.34738347457626, 28.38185763888888], [-16.345646186440668, 28.38706597222222], [-16.341302966101686, 28.38771701388889], [-16.339348516949144, 28.390755208333328], [-16.337176906779654, 28.391189236111106], [-16.336308262711857, 28.393793402777774], [-16.333702330508466, 28.394878472222214], [-16.33356312199967, 28.39571315738675], [-16.324599254768806, 28.398812963542692], [-16.320601758030218, 28.4017351970195], [-16.31546080508474, 28.403342013888885], [-16.30720868644067, 28.411154513888885], [-16.298956567796605, 28.412456597222217], [-16.29765360169491, 28.415060763888885], [-16.295481991525413, 28.415711805555553], [-16.29461334745762, 28.420920138888885], [-16.283865947367232, 28.43122760899578], [-16.278326271186433, 28.43307291666666], [-16.276806144067788, 28.435894097222217], [-16.2746345338983, 28.436545138888885], [-16.273758071214697, 28.440632526968464], [-16.26427693997804, 28.449085080890764], [-16.25400423728813, 28.45065104166666], [-16.25270127118643, 28.45282118055555], [-16.247489406779657, 28.454123263888885], [-16.24553495762711, 28.463237847222217], [-16.24401483050847, 28.463888888888885], [-16.24292902542372, 28.465842013888885], [-16.242277542372875, 28.472352430555553], [-16.24010593220338, 28.474305555555553], [-16.237065677966093, 28.474956597222217], [-16.2357627118644, 28.480815972222217], [-16.233156779661012, 28.484071180555553], [-16.222733050847452, 28.485373263888885], [-16.221430084745755, 28.487543402777774], [-16.216218220338977, 28.488411458333324], [-16.21448093220338, 28.491015625], [-16.209269067796605, 28.491883680555553], [-16.20709745762711, 28.494487847222217], [-16.196239406779654, 28.49600694444444], [-16.191461864406772, 28.500347222222217], [-16.187552966101688, 28.506423611111106], [-16.184947033898297, 28.508159722222217], [-16.17343749999999, 28.510329861111106], [-16.169962923728807, 28.514670138888885], [-16.164099576271177, 28.516189236111106], [-16.16149364406779, 28.518793402777774], [-16.149766949152536, 28.51944444444444], [-16.14325211864406, 28.520746527777774], [-16.141949152542367, 28.522048611111106], [-16.141297669491518, 28.525954861111106], [-16.139126059322027, 28.526605902777774], [-16.137605932203382, 28.529427083333328], [-16.129788135593216, 28.532031249999992], [-16.127182203389825, 28.533767361111103], [-16.124576271186434, 28.539843749999992], [-16.123273305084737, 28.55026041666666], [-16.118930084745756, 28.554383680555556], [-16.117627118644062, 28.559375], [-16.11827860169491, 28.567187499999996], [-16.12028249584255, 28.569190036495772], [-16.119583988320855, 28.57130811089653], [-16.120585424572948, 28.571789818707284], [-16.122404661016944, 28.587586805555553], [-16.123707627118637, 28.588888888888885], [-16.12826800847457, 28.59019097222222], [-16.132611228813552, 28.59539930555555], [-16.138040254237282, 28.596484374999996], [-16.138908898305075, 28.598871527777774], [-16.144120762711857, 28.602560763888885], [-16.14542372881355, 28.607118055555553], [-16.148681144067787, 28.60928819444444], [-16.159539194915247, 28.60928819444444], [-16.162796610169483, 28.607118055555553], [-16.16344809322033, 28.604079861111106], [-16.16931144067796, 28.602777777777774], [-16.172568855932195, 28.604079861111106], [-16.17387182203389, 28.608420138888885], [-16.17973516949152, 28.609722222222217], [-16.182992584745755, 28.608420138888885], [-16.183644067796603, 28.607118055555553], [-16.182992584745755, 28.603211805555553], [-16.18147245762711, 28.602777777777774], [-16.180386652542364, 28.600824652777774], [-16.180169491525415, 28.596267361111106], [-16.182775423728803, 28.593012152777774], [-16.185381355932194, 28.592361111111106], [-16.193199152542366, 28.593012152777774], [-16.19537076271186, 28.59561631944444], [-16.20058262711864, 28.596484374999996], [-16.20231991525423, 28.599305555555553], [-16.203840042372875, 28.59908854166666], [-16.20557733050847, 28.596484374999996], [-16.218606991525416, 28.59561631944444], [-16.22077860169491, 28.59518229166666], [-16.22316737288135, 28.593229166666664], [-16.238802966101687, 28.59496527777777], [-16.242711864406772, 28.594531249999992], [-16.24292902542372, 28.593012152777774], [-16.24553495762711, 28.591276041666664], [-16.246620762711856, 28.57825520833333], [-16.24879237288135, 28.574999999999996], [-16.251832627118638, 28.575868055555553], [-16.253135593220332, 28.58020833333333], [-16.252484110169483, 28.588020833333328], [-16.249878177966092, 28.58953993055555], [-16.249878177966092, 28.59171006944444], [-16.252484110169483, 28.592795138888885], [-16.25378707627118, 28.598871527777774], [-16.25595868644067, 28.59952256944444], [-16.257261652542365, 28.602126736111106], [-16.260519067796604, 28.602777777777774], [-16.26638241525423, 28.602126736111106], [-16.267685381355925, 28.59952256944444], [-16.269856991525415, 28.598654513888885], [-16.271159957627113, 28.589539930555553], [-16.273331567796603, 28.588454861111106], [-16.273983050847452, 28.584548611111106], [-16.276154661016946, 28.583246527777774], [-16.2870127118644, 28.58194444444444], [-16.306557203389826, 28.581293402777774], [-16.308728813559316, 28.580642361111106], [-16.31003177966101, 28.578472222222217], [-16.311551906779652, 28.578689236111106], [-16.313289194915246, 28.581293402777774], [-16.315460805084737, 28.581727430555546], [-16.328490466101687, 28.581293402777774], [-16.33087923728813, 28.57803819444444], [-16.33522245762711, 28.574782986111106], [-16.336525423728805, 28.566319444444442], [-16.339131355932196, 28.561979166666664], [-16.349555084745756, 28.56046006944444], [-16.35085805084745, 28.55828993055555], [-16.35606991525423, 28.557421874999996], [-16.358893008474567, 28.55481770833333], [-16.380174788135584, 28.553515625], [-16.38364936440677, 28.550911458333324], [-16.39146716101694, 28.550043402777774], [-16.392770127118638, 28.547439236111106], [-16.39494173728813, 28.54678819444444], [-16.39689618644067, 28.540060763888885], [-16.401239406779652, 28.53723958333333], [-16.403193855932198, 28.533984374999996], [-16.41296610169491, 28.532031249999996], [-16.416874999999994, 28.52682291666666], [-16.419263771186433, 28.525954861111106], [-16.42013241525423, 28.520746527777774], [-16.422738347457617, 28.51879340277777], [-16.424692796610163, 28.50967881944444], [-16.429036016949148, 28.508159722222217], [-16.43099046610169, 28.49600694444444], [-16.43316207627118, 28.494704861111106], [-16.434247881355923, 28.489496527777774], [-16.4403283898305, 28.487543402777774], [-16.441414194915247, 28.485373263888885], [-16.45053495762711, 28.483420138888885], [-16.451620762711855, 28.478862847222217], [-16.45770127118643, 28.47256944444444], [-16.459004237288127, 28.465842013888885], [-16.460741525423717, 28.464539930555553], [-16.47116525423728, 28.462586805555553], [-16.472685381355923, 28.457378472222214], [-16.475291313559314, 28.455642361111103], [-16.47615995762711, 28.450434027777774], [-16.478765889830502, 28.44934895833333], [-16.47941737288135, 28.447178819444442], [-16.484629237288125, 28.446310763888885], [-16.48680084745762, 28.443706597222217], [-16.498961864406773, 28.441753472222217], [-16.50048199152542, 28.436545138888885], [-16.503087923728806, 28.434809027777774], [-16.5039565677966, 28.429600694444442], [-16.506128177966097, 28.428949652777774], [-16.50764830508474, 28.426345486111103], [-16.518072033898296, 28.425477430555546], [-16.51980932203389, 28.425043402777774], [-16.521763771186432, 28.422873263888885], [-16.523935381355923, 28.422439236111106], [-16.534793432203383, 28.422439236111106], [-16.53805084745762, 28.423524305555553], [-16.539353813559316, 28.425477430555546], [-16.542394067796604, 28.42569444444444], [-16.544565677966098, 28.425043402777774], [-16.54608580508474, 28.422873263888885], [-16.55911546610169, 28.42178819444444], [-16.56128707627118, 28.420920138888885], [-16.563241525423724, 28.416362847222217], [-16.564978813559318, 28.415060763888885], [-16.57366525423728, 28.41223958333333], [-16.57627118644067, 28.410503472222217], [-16.576705508474568, 28.408984374999996], [-16.58191737288135, 28.40811631944444], [-16.58452330508474, 28.405512152777774], [-16.602764830508466, 28.40421006944444], [-16.60493644067796, 28.40203993055555], [-16.60667372881355, 28.401605902777774], [-16.61709745762711, 28.40203993055555], [-16.6192690677966, 28.404861111111106], [-16.621223516949147, 28.40421006944444], [-16.621874999999996, 28.40203993055555], [-16.624046610169486, 28.401388888888885], [-16.62795550847457, 28.40203993055555], [-16.628389830508468, 28.403559027777774], [-16.63816207627118, 28.404644097222217], [-16.677251059322025, 28.40421006944444], [-16.680508474576264, 28.403559027777774], [-16.68181144067796, 28.401605902777774], [-16.686154661016943, 28.400954861111106], [-16.68876059322033, 28.39444444444444], [-16.690280720338976, 28.394878472222214], [-16.691149364406776, 28.400086805555553], [-16.69310381355931, 28.401388888888885], [-16.69545550847457, 28.394878472222214], [-16.699036016949144, 28.394227430555546], [-16.701450976930317, 28.391623263888885], [-16.705896598399242, 28.390755208333328]], [[-17.291362847222217, 28.21453993055555], [-17.30655381944444, 28.212586805555553], [-17.30850694444444, 28.208246527777774], [-17.310243055555553, 28.207378472222214], [-17.31892361111111, 28.206727430555546], [-17.321527777777774, 28.205642361111106], [-17.322178819444442, 28.203689236111106], [-17.324348958333328, 28.20303819444444], [-17.32630208333333, 28.196310763888885], [-17.330642361111103, 28.193055555555553], [-17.333246527777774, 28.183289930555553], [-17.338454861111106, 28.181987847222217], [-17.339105902777774, 28.17981770833333], [-17.341710069444442, 28.17808159722222], [-17.343012152777774, 28.162890624999996], [-17.34518229166666, 28.161371527777774], [-17.346050347222217, 28.15616319444444], [-17.348003472222217, 28.154861111111106], [-17.349088541666664, 28.15225694444444], [-17.349088541666664, 28.14357638888888], [-17.348003472222217, 28.140972222222217], [-17.346050347222217, 28.139670138888885], [-17.345833333333328, 28.13663194444444], [-17.346484374999992, 28.134461805555553], [-17.348003472222217, 28.134027777777774], [-17.34973958333333, 28.126866319444442], [-17.351692708333328, 28.10299479166666], [-17.351258680555553, 28.098220486111103], [-17.35017361111111, 28.095833333333328], [-17.346267361111103, 28.094531249999996], [-17.34518229166666, 28.08932291666666], [-17.342578124999996, 28.087586805555553], [-17.341710069444442, 28.082378472222214], [-17.33953993055555, 28.081727430555546], [-17.338237847222217, 28.079123263888885], [-17.329123263888885, 28.07782118055555], [-17.328255208333328, 28.07565104166666], [-17.325651041666664, 28.074131944444442], [-17.324782986111106, 28.063715277777774], [-17.32369791666666, 28.061111111111106], [-17.321093749999996, 28.059809027777774], [-17.318272569444442, 28.055468749999996], [-17.311545138888885, 28.053515625], [-17.31046006944444, 28.051345486111103], [-17.301345486111106, 28.050043402777774], [-17.30004340277777, 28.047439236111106], [-17.297873263888885, 28.04678819444444], [-17.295920138888885, 28.040711805555553], [-17.291579861111106, 28.040060763888885], [-17.288324652777774, 28.03702256944444], [-17.280512152777774, 28.03615451388889], [-17.279210069444442, 28.033550347222217], [-17.27703993055555, 28.03289930555555], [-17.276388888888885, 28.028993055555553], [-17.274652777777774, 28.02769097222222], [-17.249187598594556, 28.024217087834803], [-17.24796006944444, 28.020746527777774], [-17.244704861111106, 28.01944444444444], [-17.24014756944444, 28.019878472222214], [-17.238357702829205, 28.02186721290581], [-17.232763672307144, 28.020653418021666], [-17.21246829705284, 28.026669476316428], [-17.19913194444444, 28.02703993055555], [-17.19392361111111, 28.029644097222217], [-17.185026041666664, 28.030295138888885], [-17.176779513888885, 28.036371527777774], [-17.16614583333333, 28.037456597222217], [-17.164626736111106, 28.040060763888885], [-17.16245659722222, 28.040711805555553], [-17.161154513888885, 28.04678819444444], [-17.158767361111103, 28.047656249999996], [-17.15486111111111, 28.052864583333328], [-17.145095486111106, 28.05481770833333], [-17.143142361111103, 28.05807291666666], [-17.13880208333333, 28.060894097222217], [-17.136848958333328, 28.067621527777774], [-17.134678819444442, 28.06827256944444], [-17.133376736111106, 28.070876736111106], [-17.125564236111106, 28.071744791666664], [-17.122309027777774, 28.07478298611111], [-17.117100694444442, 28.07565104166666], [-17.116449652777774, 28.07782118055555], [-17.113845486111106, 28.079123263888885], [-17.112915792341532, 28.084701426506346], [-17.109940319189725, 28.088497614041714], [-17.10342881944444, 28.08953993055555], [-17.102560763888885, 28.09171006944444], [-17.10060763888889, 28.092361111111106], [-17.099522569444442, 28.09561631944444], [-17.099522569444442, 28.10646701388888], [-17.09995659722222, 28.108637152777774], [-17.101909722222217, 28.11102430555555], [-17.10017361111111, 28.11623263888889], [-17.102126736111106, 28.11775173611111], [-17.103211805555553, 28.130772569444442], [-17.10538194444444, 28.134027777777774], [-17.10928819444444, 28.134678819444442], [-17.109939236111106, 28.13684895833333], [-17.11254340277777, 28.137934027777774], [-17.113411458333328, 28.143142361111103], [-17.116449652777774, 28.14639756944444], [-17.11731770833333, 28.15421006944444], [-17.119487847222217, 28.155078124999996], [-17.12100694444444, 28.15768229166666], [-17.131640624999996, 28.158767361111103], [-17.13532986111111, 28.160937499999992], [-17.13771701388888, 28.163975694444442], [-17.150520833333328, 28.166579861111106], [-17.15203993055555, 28.17178819444444], [-17.154210069444442, 28.172439236111106], [-17.155295138888885, 28.175043402777774], [-17.16072048611111, 28.176128472222214], [-17.16397569444444, 28.180034722222217], [-17.167664930555553, 28.182204861111106], [-17.176996527777774, 28.18350694444444], [-17.18177083333333, 28.187847222222217], [-17.18697916666666, 28.195659722222217], [-17.192621527777774, 28.197178819444442], [-17.19435763888889, 28.19978298611111], [-17.199565972222217, 28.20065104166666], [-17.199999999999996, 28.20217013888888], [-17.212248370343673, 28.203446473455895], [-17.25486874635728, 28.21502881398036], [-17.25598958333333, 28.21671006944444], [-17.26119791666666, 28.217578124999996], [-17.262499999999996, 28.219531249999992], [-17.266406249999996, 28.22061631944444], [-17.282031249999996, 28.22018229166666], [-17.28463541666666, 28.217578124999996], [-17.289843749999996, 28.21671006944444], [-17.291362847222217, 28.21453993055555]], [[-17.94913194444444, 28.84518229166666], [-17.95130208333333, 28.841927083333328], [-17.955642361111103, 28.83910590277777], [-17.957595486111106, 28.833246527777774], [-17.96736111111111, 28.830642361111103], [-17.971267361111103, 28.825434027777774], [-17.973654513888885, 28.82456597222222], [-17.974956597222217, 28.81935763888888], [-17.980815972222217, 28.818055555555553], [-17.984071180555553, 28.81545138888888], [-17.984939236111106, 28.80677083333333], [-17.986024305555553, 28.804166666666664], [-17.98797743055555, 28.803515625], [-17.988845486111106, 28.801345486111103], [-17.996657986111106, 28.80004340277777], [-17.998611111111106, 28.79678819444444], [-17.999262152777774, 28.79223090277777], [-18.000564236111106, 28.79092881944444], [-18.008376736111106, 28.788975694444442], [-18.009678819444442, 28.783767361111103], [-18.011848958333328, 28.78246527777777], [-18.012499999999996, 28.77465277777777], [-18.011848958333328, 28.770312499999992], [-18.009678819444442, 28.768142361111103], [-18.008159722222217, 28.752083333333324], [-18.00642361111111, 28.74861111111111], [-18.003819444444442, 28.746006944444442], [-18.000347222222217, 28.74427083333333], [-17.99535590277777, 28.739496527777774], [-17.99058159722222, 28.72799479166666], [-17.98732638888888, 28.725607638888885], [-17.985156249999996, 28.72256944444444], [-17.98428819444444, 28.715842013888885], [-17.983420138888885, 28.714539930555553], [-17.978862847222217, 28.712586805555553], [-17.973871527777774, 28.694357638888885], [-17.971484374999992, 28.692187499999996], [-17.97061631944444, 28.68177083333333], [-17.967578124999996, 28.676562499999996], [-17.966710069444442, 28.66614583333333], [-17.96453993055555, 28.664843749999996], [-17.962586805555553, 28.658767361111103], [-17.957378472222217, 28.65768229166666], [-17.95651041666666, 28.65529513888889], [-17.95130208333333, 28.65138888888888], [-17.94869791666666, 28.640972222222217], [-17.94348958333333, 28.636414930555553], [-17.942621527777774, 28.63185763888888], [-17.93741319444444, 28.629904513888885], [-17.936545138888885, 28.628602430555553], [-17.93567708333333, 28.621874999999996], [-17.934809027777774, 28.62013888888888], [-17.93177083333333, 28.61796875], [-17.929600694444442, 28.612977430555553], [-17.92786458333333, 28.59713541666666], [-17.926562499999996, 28.595833333333328], [-17.922656249999996, 28.59518229166666], [-17.920920138888885, 28.592578124999996], [-17.915711805555553, 28.59171006944444], [-17.915060763888885, 28.58953993055555], [-17.91223958333333, 28.588020833333328], [-17.908550347222217, 28.577387152777778], [-17.90182291666666, 28.569791666666664], [-17.900954861111106, 28.563064236111106], [-17.900086805555553, 28.561762152777774], [-17.894878472222217, 28.559809027777774], [-17.89401041666666, 28.55525173611111], [-17.88858506944444, 28.54982638888888], [-17.883593749999996, 28.527907986111106], [-17.88120659722222, 28.524435763888885], [-17.880555555555553, 28.506857638888885], [-17.879253472222217, 28.497092013888885], [-17.877951388888885, 28.495138888888885], [-17.876215277777774, 28.495138888888885], [-17.87447916666666, 28.493402777777774], [-17.872743055555553, 28.48993055555555], [-17.867100694444442, 28.472352430555553], [-17.864496527777774, 28.468446180555553], [-17.86145833333333, 28.466059027777774], [-17.85364583333333, 28.46280381944444], [-17.852777777777774, 28.459548611111106], [-17.85017361111111, 28.45672743055555], [-17.83975694444444, 28.454340277777774], [-17.838454861111106, 28.456293402777774], [-17.831850692248654, 28.45689], [-17.82300121932949, 28.47653542107049], [-17.80066272209936, 28.517926131615255], [-17.797873263888885, 28.52096354166666], [-17.794669809190903, 28.529678943081183], [-17.790711805555553, 28.53116319444444], [-17.790060763888885, 28.535503472222217], [-17.78745659722222, 28.537456597222217], [-17.786005620255295, 28.546670442977945], [-17.78224826388888, 28.549175347222217], [-17.77725694444444, 28.555685763888885], [-17.773784722222217, 28.557638888888885], [-17.769878472222217, 28.55828993055555], [-17.76922743055555, 28.56046006944444], [-17.766623263888885, 28.561545138888885], [-17.765755208333328, 28.566753472222217], [-17.763151041666664, 28.568489583333328], [-17.762282986111106, 28.573697916666667], [-17.76032986111111, 28.574999999999996], [-17.759113981877796, 28.58647818136591], [-17.755119750841406, 28.603371148491256], [-17.747207020505172, 28.621952735560296], [-17.75894344376945, 28.65716790898656], [-17.76564014198028, 28.67440137011653], [-17.76553819444444, 28.67960069444444], [-17.76322275397338, 28.683579876780833], [-17.760329861111106, 28.686328124999996], [-17.759375479428954, 28.689678054285725], [-17.75227653611169, 28.70091446374346], [-17.72257220404958, 28.73122782663273], [-17.723339571766825, 28.74804314901835], [-17.727861279229447, 28.75009716729452], [-17.729079861111106, 28.754904513888885], [-17.73428819444444, 28.75685763888888], [-17.734722222222217, 28.75989583333333], [-17.736675347222217, 28.763368055555556], [-17.744487847222217, 28.770312499999996], [-17.745355902777774, 28.775086805555553], [-17.748394097222217, 28.778342013888885], [-17.749045138888885, 28.784852430555553], [-17.74991319444444, 28.786154513888885], [-17.75447048611111, 28.788107638888885], [-17.758818752341696, 28.803443066093198], [-17.757324281524994, 28.818025723099225], [-17.76604862864259, 28.828325496328343], [-17.776640144378014, 28.8365891922826], [-17.777690972222217, 28.841493055555553], [-17.78289930555555, 28.843012152777774], [-17.783333333333328, 28.844531249999992], [-17.795435765502834, 28.84561631944444], [-17.801387627073634, 28.847722220105766], [-17.807501204209714, 28.84561631944444], [-17.822395833333328, 28.84518229166666], [-17.824999999999996, 28.844531249999992], [-17.824999999999996, 28.843663194444442], [-17.826519097222217, 28.843012152777774], [-17.82955729166666, 28.842578124999996], [-17.84778645833333, 28.84171006944444], [-17.851909722222217, 28.839105902777774], [-17.860590277777774, 28.839105902777774], [-17.86232638888888, 28.83953993055555], [-17.864496527777774, 28.84171006944444], [-17.88272569444444, 28.843012152777774], [-17.88467881944444, 28.84518229166666], [-17.89249131944444, 28.846050347222217], [-17.89444444444444, 28.84713541666666], [-17.895095486111106, 28.84865451388889], [-17.902907986111106, 28.849956597222217], [-17.90421006944444, 28.851258680555553], [-17.904861111111106, 28.855815972222217], [-17.90638020833333, 28.857769097222217], [-17.91397569444444, 28.859722222222217], [-17.924609374999996, 28.859071180555553], [-17.927647569444442, 28.857769097222217], [-17.929166666666664, 28.855815972222217], [-17.930468749999996, 28.849956597222217], [-17.93567708333333, 28.84865451388889], [-17.936979166666664, 28.846484374999996], [-17.94913194444444, 28.84518229166666]], [[-17.960633680555553, 27.84561631944444], [-17.963888888888885, 27.844531249999992], [-17.965190972222217, 27.841927083333328], [-17.969531249999996, 27.83910590277777], [-17.971484374999992, 27.832378472222214], [-17.973654513888885, 27.831727430555546], [-17.97517361111111, 27.829123263888885], [-17.985590277777774, 27.828255208333328], [-17.98819444444444, 27.82717013888888], [-17.989496527777774, 27.82521701388889], [-17.993836805555553, 27.82456597222222], [-17.995138888888885, 27.820659722222217], [-17.994487847222217, 27.818489583333328], [-17.99278612747188, 27.81729837950809], [-17.994210687195153, 27.807076481294633], [-18.002261970760337, 27.797681015660316], [-18.042710714200847, 27.76303551021135], [-18.05655381944444, 27.76184895833333], [-18.05850694444444, 27.759678819444442], [-18.07097108748141, 27.758030774712005], [-18.097987481775466, 27.76387976638455], [-18.118151832186708, 27.76549295217487], [-18.12013888888888, 27.768142361111103], [-18.129904513888885, 27.770746527777774], [-18.13185763888889, 27.775954861111106], [-18.13619791666666, 27.775954861111106], [-18.138151041666664, 27.769878472222214], [-18.14032118055555, 27.769227430555546], [-18.14158560231654, 27.76669858703358], [-18.150737847222217, 27.76532118055555], [-18.15182291666666, 27.762934027777774], [-18.153997412290668, 27.761484364028437], [-18.165521083571857, 27.756643249636312], [-18.161064985924103, 27.73369982235312], [-18.161805555555553, 27.723871527777774], [-18.160503472222217, 27.717795138888885], [-18.155295138888885, 27.71280381944444], [-18.154210069444442, 27.707378472222214], [-18.15203993055555, 27.706727430555546], [-18.151388888888885, 27.704774305555553], [-18.149001736111106, 27.704123263888885], [-18.130532267974562, 27.703403674221224], [-18.12655315380638, 27.701726481842325], [-18.052647619626608, 27.69264998007543], [-18.046823949313147, 27.688424269474822], [-18.046571180555553, 27.68741319444444], [-18.038761128400928, 27.682439147980816], [-18.029515087041535, 27.668842792723524], [-18.012717013888885, 27.65269097222222], [-18.005987378028813, 27.650080189642], [-18.004253472222217, 27.644878472222214], [-17.99991319444444, 27.644227430555546], [-17.99817708333333, 27.641623263888885], [-17.992968749999996, 27.640755208333328], [-17.99123263888889, 27.63815104166666], [-17.989062499999996, 27.637499999999996], [-17.985156249999996, 27.63815104166666], [-17.984722222222217, 27.63967013888888], [-17.982769097222217, 27.640755208333328], [-17.976258680555553, 27.641623263888885], [-17.974305555555553, 27.644878472222217], [-17.973654513888885, 27.650737847222217], [-17.97213541666666, 27.651388888888885], [-17.971484374999992, 27.653124999999996], [-17.970480619250594, 27.674609694263793], [-17.969531249999992, 27.679166666666664], [-17.968012152777774, 27.68003472222222], [-17.96652942770761, 27.687764404714788], [-17.951414048627925, 27.70057613548774], [-17.948305168012865, 27.705294676314683], [-17.946195186387303, 27.711826115165266], [-17.93127477907397, 27.719736218485178], [-17.92841, 27.72474936183551], [-17.928515625, 27.73754340277777], [-17.926345486111106, 27.738845486111103], [-17.925147148226067, 27.747026360409762], [-17.91245659722222, 27.762934027777774], [-17.886459030332833, 27.7986348727269], [-17.880855561177956, 27.814512803245627], [-17.885321577707266, 27.826764565877284], [-17.895746527777774, 27.838020833333328], [-17.903003791476163, 27.84205482382007], [-17.90486111111111, 27.844531249999996], [-17.909470919536098, 27.845453211684994], [-17.91788194444444, 27.84908854166666], [-17.92829861111111, 27.849956597222217], [-17.93046875, 27.852777777777774], [-17.931987847222217, 27.852560763888885], [-17.933227647878958, 27.850435391334468], [-17.934746712994464, 27.849853283176383], [-17.945659722222217, 27.84865451388889], [-17.947612847222217, 27.846484374999996], [-17.960633680555553, 27.84561631944444]]], [[[-13.318793402777771, 27.361675347222217], [-13.323350694444438, 27.359722222222217], [-13.329210069444438, 27.360373263888885], [-13.330078124999993, 27.362543402777774], [-13.333333333333327, 27.364496527777774], [-13.33268229166666, 27.366449652777774], [-13.330512152777771, 27.367100694444442], [-13.329644097222216, 27.372309027777774], [-13.327039930555546, 27.374045138888885], [-13.325737847222214, 27.379253472222217], [-13.315972222222214, 27.38185763888888], [-13.31293402777777, 27.386197916666667], [-13.310329861111102, 27.387499999999996], [-13.30902777777777, 27.38098958333333], [-13.309678819444436, 27.371223958333328], [-13.318793402777771, 27.361675347222217]]], [[[-16.222298728813552, 28.574131944444442], [-16.22837923728813, 28.573046874999996], [-16.228162076271182, 28.57803819444444], [-16.225990466101685, 28.578689236111106], [-16.22533898305084, 28.580642361111106], [-16.223384533898297, 28.581727430555546], [-16.216869703389822, 28.58129340277777], [-16.21491525423728, 28.57803819444444], [-16.215349576271176, 28.57348090277777], [-16.21752118644067, 28.571527777777774], [-16.22056144067796, 28.571744791666664], [-16.222298728813552, 28.574131944444442]]]]}}, {"type": "Feature", "properties": {"t": "b20", "lvl": 20}, "geometry": {"type": "MultiPolygon", "coordinates": [[[[-13.527560763888882, 29.41042325949367], [-13.52821180555555, 29.408247626582277], [-13.53211805555555, 29.407594936708858], [-13.534288194444436, 29.403026107594933], [-13.534722222222214, 29.39236550632911], [-13.532552083333325, 29.387796677215185], [-13.528211805555548, 29.384750791139236], [-13.521701388888882, 29.38322784810126], [-13.513020833333325, 29.38322784810126], [-13.500868055555548, 29.385185917721515], [-13.497395833333325, 29.38714398734177], [-13.492187499999991, 29.39301819620253], [-13.48741319444444, 29.394541139240506], [-13.486111111111104, 29.398892405063286], [-13.48645075629291, 29.404416447979674], [-13.356249999999992, 29.36341145833333], [-12.999999999999993, 29.026822916666664], [-13.000217013888882, 28.241449652777774], [-13.001302083333325, 27.904861111111106], [-13.002170138888882, 27.904861111111106], [-13.003255208333325, 27.902907986111103], [-13.00412326388888, 27.895095486111103], [-13.00672743055555, 27.893793402777774], [-13.007378472222216, 27.891623263888885], [-13.011284722222214, 27.890972222222217], [-13.013020833333325, 27.889453124999996], [-13.020833333333325, 27.871223958333328], [-13.024305555555548, 27.86818576388889], [-13.028645833333327, 27.866666666666664], [-13.040364583333327, 27.866015625], [-13.042534722222214, 27.863628472222217], [-13.050347222222214, 27.861024305555553], [-13.053168402777768, 27.858637152777774], [-13.056857638888882, 27.849305555555553], [-13.059461805555546, 27.833680555555546], [-13.062282986111104, 27.830642361111103], [-13.062934027777771, 27.826085069444446], [-13.06901041666666, 27.821093749999996], [-13.070095486111104, 27.818706597222217], [-13.079210069444438, 27.816753472222217], [-13.080512152777771, 27.811545138888885], [-13.083116319444438, 27.809809027777774], [-13.083984374999993, 27.804600694444442], [-13.086154513888882, 27.80329861111111], [-13.087456597222216, 27.79114583333333], [-13.09006076388888, 27.789626736111106], [-13.090711805555546, 27.787456597222217], [-13.095920138888882, 27.78658854166666], [-13.098524305555546, 27.783550347222217], [-13.103732638888882, 27.78268229166666], [-13.105468749999993, 27.779427083333328], [-13.109809027777771, 27.77660590277777], [-13.111762152777771, 27.770746527777774], [-13.122178819444436, 27.76749131944444], [-13.128689236111104, 27.75967881944444], [-13.13129340277777, 27.758376736111106], [-13.133246527777771, 27.749262152777774], [-13.139756944444438, 27.746657986111103], [-13.146050347222214, 27.738845486111103], [-13.149088541666659, 27.737543402777774], [-13.149956597222214, 27.735373263888885], [-13.159071180555548, 27.733420138888885], [-13.160156249999993, 27.728862847222217], [-13.165364583333325, 27.72452256944444], [-13.167534722222214, 27.718446180555553], [-13.178168402777768, 27.713671874999992], [-13.18033854166666, 27.711501736111103], [-13.185112847222214, 27.700868055555553], [-13.191189236111104, 27.698697916666667], [-13.193142361111104, 27.695659722222217], [-13.19618055555555, 27.693489583333328], [-13.204210069444438, 27.691753472222217], [-13.205512152777771, 27.68697916666666], [-13.214626736111104, 27.678949652777778], [-13.215711805555546, 27.676345486111103], [-13.220920138888882, 27.675477430555546], [-13.22287326388888, 27.672439236111106], [-13.22504340277777, 27.67178819444444], [-13.225911458333327, 27.666579861111106], [-13.228515624999993, 27.66397569444444], [-13.229383680555548, 27.64835069444444], [-13.229817708333325, 27.64574652777777], [-13.231987847222214, 27.64357638888888], [-13.232421874999993, 27.641840277777774], [-13.233289930555546, 27.631423611111106], [-13.23546006944444, 27.630121527777774], [-13.23697916666666, 27.62491319444444], [-13.249131944444438, 27.62296006944444], [-13.250651041666659, 27.620355902777774], [-13.252170138888882, 27.620138888888885], [-13.253038194444438, 27.617534722222217], [-13.255642361111104, 27.594097222222217], [-13.256076388888882, 27.581076388888885], [-13.255642361111104, 27.578472222222217], [-13.253689236111104, 27.57782118055555], [-13.252821180555548, 27.57521701388889], [-13.250651041666659, 27.57456597222222], [-13.249782986111104, 27.56935763888888], [-13.247178819444436, 27.566753472222217], [-13.245876736111104, 27.548524305555553], [-13.243272569444436, 27.545920138888885], [-13.243055555555548, 27.54288194444444], [-13.243706597222216, 27.540711805555553], [-13.245225694444436, 27.540277777777774], [-13.24631076388888, 27.538324652777774], [-13.246744791666657, 27.531814236111106], [-13.249348958333327, 27.528993055555553], [-13.249782986111104, 27.52725694444444], [-13.250651041666659, 27.516840277777774], [-13.253255208333325, 27.514670138888885], [-13.25412326388888, 27.509461805555553], [-13.25629340277777, 27.508810763888885], [-13.257812499999993, 27.506206597222217], [-13.269965277777771, 27.504253472222217], [-13.271484374999993, 27.499045138888885], [-13.273003472222214, 27.498611111111106], [-13.275607638888882, 27.509027777777774], [-13.27756076388888, 27.508376736111106], [-13.278211805555546, 27.506206597222217], [-13.280381944444436, 27.505555555555553], [-13.283420138888882, 27.50577256944444], [-13.285373263888882, 27.508376736111106], [-13.288628472222214, 27.509027777777774], [-13.293185763888882, 27.508810763888885], [-13.296223958333325, 27.506206597222217], [-13.298394097222214, 27.50577256944444], [-13.305989583333325, 27.505555555555553], [-13.311414930555548, 27.506206597222217], [-13.313368055555548, 27.508376736111106], [-13.315104166666659, 27.508810763888885], [-13.323784722222214, 27.509461805555553], [-13.325520833333325, 27.510329861111106], [-13.327690972222214, 27.51488715277777], [-13.330729166666659, 27.513802083333328], [-13.332899305555548, 27.511414930555553], [-13.333116319444438, 27.50685763888888], [-13.330512152777771, 27.504904513888885], [-13.329861111111104, 27.499045138888885], [-13.330512152777771, 27.495789930555553], [-13.332031249999993, 27.495138888888885], [-13.33289930555555, 27.493185763888885], [-13.337239583333327, 27.465842013888885], [-13.338107638888882, 27.463888888888885], [-13.339626736111105, 27.463237847222217], [-13.34071180555555, 27.455425347222217], [-13.341579861111104, 27.454123263888885], [-13.345920138888882, 27.452387152777774], [-13.34787326388888, 27.437196180555553], [-13.35004340277777, 27.43567708333333], [-13.350911458333327, 27.430468749999996], [-13.353515624999993, 27.42873263888889], [-13.354383680555548, 27.42352430555555], [-13.356336805555546, 27.422222222222217], [-13.356987847222214, 27.420486111111106], [-13.357421874999993, 27.399652777777774], [-13.356336805555546, 27.39444444444444], [-13.354383680555548, 27.393142361111103], [-13.354166666666659, 27.390104166666667], [-13.354817708333325, 27.387934027777774], [-13.357421874999993, 27.386197916666667], [-13.358289930555546, 27.380989583333328], [-13.36046006944444, 27.379470486111106], [-13.36241319444444, 27.36427951388888], [-13.363715277777771, 27.36319444444444], [-13.36762152777777, 27.362543402777774], [-13.368272569444436, 27.360373263888885], [-13.370876736111105, 27.35885416666666], [-13.37196180555555, 27.348220486111106], [-13.372829861111104, 27.346050347222214], [-13.378038194444436, 27.340624999999992], [-13.378689236111104, 27.33389756944444], [-13.38172743055555, 27.330642361111103], [-13.382378472222216, 27.32630208333333], [-13.38910590277777, 27.323697916666667], [-13.391927083333329, 27.31935763888888], [-13.39518229166666, 27.317621527777774], [-13.396484374999993, 27.311545138888885], [-13.398654513888882, 27.310894097222217], [-13.399956597222214, 27.30828993055555], [-13.409722222222214, 27.306336805555553], [-13.414279513888882, 27.30047743055555], [-13.418836805555546, 27.297439236111106], [-13.420789930555546, 27.290711805555553], [-13.42296006944444, 27.290060763888885], [-13.42491319444444, 27.28702256944444], [-13.43012152777777, 27.28615451388889], [-13.431206597222214, 27.283550347222217], [-13.437065972222214, 27.278993055555553], [-13.438802083333325, 27.27573784722222], [-13.439670138888882, 27.264670138888885], [-13.437065972222216, 27.247092013888885], [-13.434678819444438, 27.243836805555553], [-13.434027777777771, 27.232118055555553], [-13.434678819444438, 27.225607638888885], [-13.437282986111104, 27.222352430555553], [-13.437717013888882, 27.215842013888885], [-13.440321180555548, 27.213020833333328], [-13.440972222222214, 27.20520833333333], [-13.769661458333326, 27.202604166666667], [-14.427039930555548, 27.200868055555553], [-16.727864583333325, 27.199999999999996], [-17.71393229166666, 27.356249999999996], [-18.371310763888886, 27.668749999999996], [-18.699999999999996, 28.137499999999996], [-18.699999999999996, 28.762499999999996], [-18.343749999999996, 29.231249999999996], [-17.631249999999994, 29.543749999999996], [-16.562499999999996, 29.699999999999996], [-15.137499999999992, 29.699999999999996], [-14.068749999999993, 29.587803819444442], [-13.518649340156193, 29.414556962025312], [-13.523654513888882, 29.413904272151896], [-13.525607638888882, 29.411075949367085], [-13.527560763888882, 29.41042325949367]], [[-13.340060763888882, 29.27814477848101], [-13.339626736111105, 29.275534018987337], [-13.337022569444436, 29.275969145569615], [-13.337022569444436, 29.27814477848101], [-13.338107638888882, 29.278797468354426], [-13.340060763888882, 29.27814477848101]], [[-13.522135416666659, 29.196527777777774], [-13.521050347222214, 29.19433071817862], [-13.521484374999993, 29.185542479781994], [-13.523654513888882, 29.184374999999996], [-13.524522569444436, 29.179153481012655], [-13.527126736111105, 29.17741297468354], [-13.52821180555555, 29.1721914556962], [-13.533637152777771, 29.169580696202523], [-13.539279513888882, 29.15130537974683], [-13.540798611111105, 29.149999999999995], [-13.543836805555546, 29.150435126582273], [-13.545138888888882, 29.154351265822783], [-13.549045138888882, 29.15652689873417], [-13.558159722222214, 29.156962025316453], [-13.561848958333325, 29.15617967651195], [-13.564019097222214, 29.15461497890295], [-13.564670138888882, 29.152267932489448], [-13.562717013888882, 29.146791490857943], [-13.561414930555548, 29.145226793248938], [-13.557074652777771, 29.14401041666666], [-13.556640624999993, 29.143142361111103], [-13.55772569444444, 29.140104166666667], [-13.55967881944444, 29.138585069444446], [-13.566840277777771, 29.136197916666664], [-13.578559027777771, 29.13489583333333], [-13.58094618055555, 29.13684895833333], [-13.59396701388888, 29.13771701388889], [-13.597222222222214, 29.138802083333328], [-13.598524305555546, 29.140755208333328], [-13.602864583333325, 29.140755208333328], [-13.604600694444438, 29.13815104166666], [-13.609809027777771, 29.13728298611111], [-13.61197916666666, 29.134678819444442], [-13.624131944444438, 29.133376736111106], [-13.625651041666659, 29.13077256944444], [-13.627821180555548, 29.130121527777774], [-13.6281889074049, 29.127915166681667], [-13.631864692210128, 29.126834857608536], [-13.631944444444438, 29.12795138888888], [-13.63715277777777, 29.130121527777774], [-13.649305555555546, 29.130555555555553], [-13.657986111111104, 29.129253472222217], [-13.659722222222214, 29.12795138888888], [-13.661024305555546, 29.124045138888885], [-13.666232638888882, 29.12296006944444], [-13.666883680555548, 29.12078993055555], [-13.669487847222214, 29.119704861111106], [-13.67035590277777, 29.114496527777774], [-13.673394097222216, 29.112543402777774], [-13.673611111111104, 29.111024305555553], [-13.676215277777771, 29.109939236111106], [-13.68229166666666, 29.109722222222217], [-13.687282986111104, 29.107118055555553], [-13.689670138888882, 29.10104166666666], [-13.693359374999991, 29.09670138888888], [-13.702473958333325, 29.09539930555555], [-13.704644097222218, 29.094531249999996], [-13.709201388888882, 29.09019097222222], [-13.712673611111104, 29.08932291666666], [-13.731119791666659, 29.087586805555553], [-13.732638888888882, 29.086284722222217], [-13.732638888888882, 29.084548611111106], [-13.737196180555546, 29.082378472222214], [-13.755425347222216, 29.081293402777774], [-13.758246527777771, 29.078689236111106], [-13.762803819444436, 29.07803819444444], [-13.767144097222216, 29.072829861111106], [-13.77387152777777, 29.070876736111106], [-13.774956597222214, 29.068706597222217], [-13.782769097222214, 29.067621527777774], [-13.784722222222214, 29.06545138888888], [-13.78537326388888, 29.061545138888885], [-13.78797743055555, 29.06046006944444], [-13.788628472222216, 29.05828993055555], [-13.794704861111104, 29.056987847222217], [-13.795789930555546, 29.054383680555553], [-13.79796006944444, 29.05373263888889], [-13.799045138888882, 29.04852430555555], [-13.804253472222214, 29.04678819444444], [-13.805989583333325, 29.041579861111106], [-13.812717013888882, 29.038975694444442], [-13.816406249999991, 29.033767361111103], [-13.81879340277777, 29.03289930555555], [-13.819878472222216, 29.02769097222222], [-13.825086805555546, 29.025737847222217], [-13.827690972222214, 29.015972222222217], [-13.830729166666659, 29.013802083333328], [-13.832899305555548, 29.010112847222217], [-13.833550347222214, 29.001215277777774], [-13.834635416666659, 28.998611111111106], [-13.835503472222214, 28.998611111111106], [-13.836154513888882, 28.994704861111106], [-13.837022569444436, 28.947829861111106], [-13.838107638888882, 28.936111111111106], [-13.839409722222216, 28.93567708333333], [-13.838809084872258, 28.932553769113547], [-13.839835928695898, 28.92816263593099], [-13.84830729166666, 28.922656249999996], [-13.850477430555548, 28.92005208333333], [-13.854600694444436, 28.90920138888888], [-13.858072916666657, 28.907031249999996], [-13.861111111111105, 28.90269097222222], [-13.869574652777771, 28.900954861111106], [-13.870876736111104, 28.900086805555553], [-13.872829861111104, 28.894878472222214], [-13.878038194444436, 28.893793402777774], [-13.878689236111104, 28.891623263888885], [-13.88129340277777, 28.890321180555553], [-13.88172743055555, 28.882508680555553], [-13.87912326388888, 28.879253472222217], [-13.877821180555548, 28.861024305555553], [-13.875217013888882, 28.858420138888885], [-13.874348958333327, 28.853211805555553], [-13.872178819444438, 28.853211805555553], [-13.871527777777771, 28.857118055555553], [-13.87000868055555, 28.858420138888885], [-13.85633680555555, 28.859722222222217], [-13.848741319444436, 28.858420138888885], [-13.845920138888882, 28.854079861111106], [-13.843315972222214, 28.853211805555553], [-13.827690972222214, 28.852126736111106], [-13.826388888888882, 28.85147569444444], [-13.825954861111104, 28.849956597222217], [-13.820746527777771, 28.84908854166666], [-13.818793402777771, 28.846918402777774], [-13.809678819444438, 28.851692708333328], [-13.807074652777771, 28.84952256944444], [-13.799262152777771, 28.84865451388889], [-13.79796006944444, 28.846050347222217], [-13.795572916666657, 28.84496527777777], [-13.790581597222214, 28.832812499999992], [-13.789062499999993, 28.83194444444444], [-13.786024305555546, 28.832378472222214], [-13.783420138888882, 28.838454861111106], [-13.775520920956053, 28.841086], [-13.772317965017766, 28.846722916211053], [-13.768012152777771, 28.849956597222217], [-13.767183128036663, 28.85575977040998], [-13.76331109028916, 28.862574210811047], [-13.757378472222216, 28.863845486111103], [-13.756293402777771, 28.866449652777778], [-13.748480902777771, 28.87339409722222], [-13.746527777777771, 28.880121527777774], [-13.746107404489734, 28.886427127098347], [-13.737240187660614, 28.89741216397984], [-13.715439714012605, 28.912333575678403], [-13.700303819444438, 28.915060763888885], [-13.696397569444438, 28.916362847222217], [-13.694444444444438, 28.91788194444444], [-13.694444444444438, 28.919137104718423], [-13.678688502037698, 28.922222222222217], [-13.661892361111104, 28.920920138888885], [-13.659722222222214, 28.919618055555553], [-13.659722222222214, 28.91788194444444], [-13.657769097222214, 28.916579861111106], [-13.653862847222214, 28.915711805555553], [-13.640190972222214, 28.915277777777774], [-13.630425347222214, 28.916579861111106], [-13.628472222222214, 28.91788194444444], [-13.628472222222214, 28.919618055555553], [-13.627170138888882, 28.921137152777774], [-13.624565972222214, 28.922439236111106], [-13.608940972222214, 28.926128472222217], [-13.606987847222214, 28.928949652777774], [-13.604817708333325, 28.929600694444442], [-13.604166666666659, 28.933506944444442], [-13.603081597222214, 28.934809027777774], [-13.587890624999993, 28.93741319444444], [-13.585503472222214, 28.94327256944444], [-13.580295138888882, 28.946961805555553], [-13.57921006944444, 28.94978298611111], [-13.577039930555546, 28.94978298611111], [-13.575086805555546, 28.946744791666664], [-13.572048611111105, 28.946527777777774], [-13.569227430555548, 28.947829861111106], [-13.567274305555546, 28.950868055555553], [-13.565104166666657, 28.952170138888885], [-13.545789930555548, 28.954340277777774], [-13.541883680555548, 28.95607638888888], [-13.539062499999993, 28.95868055555555], [-13.53732638888888, 28.962152777777774], [-13.533203124999993, 28.966493055555553], [-13.524956597222214, 28.968012152777774], [-13.52387152777777, 28.97018229166666], [-13.517144097222216, 28.97213541666666], [-13.512803819444436, 28.977343749999996], [-13.508246527777771, 28.978211805555553], [-13.506612663671264, 28.98237262908348], [-13.495422915195107, 28.991017321554704], [-13.480251736111104, 28.99231770833333], [-13.478515624999993, 28.994921874999996], [-13.476345486111104, 28.995355902777774], [-13.475911458333327, 28.99796006944444], [-13.478298611111104, 28.999479166666664], [-13.476996527777771, 29.007291666666664], [-13.47330729166666, 29.012934027777778], [-13.46701388888888, 29.016840277777767], [-13.464626736111104, 29.019444444444435], [-13.463324652777771, 29.02291666666666], [-13.464409722222216, 29.03897569444444], [-13.462456597222216, 29.041579861111106], [-13.462022569444436, 29.044184027777774], [-13.461154513888882, 29.059809027777774], [-13.458984374999993, 29.061762152777774], [-13.458116319444438, 29.069574652777774], [-13.457031249999993, 29.071527777777774], [-13.455512152777771, 29.07217881944444], [-13.454644097222216, 29.07999131944444], [-13.453559027777771, 29.08194444444444], [-13.452690972222214, 29.08194444444444], [-13.45160590277777, 29.08585069444444], [-13.452039930555546, 29.10147569444444], [-13.45421006944444, 29.10342881944444], [-13.455078124999993, 29.11124131944444], [-13.45768229166666, 29.11427951388888], [-13.458116319444438, 29.116449652777774], [-13.45768229166666, 29.129470486111106], [-13.454427083333329, 29.13185763888888], [-13.45160590277777, 29.136197916666667], [-13.445529513888882, 29.137934027777774], [-13.439887152777771, 29.14401041666666], [-13.435329861111104, 29.144878472222214], [-13.433376736111104, 29.150086805555553], [-13.427517361111104, 29.151388888888885], [-13.425347222222216, 29.152907986111106], [-13.422309027777771, 29.160503472222217], [-13.419704861111102, 29.174175347222214], [-13.416883680555548, 29.17764756944444], [-13.416015624999993, 29.18546006944444], [-13.413845486111104, 29.187117616033753], [-13.413411458333327, 29.19919567510548], [-13.413845486111104, 29.20120868495077], [-13.416449652777771, 29.204173259493665], [-13.417317708333325, 29.212005537974676], [-13.419487847222214, 29.212875791139233], [-13.421006944444436, 29.215486550632907], [-13.428767018958052, 29.216134860655565], [-13.434418739595568, 29.22085257310275], [-13.435329861111104, 29.223318829113918], [-13.439670138888882, 29.226582278481008], [-13.440972222222214, 29.233109177215187], [-13.442274305555548, 29.235067246835442], [-13.444878472222214, 29.236372626582277], [-13.458977576603466, 29.23806880238024], [-13.465277777777771, 29.24268196202531], [-13.469184027777771, 29.243987341772147], [-13.475043402777771, 29.243334651898728], [-13.476996527777771, 29.24072389240506], [-13.480034722222214, 29.24050632911392], [-13.481336805555546, 29.24137658227848], [-13.482638888888882, 29.24572784810126], [-13.481987847222214, 29.25225474683544], [-13.478732638888882, 29.257041139240503], [-13.474175347222214, 29.26052215189873], [-13.472222222222214, 29.264003164556957], [-13.47287326388888, 29.267919303797463], [-13.474392361111104, 29.26835443037974], [-13.47547743055555, 29.270312499999996], [-13.476345486111104, 29.278144778481007], [-13.478515624999993, 29.279015031645564], [-13.480034722222214, 29.281625791139238], [-13.493850419474368, 29.284690522058042], [-13.497612847222214, 29.28880537974683], [-13.502170138888882, 29.289675632911386], [-13.503472222222214, 29.293591772151895], [-13.50607638888888, 29.295767405063287], [-13.514756944444436, 29.295767405063287], [-13.517361111111104, 29.293591772151895], [-13.518012152777771, 29.289675632911386], [-13.52018229166666, 29.289675632911386], [-13.521267361111104, 29.29489715189873], [-13.52647569444444, 29.296855221518985], [-13.527343749999993, 29.298160601265817], [-13.527560763888882, 29.304687499999993], [-13.527126736111105, 29.30599287974683], [-13.524956597222216, 29.307298259493667], [-13.524305555555548, 29.310561708860757], [-13.524522569444436, 29.315130537974674], [-13.525607638888882, 29.317088607594933], [-13.52647569444444, 29.317088607594933], [-13.528428819444438, 29.311431962025317], [-13.537543402777771, 29.30947389240506], [-13.539496527777771, 29.30621044303797], [-13.545138888888882, 29.301859177215185], [-13.544921874999993, 29.30033623417721], [-13.542317708333325, 29.298813291139236], [-13.540798611111104, 29.28837025316455], [-13.536458333333327, 29.28575949367088], [-13.528645833333327, 29.285106803797465], [-13.527126736111105, 29.28249604430379], [-13.524956597222216, 29.281843354430375], [-13.524305555555548, 29.27792721518987], [-13.524956597222216, 29.275751582278478], [-13.527126736111105, 29.274228639240505], [-13.529079861111104, 29.258999208860754], [-13.53211805555555, 29.25791139240506], [-13.534288194444436, 29.25464794303797], [-13.53537326388888, 29.241594145569618], [-13.53797743055555, 29.2398536392405], [-13.538845486111104, 29.237678006329112], [-13.544704861111104, 29.237025316455693], [-13.546657986111104, 29.2359375], [-13.547960069444438, 29.233761867088603], [-13.548611111111104, 29.226147151898733], [-13.54796006944444, 29.22070806962025], [-13.54535590277777, 29.218967563291134], [-13.545138888888882, 29.21744462025316], [-13.540581597222214, 29.216356803797467], [-13.529947916666659, 29.216139240506326], [-13.525390624999993, 29.215051424050632], [-13.522352430555548, 29.212875791139236], [-13.520833333333327, 29.20961234177215], [-13.521484374999993, 29.199408293776365], [-13.523437499999993, 29.19694147767229], [-13.522135416666659, 29.196527777777774]], [[-13.839843749999993, 28.762065972222217], [-13.84071180555555, 28.759678819444442], [-13.845920138888882, 28.758810763888885], [-13.847656249999993, 28.756206597222217], [-13.851562499999993, 28.755555555555553], [-13.853732638888882, 28.756206597222217], [-13.855251736111104, 28.758376736111106], [-13.870442708333327, 28.759678819444442], [-13.872178819444438, 28.76184895833333], [-13.879991319444438, 28.76271701388889], [-13.883246527777771, 28.76532118055555], [-13.898871527777771, 28.766189236111106], [-13.902777777777771, 28.767274305555553], [-13.903428819444438, 28.768793402777774], [-13.904730902777771, 28.769227430555546], [-13.909288194444438, 28.76944444444444], [-13.913194444444438, 28.768142361111103], [-13.915364583333327, 28.765104166666667], [-13.91883680555555, 28.763585069444446], [-13.958984374999993, 28.758593749999996], [-13.961805555555548, 28.75772569444444], [-13.962456597222214, 28.756206597222217], [-13.963758680555548, 28.75577256944444], [-13.970269097222214, 28.75577256944444], [-13.972222222222214, 28.756857638888885], [-13.97287326388888, 28.758810763888885], [-13.974392361111104, 28.759027777777774], [-13.976128472222216, 28.756206597222217], [-13.982204861111104, 28.754253472222217], [-13.983289930555546, 28.749045138888885], [-13.98546006944444, 28.748394097222217], [-13.986545138888882, 28.74578993055555], [-13.991753472222214, 28.744921874999996], [-13.993923611111104, 28.74231770833333], [-14.004340277777771, 28.741449652777774], [-14.006076388888882, 28.741015625], [-14.008246527777771, 28.738845486111103], [-14.010850694444438, 28.738411458333324], [-14.026475694444438, 28.737543402777774], [-14.027777777777771, 28.736892361111106], [-14.02821180555555, 28.735373263888885], [-14.03211805555555, 28.734722222222217], [-14.033420138888882, 28.733637152777774], [-14.035156249999993, 28.720399305555553], [-14.036024305555546, 28.717795138888885], [-14.040364583333325, 28.713454861111103], [-14.041666666666659, 28.70303819444444], [-14.039062499999993, 28.696961805555553], [-14.028645833333327, 28.691970486111103], [-14.02647569444444, 28.685894097222217], [-14.02213541666666, 28.682204861111103], [-14.020833333333327, 28.67178819444444], [-14.021484374999993, 28.666362847222217], [-14.024088541666659, 28.663975694444442], [-14.024956597222216, 28.658767361111103], [-14.027560763888882, 28.657031249999996], [-14.02821180555555, 28.65269097222222], [-14.034288194444436, 28.650086805555553], [-14.034939236111104, 28.645746527777774], [-14.03754340277777, 28.643142361111103], [-14.038845486111104, 28.62491319444444], [-14.041015624999993, 28.622743055555553], [-14.041883680555548, 28.61232638888888], [-14.042317708333325, 28.610590277777774], [-14.044270833333325, 28.60885416666666], [-14.042534722222214, 28.59670138888888], [-14.045572916666657, 28.594531249999996], [-14.048394097222216, 28.59019097222222], [-14.05295138888888, 28.588888888888885], [-14.05512152777777, 28.586935763888885], [-14.056206597222216, 28.579123263888885], [-14.058376736111105, 28.57803819444444], [-14.05924479166666, 28.572829861111106], [-14.061848958333327, 28.570876736111106], [-14.062717013888882, 28.563064236111106], [-14.065755208333325, 28.559809027777774], [-14.066189236111104, 28.555468749999996], [-14.06879340277777, 28.55373263888889], [-14.069878472222216, 28.54852430555555], [-14.075086805555546, 28.54635416666666], [-14.077690972222214, 28.533550347222214], [-14.082031249999993, 28.52986111111111], [-14.083767361111104, 28.521180555555546], [-14.089843749999993, 28.514236111111106], [-14.09071180555555, 28.507508680555553], [-14.091579861111104, 28.506206597222217], [-14.09461805555555, 28.505555555555553], [-14.096788194444436, 28.503602430555553], [-14.097656249999993, 28.496874999999996], [-14.104383680555548, 28.489279513888885], [-14.108072916666657, 28.47864583333333], [-14.110894097222216, 28.477126736111106], [-14.111545138888882, 28.474956597222217], [-14.118272569444438, 28.473003472222217], [-14.122612847222214, 28.467795138888885], [-14.128038194444436, 28.46671006944444], [-14.128689236111104, 28.46453993055555], [-14.13129340277777, 28.463454861111106], [-14.131944444444438, 28.459548611111106], [-14.134548611111105, 28.45672743055555], [-14.144965277777771, 28.452387152777774], [-14.146267361111104, 28.447829861111106], [-14.15147569444444, 28.445876736111106], [-14.152343749999993, 28.444574652777774], [-14.154079861111104, 28.436762152777774], [-14.15711805555555, 28.436111111111106], [-14.158637152777771, 28.434157986111106], [-14.163628472222214, 28.406814236111106], [-14.166449652777771, 28.40225694444444], [-14.167317708333325, 28.391840277777774], [-14.169487847222214, 28.389670138888885], [-14.17035590277777, 28.374045138888885], [-14.171440972222214, 28.370138888888885], [-14.173394097222216, 28.369487847222217], [-14.174045138888882, 28.36731770833333], [-14.18012152777777, 28.365364583333328], [-14.180772569444436, 28.36102430555555], [-14.183810763888882, 28.357769097222217], [-14.184678819444438, 28.349956597222217], [-14.187282986111104, 28.34865451388889], [-14.187934027777771, 28.346484374999996], [-14.193142361111104, 28.34561631944444], [-14.195312499999993, 28.34279513888889], [-14.20572916666666, 28.33910590277777], [-14.208333333333327, 28.336284722222217], [-14.208984374999993, 28.332378472222214], [-14.211154513888882, 28.33107638888888], [-14.212022569444436, 28.320659722222217], [-14.212456597222216, 28.318923611111106], [-14.214626736111105, 28.316753472222217], [-14.215060763888882, 28.314149305555553], [-14.21571180555555, 28.301128472222217], [-14.217881944444436, 28.297222222222217], [-14.220920138888882, 28.29635416666666], [-14.222222222222214, 28.292013888888885], [-14.221788194444436, 28.285937499999996], [-14.220920138888882, 28.28420138888888], [-14.217881944444436, 28.283333333333328], [-14.21571180555555, 28.278124999999996], [-14.21571180555555, 28.26076388888889], [-14.216579861111104, 28.25729166666666], [-14.217881944444436, 28.255555555555553], [-14.21961805555555, 28.255555555555553], [-14.220920138888882, 28.254253472222217], [-14.221788194444436, 28.251649305555553], [-14.22287326388888, 28.236024305555553], [-14.22547743055555, 28.232769097222217], [-14.226345486111104, 28.224956597222217], [-14.228949652777771, 28.223654513888885], [-14.23697916666666, 28.214539930555553], [-14.241753472222214, 28.213454861111106], [-14.244357638888882, 28.207378472222214], [-14.247395833333325, 28.20694444444444], [-14.25086805555555, 28.20499131944444], [-14.257812499999995, 28.19717881944444], [-14.263454861111104, 28.195876736111106], [-14.264539930555546, 28.19327256944444], [-14.26671006944444, 28.192621527777774], [-14.267795138888882, 28.18741319444444], [-14.274522569444438, 28.184809027777774], [-14.277560763888882, 28.180468749999996], [-14.284288194444436, 28.178515625], [-14.286024305555546, 28.175911458333324], [-14.291232638888882, 28.175043402777774], [-14.292968749999993, 28.172439236111106], [-14.297309027777771, 28.17178819444444], [-14.299262152777771, 28.166579861111106], [-14.309027777777771, 28.163975694444442], [-14.313585069444438, 28.15811631944444], [-14.31901041666666, 28.154427083333328], [-14.320095486111104, 28.15203993055555], [-14.329210069444438, 28.150086805555553], [-14.33116319444444, 28.144878472222214], [-14.335503472222214, 28.144227430555546], [-14.338758680555548, 28.141189236111106], [-14.346571180555548, 28.14032118055555], [-14.347656249999993, 28.13815104166666], [-14.352864583333325, 28.13728298611111], [-14.355468749999993, 28.134244791666664], [-14.360677083333327, 28.133376736111106], [-14.361762152777771, 28.131206597222217], [-14.369574652777771, 28.130121527777774], [-14.370876736111104, 28.129253472222217], [-14.372829861111104, 28.124045138888885], [-14.377170138888882, 28.123394097222217], [-14.378472222222214, 28.121440972222217], [-14.380642361111104, 28.12057291666666], [-14.40668402777777, 28.117100694444446], [-14.413194444444438, 28.11536458333333], [-14.414279513888882, 28.113845486111103], [-14.427300347222214, 28.112977430555546], [-14.429470486111104, 28.112543402777774], [-14.430555555555548, 28.111024305555553], [-14.433810763888882, 28.110373263888885], [-14.472873263888882, 28.109939236111106], [-14.482638888888882, 28.111024305555553], [-14.483289930555546, 28.112977430555546], [-14.48546006944444, 28.113628472222214], [-14.486545138888882, 28.118836805555553], [-14.49262152777777, 28.12078993055555], [-14.493272569444436, 28.12296006944444], [-14.49522569444444, 28.123611111111106], [-14.497612847222214, 28.118402777777774], [-14.503689236111104, 28.09756944444444], [-14.50672743055555, 28.094531249999996], [-14.507378472222216, 28.09019097222222], [-14.513454861111104, 28.087586805555553], [-14.51410590277777, 28.083246527777774], [-14.51671006944444, 28.080425347222214], [-14.517361111111104, 28.066753472222217], [-14.51627604166666, 28.062196180555553], [-14.514105902777771, 28.059157986111106], [-14.510850694444438, 28.057638888888885], [-14.50282118055555, 28.05850694444444], [-14.499782986111104, 28.060243055555553], [-14.495659722222214, 28.06631944444444], [-14.491164278308764, 28.06950651089871], [-14.467594827202495, 28.07070841307459], [-14.465277777777771, 28.07022569444444], [-14.465277777777771, 28.069357638888885], [-14.46375868055555, 28.068706597222217], [-14.45008680555555, 28.068055555555553], [-14.442491319444436, 28.066753472222217], [-14.440972222222214, 28.06545138888888], [-14.439670138888882, 28.061545138888885], [-14.435329861111104, 28.060894097222217], [-14.433159722222216, 28.05828993055555], [-14.42274305555555, 28.057421874999996], [-14.418619791666659, 28.05481770833333], [-14.397352430555548, 28.053515625], [-14.394965277777771, 28.051345486111103], [-14.384548611111105, 28.050477430555546], [-14.382812499999993, 28.050043402777774], [-14.381944444444438, 28.048524305555553], [-14.378906249999993, 28.047873263888885], [-14.351562499999993, 28.047222222222217], [-14.336371527777771, 28.045920138888885], [-14.333333333333327, 28.044618055555553], [-14.333116319444438, 28.041579861111106], [-14.33116319444444, 28.040277777777774], [-14.330078124999993, 28.041579861111106], [-14.32921006944444, 28.04678819444444], [-14.327039930555546, 28.047439236111106], [-14.325520833333325, 28.050043402777774], [-14.313368055555548, 28.051345486111103], [-14.311848958333327, 28.053949652777774], [-14.309461805555548, 28.05503472222222], [-14.304470486111104, 28.067187499999996], [-14.29969618055555, 28.068489583333328], [-14.29535590277777, 28.073697916666667], [-14.289279513888882, 28.075434027777774], [-14.284939236111104, 28.080642361111103], [-14.27821180555555, 28.083246527777774], [-14.277126736111105, 28.088454861111106], [-14.274522569444438, 28.089539930555553], [-14.26844618055555, 28.097352430555553], [-14.264539930555546, 28.099956597222217], [-14.263237847222214, 28.107769097222217], [-14.261935763888882, 28.109071180555553], [-14.254123263888882, 28.11102430555555], [-14.251519097222214, 28.117534722222217], [-14.243706597222214, 28.12447916666666], [-14.24262152777777, 28.129253472222217], [-14.235894097222216, 28.13185763888888], [-14.23285590277777, 28.136414930555553], [-14.226996527777771, 28.140972222222217], [-14.225173977644314, 28.1500849728895], [-14.220674059520485, 28.15444881264243], [-14.21571180555555, 28.155512152777774], [-14.21397569444444, 28.15811631944444], [-14.20963541666666, 28.158550347222217], [-14.208333333333327, 28.160503472222217], [-14.20572916666666, 28.16158854166666], [-14.195312499999993, 28.162456597222217], [-14.193142361111104, 28.164626736111106], [-14.181423611111104, 28.165277777777774], [-14.174913194444438, 28.166579861111106], [-14.173611111111104, 28.16788194444444], [-14.173394097222216, 28.170920138888885], [-14.172309027777771, 28.172222222222217], [-14.17035590277777, 28.170920138888885], [-14.169704861111104, 28.166579861111106], [-14.165798611111105, 28.165277777777774], [-14.163628472222216, 28.166579861111106], [-14.163194444444438, 28.169618055555553], [-14.161892361111104, 28.170920138888885], [-14.143012152777771, 28.17352430555555], [-14.138454861111104, 28.177864583333328], [-14.135850694444438, 28.17873263888889], [-14.122612847222216, 28.17981770833333], [-14.12022569444444, 28.182638888888885], [-14.118706597222216, 28.182421874999996], [-14.116753472222214, 28.179383680555553], [-14.11241319444444, 28.179383680555553], [-14.110677083333327, 28.181987847222217], [-14.105468749999993, 28.182855902777774], [-14.103298611111104, 28.18546006944444], [-14.091145833333327, 28.18741319444444], [-14.090277777777771, 28.19045138888888], [-14.086371527777771, 28.192621527777774], [-14.070746527777771, 28.193706597222217], [-14.068576388888882, 28.195876736111106], [-14.058159722222214, 28.196744791666664], [-14.05316840277777, 28.19934895833333], [-14.02452256944444, 28.20021701388889], [-14.017361111111104, 28.201302083333328], [-14.016710069444438, 28.20282118055555], [-14.008897569444438, 28.203689236111106], [-14.005642361111104, 28.206727430555546], [-14.001302083333327, 28.207378472222214], [-13.998697916666659, 28.213454861111106], [-13.994357638888882, 28.214105902777774], [-13.992187499999993, 28.216927083333328], [-13.981770833333325, 28.220399305555546], [-13.979166666666659, 28.22213541666666], [-13.979166666666659, 28.223003472222217], [-13.940972222222214, 28.225607638888885], [-13.940538194444436, 28.227126736111106], [-13.93446180555555, 28.229079861111106], [-13.933376736111105, 28.23428819444444], [-13.930772569444436, 28.235373263888885], [-13.93012152777777, 28.237543402777774], [-13.924045138888882, 28.239496527777774], [-13.92296006944444, 28.244704861111106], [-13.92035590277777, 28.24578993055555], [-13.919704861111104, 28.24796006944444], [-13.915798611111105, 28.248611111111106], [-13.914496527777771, 28.249696180555553], [-13.911892361111104, 28.265972222222217], [-13.91037326388888, 28.266189236111106], [-13.909071180555548, 28.268793402777774], [-13.903211805555548, 28.26944444444444], [-13.899956597222214, 28.272048611111103], [-13.898654513888882, 28.28246527777777], [-13.897135416666659, 28.283333333333328], [-13.896484374999993, 28.28506944444444], [-13.895616319444438, 28.305902777777774], [-13.894531249999993, 28.311111111111106], [-13.892795138888884, 28.311979166666664], [-13.887803819444436, 28.324131944444442], [-13.882378472222216, 28.32565104166666], [-13.88172743055555, 28.32782118055555], [-13.87912326388888, 28.329123263888885], [-13.878255208333325, 28.336935763888885], [-13.875651041666659, 28.340190972222217], [-13.874660090710515, 28.354658856181924], [-13.87300985607213, 28.359857535520728], [-13.869140624999993, 28.36427951388888], [-13.870659722222216, 28.369704861111106], [-13.868272569444436, 28.37078993055555], [-13.86762152777777, 28.37296006944444], [-13.861545138888882, 28.37491319444444], [-13.860677083333327, 28.379470486111103], [-13.854600694444438, 28.38576388888888], [-13.853949652777771, 28.39249131944444], [-13.852864583333327, 28.39444444444444], [-13.851996527777771, 28.39444444444444], [-13.851676654404745, 28.396171760658785], [-13.848960197785557, 28.398370782551915], [-13.844496483920882, 28.407148866694715], [-13.845766435906608, 28.41371712257595], [-13.851140454478047, 28.421896034746926], [-13.853515624999993, 28.428298611111103], [-13.854817708333325, 28.46475694444444], [-13.855468749999993, 28.467361111111106], [-13.856336805555546, 28.467361111111106], [-13.857421874999993, 28.469314236111106], [-13.858040961045349, 28.479208768406973], [-13.855791983815262, 28.487784642251217], [-13.853732638888882, 28.491015625], [-13.847656249999993, 28.492968749999996], [-13.845920138888882, 28.49817708333333], [-13.842881944444436, 28.498611111111106], [-13.84071180555555, 28.500564236111106], [-13.840060763888882, 28.507074652777774], [-13.837239583333327, 28.510329861111106], [-13.83289930555555, 28.528559027777774], [-13.830512152777771, 28.530295138888885], [-13.829644097222216, 28.535503472222217], [-13.82660590277777, 28.538758680555553], [-13.825954861111104, 28.545269097222217], [-13.825086805555546, 28.546571180555553], [-13.820746527777771, 28.547873263888885], [-13.81879340277777, 28.556987847222217], [-13.815972222222214, 28.558940972222217], [-13.81662326388888, 28.560894097222217], [-13.81879340277777, 28.561762152777774], [-13.819878472222216, 28.569574652777774], [-13.820746527777771, 28.570876736111106], [-13.825086805555546, 28.572612847222217], [-13.826388888888882, 28.57803819444444], [-13.825954861111104, 28.585633680555553], [-13.825086805555546, 28.58780381944444], [-13.820746527777771, 28.589539930555553], [-13.819878472222216, 28.590842013888885], [-13.819444444444438, 28.595399305555553], [-13.820746527777771, 28.598654513888885], [-13.823784722222214, 28.599305555555553], [-13.825546417867734, 28.604062133798458], [-13.822660720054866, 28.636676882338882], [-13.826483784126676, 28.68339908201457], [-13.825086805555546, 28.692187499999996], [-13.820746527777771, 28.694357638888885], [-13.819444444444438, 28.706076388888885], [-13.820746527777771, 28.712586805555553], [-13.822048611111105, 28.713888888888885], [-13.825086805555546, 28.71432291666666], [-13.826388888888882, 28.71822916666666], [-13.825086805555546, 28.72039930555555], [-13.819878472222216, 28.72213541666666], [-13.81922743055555, 28.726475694444442], [-13.816406249999991, 28.72864583333333], [-13.81293402777777, 28.739062499999996], [-13.809678819444438, 28.743402777777774], [-13.80924479166666, 28.764236111111103], [-13.810329861111104, 28.76944444444444], [-13.811848958333327, 28.769878472222214], [-13.813368055555548, 28.775086805555553], [-13.821180555555548, 28.776388888888885], [-13.825520833333325, 28.775086805555553], [-13.827690972222214, 28.769878472222214], [-13.832899305555548, 28.768793402777774], [-13.833767361111104, 28.766406249999996], [-13.839843749999993, 28.762065972222217]], [[-15.408379237288129, 28.148133680555553], [-15.406207627118636, 28.151388888888885], [-15.402298728813552, 28.15203993055555], [-15.401647245762705, 28.15421006944444], [-15.399692796610163, 28.154861111111106], [-15.398389830508467, 28.16788194444444], [-15.399041313559316, 28.174392361111103], [-15.401647245762705, 28.176996527777774], [-15.402298728813552, 28.181336805555553], [-15.408379237288129, 28.18328993055555], [-15.410116525423723, 28.186111111111106], [-15.412070974576263, 28.18546006944444], [-15.412722457627112, 28.18328993055555], [-15.414894067796602, 28.182638888888885], [-15.417934322033892, 28.182855902777774], [-15.419888771186432, 28.185894097222217], [-15.422060381355925, 28.185894097222217], [-15.42358050847457, 28.18307291666666], [-15.436393008474568, 28.178081597222217], [-15.440084745762704, 28.17352430555555], [-15.44659957627118, 28.172222222222217], [-15.448554025423721, 28.170269097222217], [-15.449856991525415, 28.166362847222217], [-15.450725635593212, 28.146831597222217], [-15.451811440677957, 28.140972222222217], [-15.453331567796603, 28.140755208333328], [-15.45398305084745, 28.138802083333328], [-15.455286016949145, 28.13815104166666], [-15.46180084745762, 28.137499999999996], [-15.473527542372874, 28.13815104166666], [-15.47678495762711, 28.140755208333328], [-15.48460275423728, 28.141623263888885], [-15.485688559322025, 28.143793402777774], [-15.490900423728808, 28.144878472222214], [-15.492203389830502, 28.148784722222217], [-15.493940677966096, 28.15030381944444], [-15.518262711864399, 28.15529513888889], [-15.519999999999992, 28.156163194444442], [-15.519999999999992, 28.157031249999992], [-15.603389830508467, 28.156163194444442], [-15.604258474576262, 28.15768229166666], [-15.605995762711858, 28.15811631944444], [-15.614682203389824, 28.158550347222217], [-15.617288135593213, 28.15963541666666], [-15.618591101694909, 28.16223958333333], [-15.622934322033892, 28.165060763888885], [-15.624888771186434, 28.17178819444444], [-15.627060381355925, 28.172439236111106], [-15.627711864406773, 28.174392361111106], [-15.642044491525418, 28.174392361111106], [-15.658765889830503, 28.172439236111106], [-15.663543432203383, 28.171137152777774], [-15.665932203389824, 28.169618055555553], [-15.66723516949152, 28.165711805555553], [-15.670275423728805, 28.165277777777774], [-15.672447033898298, 28.166579861111106], [-15.67418432203389, 28.17178819444444], [-15.678527542372876, 28.172439236111106], [-15.680699152542367, 28.175043402777774], [-15.685042372881352, 28.17569444444444], [-15.692860169491517, 28.175043402777774], [-15.694163135593211, 28.172873263888885], [-15.70024364406779, 28.170920138888885], [-15.701329449152535, 28.166579861111106], [-15.709147245762704, 28.164843749999996], [-15.711101694915246, 28.16267361111111], [-15.709798728813553, 28.15811631944444], [-15.70545550847457, 28.15529513888889], [-15.704152542372874, 28.152690972222217], [-15.706324152542365, 28.151388888888885], [-15.706975635593214, 28.149652777777774], [-15.708278601694907, 28.125347222222217], [-15.710884533898298, 28.121657986111103], [-15.711753177966095, 28.113845486111103], [-15.714359110169486, 28.112543402777774], [-15.715010593220335, 28.110373263888885], [-15.720222457627111, 28.109071180555553], [-15.721525423728806, 28.105815972222217], [-15.720222457627111, 28.099956597222217], [-15.717182203389823, 28.099305555555553], [-15.715010593220335, 28.096050347222217], [-15.714576271186434, 28.088454861111106], [-15.715879237288128, 28.08302951388888], [-15.722394067796603, 28.07999131944444], [-15.72586864406779, 28.07543402777777], [-15.73064618644067, 28.071527777777774], [-15.741504237288128, 28.066970486111103], [-15.743675847457618, 28.060894097222217], [-15.748019067796605, 28.05807291666666], [-15.750190677966096, 28.05481770833333], [-15.760614406779652, 28.053949652777774], [-15.763220338983043, 28.05286458333333], [-15.764523305084737, 28.050911458333324], [-15.769735169491518, 28.050043402777774], [-15.770386652542367, 28.047873263888885], [-15.773426906779655, 28.045920138888885], [-15.77429555084745, 28.040711805555553], [-15.776467161016942, 28.040060763888885], [-15.777552966101688, 28.037456597222217], [-15.784284957627113, 28.035503472222217], [-15.788628177966096, 28.030295138888885], [-15.793188559322026, 28.029644097222217], [-15.795360169491516, 28.02703993055555], [-15.805783898305078, 28.025954861111106], [-15.80752118644067, 28.025086805555553], [-15.809475635593213, 28.020746527777774], [-15.822505296610162, 28.01879340277777], [-15.824676906779654, 28.01749131944444], [-15.8257627118644, 28.01553819444444], [-15.825979872881348, 28.01098090277777], [-15.828585805084739, 28.00794270833333], [-15.829020127118635, 28.005772569444442], [-15.829888771186434, 27.99275173611111], [-15.832494703389823, 27.990364583333328], [-15.832929025423722, 27.98602430555555], [-15.834883474576264, 27.984722222222217], [-15.83596927966101, 27.978862847222217], [-15.83596927966101, 27.959331597222217], [-15.835534957627111, 27.955425347222217], [-15.834883474576264, 27.953472222222217], [-15.834014830508467, 27.953472222222217], [-15.833580508474569, 27.95065104166666], [-15.834883474576264, 27.916362847222217], [-15.834014830508467, 27.90985243055555], [-15.832277542372875, 27.90572916666666], [-15.827717161016942, 27.902039930555553], [-15.826414194915248, 27.89986979166666], [-15.825328389830501, 27.892925347222217], [-15.824459745762704, 27.891623263888885], [-15.819247881355928, 27.889670138888885], [-15.818162076271179, 27.884461805555553], [-15.815990466101688, 27.883376736111106], [-15.814904661016943, 27.875347222222217], [-15.808824152542366, 27.868402777777774], [-15.808172669491519, 27.861675347222217], [-15.805132415254231, 27.858420138888885], [-15.804480932203383, 27.854079861111106], [-15.798400423728804, 27.851475694444442], [-15.797748940677957, 27.84713541666666], [-15.795143008474568, 27.84539930555555], [-15.794274364406771, 27.84019097222222], [-15.791668432203384, 27.838454861111106], [-15.78971398305084, 27.832378472222217], [-15.774078389830501, 27.82022569444444], [-15.771472457627112, 27.81762152777777], [-15.769300847457622, 27.81241319444444], [-15.75865995762711, 27.81067708333333], [-15.754968220338975, 27.808506944444442], [-15.75171080508474, 27.804600694444442], [-15.746933262711856, 27.80373263888889], [-15.742590042372873, 27.79852430555555], [-15.735858050847451, 27.795920138888885], [-15.734772245762706, 27.790711805555553], [-15.732600635593212, 27.790060763888885], [-15.731514830508466, 27.787456597222217], [-15.726302966101688, 27.78658854166666], [-15.723045550847452, 27.783550347222217], [-15.715227754237283, 27.78268229166666], [-15.71327330508474, 27.779427083333328], [-15.708930084745754, 27.77660590277777], [-15.706975635593214, 27.769878472222214], [-15.704804025423721, 27.769227430555546], [-15.703501059322026, 27.766623263888885], [-15.697637711864399, 27.765972222222217], [-15.695683262711857, 27.764670138888885], [-15.694380296610161, 27.762065972222217], [-15.69242584745762, 27.74578993055555], [-15.691122881355925, 27.74383680555555], [-15.68721398305084, 27.74123263888889], [-15.686779661016942, 27.739496527777774], [-15.684173728813553, 27.738411458333324], [-15.673749999999991, 27.737543402777774], [-15.67222987288135, 27.734939236111106], [-15.670058262711857, 27.73428819444444], [-15.668103813559314, 27.728211805555553], [-15.663760593220331, 27.727560763888885], [-15.660503177966095, 27.72452256944444], [-15.652685381355926, 27.72365451388889], [-15.652468220338976, 27.721484374999996], [-15.657680084745756, 27.72061631944444], [-15.65898305084745, 27.718663194444442], [-15.653336864406773, 27.716276041666664], [-15.65159957627118, 27.70325520833333], [-15.649427966101687, 27.699999999999996], [-15.645519067796606, 27.70065104166666], [-15.643781779661012, 27.703906249999996], [-15.639438559322025, 27.70672743055555], [-15.638135593220332, 27.711284722222217], [-15.635529661016943, 27.713454861111106], [-15.626843220338976, 27.714105902777774], [-15.62510593220338, 27.71453993055555], [-15.624237288135586, 27.716059027777774], [-15.619025423728804, 27.717144097222217], [-15.598177966101689, 27.718012152777774], [-15.593834745762704, 27.72061631944444], [-15.584931144067788, 27.721267361111103], [-15.582759533898297, 27.72213541666666], [-15.57733050847457, 27.727343749999996], [-15.570598516949145, 27.728211805555553], [-15.568644067796603, 27.73038194444444], [-15.567341101694907, 27.734939236111106], [-15.562997881355926, 27.73819444444444], [-15.56141406046373, 27.74610818365849], [-15.548226260997493, 27.759214456545553], [-15.544973516949145, 27.759678819444442], [-15.5438877118644, 27.76184895833333], [-15.538675847457618, 27.76271701388889], [-15.536721398305078, 27.76532118055555], [-15.527600635593213, 27.766623263888885], [-15.526514830508468, 27.768793402777774], [-15.521302966101686, 27.769878472222214], [-15.519446819139471, 27.774337528298958], [-15.512085334227116, 27.77638427919683], [-15.503061440677959, 27.775954861111106], [-15.499152542372874, 27.773784722222217], [-15.498501059322027, 27.769878472222214], [-15.496329449152535, 27.769227430555546], [-15.494809322033891, 27.766623263888885], [-15.48699152542372, 27.765972222222217], [-15.482648305084737, 27.767925347222217], [-15.481128177966093, 27.77486979166666], [-15.4798252118644, 27.777039930555553], [-15.473310381355924, 27.78224826388888], [-15.471355932203382, 27.785503472222217], [-15.465492584745755, 27.78723958333333], [-15.445948093220332, 27.790060763888885], [-15.442039194915248, 27.791362847222217], [-15.440084745762706, 27.79288194444444], [-15.43899894067796, 27.795920138888885], [-15.436827330508468, 27.79678819444444], [-15.423146186440672, 27.79852430555555], [-15.413591101694909, 27.80850694444444], [-15.411636652542366, 27.830425347222214], [-15.410985169491518, 27.83194444444444], [-15.409465042372876, 27.832378472222214], [-15.40794491525423, 27.837586805555553], [-15.395783898305076, 27.84019097222222], [-15.394263771186434, 27.84539930555555], [-15.391657838983043, 27.846484374999996], [-15.39083299007678, 27.848957245196623], [-15.379216874187659, 27.853362335627], [-15.377499723107121, 27.867395826215226], [-15.378193855932196, 27.879253472222217], [-15.380799788135585, 27.88185763888888], [-15.381451271186432, 27.886197916666667], [-15.385970289713576, 27.88789096966209], [-15.38724104415919, 27.8899488182367], [-15.382319915254229, 27.891840277777774], [-15.380365466101686, 27.903993055555553], [-15.377759533898297, 27.906814236111106], [-15.377759533898297, 27.913324652777774], [-15.380799788135585, 27.916579861111106], [-15.380582627118635, 27.921137152777774], [-15.375370762711858, 27.92526041666666], [-15.372981991525418, 27.928515625], [-15.359952330508468, 27.929383680555553], [-15.35669491525423, 27.93046875], [-15.356043432203384, 27.932421874999996], [-15.353871822033891, 27.933289930555553], [-15.353220338983045, 27.939149305555553], [-15.35452330508474, 27.942404513888885], [-15.359735169491518, 27.94435763888888], [-15.36147245762711, 27.94956597222222], [-15.365815677966093, 27.95021701388889], [-15.367552966101687, 27.95282118055555], [-15.372764830508467, 27.954340277777774], [-15.374719279661011, 27.966493055555553], [-15.376758210791621, 27.967715585400125], [-15.375838105311443, 27.974172119563608], [-15.374284957627111, 27.976258680555553], [-15.374143886721074, 27.97921916247596], [-15.371242982716558, 27.985862834769506], [-15.367552966101687, 27.988628472222217], [-15.36668432203389, 27.991015625], [-15.36147245762711, 27.991883680555553], [-15.360169491525417, 27.99383680555555], [-15.36147245762711, 27.994921874999996], [-15.3645127118644, 27.995138888888885], [-15.36668432203389, 27.997092013888885], [-15.365210409135951, 28.00938180448569], [-15.368633523689363, 28.01467562035446], [-15.373868927330442, 28.017481208139685], [-15.37710805084745, 28.021180555555546], [-15.378193855932196, 28.02921006944444], [-15.380799788135585, 28.030512152777774], [-15.381451271186432, 28.03268229166666], [-15.388183262711859, 28.03463541666666], [-15.39252648305084, 28.039843749999996], [-15.397086864406774, 28.040711805555553], [-15.399041313559316, 28.04678819444444], [-15.401212923728806, 28.047439236111106], [-15.402298728813552, 28.050043402777774], [-15.403616790639234, 28.050317812950663], [-15.405351351397247, 28.055852409788788], [-15.410610609978136, 28.078195486302327], [-15.409030720338976, 28.08107638888888], [-15.408379237288129, 28.08975694444444], [-15.406207627118636, 28.092361111111106], [-15.403167372881349, 28.092795138888885], [-15.401864406779653, 28.094965277777774], [-15.403167372881349, 28.098871527777774], [-15.406207627118636, 28.099305555555553], [-15.407510593220332, 28.100607638888885], [-15.408813559322027, 28.107118055555553], [-15.409465042372876, 28.118836805555553], [-15.411636652542366, 28.12100694444444], [-15.412070974576263, 28.122743055555553], [-15.412070974576263, 28.131423611111106], [-15.411636652542366, 28.133159722222217], [-15.409465042372876, 28.135112847222217], [-15.408379237288129, 28.148133680555553]], [[-15.402298728813552, 28.12296006944444], [-15.407510593220332, 28.123394097222217], [-15.408813559322027, 28.122309027777774], [-15.408379237288129, 28.12078993055555], [-15.403167372881349, 28.120355902777774], [-15.401864406779653, 28.121440972222217], [-15.402298728813552, 28.12296006944444]], [[-16.11827860169491, 28.609071180555553], [-16.117192796610162, 28.601258680555553], [-16.11632415254237, 28.599956597222217], [-16.111980932203384, 28.598654513888885], [-16.110026483050838, 28.589539930555553], [-16.10785487288135, 28.589105902777774], [-16.106986228813554, 28.59171006944444], [-16.10503177966101, 28.592361111111106], [-16.103945974576263, 28.596918402777774], [-16.103945974576263, 28.612109374999996], [-16.10503177966101, 28.616666666666664], [-16.106551906779654, 28.616883680555553], [-16.10742055084745, 28.619487847222217], [-16.109374999999993, 28.620138888888885], [-16.111329449152535, 28.61731770833333], [-16.119147245762704, 28.61623263888889], [-16.121101694915247, 28.614062499999996], [-16.1208845338983, 28.61102430555555], [-16.11827860169491, 28.609071180555553]], [[-16.663135593220332, 28.00295138888888], [-16.65401483050847, 28.005555555555553], [-16.64033368644067, 28.006206597222217], [-16.636207627118637, 28.009461805555553], [-16.625783898305077, 28.012934027777774], [-16.62491525423728, 28.01467013888888], [-16.623177966101686, 28.01553819444444], [-16.60233050847457, 28.01922743055555], [-16.59711864406779, 28.022048611111106], [-16.596467161016943, 28.025086805555553], [-16.59516419491525, 28.025954861111106], [-16.58734639830508, 28.02703993055555], [-16.58669491525423, 28.028559027777774], [-16.58474046610169, 28.029644097222217], [-16.578225635593213, 28.029644097222217], [-16.57627118644067, 28.028559027777774], [-16.57627118644067, 28.027690972222217], [-16.5697563559322, 28.026605902777774], [-16.551586496993156, 28.026605902777774], [-16.54640271660943, 28.02563783820517], [-16.54532910362636, 28.027057455075774], [-16.541525423728807, 28.027690972222217], [-16.54130826271186, 28.02921006944444], [-16.538268008474567, 28.03116319444444], [-16.537399364406774, 28.036371527777774], [-16.534793432203383, 28.037456597222217], [-16.534141949152534, 28.039626736111106], [-16.52893008474576, 28.040711805555553], [-16.526324152542365, 28.047439236111106], [-16.521980932203384, 28.05026041666666], [-16.520677966101687, 28.05286458333333], [-16.516117584745757, 28.05525173611111], [-16.505476694915245, 28.058506944444442], [-16.49722457627118, 28.063281249999996], [-16.491795550847453, 28.074131944444442], [-16.488538135593213, 28.074999999999996], [-16.485715042372874, 28.077604166666667], [-16.480720338983044, 28.089322916666664], [-16.472685381355927, 28.09670138888888], [-16.47159957627118, 28.101475694444442], [-16.465519067796603, 28.104079861111106], [-16.464867584745754, 28.108420138888885], [-16.462261652542367, 28.110373263888885], [-16.461668489690013, 28.113103946046714], [-16.442173940085645, 28.133728540821433], [-16.43628362968017, 28.141199436994935], [-16.434247881355923, 28.141623263888885], [-16.433596398305077, 28.143793402777774], [-16.43099046610169, 28.144878472222214], [-16.429036016949148, 28.150954861111106], [-16.424692796610163, 28.151605902777774], [-16.423389830508466, 28.152690972222217], [-16.424692796610163, 28.154644097222217], [-16.4292860481823, 28.155711575281046], [-16.42936119231304, 28.16070713490978], [-16.424692796610163, 28.162456597222217], [-16.423389830508466, 28.165711805555553], [-16.423824152542362, 28.170269097222217], [-16.425995762711857, 28.172222222222217], [-16.428517144768318, 28.17258217562265], [-16.42723661387032, 28.178989522313323], [-16.425995762711857, 28.179166666666664], [-16.423824152542362, 28.18177083333333], [-16.422738347457617, 28.192187499999996], [-16.42056673728813, 28.194357638888885], [-16.41991525423728, 28.206076388888885], [-16.41796080508474, 28.21388888888889], [-16.411445974576264, 28.22039930555555], [-16.41014300847457, 28.223003472222217], [-16.40853097884957, 28.231953124800036], [-16.4071072303749, 28.234304415141427], [-16.402976694915246, 28.23602430555555], [-16.402108050847453, 28.240581597222217], [-16.39689618644067, 28.24513888888888], [-16.395093912225768, 28.254144154698437], [-16.39255296610169, 28.256423611111106], [-16.387264428021055, 28.268688250075854], [-16.382997881355926, 28.270312499999992], [-16.38104343220338, 28.28116319444444], [-16.379740466101687, 28.283767361111103], [-16.37322563559321, 28.28940972222222], [-16.37127118644067, 28.29288194444444], [-16.37061970338982, 28.29678819444444], [-16.36844809322033, 28.297439236111106], [-16.36736228813559, 28.300043402777774], [-16.36128177966101, 28.301996527777774], [-16.36063029661016, 28.306336805555553], [-16.358024364406774, 28.308723958333328], [-16.357590042372873, 28.321744791666667], [-16.358024364406774, 28.323914930555553], [-16.360195974576264, 28.32651909722222], [-16.36128177966101, 28.34474826388888], [-16.3634533898305, 28.349305555555553], [-16.366493644067788, 28.349956597222217], [-16.36736228813559, 28.351258680555553], [-16.36736059540685, 28.356905270621414], [-16.366493644067788, 28.359071180555553], [-16.36128177966101, 28.360373263888885], [-16.36063029661016, 28.362543402777774], [-16.358024364406774, 28.363845486111103], [-16.357155720338973, 28.371657986111103], [-16.354115466101685, 28.37491319444444], [-16.353463983050837, 28.379253472222217], [-16.34738347457626, 28.38185763888888], [-16.345646186440668, 28.38706597222222], [-16.341302966101686, 28.38771701388889], [-16.339348516949144, 28.390755208333328], [-16.337176906779654, 28.391189236111106], [-16.336308262711857, 28.393793402777774], [-16.333702330508466, 28.394878472222214], [-16.33356312199967, 28.39571315738675], [-16.324599254768806, 28.398812963542692], [-16.320601758030218, 28.4017351970195], [-16.31546080508474, 28.403342013888885], [-16.30720868644067, 28.411154513888885], [-16.298956567796605, 28.412456597222217], [-16.29765360169491, 28.415060763888885], [-16.295481991525413, 28.415711805555553], [-16.29461334745762, 28.420920138888885], [-16.283865947367232, 28.43122760899578], [-16.278326271186433, 28.43307291666666], [-16.276806144067788, 28.435894097222217], [-16.2746345338983, 28.436545138888885], [-16.273758071214697, 28.440632526968464], [-16.26427693997804, 28.449085080890764], [-16.25400423728813, 28.45065104166666], [-16.25270127118643, 28.45282118055555], [-16.247489406779657, 28.454123263888885], [-16.24553495762711, 28.463237847222217], [-16.24401483050847, 28.463888888888885], [-16.24292902542372, 28.465842013888885], [-16.242277542372875, 28.472352430555553], [-16.24010593220338, 28.474305555555553], [-16.237065677966093, 28.474956597222217], [-16.2357627118644, 28.480815972222217], [-16.233156779661012, 28.484071180555553], [-16.222733050847452, 28.485373263888885], [-16.221430084745755, 28.487543402777774], [-16.216218220338977, 28.488411458333324], [-16.21448093220338, 28.491015625], [-16.209269067796605, 28.491883680555553], [-16.20709745762711, 28.494487847222217], [-16.196239406779654, 28.49600694444444], [-16.191461864406772, 28.500347222222217], [-16.187552966101688, 28.506423611111106], [-16.184947033898297, 28.508159722222217], [-16.17343749999999, 28.510329861111106], [-16.169962923728807, 28.514670138888885], [-16.164099576271177, 28.516189236111106], [-16.16149364406779, 28.518793402777774], [-16.149766949152536, 28.51944444444444], [-16.14325211864406, 28.520746527777774], [-16.141949152542367, 28.522048611111106], [-16.141297669491518, 28.525954861111106], [-16.139126059322027, 28.526605902777774], [-16.137605932203382, 28.52921006944444], [-16.129788135593216, 28.529861111111106], [-16.127182203389825, 28.53116319444444], [-16.12544491525423, 28.533767361111103], [-16.124576271186434, 28.537673611111103], [-16.123273305084737, 28.55004340277777], [-16.118930084745756, 28.554383680555556], [-16.117627118644062, 28.559375], [-16.11827860169491, 28.567187499999996], [-16.12022878520478, 28.56935290249703], [-16.11849576271186, 28.587586805555553], [-16.118930084745756, 28.588888888888885], [-16.1208845338983, 28.58953993055555], [-16.121536016949143, 28.59171006944444], [-16.126965042372873, 28.592795138888885], [-16.132611228813552, 28.598871527777774], [-16.138040254237282, 28.599956597222217], [-16.138691737288127, 28.602126736111106], [-16.141297669491518, 28.603211805555553], [-16.141949152542367, 28.607118055555553], [-16.144555084745758, 28.608420138888885], [-16.168008474576265, 28.609722222222217], [-16.175826271186434, 28.608637152777774], [-16.181038135593212, 28.60646701388888], [-16.183644067796603, 28.60321180555555], [-16.18429555084745, 28.59561631944444], [-16.185598516949145, 28.593446180555553], [-16.187552966101688, 28.592361111111106], [-16.19211334745762, 28.593012152777774], [-16.193416313559315, 28.594314236111106], [-16.19493644067796, 28.600607638888885], [-16.196673728813554, 28.60147569444444], [-16.205360169491517, 28.59973958333333], [-16.209051906779653, 28.596484374999996], [-16.224253177966094, 28.59518229166666], [-16.225990466101685, 28.592578124999996], [-16.227510593220334, 28.592361111111106], [-16.228813559322028, 28.594531249999992], [-16.230333686440673, 28.59518229166666], [-16.252266949152535, 28.59713541666666], [-16.254438559322026, 28.598437499999992], [-16.25661016949152, 28.601475694444442], [-16.26312499999999, 28.602777777777774], [-16.26638241525423, 28.602126736111106], [-16.267685381355925, 28.59952256944444], [-16.269856991525415, 28.598871527777774], [-16.270942796610164, 28.593446180555553], [-16.27615466101694, 28.58910590277777], [-16.278760593220333, 28.582378472222214], [-16.283103813559315, 28.582378472222214], [-16.285058262711857, 28.587586805555553], [-16.290921610169484, 28.588888888888885], [-16.29417902542372, 28.587586805555553], [-16.29483050847457, 28.584548611111106], [-16.29700211864406, 28.583246527777774], [-16.329576271186433, 28.580642361111106], [-16.33001059322033, 28.578906249999996], [-16.33522245762711, 28.574782986111106], [-16.336525423728805, 28.566319444444442], [-16.339131355932196, 28.561979166666664], [-16.349555084745756, 28.56046006944444], [-16.35085805084745, 28.55828993055555], [-16.35606991525423, 28.557421874999996], [-16.357372881355925, 28.55546875], [-16.359327330508467, 28.55481770833333], [-16.376917372881348, 28.554166666666664], [-16.38364936440677, 28.55286458333333], [-16.389295550847446, 28.550260416666664], [-16.39385593220338, 28.546354166666664], [-16.397330508474568, 28.541145833333328], [-16.403628177966098, 28.53463541666666], [-16.41296610169491, 28.532031249999996], [-16.416874999999994, 28.52682291666666], [-16.419263771186433, 28.525954861111106], [-16.42013241525423, 28.520746527777774], [-16.422738347457617, 28.51879340277777], [-16.424692796610163, 28.50967881944444], [-16.429036016949148, 28.508159722222217], [-16.43099046610169, 28.49600694444444], [-16.43316207627118, 28.494704861111106], [-16.434247881355923, 28.489496527777774], [-16.4403283898305, 28.487543402777774], [-16.441414194915247, 28.485373263888885], [-16.45053495762711, 28.483420138888885], [-16.452489406779655, 28.477560763888885], [-16.45770127118643, 28.473220486111103], [-16.45878707627118, 28.467795138888885], [-16.46095868644067, 28.467144097222217], [-16.462261652542367, 28.46453993055555], [-16.47138241525423, 28.462586805555553], [-16.472685381355923, 28.457378472222214], [-16.475291313559314, 28.455642361111103], [-16.47615995762711, 28.450434027777774], [-16.478765889830502, 28.44934895833333], [-16.47941737288135, 28.447178819444442], [-16.484629237288125, 28.446310763888885], [-16.48680084745762, 28.443706597222217], [-16.498961864406773, 28.441753472222217], [-16.50048199152542, 28.436545138888885], [-16.503087923728806, 28.434809027777774], [-16.5039565677966, 28.429600694444442], [-16.506128177966097, 28.428949652777774], [-16.50764830508474, 28.426345486111103], [-16.518072033898296, 28.425477430555546], [-16.51980932203389, 28.425043402777774], [-16.521763771186432, 28.422873263888885], [-16.52719279661016, 28.422222222222217], [-16.536965042372874, 28.422873263888885], [-16.54000529661016, 28.425477430555546], [-16.546520127118637, 28.425477430555546], [-16.549343220338976, 28.422873263888885], [-16.56150423728813, 28.420920138888885], [-16.563241525423724, 28.416362847222217], [-16.575402542372874, 28.411371527777774], [-16.57692266949152, 28.408984374999996], [-16.58474046610169, 28.40811631944444], [-16.586043432203383, 28.40768229166666], [-16.58669491525423, 28.406163194444442], [-16.590603813559316, 28.405078124999996], [-16.606239406779654, 28.40421006944444], [-16.60884533898304, 28.401388888888885], [-16.610799788135587, 28.40203993055555], [-16.611016949152535, 28.403559027777774], [-16.615360169491517, 28.40421006944444], [-16.654449152542366, 28.404861111111106], [-16.676165254237283, 28.40421006944444], [-16.680508474576264, 28.403559027777774], [-16.68172669491525, 28.40203993055555], [-16.684163135593217, 28.401605902777774], [-16.696345338983043, 28.400737847222217], [-16.69878177966101, 28.399435763888885], [-16.701302083333328, 28.392925347222217], [-16.703906249999996, 28.391623263888885], [-16.716927083333328, 28.390755208333328], [-16.719531249999996, 28.39032118055555], [-16.721787605932196, 28.38815104166666], [-16.72369615112994, 28.38771701388889], [-16.73514742231638, 28.38684895833333], [-16.736883533427488, 28.384678819444442], [-16.746265595574382, 28.383810763888885], [-16.748611111111106, 28.38272569444444], [-16.749262152777774, 28.381206597222217], [-16.752517361111106, 28.380555555555553], [-16.757074652777774, 28.38077256944444], [-16.759027777777774, 28.381857638888885], [-16.75967881944444, 28.383376736111106], [-16.762934027777774, 28.384027777777774], [-16.76749131944444, 28.383810763888885], [-16.76944444444444, 28.38272569444444], [-16.769878472222217, 28.381206597222217], [-16.773784722222217, 28.380555555555553], [-16.775954861111106, 28.381206597222217], [-16.776388888888885, 28.38272569444444], [-16.778124999999996, 28.383376736111106], [-16.802430555555553, 28.384678819444442], [-16.80677083333333, 28.38728298611111], [-16.815668402777774, 28.387934027777774], [-16.817838541666667, 28.38880208333333], [-16.82022569444444, 28.391840277777767], [-16.826519097222217, 28.39401041666666], [-16.847569444444442, 28.393793402777774], [-16.851258680555553, 28.391189236111106], [-16.857769097222217, 28.39053819444444], [-16.859071180555553, 28.389670138888885], [-16.86102430555555, 28.384461805555553], [-16.86536458333333, 28.383810763888885], [-16.86775173611111, 28.381206597222217], [-16.88077256944444, 28.380121527777774], [-16.88294270833333, 28.379253472222217], [-16.885546874999996, 28.374696180555553], [-16.888585069444442, 28.373394097222217], [-16.906814236111103, 28.369704861111103], [-16.90920138888888, 28.36731770833333], [-16.910937499999996, 28.366883680555553], [-16.92135416666666, 28.366015625], [-16.92352430555555, 28.36276041666666], [-16.92786458333333, 28.359939236111106], [-16.929166666666664, 28.357118055555553], [-16.928949652777774, 28.354079861111106], [-16.926345486111106, 28.352126736111106], [-16.925043402777774, 28.344314236111106], [-16.92178819444444, 28.342361111111106], [-16.91592881944444, 28.34171006944444], [-16.913975694444442, 28.339105902777774], [-16.90963541666666, 28.338454861111106], [-16.907031249999996, 28.33172743055555], [-16.90182291666666, 28.327387152777774], [-16.900520833333328, 28.322612847222217], [-16.89010416666666, 28.318055555555553], [-16.888368055555553, 28.31631944444444], [-16.88619791666666, 28.30763888888888], [-16.88098958333333, 28.30373263888889], [-16.880121527777774, 28.301345486111103], [-16.874045138888885, 28.300043402777774], [-16.873394097222217, 28.297873263888885], [-16.87078993055555, 28.296571180555553], [-16.869487847222217, 28.287456597222217], [-16.86731770833333, 28.286371527777774], [-16.86536458333333, 28.279644097222217], [-16.860156249999996, 28.27530381944444], [-16.85928819444444, 28.270746527777774], [-16.852560763888885, 28.268142361111103], [-16.84973958333333, 28.26380208333333], [-16.846484374999992, 28.261631944444442], [-16.845833333333328, 28.253819444444442], [-16.846484374999992, 28.249479166666664], [-16.848003472222217, 28.248611111111106], [-16.849088541666664, 28.24405381944444], [-16.849088541666664, 28.228862847222217], [-16.848003472222217, 28.224305555555553], [-16.84713541666666, 28.224305555555553], [-16.845399305555546, 28.220399305555553], [-16.84192708333333, 28.204774305555553], [-16.83953993055555, 28.20303819444444], [-16.838454861111106, 28.197829861111106], [-16.832378472222217, 28.195876736111106], [-16.83172743055555, 28.193706597222217], [-16.828906249999996, 28.192187499999996], [-16.82630208333333, 28.184375], [-16.822612847222217, 28.179383680555556], [-16.81349826388889, 28.17504340277777], [-16.809809027777774, 28.16788194444444], [-16.80655381944444, 28.155512152777774], [-16.801128472222217, 28.149652777777774], [-16.80004340277777, 28.141623263888885], [-16.797439236111106, 28.14032118055555], [-16.79678819444444, 28.13815104166666], [-16.790711805555553, 28.136197916666667], [-16.790060763888885, 28.13185763888888], [-16.787022569444442, 28.128602430555553], [-16.786154513888885, 28.120789930555553], [-16.78224826388888, 28.118185763888885], [-16.77725694444444, 28.111675347222217], [-16.77052951388888, 28.10885416666666], [-16.765972222222217, 28.098003472222217], [-16.756206597222217, 28.08802083333333], [-16.755121527777774, 28.083246527777774], [-16.749045138888885, 28.081293402777774], [-16.747960069444442, 28.078689236111106], [-16.74578993055555, 28.07803819444444], [-16.744921874999996, 28.072829861111106], [-16.74231770833333, 28.07022569444444], [-16.741666666666664, 28.05850694444444], [-16.74079861111111, 28.05460069444444], [-16.739062499999996, 28.05199652777777], [-16.73645833333333, 28.05069444444444], [-16.72864583333333, 28.050043402777774], [-16.726475694444442, 28.047439236111106], [-16.72213541666666, 28.04678819444444], [-16.719787252824855, 28.040711805555553], [-16.716300317796602, 28.040060763888885], [-16.714602754237283, 28.03702256944444], [-16.712431144067786, 28.036371527777774], [-16.71147745998116, 28.03116319444444], [-16.707851047551785, 28.028559027777774], [-16.705642361111103, 28.00967881944444], [-16.700434027777774, 28.004470486111103], [-16.699999999999996, 28.001215277777774], [-16.697695974576266, 27.99991319444444], [-16.68617584745762, 27.998611111111106], [-16.67646930056047, 27.998638867564413], [-16.66543961864406, 27.99991319444444], [-16.663135593220332, 28.001215277777774], [-16.663135593220332, 28.00295138888888]], [[-17.310243055555553, 28.213888888888885], [-17.316753472222217, 28.212586805555553], [-17.318055555555553, 28.211284722222217], [-17.318706597222217, 28.207812499999996], [-17.320008680555553, 28.206076388888878], [-17.324565972222217, 28.202604166666667], [-17.328472222222217, 28.19782986111111], [-17.33172743055555, 28.188715277777774], [-17.33302951388888, 28.186979166666664], [-17.338454861111106, 28.184809027777774], [-17.339105902777774, 28.180468749999996], [-17.341710069444442, 28.17808159722222], [-17.342795138888885, 28.164843749999996], [-17.34366319444444, 28.16223958333333], [-17.346701388888885, 28.15963541666666], [-17.349522569444442, 28.146831597222217], [-17.35147569444444, 28.119270833333328], [-17.351258680555553, 28.09908854166666], [-17.35017361111111, 28.094531249999992], [-17.34713541666666, 28.09236111111111], [-17.346267361111103, 28.090624999999992], [-17.344531249999996, 28.082595486111103], [-17.33932291666666, 28.081293402777774], [-17.338888888888885, 28.079774305555553], [-17.336935763888885, 28.078689236111106], [-17.329123263888885, 28.07782118055555], [-17.328255208333328, 28.07565104166666], [-17.32630208333333, 28.074999999999996], [-17.325217013888885, 28.071744791666667], [-17.324999999999996, 28.06414930555555], [-17.32239583333333, 28.05807291666666], [-17.319791666666664, 28.05633680555555], [-17.311979166666664, 28.05373263888889], [-17.31046006944444, 28.051345486111103], [-17.301345486111106, 28.050043402777774], [-17.30004340277777, 28.047439236111106], [-17.297873263888885, 28.04678819444444], [-17.295920138888885, 28.040711805555553], [-17.291579861111106, 28.040060763888885], [-17.288324652777774, 28.03702256944444], [-17.280512152777774, 28.03615451388889], [-17.279210069444442, 28.033550347222217], [-17.27703993055555, 28.03289930555555], [-17.276388888888885, 28.028993055555553], [-17.274652777777774, 28.02769097222222], [-17.257637090625526, 28.02614574342016], [-17.250149920546647, 28.024425892820357], [-17.248611111111106, 28.023784722222217], [-17.247743055555553, 28.020746527777774], [-17.24600694444444, 28.019878472222214], [-17.23993055555555, 28.01944444444444], [-17.235450323264327, 28.02123636857484], [-17.232763672307144, 28.020653418021666], [-17.212619557860208, 28.026624638819047], [-17.198914930555553, 28.02703993055555], [-17.196527777777774, 28.027690972222217], [-17.195659722222217, 28.02921006944444], [-17.18285590277777, 28.03116319444444], [-17.178949652777778, 28.035503472222217], [-17.176779513888885, 28.036371527777774], [-17.16614583333333, 28.037456597222217], [-17.164626736111106, 28.040060763888885], [-17.16245659722222, 28.040711805555553], [-17.161154513888885, 28.04678819444444], [-17.158767361111103, 28.047656249999996], [-17.15486111111111, 28.052864583333328], [-17.145095486111106, 28.05481770833333], [-17.143142361111103, 28.05807291666666], [-17.13880208333333, 28.060894097222217], [-17.136848958333328, 28.067621527777774], [-17.134678819444442, 28.06827256944444], [-17.133159722222217, 28.070876736111106], [-17.12035590277777, 28.072829861111106], [-17.11558159722222, 28.078689236111106], [-17.11102430555555, 28.08172743055555], [-17.108420138888885, 28.088454861111106], [-17.103862847222217, 28.08932291666666], [-17.098871527777774, 28.09539930555555], [-17.096050347222217, 28.096484374999996], [-17.096050347222217, 28.09865451388889], [-17.098003472222217, 28.099305555555553], [-17.098654513888885, 28.100607638888885], [-17.099522569444442, 28.116232638888885], [-17.09995659722222, 28.118836805555553], [-17.102126736111106, 28.12100694444444], [-17.102560763888885, 28.122743055555553], [-17.103211805555553, 28.131423611111106], [-17.104079861111106, 28.133159722222217], [-17.10928819444444, 28.134678819444442], [-17.109939236111106, 28.13684895833333], [-17.11254340277777, 28.137934027777774], [-17.113411458333328, 28.143142361111103], [-17.116449652777774, 28.14639756944444], [-17.11731770833333, 28.15421006944444], [-17.119487847222217, 28.155078124999996], [-17.12100694444444, 28.15768229166666], [-17.13381076388889, 28.15963541666666], [-17.13619791666666, 28.16267361111111], [-17.139887152777774, 28.164843749999996], [-17.150520833333328, 28.166579861111106], [-17.152690972222217, 28.172439236111106], [-17.157031249999996, 28.17526041666666], [-17.158333333333328, 28.17786458333333], [-17.18111979166666, 28.18697916666666], [-17.182638888888885, 28.188715277777774], [-17.18328993055555, 28.192621527777774], [-17.185460069444442, 28.19327256944444], [-17.186545138888885, 28.195876736111106], [-17.19197048611111, 28.196961805555553], [-17.19522569444444, 28.200868055555553], [-17.203472222222217, 28.20303819444444], [-17.212102685167874, 28.203362647938636], [-17.25511234627056, 28.215093148858003], [-17.25772569444444, 28.21822916666666], [-17.263368055555553, 28.22039930555555], [-17.281814236111103, 28.22018229166666], [-17.28420138888888, 28.218012152777774], [-17.29635416666666, 28.21671006944444], [-17.298524305555553, 28.21453993055555], [-17.310243055555553, 28.213888888888885]], [[-17.936979166666664, 28.846484374999996], [-17.94978298611111, 28.844531249999996], [-17.955208333333328, 28.83932291666666], [-17.963237847222217, 28.837586805555553], [-17.965190972222217, 28.832378472222214], [-17.97039930555555, 28.830642361111103], [-17.971484374999992, 28.825434027777774], [-17.97473958333333, 28.823697916666667], [-17.977560763888885, 28.81935763888888], [-17.983420138888885, 28.817187499999996], [-17.984722222222217, 28.809375], [-17.98732638888888, 28.804383680555556], [-17.99600694444444, 28.80069444444444], [-17.997743055555553, 28.798958333333324], [-17.999262152777774, 28.79223090277777], [-18.000564236111106, 28.79092881944444], [-18.008376736111106, 28.789626736111106], [-18.009244791666664, 28.787456597222217], [-18.01119791666666, 28.786805555555553], [-18.012282986111106, 28.782899305555553], [-18.012282986111106, 28.769878472222217], [-18.011848958333328, 28.767274305555553], [-18.00989583333333, 28.764670138888885], [-18.01163194444444, 28.759461805555553], [-18.009678819444442, 28.758376736111106], [-18.009027777777774, 28.752517361111106], [-18.00642361111111, 28.747960069444442], [-18.000347222222217, 28.74427083333333], [-17.99535590277777, 28.739496527777774], [-17.99058159722222, 28.72799479166666], [-17.98732638888888, 28.725607638888885], [-17.985156249999996, 28.72256944444444], [-17.983420138888885, 28.714539930555553], [-17.979079861111106, 28.713020833333328], [-17.977126736111106, 28.700868055555553], [-17.97495659722222, 28.69956597222222], [-17.974088541666664, 28.69435763888888], [-17.971267361111103, 28.69131944444444], [-17.96692708333333, 28.667013888888885], [-17.964105902777774, 28.663975694444442], [-17.963454861111106, 28.65963541666666], [-17.957378472222217, 28.65768229166666], [-17.95651041666666, 28.65529513888889], [-17.95130208333333, 28.651171874999992], [-17.94869791666666, 28.637499999999996], [-17.946093749999996, 28.636197916666667], [-17.943272569444442, 28.63185763888888], [-17.938715277777774, 28.630555555555553], [-17.936545138888885, 28.628602430555553], [-17.93567708333333, 28.621874999999996], [-17.934809027777774, 28.62013888888888], [-17.93177083333333, 28.61796875], [-17.929600694444442, 28.612977430555553], [-17.92786458333333, 28.59713541666666], [-17.926562499999996, 28.595833333333328], [-17.922656249999996, 28.59518229166666], [-17.920920138888885, 28.592578124999996], [-17.915711805555553, 28.59171006944444], [-17.915060763888885, 28.58953993055555], [-17.91245659722222, 28.588237847222217], [-17.911154513888885, 28.57999131944444], [-17.903342013888885, 28.571961805555553], [-17.902039930555553, 28.569357638888885], [-17.900086805555553, 28.55850694444444], [-17.89422743055555, 28.556336805555553], [-17.891406249999996, 28.551996527777774], [-17.88880208333333, 28.55069444444444], [-17.887065972222217, 28.54483506944444], [-17.883593749999996, 28.52139756944444], [-17.88120659722222, 28.517925347222214], [-17.880121527777774, 28.499696180555553], [-17.879253472222217, 28.496657986111106], [-17.87447916666666, 28.493402777777774], [-17.872743055555553, 28.48993055555555], [-17.86579861111111, 28.469097222222217], [-17.864062499999996, 28.467361111111106], [-17.86102430555555, 28.46671006944444], [-17.859722222222217, 28.46085069444444], [-17.857118055555553, 28.457595486111103], [-17.848437499999996, 28.456727430555546], [-17.845833333333328, 28.455642361111106], [-17.844531249999996, 28.453689236111106], [-17.840190972222217, 28.453689236111106], [-17.838454861111106, 28.456293402777774], [-17.831850692248654, 28.45689], [-17.82300121932949, 28.47653542107049], [-17.800987550095428, 28.51728910547205], [-17.79852430555555, 28.51944444444444], [-17.797363998838847, 28.524395318328175], [-17.794669809190903, 28.529678943081183], [-17.790711805555553, 28.53116319444444], [-17.790060763888885, 28.535503472222217], [-17.78745659722222, 28.537456597222217], [-17.786005620255295, 28.546670442977945], [-17.78224826388888, 28.549175347222217], [-17.77725694444444, 28.555685763888885], [-17.773784722222217, 28.557638888888885], [-17.769878472222217, 28.55828993055555], [-17.76922743055555, 28.56046006944444], [-17.766623263888885, 28.561545138888885], [-17.76553819444444, 28.566970486111103], [-17.76163194444444, 28.57022569444444], [-17.760329861111106, 28.572829861111106], [-17.758869844700502, 28.58751072086414], [-17.755119750841406, 28.603371148491256], [-17.747207020505172, 28.621952735560296], [-17.75894344376945, 28.65716790898656], [-17.76564014198028, 28.67440137011653], [-17.76553819444444, 28.67960069444444], [-17.76322275397338, 28.683579876780833], [-17.760329861111106, 28.686328124999996], [-17.759375479428954, 28.689678054285725], [-17.75227653611169, 28.70091446374346], [-17.72257220404958, 28.73122782663273], [-17.723339571766825, 28.74804314901835], [-17.72759171210272, 28.74997471448006], [-17.729079861111106, 28.754904513888885], [-17.733420138888885, 28.755989583333328], [-17.73602430555555, 28.762717013888885], [-17.74036458333333, 28.765972222222217], [-17.742968749999996, 28.77638888888888], [-17.74817708333333, 28.780946180555553], [-17.749045138888885, 28.785503472222217], [-17.75447048611111, 28.788107638888885], [-17.758818752341696, 28.803443066093198], [-17.757324281524994, 28.818025723099225], [-17.76604862864259, 28.828325496328343], [-17.776290846405033, 28.83631666356072], [-17.77703993055555, 28.84171006944444], [-17.779210069444442, 28.842578124999996], [-17.779861111111106, 28.844531249999992], [-17.795435765502834, 28.84561631944444], [-17.801387627073634, 28.847722220105766], [-17.807501204209714, 28.84561631944444], [-17.81935763888888, 28.84561631944444], [-17.828472222222217, 28.844531249999992], [-17.828472222222217, 28.843663194444442], [-17.82999131944444, 28.843012152777774], [-17.851258680555553, 28.84171006944444], [-17.854730902777774, 28.839105902777774], [-17.86124131944444, 28.839105902777774], [-17.864496527777774, 28.84171006944444], [-17.88272569444444, 28.843012152777774], [-17.88467881944444, 28.84518229166666], [-17.89249131944444, 28.846050347222217], [-17.89444444444444, 28.84713541666666], [-17.895095486111106, 28.84865451388889], [-17.902907986111106, 28.849956597222217], [-17.90421006944444, 28.851258680555553], [-17.904861111111106, 28.855815972222217], [-17.90638020833333, 28.857769097222217], [-17.91397569444444, 28.859722222222217], [-17.924609374999996, 28.859071180555553], [-17.927647569444442, 28.857769097222217], [-17.929166666666664, 28.855815972222217], [-17.930468749999996, 28.849956597222217], [-17.93567708333333, 28.84865451388889], [-17.936979166666664, 28.846484374999996]], [[-17.96280381944444, 27.84518229166666], [-17.965190972222217, 27.841927083333328], [-17.969531249999996, 27.83910590277777], [-17.970833333333328, 27.834548611111106], [-17.97235243055555, 27.832812499999996], [-17.99361979166666, 27.824131944444446], [-17.995138888888885, 27.82239583333333], [-17.994487847222217, 27.818489583333328], [-17.99278612747188, 27.81729837950809], [-17.994210687195153, 27.807076481294633], [-18.002261970760337, 27.797681015660316], [-18.038600642634567, 27.766151915273277], [-18.04635416666666, 27.76532118055555], [-18.047873263888885, 27.76315104166666], [-18.055685763888885, 27.76228298611111], [-18.059157986111106, 27.759461805555553], [-18.069535644263013, 27.757720004320536], [-18.097987481775466, 27.76387976638455], [-18.117451788601176, 27.765436947377207], [-18.122309027777774, 27.76922743055555], [-18.123611111111106, 27.773784722222217], [-18.12686631944444, 27.775954861111106], [-18.13446180555555, 27.776388888888885], [-18.139887152777774, 27.774435763888885], [-18.141623263888885, 27.767925347222217], [-18.144878472222217, 27.765972222222217], [-18.150737847222217, 27.76532118055555], [-18.152690972222217, 27.762065972222217], [-18.165521083571857, 27.756643249636312], [-18.160503350997438, 27.73080809261147], [-18.16028645833333, 27.71671006944444], [-18.159201388888885, 27.713888888888885], [-18.15616319444444, 27.713454861111106], [-18.154210069444442, 27.707378472222214], [-18.15203993055555, 27.706727430555546], [-18.151388888888885, 27.704774305555553], [-18.149001736111106, 27.704123263888885], [-18.130532267974562, 27.703403674221224], [-18.12655315380638, 27.701726481842325], [-18.05250395295254, 27.692592648891047], [-18.046571180555553, 27.68741319444444], [-18.038761128400928, 27.682439147980816], [-18.029515087041535, 27.668842792723524], [-18.011414930555553, 27.65182291666666], [-18.00662441430705, 27.65041067042015], [-18.004253472222217, 27.644878472222214], [-17.999696180555553, 27.64401041666666], [-17.996440972222217, 27.640104166666667], [-17.99210069444444, 27.637934027777774], [-17.984288194444442, 27.637499999999996], [-17.977777777777774, 27.638802083333328], [-17.977560763888885, 27.64032118055555], [-17.97495659722222, 27.641623263888885], [-17.974088541666664, 27.649435763888885], [-17.971484374999992, 27.653124999999996], [-17.970480619250594, 27.674609694263793], [-17.969531249999992, 27.679166666666664], [-17.968012152777774, 27.68003472222222], [-17.96652942770761, 27.687764404714788], [-17.951414048627925, 27.70057613548774], [-17.948305168012865, 27.705294676314683], [-17.946195186387303, 27.711826115165266], [-17.93127477907397, 27.719736218485178], [-17.92841, 27.72474936183551], [-17.928515625, 27.73754340277777], [-17.926345486111106, 27.738845486111103], [-17.925147148226067, 27.747026360409762], [-17.91245659722222, 27.762934027777774], [-17.886459030332833, 27.7986348727269], [-17.880855561177956, 27.814512803245627], [-17.885321577707266, 27.826764565877284], [-17.894878472222217, 27.836935763888885], [-17.903003791476163, 27.84205482382007], [-17.90486111111111, 27.844531249999996], [-17.909470919536098, 27.845453211684994], [-17.917230902777774, 27.84908854166666], [-17.92374131944444, 27.84952256944444], [-17.926996527777774, 27.851909722222217], [-17.942621527777774, 27.84973958333333], [-17.94522569444444, 27.848871527777774], [-17.947612847222217, 27.846484374999996], [-17.96280381944444, 27.84518229166666]]], [[[-16.221430084745755, 28.57782118055555], [-16.216218220338977, 28.578255208333328], [-16.21491525423728, 28.57717013888888], [-16.215349576271176, 28.57565104166666], [-16.22056144067796, 28.57521701388889], [-16.221864406779655, 28.576302083333328], [-16.221430084745755, 28.57782118055555]]], [[[-16.249009533898295, 28.578255208333328], [-16.246403601694908, 28.57782118055555], [-16.24683792372881, 28.57521701388889], [-16.249009533898295, 28.57521701388889], [-16.249661016949144, 28.576302083333328], [-16.249009533898295, 28.578255208333328]]]]}}]}