{"type": "FeatureCollection", "features": [{"type": "Feature", "properties": {"t": "b0", "lvl": 0}, "geometry": {"type": "MultiPolygon", "coordinates": [[[[3.1832031250000123, 42.24739583333333], [3.1871093750000123, 42.24479166666666], [3.2105468750000123, 42.23893229166666], [3.2144531250000123, 42.23470052083333], [3.2222656250000123, 42.23535156249999], [3.2232421875000123, 42.23860677083333], [3.2271484375000123, 42.24023437499999], [3.228129515136508, 42.244158685545976], [3.2430887532273607, 42.2465754016057], [3.2437500000000123, 42.24348958333333], [3.247656250000013, 42.24023437499999], [3.263281250000013, 42.24055989583333], [3.264583333333346, 42.24153645833333], [3.2639565551852403, 42.243730181851696], [3.2692287909106956, 42.25109764623426], [3.276998817188926, 42.255936789872834], [3.279231770833346, 42.25618489583333], [3.280122425753283, 42.25841153313317], [3.2834635416666793, 42.26041666666666], [3.285672784809811, 42.26369634559954], [3.290731414872475, 42.28338247526912], [3.294531250000013, 42.28450520833333], [3.295833333333346, 42.28710937499999], [3.2952370056386484, 42.29247632425227], [3.3123401051359163, 42.31771932048266], [3.3208984375000123, 42.31868489583333], [3.3218750000000123, 42.32096354166666], [3.312064536008893, 42.324134284807826], [3.293258922021862, 42.333537483470735], [3.2803723037534134, 42.334848397210884], [3.2795572916666793, 42.33756510416666], [3.2717447916666793, 42.33886718749999], [3.2691406250000123, 42.34277343749999], [3.265885416666679, 42.34374999999999], [3.260026041666679, 42.34277343749999], [3.257421875000013, 42.33886718749999], [3.252627466569982, 42.33806811942832], [3.249218395524978, 42.3416876876159], [3.2430391627096973, 42.34150460707522], [3.2427734375000123, 42.34309895833333], [3.239192708333346, 42.34440104166666], [3.2336588541666793, 42.35221354166666], [3.229427083333346, 42.35416666666666], [3.223567708333346, 42.35319010416666], [3.221614583333346, 42.34993489583333], [3.209895833333346, 42.34895833333333], [3.2033854166666793, 42.34700520833333], [3.200480496385187, 42.34003339965775], [3.1863409399546447, 42.34840232106026], [3.185156250000013, 42.35253906249999], [3.1808761340721756, 42.35446074720229], [3.1730634031608775, 42.363332511641346], [3.17299, 42.38068379902824], [3.1686821499720046, 42.396468809043], [3.1772689815789046, 42.41840204259951], [3.180037167581803, 42.43501213059233], [3.174509697912639, 42.455778223857045], [3.1592233003082106, 42.473931126740254], [3.149123012955226, 42.48116060382202], [3.1417135878986615, 42.491507614165556], [3.144425, 42.50371064271424], [3.144425, 42.514405106842204], [3.136552299329769, 42.523589770737054], [3.1142936330946, 42.529154925724406], [3.0871381619239573, 42.533481818040315], [3.065473752970916, 42.54069288401915], [3.0504032030805317, 42.55448104713182], [3.0446610812125314, 42.587517506168616], [3.0403445585637363, 42.628938145771556], [3.0361125585637363, 42.683097145771555], [3.041787758606791, 42.72457253383097], [3.0374930092116554, 42.75032601469311], [3.03896842037081, 42.79037274492567], [3.0460520356224685, 42.847446850884964], [3.048556856269985, 42.86500433918264], [3.0500651041666793, 42.8662109375], [3.052018229166679, 42.88899739583333], [3.0552734375000123, 42.89225260416666], [3.057226562500013, 42.91503906249999], [3.061132812500013, 42.91764322916666], [3.061458333333346, 42.91992187499999], [3.060481770833346, 42.92154947916666], [3.056575520833346, 42.9228515625], [3.055598958333346, 42.92610677083333], [3.04672413070267, 42.92900234561268], [3.0451822916666793, 42.931315104166664], [3.0405231058983464, 42.932091635128046], [3.0375032387743235, 42.94295927578379], [3.054665372096626, 42.99319611802176], [3.069050514924182, 43.02756958962993], [3.0900408308119327, 43.0646182566706], [3.091731770833346, 43.065323359073346], [3.092502847320567, 43.069181718638745], [3.096251536699338, 43.07615531661941], [3.102473958333346, 43.08193774131273], [3.104101562500013, 43.090082046332036], [3.1076822916666793, 43.09138513513513], [3.112890625000013, 43.09920366795366], [3.1177734375000123, 43.101809845559835], [3.119401041666679, 43.10962837837837], [3.1285156250000123, 43.113537644787634], [3.129553996521613, 43.11852567688151], [3.153360121117098, 43.13631935820089], [3.164785280532757, 43.153362341556594], [3.1746363687986814, 43.163254985066025], [3.180598958333346, 43.16566119691119], [3.181232089612268, 43.168702573791435], [3.1949794927774504, 43.17785683433483], [3.206390485613356, 43.187835351147136], [3.219916240130042, 43.1963340535062], [3.2264349617089803, 43.20525333922956], [3.231572247713505, 43.20991517657971], [3.2378906250000123, 43.21061776061775], [3.2427734375000123, 43.212572393822384], [3.244726562500013, 43.22039092664092], [3.247981770833346, 43.221368243243234], [3.2493939172734843, 43.224194717044654], [3.2518633657564258, 43.22566350147031], [3.264583333333346, 43.22820945945945], [3.271419270833346, 43.23602799227798], [3.2805338541666793, 43.23863416988416], [3.2854166666666793, 43.245149613899606], [3.301041666666679, 43.249058880308866], [3.305924479166679, 43.255574324324314], [3.3160156250000123, 43.258506274131264], [3.3186197916666793, 43.26241554054053], [3.325130208333346, 43.26306708494208], [3.3283854166666793, 43.26697635135134], [3.346614583333346, 43.26893098455597], [3.350846354166679, 43.27284025096524], [3.3609375000000123, 43.273817567567555], [3.363541666666679, 43.275120656370646], [3.3677231713575373, 43.28004387243183], [3.3786322337035903, 43.283400630937734], [3.388281250000013, 43.28456805019304], [3.388839504829969, 43.28554575054388], [3.438411458333346, 43.28782577220076], [3.441666666666679, 43.286848455598445], [3.4436197916666793, 43.283916505791495], [3.4514322916666793, 43.282613416988404], [3.4533854166666793, 43.27935569498069], [3.4690104166666793, 43.278052606177596], [3.471614583333346, 43.27740106177605], [3.472916666666679, 43.275120656370646], [3.4807291666666793, 43.27349179536678], [3.506770833333346, 43.27349179536678], [3.514583333333346, 43.275120656370646], [3.5149088541666793, 43.27740106177605], [3.519466145833346, 43.280333011583], [3.520442708333346, 43.286848455598445], [3.528906250000013, 43.29010617760616], [3.541927083333346, 43.30834942084941], [3.5513671875000123, 43.31160714285713], [3.555598958333346, 43.318122586872576], [3.561132812500013, 43.32203185328184], [3.561458333333346, 43.32659266409265], [3.559748990992235, 43.32801821600648], [3.5671804403435607, 43.3352040434712], [3.567317708333346, 43.33245656370655], [3.5705729166666793, 43.33050193050192], [3.5764322916666793, 43.33245656370655], [3.577734375000013, 43.339297779922774], [3.586848958333346, 43.346790540540525], [3.5875000000000123, 43.34939671814671], [3.585546875000013, 43.351025579150566], [3.5836807370499275, 43.35115897764937], [3.5886493098618577, 43.355963330782195], [3.5980096397734203, 43.361775601582], [3.597916666666679, 43.36047297297296], [3.5992187500000123, 43.35916988416987], [3.605729166666679, 43.36047297297296], [3.6148437500000123, 43.36535955598454], [3.6187500000000123, 43.36894305019304], [3.6177734375000123, 43.37122345559844], [3.614421148145653, 43.371894431197404], [3.6192948389423885, 43.3748993985442], [3.6226562500000123, 43.37220077220076], [3.6275390625000123, 43.372852316602305], [3.631119791666679, 43.37611003861002], [3.6321433645198455, 43.379695310009225], [3.673712565150866, 43.393082444494055], [3.694596354166679, 43.394027509652496], [3.6998046875000123, 43.39793677606176], [3.7095703125000123, 43.39891409266408], [3.7115234375000123, 43.40021718146717], [3.713672024243433, 43.40595117049054], [3.7392948730137103, 43.4142028692763], [3.7950079400241887, 43.4476532873272], [3.792578125000013, 43.44387065637065], [3.792903645833346, 43.440612934362925], [3.797135416666679, 43.43996138996138], [3.8013671875000123, 43.441916023166016], [3.804622395833346, 43.44843146718146], [3.802343750000013, 43.45038610038609], [3.7970279997386163, 43.44886614178956], [3.915901443807171, 43.52023838195892], [3.918229166666679, 43.520101351351336], [3.9273437500000123, 43.52270752895751], [3.9312500000000123, 43.52531370656369], [3.931901041666679, 43.527594111969094], [3.939713541666679, 43.52889720077219], [3.942317708333346, 43.53280646718146], [3.950130208333346, 43.53410955598454], [3.952083333333346, 43.53704150579149], [3.9465208472958135, 43.5381548620702], [3.952258550415501, 43.54126292448275], [3.9616621587309333, 43.54400340778849], [3.957291666666679, 43.54225386100384], [3.9585937500000123, 43.53997345559844], [3.965104166666679, 43.538996138996126], [3.9742187500000123, 43.53932191119689], [3.976822916666679, 43.53997345559844], [3.9810546875000123, 43.54388272200771], [3.9927734375000123, 43.5451858108108], [3.994401041666679, 43.548443532818524], [4.002213541666679, 43.549746621621615], [4.005468750000012, 43.55365588803088], [4.047440341720018, 43.557637928376565], [4.105968488895535, 43.55321713367917], [4.122189183401543, 43.54343126108151], [4.125260416666679, 43.53997345559844], [4.132093211169971, 43.5374430865678], [4.13430546428659, 43.53301069114322], [4.126970795594841, 43.521816634717425], [4.122330729166679, 43.51879826254825], [4.119075520833345, 43.514888996138986], [4.116796875000012, 43.51032818532818], [4.114843750000012, 43.49860038610038], [4.119401041666679, 43.495342664092654], [4.123632812500013, 43.48882722007721], [4.133723958333345, 43.48589527027026], [4.135026041666679, 43.48263754826254], [4.142838541666679, 43.48133445945945], [4.146419270833346, 43.47742519305018], [4.153766332075604, 43.47693501074027], [4.160958992381778, 43.47287049218866], [4.182028113668734, 43.4652308234738], [4.206066211765315, 43.46139892147638], [4.270831884116831, 43.45752760716126], [4.275651041666679, 43.45559845559845], [4.284532053793263, 43.45670869088876], [4.409405549220682, 43.44924448133337], [4.513052003915571, 43.457296852937965], [4.555635201424723, 43.4447038800168], [4.580557899791151, 43.43121530291595], [4.589515954598723, 43.41717970341061], [4.5868620579302535, 43.403288636569734], [4.567075985179649, 43.38725849636854], [4.567745993035197, 43.372100130723894], [4.592762664654787, 43.36133836140315], [4.6660248051211175, 43.349038688928935], [4.797040224251743, 43.346949429197615], [4.799739583333346, 43.34613899613899], [4.811415462311513, 43.347510930987355], [4.812109375000013, 43.34288127413126], [4.822200520833345, 43.338972007722], [4.828710937500013, 43.33115347490346], [4.835546875000012, 43.33082770270269], [4.838151041666679, 43.33473696911196], [4.844010416666679, 43.335714285714275], [4.847265625000012, 43.33473696911196], [4.848242187500012, 43.331479247104234], [4.851171875000012, 43.33050193050192], [4.855078125000012, 43.334411196911184], [4.856705729166679, 43.338972007722], [4.854427083333346, 43.34092664092663], [4.848567708333346, 43.34190395752895], [4.847916666666679, 43.34418436293436], [4.848893229166679, 43.345813223938215], [4.852799479166679, 43.3471163127413], [4.853580068210671, 43.350374034749024], [4.854813543194661, 43.35052120384394], [4.856751008108479, 43.34381534647321], [4.867792690546827, 43.34845820607773], [4.873413705583757, 43.34939671814671], [4.88148596129442, 43.353957528957515], [4.884565030056055, 43.357607546434565], [4.89569240128815, 43.365168608269], [4.886316358478074, 43.36464956882446], [4.8845653553299595, 43.366988416988406], [4.880593009729281, 43.36894305019304], [4.867107524323182, 43.372852316602305], [4.863644310106325, 43.37652017176356], [4.853756637645918, 43.3953153581037], [4.85087835821001, 43.39851622436622], [4.854427083333346, 43.39826254826254], [4.856705729166679, 43.40021718146717], [4.855078125000012, 43.40673262548261], [4.858984375000012, 43.40868725868725], [4.867773437500012, 43.40966457528956], [4.869726562500012, 43.41357384169883], [4.872981770833346, 43.414551158301144], [4.873958333333346, 43.420415057915044], [4.876888020833346, 43.42367277992277], [4.886653645833346, 43.42367277992277], [4.889583333333346, 43.420415057915044], [4.8903612785533115, 43.415854247104235], [4.897362785533, 43.4138996138996], [4.901252511632828, 43.415854247104235], [4.903006027918783, 43.42367277992277], [4.906257931472082, 43.424650096525085], [4.9091846446700504, 43.42921090733589], [4.915688451776651, 43.429862451737435], [4.91763959390863, 43.432794401544385], [4.91991592639594, 43.433445945945934], [4.940402918781726, 43.4314913127413], [4.951868090151777, 43.43187684090743], [4.964767579974417, 43.42642691452989], [4.968694479695431, 43.42367277992277], [4.970645621827411, 43.414551158301144], [4.973897525380711, 43.412922297297285], [4.976173857868021, 43.401520270270254], [4.98267766497462, 43.40021718146717], [4.991782994923858, 43.40184604247103], [4.995685279187818, 43.39956563706563], [4.995360088832488, 43.39500482625482], [4.990807423857868, 43.39207287644787], [4.990807423857868, 43.388815154440145], [4.994709708121828, 43.38718629343629], [4.996660850253807, 43.37806467181466], [5.000237944162437, 43.37676158301157], [5.0060913705583765, 43.36829150579149], [5.01433242566552, 43.36130582854731], [5.015251763817866, 43.358700047870876], [5.021049619642588, 43.352221262946756], [5.022676078680204, 43.34190395752895], [5.025927982233503, 43.34027509652509], [5.026903553299493, 43.334411196911184], [5.040561548223351, 43.33245656370655], [5.055864130502509, 43.331726565499], [5.0650016288010455, 43.32951234118508], [5.125132202109869, 43.32727159870931], [5.1617520006341575, 43.330682186045266], [5.237942822256836, 43.329546918676506], [5.2454314720812185, 43.33245656370655], [5.25111588224601, 43.33601183814126], [5.255187182741118, 43.33669160231659], [5.256489960132192, 43.338649264886456], [5.261847405892962, 43.341278529112735], [5.265593274111675, 43.34190395752895], [5.265995504952801, 43.34331428438719], [5.2793232455420736, 43.3498551161778], [5.285755076142133, 43.35200289575288], [5.2869980666391605, 43.35362167461903], [5.2945335569504435, 43.35692802152645], [5.339995739281186, 43.33529488830995], [5.353160817268906, 43.29861695972037], [5.355917825411342, 43.29472553338779], [5.350142766497462, 43.29303812741311], [5.348516814720812, 43.289128861003846], [5.345264911167513, 43.28815154440153], [5.344939720812183, 43.280333011583], [5.348191624365482, 43.27837837837837], [5.3530694796954315, 43.27772683397683], [5.359573286802031, 43.26990830115829], [5.369167503500672, 43.26711789961036], [5.362188974969439, 43.253297874248965], [5.3551336538071865, 43.24313449463129], [5.351726233847693, 43.23162297416064], [5.344939720812183, 43.23048986486485], [5.343313769035534, 43.226580598455584], [5.340061865482234, 43.22560328185327], [5.338435913705585, 43.217784749034735], [5.330956535532995, 43.21517857142857], [5.330306154822335, 43.213875482625475], [5.331932106598986, 43.20931467181466], [5.335834390862945, 43.20540540540539], [5.338761104060914, 43.20638272200771], [5.340061865482234, 43.209640444015434], [5.344939720812183, 43.21061776061775], [5.351768718274112, 43.21029198841698], [5.356321383248732, 43.20638272200771], [5.364451142131981, 43.20540540540539], [5.3790847081218285, 43.20638272200771], [5.382336611675128, 43.209640444015434], [5.390466370558377, 43.21061776061775], [5.405099936548224, 43.209640444015434], [5.406725888324874, 43.20736003861003], [5.414530456852792, 43.20573117760617], [5.440545685279188, 43.20573117760617], [5.448350253807107, 43.20736003861003], [5.449831284748962, 43.209585559915155], [5.457219710808087, 43.209906795830776], [5.458105964467006, 43.209640444015434], [5.458756345177665, 43.20736003861003], [5.460707487309645, 43.20638272200771], [5.484121192893402, 43.20507963320462], [5.489974619289341, 43.20345077220076], [5.49127538071066, 43.20117036679536], [5.5029822335025385, 43.20019305019304], [5.509486040609137, 43.20117036679536], [5.513713515228426, 43.20507963320462], [5.5254203680203045, 43.20638272200771], [5.527046319796955, 43.209640444015434], [5.532899746192894, 43.21061776061775], [5.536151649746193, 43.209640444015434], [5.537452411167513, 43.20638272200771], [5.5409775480229975, 43.205499860959854], [5.547402224735879, 43.19626157184169], [5.548508883248732, 43.192048745173736], [5.551110406091372, 43.18879102316601], [5.5600196369873, 43.182654967623], [5.567503674231509, 43.1758803218], [5.569321065989849, 43.17087355212354], [5.5758248730964475, 43.16891891891891], [5.587531725888326, 43.16794160231659], [5.5901332487309645, 43.16468388030887], [5.596637055837564, 43.163706563706555], [5.603718463051777, 43.16472000336249], [5.61177665870847, 43.162201608743395], [5.621794096245381, 43.17773711507413], [5.629627812598962, 43.18501833241986], [5.634033946700509, 43.185533301158294], [5.636580976880038, 43.1885488135901], [5.640695781582224, 43.18822778517679], [5.6424888959390875, 43.185533301158294], [5.665252220812183, 43.183578667953654], [5.668178934010153, 43.18032094594594], [5.677263349906077, 43.179128193832575], [5.688833389451602, 43.169800524234624], [5.6907239420034745, 43.16518278726934], [5.687039974619291, 43.163706563706555], [5.678259835025381, 43.16272924710424], [5.6772842639593915, 43.16044884169883], [5.678259835025381, 43.15881998069497], [5.682162119289341, 43.15751689189188], [5.683137690355331, 43.15425916988416], [5.69094225888325, 43.152630308880305], [5.692893401015229, 43.1467664092664], [5.695820114213198, 43.14448600386099], [5.727730163714593, 43.138043013512785], [5.740447343526839, 43.13383021483278], [5.74654980964467, 43.128848938223925], [5.753378807106599, 43.131780888030875], [5.754527495609836, 43.13350700371466], [5.776041323750913, 43.132321680842914], [5.775816941624365, 43.1291747104247], [5.7702887055837575, 43.12526544401543], [5.767687182741117, 43.120704633204625], [5.768012373096447, 43.11874999999999], [5.773540609137056, 43.11679536679536], [5.785247461928934, 43.11581805019304], [5.787848984771574, 43.11288610038609], [5.795548798172853, 43.11417169876263], [5.801072554525341, 43.11326015991112], [5.806276950054489, 43.110821081892944], [5.807360406091371, 43.10702220077219], [5.807035215736041, 43.09562017374516], [5.805409263959392, 43.09073359073358], [5.802482550761422, 43.088778957528945], [5.802354583381826, 43.08698420870344], [5.787752744932113, 43.080196920241725], [5.781019987309645, 43.07965733590733], [5.777768083756345, 43.07835424710424], [5.776142131979696, 43.0763996138996], [5.776792512690355, 43.07216457528956], [5.780044416243655, 43.071838803088795], [5.785897842639594, 43.07379343629343], [5.7884993654822345, 43.07020994208493], [5.794527349165789, 43.06920348054703], [5.797080479020039, 43.06773995162229], [5.798905456852792, 43.06499758687258], [5.8030806532904675, 43.06430047572426], [5.808296423460509, 43.0613106432659], [5.80931154822335, 43.05978523166022], [5.811505168160911, 43.05947129667985], [5.820223039588989, 43.05471811656957], [5.823945114213197, 43.05098938223937], [5.846780276139891, 43.048622897448844], [5.853039292372506, 43.04718637466362], [5.856138959390863, 43.04382239382238], [5.857439720812184, 43.04382239382238], [5.859065672588832, 43.04675434362933], [5.859484338496977, 43.05094849367251], [5.867048504067394, 43.060625908852124], [5.869146573604061, 43.06141409266408], [5.870245094152391, 43.064715550878546], [5.874535093818774, 43.07005987999968], [5.887683107675036, 43.07370096772134], [5.899702373531511, 43.07393343726314], [5.905567893401015, 43.06923262548261], [5.906868654822335, 43.06564913127412], [5.912722081218274, 43.064671814671804], [5.915973984771574, 43.06564913127412], [5.916624365482234, 43.06792953667953], [5.9185755076142135, 43.068906853281845], [5.94198921319797, 43.070535714285704], [5.94589149746193, 43.071838803088795], [5.947842639593909, 43.07379343629343], [5.947211255924183, 43.07850799180039], [5.9482819872973005, 43.07938342161659], [5.943435457502912, 43.08091469764024], [5.94068845177665, 43.08519546332045], [5.934184644670052, 43.08519546332045], [5.933226944899009, 43.0841401086561], [5.909747140166119, 43.09197702285797], [5.895292172272915, 43.11414406784282], [5.8895542103595355, 43.11584883451601], [5.904917512690355, 43.117772683397675], [5.906868654822335, 43.120704633204625], [5.915973984771574, 43.11809845559844], [5.918575507614214, 43.12168194980694], [5.925079314720813, 43.12103040540539], [5.927030456852792, 43.11223455598454], [5.926054885786803, 43.10734797297296], [5.921827411167513, 43.10441602316601], [5.923778553299493, 43.10148407335906], [5.930282360406092, 43.10148407335906], [5.934184644670051, 43.10539333976833], [5.951744923857868, 43.10637065637064], [5.958979967873472, 43.103669796635046], [5.963691591345515, 43.10369529181647], [5.964427347715736, 43.10148407335906], [5.966703680203047, 43.10115830115829], [5.968474808078349, 43.10372117439795], [5.984711716533837, 43.10380903433185], [5.986215101522843, 43.10213561776061], [6.013531091370559, 43.100180984555976], [6.015482233502539, 43.09920366795366], [6.016457804568528, 43.09627171814671], [6.018734137055839, 43.095945945945935], [6.020360088832488, 43.0939913127413], [6.020360088832488, 43.08747586872586], [6.015482233502539, 43.083566602316594], [6.015482233502539, 43.0822635135135], [6.018734137055838, 43.081286196911186], [6.027197210316111, 43.08114489331489], [6.027930024516646, 43.07969568475909], [6.044448353604867, 43.07970794500905], [6.087358697955996, 43.08395734527753], [6.088324873096447, 43.0822635135135], [6.091901967005076, 43.081286196911186], [6.118101949036256, 43.08049083751009], [6.130427329068888, 43.07203742404846], [6.133350980484574, 43.05186416206202], [6.119893309604911, 43.0437930610813], [6.105258603132764, 43.03982747014646], [6.103934010152285, 43.040564671814664], [6.102958439086295, 43.043496621621614], [6.100682106598985, 43.04382239382238], [6.099056154822335, 43.042845077220065], [6.098080583756346, 43.03958735521235], [6.0889752538071065, 43.037632722007714], [6.088650063451777, 43.03437499999999], [6.092552347715737, 43.0330719111969], [6.094178299492387, 43.02916264478763], [6.100031725888325, 43.028185328185316], [6.103283629441624, 43.02916264478763], [6.103934010152285, 43.03144305019304], [6.107511104060913, 43.03209459459458], [6.1575904187817265, 43.02948841698841], [6.161167512690356, 43.03013996138995], [6.163118654822336, 43.0330719111969], [6.170923223350254, 43.03437499999999], [6.171511947104263, 43.03670173086247], [6.179153359643324, 43.03734950542796], [6.1824699715736955, 43.04325466227183], [6.171189144215993, 43.04083162809451], [6.1520357962223935, 43.046798643658214], [6.151719494150259, 43.07235011113698], [6.161005427158117, 43.09202877836995], [6.162659068968025, 43.094208515977044], [6.176768182343664, 43.10341038464333], [6.19277576497941, 43.1102123462361], [6.216271329318404, 43.1171048157779], [6.227831535532996, 43.11581805019304], [6.2307582487309645, 43.111583011583], [6.233034581218275, 43.111908783783775], [6.235310913705585, 43.11581805019304], [6.250920050761422, 43.117121138996126], [6.258724619289341, 43.12168194980694], [6.272867850434926, 43.12078735319112], [6.276284898477158, 43.11907577220076], [6.285715418781726, 43.10930260617759], [6.290268083756345, 43.10734797297296], [6.307177982233504, 43.106044884169876], [6.312055837563452, 43.10441602316601], [6.313031408629442, 43.10148407335906], [6.316283312182742, 43.100506756756744], [6.317258883248732, 43.094642857142844], [6.318884835025381, 43.09268822393821], [6.32701459390863, 43.09073359073358], [6.341648159898477, 43.08975627413126], [6.344249682741117, 43.086498552123544], [6.353029822335026, 43.08552123552123], [6.357907677664976, 43.086498552123544], [6.359208439086295, 43.08975627413126], [6.362135152284265, 43.09073359073358], [6.363010418000997, 43.09231188794144], [6.373209955770666, 43.092335913669885], [6.364590624971507, 43.11881321903518], [6.377320432888271, 43.13695090362184], [6.388749799611287, 43.14252711624026], [6.399206852791879, 43.14383445945945], [6.401808375634519, 43.14709218146717], [6.417417512690356, 43.14839527027026], [6.422620558375636, 43.15165299227798], [6.434327411167513, 43.1467664092664], [6.440831218274113, 43.14546332046331], [6.443107550761422, 43.151327220077214], [6.447985406091371, 43.15328185328185], [6.463608905373832, 43.15570356290137], [6.464570114213198, 43.15425916988416], [6.487333439086294, 43.15230453667952], [6.489934961928934, 43.14839527027026], [6.4922112944162444, 43.14806949806949], [6.493837246192894, 43.149046814671806], [6.494812817258884, 43.15230453667952], [6.500420182531496, 43.15350826487098], [6.505495706750162, 43.152534307753754], [6.525770846988584, 43.16178542494875], [6.527643157624094, 43.164094151859224], [6.534160850253807, 43.16566119691119], [6.535786802030457, 43.16761583011582], [6.535461611675126, 43.17217664092663], [6.534667201343662, 43.17275542763698], [6.538134495072674, 43.1816970905483], [6.5471684644670045, 43.183904440154436], [6.574809644670051, 43.18455598455598], [6.594321065989848, 43.182601351351344], [6.596582112063936, 43.18146880553083], [6.59899920544336, 43.17792636629883], [6.600174492385787, 43.17380550193049], [6.607003489847716, 43.16924469111969], [6.615783629441625, 43.1584942084942], [6.618059961928934, 43.15881998069497], [6.620986675126904, 43.16338079150578], [6.628791243654822, 43.16468388030887], [6.630417195431472, 43.16794160231659], [6.644075190355331, 43.16989623552123], [6.64472557106599, 43.173153957528946], [6.64082328680203, 43.174782818532805], [6.639847715736041, 43.17804054054053], [6.641798857868022, 43.183904440154436], [6.648302664974619, 43.18520752895752], [6.649136926324396, 43.187213338673445], [6.6665830856135715, 43.19569235854566], [6.669765228426397, 43.195958011583], [6.671131410474642, 43.19830422841201], [6.677680591389316, 43.20206508736621], [6.67077381837934, 43.212709092915006], [6.663980096044562, 43.22081529553026], [6.666904584145255, 43.23991467138339], [6.681672347941109, 43.247856039095936], [6.685049175126904, 43.248081563706556], [6.687650697969543, 43.251990830115815], [6.689927030456854, 43.25231660231659], [6.691552982233503, 43.256225868725856], [6.691660307517326, 43.259236353549355], [6.696217388646186, 43.265523227174505], [6.692462350049274, 43.27159527323612], [6.682122461928934, 43.27414333976833], [6.680496510152285, 43.27740106177605], [6.671716370558376, 43.27837837837837], [6.666838515228426, 43.27642374517374], [6.66620454961463, 43.27345994548155], [6.649445995915442, 43.270171528755284], [6.631717956852793, 43.27186293436292], [6.627165291878173, 43.26893098455597], [6.622612626903554, 43.26827944015443], [6.594387557541137, 43.26658604874506], [6.590426480971541, 43.26747206450562], [6.589459295640539, 43.26934225017544], [6.596175902052754, 43.28506118308229], [6.61644221758957, 43.29398943829348], [6.621311865482234, 43.29466698841698], [6.6234339482782145, 43.29702907699862], [6.640638302849505, 43.30884830845738], [6.667488895939087, 43.31160714285713], [6.669114847715737, 43.31356177606176], [6.667814086294416, 43.31616795366794], [6.665212563451777, 43.31942567567566], [6.661635469543148, 43.32040299227798], [6.6606598984771574, 43.32333494208493], [6.669114847715736, 43.33017615830114], [6.671065989847716, 43.337017374517366], [6.678870558375635, 43.34125241312741], [6.6970812182741115, 43.34418436293436], [6.704885786802031, 43.34679054054053], [6.7104486032551485, 43.35142063592207], [6.716333461998053, 43.351970056791025], [6.716458058504023, 43.367590340965045], [6.731283321849313, 43.38265488102413], [6.730250634517767, 43.40836148648647], [6.74574735965614, 43.419201791003886], [6.756058138138567, 43.42386865076439], [6.763843624669869, 43.42243890807325], [6.76667195431472, 43.420415057915044], [6.769598667512691, 43.415854247104235], [6.7783788071066, 43.41357384169883], [6.78098032994924, 43.40966457528956], [6.7842322335025385, 43.40868725868725], [6.788784898477157, 43.40901303088802], [6.790596298062811, 43.41173499182486], [6.796682488957762, 43.412999568744524], [6.8431658266038955, 43.41508909152852], [6.846692745497889, 43.41412623016577], [6.8582255925041835, 43.416945199231264], [6.857097973564342, 43.4205366571771], [6.858375634517767, 43.421718146718135], [6.85876262425973, 43.43083976833975], [6.860697572969544, 43.434749034749025], [6.864180480647209, 43.4337717181467], [6.865156051713199, 43.43018822393821], [6.868098958333334, 43.427582046332034], [6.8733961902495775, 43.4256274131274], [6.874411725281247, 43.427819667239106], [6.892991592938974, 43.42906204817893], [6.896596516020358, 43.437934059872575], [6.899508266980115, 43.44030463576512], [6.919043937411954, 43.45002656701076], [6.923494589389318, 43.47247740256946], [6.925001750373643, 43.4747421890679], [6.94131239424704, 43.48328909266408], [6.944564297800341, 43.4924107142857], [6.952368866328259, 43.498926158301146], [6.952368866328259, 43.50576737451736], [6.9420195954143304, 43.51016545925096], [6.939823154761271, 43.514166133114664], [6.945180877264507, 43.529121387797275], [6.958412439643558, 43.539194741435054], [6.960823815566837, 43.53964768339767], [6.965742152753247, 43.543638058383834], [6.973840714866347, 43.54773678304094], [6.990090947546532, 43.54942084942084], [7.023260363790188, 43.5474662162162], [7.027813028764807, 43.54551158301157], [7.032690884094756, 43.53964768339767], [7.037132831219678, 43.539435783642446], [7.037669953451173, 43.53848510673301], [7.045713267451252, 43.54426525550343], [7.051226734348562, 43.5451858108108], [7.052527950571835, 43.54831431741591], [7.057235380656864, 43.55111131846873], [7.070310458162739, 43.56210888485059], [7.076664844011273, 43.56499367601669], [7.080168675972928, 43.56538368725868], [7.0866768509717994, 43.5695280347374], [7.0914522869453025, 43.57010211238561], [7.1010039557199685, 43.569873790429625], [7.107484665820644, 43.56831563706563], [7.1110617597292745, 43.5604971042471], [7.118866328257193, 43.55886824324323], [7.1191915186125225, 43.555610521235515], [7.114638853637903, 43.552678571428565], [7.114313663282573, 43.54811776061775], [7.115614424703892, 43.54616312741312], [7.122118231810492, 43.54420849420848], [7.133825084602369, 43.5451858108108], [7.136101417089679, 43.549095077220066], [7.13935332064298, 43.55007239382238], [7.140328891708969, 43.55593629343628], [7.13935332064298, 43.55919401544401], [7.13545103637902, 43.56180019305018], [7.13317470389171, 43.57059604247103], [7.131110651017014, 43.573247485295354], [7.128022343735253, 43.59033479635264], [7.126225479894435, 43.612385762531005], [7.127309163507971, 43.61677881179844], [7.1295976099830805, 43.62011341698841], [7.129922800338411, 43.626954633204626], [7.13187394247039, 43.632818532818526], [7.138377749576989, 43.637379343629334], [7.14130446277496, 43.64291747104246], [7.153011315566836, 43.65203909266408], [7.155799127810083, 43.65669375987124], [7.171547165820645, 43.6588803088803], [7.189757825719123, 43.65822876447876], [7.197562394247041, 43.65497104247103], [7.197562394247041, 43.65236486486486], [7.2004891074450095, 43.64910714285713], [7.202825567640078, 43.64910714285713], [7.204433058643724, 43.64626974272601], [7.213016723541909, 43.6499667016541], [7.230084157694379, 43.66399006903452], [7.227985635540468, 43.67080058299], [7.229254176298081, 43.67673103193726], [7.240955352898992, 43.686185095760194], [7.257163760814182, 43.69314401697861], [7.277172097824475, 43.694605026095374], [7.284713409475467, 43.693412162162154], [7.287965313028766, 43.69145752895752], [7.291217216582066, 43.686896718146706], [7.300972927241964, 43.68494208494207], [7.30595848182879, 43.688521386492866], [7.318387951111613, 43.686846313248274], [7.319183587140441, 43.680381274131264], [7.321134729272421, 43.67777509652509], [7.32698815566836, 43.675820463320456], [7.328288917089679, 43.67907818532817], [7.3341423434856186, 43.68298745173744], [7.335443104906939, 43.68526785714285], [7.335443104906939, 43.68852557915057], [7.333624320266903, 43.69410557325921], [7.340997049697238, 43.70858115205856], [7.352450933218841, 43.71699966844325], [7.358619751351198, 43.72045520806076], [7.378422937838042, 43.72134350444522], [7.403756011702077, 43.71950240156559], [7.411213970372158, 43.72657592373875], [7.418366645516076, 43.72729247104246], [7.4212933587140455, 43.730550193050185], [7.422052997590358, 43.73511618139158], [7.4320018826883585, 43.74109633807763], [7.452315911351846, 43.757341258866354], [7.4599910109983085, 43.757589285714275], [7.462917724196279, 43.755960424710416], [7.463568104906939, 43.75368001930501], [7.471372673434857, 43.75237693050192], [7.4739741962774975, 43.74846766409265], [7.479827622673437, 43.747490347490334], [7.483079526226736, 43.7513996138996], [7.483729906937396, 43.760521235521225], [7.487632191201355, 43.76801399613898], [7.500964995769883, 43.77322635135134], [7.511045896785111, 43.78202220077219], [7.523403130287649, 43.78397683397682], [7.539337457698817, 43.783651061776055], [7.546166455160746, 43.7820222007722], [7.546491645516077, 43.77974179536679], [7.549418358714046, 43.77876447876447], [7.554621404399325, 43.78527992277992], [7.5591740693739435, 43.787234555984554], [7.592343485617599, 43.78918918918918], [7.610228955160746, 43.788211872586864], [7.6138060490693755, 43.78723455598455], [7.6138060490693755, 43.785931467181456], [7.616082381556685, 43.78495415057914], [7.620635046531304, 43.7843026061776], [7.64795103637902, 43.78299951737451], [7.654129653130289, 43.77909025096525], [7.667137267343487, 43.77909025096525], [7.671039551607446, 43.780719111969105], [7.672990693739426, 43.783651061776055], [7.680795262267345, 43.78495415057914], [7.683396785109985, 43.788863416988406], [7.690225782571914, 43.78984073359072], [7.692610379285443, 43.79270736960223], [7.720067253076523, 43.796970362225316], [7.737053193739426, 43.796681949806946], [7.740630287648055, 43.798310810810804], [7.745508142978005, 43.804174710424704], [7.752337140439933, 43.80515202702702], [7.754288282571913, 43.80808397683397], [7.762092851099832, 43.81069015444015], [7.7881080795262285, 43.81459942084942], [7.793311125211506, 43.8159025096525], [7.798514170896786, 43.81916023166022], [7.821927876480542, 43.81720559845559], [7.8349354906937405, 43.81753137065637], [7.83753701353638, 43.81916023166023], [7.83851258460237, 43.82502413127413], [7.84176448815567, 43.82600144787644], [7.844366010998309, 43.82991071428571], [7.863877432318106, 43.831213803088794], [7.867129335871406, 43.831865347490336], [7.8713568104906955, 43.83512306949806], [7.876559856175975, 43.8357746138996], [7.902900274957702, 43.83675193050192], [7.908753701353639, 43.83805501930501], [7.916558269881557, 43.84457046332045], [7.921110934856177, 43.84587355212354], [7.944849830795264, 43.8475024131274], [7.947776543993234, 43.850760135135125], [7.96241010998308, 43.853692084942075], [7.9647197419815, 43.8569313552386], [7.974994166332992, 43.86189946703588], [7.9871245769881565, 43.86313947876447], [7.9890757191201365, 43.86639720077219], [7.9968802876480565, 43.86770028957528], [8.000132191201356, 43.87160955598455], [8.019318422165824, 43.8745415057915], [8.024521467851102, 43.88105694980695], [8.033301607445008, 43.88333735521235], [8.037203891708968, 43.887246621621614], [8.064519881556686, 43.88920125482625], [8.068422165820646, 43.89311052123551], [8.074925972927243, 43.89408783783783], [8.078828257191201, 43.90418677606177], [8.086632825719121, 43.909724903474896], [8.08793358714044, 43.91330839768339], [8.09573815566836, 43.91461148648648], [8.098339678511, 43.918520752895745], [8.10614424703892, 43.919823841698836], [8.109396150592218, 43.9237331081081], [8.121103003384096, 43.92471042471041], [8.127606810490693, 43.92666505791505], [8.129883142978004, 43.934483590733585], [8.133785427241964, 43.93708976833976], [8.135086188663283, 43.94490830115829], [8.138338092216584, 43.94588561776061], [8.139313663282573, 43.94881756756756], [8.145167089678512, 43.950446428571425], [8.16467851099831, 43.95174951737451], [8.168580795262269, 43.95370415057914], [8.170531937394248, 43.95663610038609], [8.169881556683588, 43.96380308880308], [8.162076988155668, 43.97227316602316], [8.160776226734349, 43.976182432432424], [8.16012584602369, 43.98791023166022], [8.162076988155668, 43.99605453667953], [8.164028130287647, 43.99768339768339], [8.168580795262269, 43.99833494208494], [8.170531937394248, 44.001592664092655], [8.171507508460238, 44.007456563706555], [8.174759412013536, 44.00843388030887], [8.177686125211507, 44.01299469111969], [8.185490693739427, 44.01429777992277], [8.186791455160748, 44.01788127413127], [8.194921214043994, 44.02341940154439], [8.201425021150595, 44.032215250965244], [8.211505922165822, 44.035147200772194], [8.214107445008462, 44.03905646718145], [8.221912013536379, 44.04035955598455], [8.22353796531303, 44.04426882239382], [8.22744024957699, 44.0455719111969], [8.22744024957699, 44.048829633204626], [8.22451353637902, 44.04980694980694], [8.22288758460237, 44.05567084942084], [8.222984502868815, 44.05916614979416], [8.228535645554743, 44.07289815999541], [8.229703112685678, 44.08036765485772], [8.229096096264426, 44.08833791469844], [8.23101734348562, 44.09411196911196], [8.23557000846024, 44.10258204633203], [8.247602051607444, 44.113658301158296], [8.249228003384095, 44.12082528957528], [8.252479906937394, 44.12277992277991], [8.258333333333335, 44.12375723938223], [8.259634094754656, 44.12734073359073], [8.267438663282572, 44.132878861003846], [8.270338138201133, 44.14101191682024], [8.274214691962582, 44.14345048092915], [8.28890122673435, 44.149493243243235], [8.291389278516155, 44.15273349781629], [8.299957698815568, 44.15503137065636], [8.301027500665956, 44.156817563970925], [8.305379340587852, 44.15866159722303], [8.320119500846026, 44.16024372586872], [8.322721023688665, 44.163501447876435], [8.325322546531305, 44.16415299227798], [8.338330160744501, 44.164804536679526], [8.346134729272421, 44.16936534749034], [8.361743866328258, 44.170668436293425], [8.363563828570314, 44.17370713396286], [8.371499576988157, 44.17522924710424], [8.38270931313562, 44.17979391056302], [8.397839995769884, 44.18109314671814], [8.402392660744503, 44.18500241312741], [8.414099513536378, 44.18630550193049], [8.4154002749577, 44.189563223938215], [8.41832698815567, 44.19054054054053], [8.417351417089678, 44.22572393822393], [8.418977368866328, 44.22898166023165], [8.424830795262269, 44.23289092664092], [8.42645674703892, 44.23647442084941], [8.435236886632826, 44.23745173745173], [8.441090313028766, 44.241361003860995], [8.445642978003388, 44.254391891891885], [8.448244500846027, 44.25830115830115], [8.450520833333336, 44.25895270270269], [8.451496404399325, 44.26221042471042], [8.450846023688666, 44.266771235521226], [8.447194618429078, 44.26799054836147], [8.443087651171764, 44.28436034070187], [8.44872736157397, 44.28993265227278], [8.456699450084603, 44.291529922779915], [8.459951353637901, 44.296090733590724], [8.517129961164317, 44.29804536679536], [8.630186414795828, 44.29934845559845], [8.799120714532435, 44.29999999999999], [9.192541969755416, 44.299674227799215], [9.361151079136691, 44.29804536679536], [9.361151079136691, 44.296742277992266], [9.365062949640288, 44.29413610038609], [9.36988072921949, 44.29234243614747], [9.375728327583333, 44.272989588665965], [9.38220009571689, 44.27095887733675], [9.384948291366907, 44.269051640926634], [9.397475886159924, 44.266165639990305], [9.398639838129498, 44.263839285714276], [9.401899730215828, 44.26286196911196], [9.402877697841728, 44.25699806949806], [9.404833633093528, 44.253740347490336], [9.411353417266188, 44.25341457528957], [9.415265287769785, 44.25895270270269], [9.417108559856608, 44.260005299867515], [9.423411813671182, 44.257864024830695], [9.430362987481738, 44.24822603422302], [9.437474036327112, 44.24092330277136], [9.44475293087181, 44.24016091416779], [9.445908273381296, 44.238429054054045], [9.46416366906475, 44.23647442084941], [9.466119604316548, 44.23321669884169], [9.46937949640288, 44.23223938223937], [9.475247302158277, 44.23321669884169], [9.475899280575542, 44.235497104247095], [9.478833183453238, 44.237125965250954], [9.48861285971223, 44.236800193050186], [9.493502697841727, 44.22767857142856], [9.495488005395154, 44.22739514486379], [9.499932154643528, 44.22304872186816], [9.508170036842742, 44.2186001170138], [9.51371402877698, 44.21236727799227], [9.520885791366908, 44.21106418918918], [9.524471672661871, 44.207154922779914], [9.548268884892087, 44.204222972972964], [9.555766636690649, 44.19640444015443], [9.560656474820146, 44.19575289575289], [9.563916366906476, 44.193798262548256], [9.565546312949643, 44.18597972972972], [9.568806205035973, 44.18500241312741], [9.571088129496406, 44.180767374517366], [9.586735611510793, 44.17555501930501], [9.589343525179856, 44.174251930501924], [9.59162544964029, 44.170668436293425], [9.598165761889373, 44.16957910988901], [9.606430861305677, 44.16260495877463], [9.607272931654677, 44.15503137065636], [9.61085881294964, 44.1534025096525], [9.618356564748202, 44.14428088803088], [9.627484262589928, 44.1416747104247], [9.632048111510795, 44.13548503861003], [9.634004046762591, 44.134833494208486], [9.638893884892088, 44.136462355212345], [9.642153776978418, 44.13906853281853], [9.642805755395685, 44.1416747104247], [9.647695593525182, 44.14330357142856], [9.662928764173548, 44.1428105572621], [9.668232913669067, 44.1416747104247], [9.677686600719426, 44.132878861003846], [9.693660071942446, 44.12734073359073], [9.696919964028778, 44.12310569498069], [9.704743705035972, 44.121802606177596], [9.707351618705037, 44.11789333976833], [9.714523381294967, 44.11659025096524], [9.724955035971224, 44.10486245173744], [9.730170863309354, 44.10193050193049], [9.734734712230217, 44.10127895752895], [9.73799460431655, 44.093460424710415], [9.75625, 44.08955115830115], [9.758531924460431, 44.08303571428571], [9.760487859712232, 44.081732625482616], [9.770593525179859, 44.08042953667953], [9.781025179856115, 44.0713079150579], [9.79406474820144, 44.06870173745173], [9.799606564748203, 44.062186293436284], [9.819817895683455, 44.05827702702702], [9.826989658273382, 44.050458494208485], [9.830609556883791, 44.049769448707735], [9.833307166346966, 44.04369971231022], [9.835745634088966, 44.04342861291234], [9.839703237410072, 44.04003378378377], [9.848830935251799, 44.03938223938223], [9.852742805755398, 44.040359555984544], [9.856654676258994, 44.04524613899613], [9.856654676258994, 44.04915540540539], [9.856002697841728, 44.05208735521234], [9.852742805755398, 44.05501930501929], [9.846875, 44.05404198841698], [9.845245053956836, 44.05013272200772], [9.841985161870506, 44.050458494208485], [9.841333183453239, 44.05827702702702], [9.845245053956836, 44.06120897683397], [9.845897032374102, 44.0631636100386], [9.845897032374102, 44.072936776061766], [9.844267086330936, 44.075868725868716], [9.841333183453239, 44.07684604247103], [9.84035521582734, 44.08010376447876], [9.83187949640288, 44.08205839768339], [9.824055755395685, 44.09085424710424], [9.821781755007848, 44.095723861263785], [9.830638427677295, 44.1004716624634], [9.829950800192076, 44.101216525179616], [9.837095323741007, 44.10193050193049], [9.851438848920866, 44.10095318532817], [9.860566546762591, 44.09606660231659], [9.868390287769785, 44.08727075289574], [9.875562050359713, 44.08596766409265], [9.879147931654677, 44.08205839768339], [9.893817446043165, 44.081081081081074], [9.901967176258994, 44.07912644787644], [9.904901079136692, 44.07228523166022], [9.907508992805756, 44.070330598455584], [9.924134442446045, 44.06381515444015], [9.929350269784175, 44.056973938223926], [9.938803956834535, 44.05404198841698], [9.946627697841729, 44.04524613899613], [9.953799460431656, 44.040359555984544], [9.970098920863311, 44.03840492277991], [9.97205485611511, 44.035147200772194], [9.977922661870505, 44.03416988416988], [9.983138489208633, 44.03710183397683], [9.988354316546765, 44.04394305019304], [9.994548111510793, 44.048829633204626], [10.004979766187052, 44.04948117760617], [10.007913669064749, 44.04785231660231], [10.008891636690649, 44.0455719111969], [10.02258318345324, 44.04361727799227], [10.024213129496404, 44.04035955598455], [10.032036870503598, 44.03905646718145], [10.035622751798561, 44.035147200772194], [10.058441996402879, 44.03319256756756], [10.062027877697842, 44.029283301158294], [10.068547661870506, 44.02830598455598], [10.070503597122304, 44.02244208494208], [10.0744154676259, 44.019184362934354], [10.090062949640288, 44.017555501930495], [10.094300809352518, 44.011691602316596], [10.10603642086331, 44.00256998069497], [10.107666366906475, 43.998660714285705], [10.115816097122302, 43.99703185328185], [10.122335881294966, 43.989213320463314], [10.13113758992806, 43.98660714285714], [10.134071492805756, 43.9787886100386], [10.144896103595958, 43.975941924525024], [10.149718974820146, 43.9729247104247], [10.158194694244605, 43.95989382239381], [10.161454586330937, 43.957287644787634], [10.173842176258994, 43.95402992277991], [10.175798111510792, 43.94621138996138], [10.17970998201439, 43.94458252895752], [10.180361960431656, 43.941324806949794], [10.184273830935252, 43.94002171814671], [10.185903776978417, 43.93611245173744], [10.191771582733814, 43.93513513513513], [10.196009442446044, 43.93122586872586], [10.202529226618706, 43.915588803088795], [10.210678956834533, 43.91330839768339], [10.211656924460431, 43.91005067567566], [10.215568794964032, 43.90809604247103], [10.21654676258993, 43.89930019305018], [10.218502697841728, 43.8944136100386], [10.22730440647482, 43.89148166023165], [10.237186278790201, 43.87530937893938], [10.238388039568346, 43.853692084942075], [10.242299910071946, 43.849782818532816], [10.243603866906476, 43.84196428571428], [10.247515737410072, 43.8393581081081], [10.248493705035973, 43.832516891891885], [10.256317446043166, 43.82502413127413], [10.259251348920865, 43.801242760617754], [10.262837230215826, 43.79733349420848], [10.26935701438849, 43.76540781853281], [10.271372165356503, 43.763577082622334], [10.2821408334795, 43.67926592359226], [10.279462679856117, 43.68070704633204], [10.278484712230217, 43.683964768339756], [10.272616906474822, 43.68494208494207], [10.27033498201439, 43.681032818532806], [10.273268884892087, 43.66800193050192], [10.278158723021583, 43.662789575289565], [10.280114658273384, 43.644546332046325], [10.283374550359714, 43.641614382239375], [10.285330485611514, 43.61881032818532], [10.289242356115109, 43.61424951737451], [10.29054631294964, 43.60252171814671], [10.292023835035753, 43.601888915926445], [10.29624262088916, 43.56885876577809], [10.29915659062767, 43.55900827406777], [10.2990220323741, 43.55658783783783], [10.29576214028777, 43.553655888030875], [10.294784172661872, 43.54876930501929], [10.29576214028777, 43.53997345559844], [10.298044064748202, 43.538996138996126], [10.299674010791367, 43.40473123793434], [10.3, 43.09144646879021], [10.298696043165467, 42.95718156772843], [10.296088129496404, 42.86767163368725], [10.29228642740534, 42.82417708253807], [10.2794287610441, 42.82510574826037], [10.277180755395685, 42.82779947916666], [10.269357014388492, 42.8291015625], [10.267727068345327, 42.8330078125], [10.26414118705036, 42.832682291666664], [10.261533273381295, 42.82942708333333], [10.260229316546765, 42.824869791666664], [10.261533273381296, 42.82356770833333], [10.270986960431657, 42.82259114583333], [10.273646, 42.821116024106004], [10.271964928057553, 42.818033854166664], [10.265445143884893, 42.817057291666664], [10.263489208633095, 42.81380208333333], [10.26368246124266, 42.812644233646715], [10.262461957370682, 42.81200743281716], [10.263807062293441, 42.811897701489], [10.264467176258993, 42.80794270833333], [10.266858299601312, 42.80722640198724], [10.26734751262321, 42.804118505715486], [10.26595975780078, 42.80293112193647], [10.242277757800782, 42.80167012193647], [10.224119529403652, 42.80295108835406], [10.21160398653987, 42.806457482173606], [10.189532363522936, 42.81543236817689], [10.17945254760356, 42.81724280645904], [10.158422617813352, 42.81579879270673], [10.133485588945703, 42.81048875151928], [10.115151031479357, 42.801322332675305], [10.11320818345324, 42.80110677083333], [10.110274280575542, 42.79622395833333], [10.105710431654678, 42.79361979166666], [10.102450539568347, 42.78613281249999], [10.10179856115108, 42.77213541666666], [10.103754496402878, 42.76236979166666], [10.105710431654678, 42.76041666666666], [10.107813813975781, 42.75985657060797], [10.108142570884086, 42.75822772121552], [10.112497089682734, 42.75478522428736], [10.117446043165469, 42.74348958333333], [10.120053956834534, 42.740885416666664], [10.132115557553957, 42.73860677083333], [10.134071492805756, 42.7353515625], [10.136027428057556, 42.73470052083333], [10.147763039568346, 42.73339843749999], [10.149718974820146, 42.73014322916666], [10.154608812949641, 42.72916666666666], [10.163410521582737, 42.73014322916666], [10.165040467625902, 42.73339843749999], [10.172864208633095, 42.73470052083333], [10.175455330568424, 42.73815038624531], [10.189825583770386, 42.73782407086067], [10.190467625899283, 42.736328125], [10.19437949640288, 42.73470052083333], [10.210026978417266, 42.73339843749999], [10.212634892086331, 42.73014322916666], [10.215242805755397, 42.72949218749999], [10.230890287769785, 42.728190104166664], [10.233172212230217, 42.724283854166664], [10.235454136690647, 42.72395833333333], [10.237084082733814, 42.72493489583333], [10.237736061151079, 42.728190104166664], [10.24164793165468, 42.73014322916666], [10.243603866906478, 42.74186197916666], [10.248493705035973, 42.74479166666666], [10.257295413669066, 42.743815104166664], [10.258273381294964, 42.74153645833333], [10.263163219424461, 42.739908854166664], [10.282722571942449, 42.73860677083333], [10.285330485611514, 42.73470052083333], [10.288590377697844, 42.73470052083333], [10.289894334532374, 42.73860677083333], [10.293806205035974, 42.74055989583333], [10.295110161870506, 42.75227864583333], [10.29576214028777, 42.75423177083333], [10.298044064748202, 42.75520833333333], [10.3, 42.60286458333333], [10.299348021582734, 42.42480468749999], [10.2980440647482, 42.37337239583333], [10.296088129496404, 42.34700520833333], [10.293480215827339, 42.34570312499999], [10.290220323741007, 42.34016927083333], [10.289568345323742, 42.33072916666666], [10.29152428057554, 42.32324218749999], [10.296088129496404, 42.31966145833333], [10.2980440647482, 42.23632812499999], [10.3, 41.82356770833333], [10.3, 41.49414062499999], [10.25990332733813, 41.24707031249999], [10.17970998201439, 41.08235677083333], [10.059419964028779, 40.99999999999999], [9.778417266187052, 41.00065104166666], [9.697571942446046, 41.00195312499999], [9.656647100389185, 41.003899126999826], [9.651281474820145, 41.01041666666666], [9.648999550359715, 41.01009114583333], [9.648306176563004, 41.00801401312336], [9.64376073988884, 41.0102564450992], [9.615499326090418, 41.01810711264656], [9.610259268362205, 41.01831566648829], [9.60857688848921, 41.02018229166666], [9.59684127697842, 41.02180989583333], [9.59390737410072, 41.02604166666666], [9.59162544964029, 41.02539062499999], [9.59064748201439, 41.01953124999999], [9.588620509870886, 41.019176887193794], [9.582963314723242, 41.01491081806218], [9.571088129496403, 41.01236979166666], [9.561387635246271, 41.01269267689194], [9.559352517985612, 41.01432291666666], [9.559678507194246, 41.01888020833333], [9.563590377697842, 41.02180989583333], [9.564568345323742, 41.02669270833333], [9.564568345323742, 41.03059895833333], [9.56228642086331, 41.03320312499999], [9.557722571942447, 41.03450520833333], [9.549160712646186, 41.03413879871443], [9.543242867165947, 41.035379257832076], [9.538373511495319, 41.033677154330206], [9.534903327338132, 41.03352864583333], [9.530339478417268, 41.03548177083333], [9.528057553956836, 41.03906249999999], [9.528057553956836, 41.04427083333333], [9.530991456834535, 41.05273437499999], [9.543705035971225, 41.06445312499999], [9.542727068345325, 41.06673177083333], [9.530509006538267, 41.06830149701141], [9.53455582297529, 41.08199418721371], [9.538163219424462, 41.08430989583333], [9.538489208633095, 41.08658854166666], [9.5446022926586, 41.08404508297549], [9.546414556868537, 41.080276600956104], [9.548597041404593, 41.082382995823636], [9.554136690647484, 41.08007812499999], [9.555114658273384, 41.08300781249999], [9.566850269784176, 41.09342447916666], [9.569784172661873, 41.10351562499999], [9.569784172661873, 41.11002604166666], [9.56848021582734, 41.11490885416666], [9.565872302158276, 41.11816406249999], [9.560686163125338, 41.12005146111443], [9.55854389330851, 41.124625], [9.553266041236128, 41.124625], [9.546391893940035, 41.119436145623155], [9.541128913667848, 41.12114776868108], [9.539793165467628, 41.12434895833333], [9.544357014388492, 41.12695312499999], [9.546964928057555, 41.13346354166666], [9.545660971223022, 41.13476562499999], [9.53588129496403, 41.13671874999999], [9.533273381294965, 41.13932291666666], [9.530013489208635, 41.14843749999999], [9.525449640287771, 41.15494791666666], [9.522189748201441, 41.15624999999999], [9.515343974820144, 41.15527343749999], [9.512410071942448, 41.15039062499999], [9.512084082733814, 41.14355468749999], [9.510454136690647, 41.14062499999999], [9.50752023381295, 41.14160156249999], [9.507194244604317, 41.14388020833333], [9.500348471223022, 41.14550781249999], [9.477529226618705, 41.14550781249999], [9.469381853834022, 41.14466955799804], [9.460090934368862, 41.14035549317457], [9.463326558797139, 41.138789710184945], [9.466003882489229, 41.13567874995705], [9.464489658273383, 41.12597656249999], [9.460577787769786, 41.12304687499999], [9.459197759637053, 41.11629556863311], [9.456339928057556, 41.11458333333333], [9.45047212230216, 41.11360677083333], [9.449494154676263, 41.11035156249999], [9.446560251798562, 41.10937499999999], [9.442648381294966, 41.13378906249999], [9.440692446043167, 41.13541666666666], [9.436320401186608, 41.13614429386381], [9.434468704170934, 41.137577978214566], [9.433846672661872, 41.13964843749999], [9.43055438502607, 41.14129221616873], [9.427652877697842, 41.15332031249999], [9.425044964028778, 41.15527343749999], [9.41519880282644, 41.15653395216909], [9.410375449640288, 41.15820312499999], [9.410049460431654, 41.16015624999999], [9.412983363309355, 41.16471354166666], [9.423089028776982, 41.16861979166666], [9.423741007194247, 41.17317708333333], [9.420874, 41.17542667643678], [9.420874, 41.179232], [9.403760146202437, 41.18023889157061], [9.389694, 41.185283641525935], [9.389694, 41.18252467193486], [9.38299235611511, 41.18326822916666], [9.381362410071944, 41.18619791666666], [9.37919662926451, 41.18547702698219], [9.36633651154411, 41.19491897929738], [9.361803057553958, 41.20345052083333], [9.357891187050361, 41.20670572916666], [9.353327338129498, 41.20833333333333], [9.345142095545837, 41.20751598511556], [9.33654904676528, 41.20975798270479], [9.335822082819467, 41.20179081505663], [9.330834082733816, 41.19563802083333], [9.32398830935252, 41.19270833333333], [9.32099940950765, 41.19237671050571], [9.315865073976948, 41.195160333711065], [9.312111147547094, 41.19939827550576], [9.305931596125957, 41.196528997341346], [9.299934569701136, 41.19502372783562], [9.284725740738844, 41.19364261376754], [9.28389163669065, 41.19694010416666], [9.292693345323743, 41.19791666666666], [9.297583183453238, 41.20084635416666], [9.298561151079138, 41.20377604166666], [9.297583183453238, 41.21256510416666], [9.293671312949641, 41.21451822916666], [9.292693345323741, 41.21777343749999], [9.289433453237411, 41.21874999999999], [9.28490947223418, 41.217997086494904], [9.284220553937212, 41.220247], [9.279380088693205, 41.220247], [9.278201943517677, 41.217021060650154], [9.27671987410072, 41.23307291666666], [9.272808003597124, 41.23535156249999], [9.27150404676259, 41.23860677083333], [9.26395971803543, 41.23944382518604], [9.257199183590497, 41.24802866222597], [9.24686196230497, 41.2462497708263], [9.245750899280576, 41.24902343749999], [9.239883093525181, 41.24999999999999], [9.23662320143885, 41.25195312499999], [9.234667266187051, 41.25846354166666], [9.229555402562331, 41.26063151419599], [9.219019784172662, 41.25976562499999], [9.216411870503599, 41.25846354166666], [9.215297702754572, 41.25528477900011], [9.212718970542783, 41.25433653752961], [9.190355878589832, 41.24966484936545], [9.176967176258994, 41.24934895833333], [9.17142535971223, 41.24609374999999], [9.166535521582734, 41.24023437499999], [9.158385791366907, 41.23860677083333], [9.158059802158274, 41.23535156249999], [9.160993705035974, 41.23437499999999], [9.162623651079137, 41.23144531249999], [9.16294964028777, 41.22460937499999], [9.161971672661872, 41.21972656249999], [9.158059802158274, 41.21679687499999], [9.156755845323742, 41.20898437499999], [9.153495953237412, 41.20670572916666], [9.152843974820145, 41.18717447916666], [9.154473920863312, 41.18229166666666], [9.157407823741009, 41.18131510416666], [9.158385791366907, 41.17805989583333], [9.1624320175545, 41.177386493725955], [9.157522052238999, 41.1667000112595], [9.148250883721738, 41.15718860809613], [9.137236408694367, 41.1559823037116], [9.135348443482657, 41.15825051343292], [9.131808257046774, 41.155600588741244], [9.122526978417268, 41.15494791666666], [9.117311151079138, 41.15234374999999], [9.114051258992806, 41.14843749999999], [9.112747302158276, 41.14322916666666], [9.10916142086331, 41.13932291666666], [9.103293615107916, 41.13671874999999], [9.071672661870505, 41.13444010416666], [9.06906474820144, 41.13346354166666], [9.067642149845119, 41.13133271007691], [9.060887622626298, 41.13070482138278], [9.059285071942448, 41.13118489583333], [9.056677158273382, 41.13509114583333], [9.048853417266189, 41.13639322916666], [9.04787544964029, 41.13964843749999], [9.04494154676259, 41.14062499999999], [9.042007643884892, 41.13639322916666], [9.030272032374103, 41.13509114583333], [9.026034172661872, 41.13118489583333], [9.010386690647483, 41.12955729166666], [9.006474820143886, 41.12630208333333], [9.004518884892088, 41.11946614583333], [8.997999100719426, 41.11523437499999], [8.995391187050362, 41.11035156249999], [8.987567446043169, 41.10839843749999], [8.984307553956835, 41.09602864583333], [8.981699640287772, 41.09277343749999], [8.966052158273381, 41.08203124999999], [8.96377023381295, 41.07486979166666], [8.950078687050361, 41.07096354166666], [8.948303681292836, 41.06387371981908], [8.94119168883933, 41.06006750393657], [8.937184171647909, 41.053475267843716], [8.929541366906475, 41.05110677083333], [8.919109712230217, 41.03971354166666], [8.916501798561153, 41.03841145833333], [8.908026079136693, 41.04036458333333], [8.90672212230216, 41.03743489583333], [8.898898381294966, 41.03613281249999], [8.895638489208633, 41.03222656249999], [8.880316996402879, 41.03059895833333], [8.878361061151082, 41.02929687499999], [8.879013039568346, 41.02246093749999], [8.877057104316549, 41.02050781249999], [8.861735611510792, 41.01497395833333], [8.86043165467626, 41.01367187499999], [8.861083633093525, 41.01139322916666], [8.868907374100718, 41.00976562499999], [8.870863309352519, 41.00390624999999], [8.832620834645736, 41.00195312499999], [8.641408461111823, 40.99999999999999], [8.373711138164344, 41.00032552083333], [8.258983714043994, 41.00195312499999], [8.257032571912015, 41.00585937499999], [8.250528764805415, 41.01041666666666], [8.249424704224666, 41.01594257963433], [8.249594344487116, 41.0343256387084], [8.251829526226736, 41.03613281249999], [8.255731810490694, 41.04622395833333], [8.263536379018614, 41.04785156249999], [8.266137901861253, 41.05273437499999], [8.274414864618038, 41.05874008217134], [8.294569186430566, 41.06132362942686], [8.296705795262268, 41.05826822916666], [8.314916455160745, 41.05631510416666], [8.317517978003385, 41.05338541666666], [8.329224830795264, 41.05533854166666], [8.333127115059224, 41.05826822916666], [8.335728637901862, 41.06282552083333], [8.33653482276498, 41.07124142132439], [8.339975281264607, 41.07488480230925], [8.343187401624801, 41.08628040543615], [8.341970474458446, 41.09138076840985], [8.342232445008461, 41.09505208333333], [8.338330160744501, 41.09928385416666], [8.331303107759211, 41.10460058177621], [8.32671118431065, 41.111682938247654], [8.324455164524196, 41.11812772814648], [8.324597563034871, 41.123459364373375], [8.316007247595937, 41.11843064261969], [8.314266074450085, 41.11979166666666], [8.311989741962776, 41.11946614583333], [8.309063028764808, 41.11490885416666], [8.301258460236888, 41.11360677083333], [8.299307318104908, 41.11035156249999], [8.281096658206433, 41.10839843749999], [8.279145516074452, 41.10514322916666], [8.273292089678511, 41.10416666666666], [8.270040186125213, 41.10221354166666], [8.269714995769883, 41.09570312499999], [8.273617280033843, 41.09309895833333], [8.274918041455162, 41.08528645833333], [8.279237714325284, 41.08250670368803], [8.278846502339876, 41.07889328301877], [8.275568422165822, 41.07779947916666], [8.273292089678513, 41.07389322916666], [8.257682952622675, 41.07161458333333], [8.255081429780034, 41.06901041666666], [8.253780668358715, 41.05989583333333], [8.252485048536855, 41.05748723696008], [8.24329174259215, 41.05151911114312], [8.224188346023691, 41.04687499999999], [8.21963568104907, 41.04427083333333], [8.21735934856176, 41.04101562499999], [8.216383777495771, 41.03222656249999], [8.212481493231813, 41.03027343749999], [8.212156302876481, 41.02799479166666], [8.214107445008462, 41.02636718749999], [8.22061125211506, 41.02539062499999], [8.22256239424704, 41.01953124999999], [8.21963568104907, 41.01432291666666], [8.209879970389172, 41.00683593749999], [8.206953257191202, 41.00195312499999], [7.2118995214678545, 41.00032552083333], [4.890107471446709, 40.99999999999999], [3.8950537357233608, 41.04427083333333], [3.2316845785744617, 41.13281249999999], [2.9000000000000123, 41.26562499999999], [2.9000000000000123, 41.44270833333333], [2.9019531250000123, 41.57584635416666], [2.9058593750000123, 41.66503906249999], [2.911703927577206, 41.71017199629055], [2.9321831750686034, 41.71384309952692], [2.9403397418918513, 41.72375805254502], [2.946223958333346, 41.72493489583333], [2.947851562500013, 41.72884114583333], [2.951106770833346, 41.72981770833333], [2.9526031467596083, 41.73700031277939], [2.962825520833346, 41.74153645833333], [2.964622304778408, 41.744073094491064], [3.009868367583718, 41.770698547375055], [3.012630208333346, 41.77115885416666], [3.0186339527819084, 41.77585673487745], [3.034114583333346, 41.77929687499999], [3.043880208333346, 41.78287760416666], [3.047786458333346, 41.79101562499999], [3.055598958333346, 41.79264322916666], [3.0564071165179594, 41.79533708978204], [3.067859582279772, 41.800196920118545], [3.075741512581242, 41.82287362798056], [3.0826171875000123, 41.82486979166666], [3.0875000000000123, 41.83203124999999], [3.0922164258462193, 41.835780203877746], [3.115287429653517, 41.84843428526334], [3.120052083333346, 41.84863281249999], [3.123958333333346, 41.84700520833333], [3.125911458333346, 41.84407552083333], [3.132421875000013, 41.84407552083333], [3.1349493190458997, 41.84786668690216], [3.1495624239424838, 41.8468944086846], [3.1664095034860242, 41.86462258680961], [3.171809895833346, 41.86621093749999], [3.176367187500013, 41.86946614583333], [3.182377530346895, 41.880198900917044], [3.194391477451925, 41.89063422428432], [3.201106770833346, 41.89257812499999], [3.203059895833346, 41.90039062499999], [3.2053385416666793, 41.90104166666666], [3.206966145833346, 41.90397135416666], [3.207942708333346, 41.91406249999999], [3.2092447916666793, 41.91666666666666], [3.215755208333346, 41.92220052083333], [3.217456823927121, 41.92937114531899], [3.230776331896128, 41.94665651673032], [3.231051224960959, 41.94818735693793], [3.233333333333346, 41.94986979166666], [3.233007812500013, 41.95214843749999], [3.231856490499154, 41.9526717656822], [3.2341029291246364, 41.96518186146771], [3.2295021134027753, 41.97190047026614], [3.2109352828968483, 41.98341082678784], [3.2064952836924845, 41.989385770144516], [3.2001547331697924, 42.01699705835756], [3.1944162993414134, 42.0328720610625], [3.198632651193489, 42.04705233108906], [3.205629923132762, 42.05235909982216], [3.2095703125000123, 42.05273437499999], [3.2125000000000123, 42.05598958333333], [3.212056846940596, 42.06062529648405], [3.212925138383286, 42.06783556059591], [3.1998758411065515, 42.0822899045227], [3.197200520833346, 42.08984374999999], [3.192968750000013, 42.09374999999999], [3.187874136971363, 42.09520560372246], [3.1736753298082636, 42.10932451346601], [3.1740885416666793, 42.11263020833333], [3.172786458333346, 42.11393229166666], [3.1622585513440606, 42.11527145510753], [3.159440104166679, 42.11881510416666], [3.152725855268023, 42.119588173733476], [3.1386024889415123, 42.12598369898638], [3.136653645833346, 42.12923177083333], [3.1335397735381645, 42.129750749549196], [3.1214447711105873, 42.13941119042299], [3.1149810798910043, 42.15822083904718], [3.1173385813266843, 42.21852287029239], [3.1291465915713794, 42.24069098331413], [3.150947595949214, 42.25816184296702], [3.169949430617612, 42.261152636899645], [3.171315876839379, 42.2606461964683], [3.1795828853313393, 42.25100151447224], [3.1813823700037784, 42.250430424993716], [3.1832031250000123, 42.24739583333333]], [[4.900079314720813, 43.36731418918917], [4.902030456852793, 43.37024613899612], [4.897362785533, 43.37220077220076], [4.890743972081228, 43.37122345559844], [4.891892052664977, 43.36796573359072], [4.900079314720813, 43.36731418918917]], [[4.906257931472082, 43.377087355212346], [4.902355647208124, 43.376435810810804], [4.903006027918783, 43.37252654440154], [4.906257931472082, 43.37252654440154], [4.907233502538071, 43.374155405405396], [4.906257931472082, 43.377087355212346]], [[9.14253998897106, 41.24426598854011], [9.138174460431657, 41.24283854166666], [9.136870503597123, 41.24088541666666], [9.137848471223023, 41.23632812499999], [9.142738309352518, 41.23437499999999], [9.144654724120878, 41.234757732259766], [9.147063022912855, 41.23193745004827], [9.15475796627459, 41.237432099258925], [9.15606911452484, 41.24112403565922], [9.155451888489209, 41.24283854166666], [9.149910071942447, 41.24479166666666], [9.14253998897106, 41.24426598854011]], [[3.2180338541666793, 42.05110677083333], [3.218684895833346, 42.04720052083333], [3.222591145833346, 42.04785156249999], [3.222591145833346, 42.05110677083333], [3.2209635416666793, 42.05208333333333], [3.2180338541666793, 42.05110677083333]], [[3.588151041666679, 43.35232866795366], [3.5914062500000123, 43.35135135135134], [3.595963541666679, 43.35167712355211], [3.597916666666679, 43.35330598455597], [3.5972656250000123, 43.355586389961374], [3.594010416666679, 43.3565637065637], [3.5894531250000123, 43.35623793436292], [3.5875000000000123, 43.35460907335906], [3.588151041666679, 43.35232866795366]], [[8.908352068345327, 41.68196614583333], [8.907630267624016, 41.68088500035637], [8.900233607925033, 41.67769305388006], [8.891074640287771, 41.67708333333333], [8.886184802158276, 41.67578124999999], [8.882924910071944, 41.67317708333333], [8.881294964028779, 41.66927083333333], [8.880316996402879, 41.65755208333333], [8.877057104316549, 41.65592447916666], [8.876079136690649, 41.65299479166666], [8.874257182927517, 41.65201822916666], [8.848749830243674, 41.65006510416666], [8.846927876480542, 41.64908854166666], [8.846277495769883, 41.64680989583333], [8.838472927241963, 41.64550781249999], [8.835871404399324, 41.64160156249999], [8.828066835871407, 41.64029947916666], [8.826115693739427, 41.63736979166666], [8.822213409475467, 41.63574218749999], [8.809205795262269, 41.63574218749999], [8.805303510998309, 41.63736979166666], [8.80335236886633, 41.64029947916666], [8.79554780033841, 41.63964843749999], [8.79457222927242, 41.63639322916666], [8.790669945008462, 41.63444010416666], [8.788718802876481, 41.62076822916666], [8.786442470389172, 41.61979166666666], [8.784816518612523, 41.61686197916666], [8.783515757191203, 41.60514322916666], [8.779613472927245, 41.60221354166666], [8.778312711505924, 41.59440104166666], [8.775060807952624, 41.59342447916666], [8.774085236886634, 41.59179687499999], [8.776036379018613, 41.58886718749999], [8.784816518612523, 41.58658854166666], [8.79034475465313, 41.57877604166666], [8.79457222927242, 41.57714843749999], [8.794247038917089, 41.57356770833333], [8.785141708967853, 41.56608072916666], [8.784491328257193, 41.56119791666666], [8.785792089678512, 41.55924479166666], [8.792295896785111, 41.55729166666666], [8.804006197841295, 41.55630935121893], [8.80595389170897, 41.55305989583333], [8.813758460236887, 41.55175781249999], [8.816359983079527, 41.54785156249999], [8.819611886632826, 41.54687499999999], [8.825465313028767, 41.54785156249999], [8.826440884094758, 41.55110677083333], [8.829501504091006, 41.5519173754789], [8.836196594754654, 41.54361979166666], [8.844976734348563, 41.54101562499999], [8.846927876480542, 41.53776041666666], [8.844976734348563, 41.53190104166666], [8.837172165820643, 41.52929687499999], [8.836521785109984, 41.52473958333333], [8.838472927241963, 41.52278645833333], [8.848228637901862, 41.52083333333333], [8.861886632825719, 41.52115885416666], [8.86774005922166, 41.52278645833333], [8.868587240772104, 41.52506510416666], [8.870125313430828, 41.52565609283176], [8.874320838140688, 41.52475254521269], [8.880284808728055, 41.520348505884606], [8.881294964028779, 41.51627604166666], [8.884510945856189, 41.51255138811063], [8.907288614785942, 41.508761950861086], [8.917615939908321, 41.50288511900056], [8.920325276735273, 41.500634449484835], [8.922369604316547, 41.49348958333333], [8.924977517985614, 41.48958333333333], [8.927259442446044, 41.48990885416666], [8.928563399280577, 41.49381510416666], [8.92955044670756, 41.49414364725179], [8.935409172661872, 41.49055989583333], [8.962792266187051, 41.48860677083333], [8.966704136690648, 41.48470052083333], [8.975505845323742, 41.48242187499999], [8.982351618705039, 41.47395833333333], [8.985285521582735, 41.47591145833333], [8.986263489208635, 41.48242187499999], [8.99213129496403, 41.48437499999999], [8.996369154676263, 41.48242187499999], [9.002888938848923, 41.47460937499999], [9.01103866906475, 41.47298177083333], [9.013646582733816, 41.46907552083333], [9.02147032374101, 41.46777343749999], [9.023100269784175, 41.46386718749999], [9.026360161870505, 41.46386718749999], [9.029294064748203, 41.46842447916666], [9.03467510144975, 41.46815581390031], [9.036366123744067, 41.46644451435865], [9.03842176258993, 41.46028645833333], [9.04168165467626, 41.45833333333333], [9.046571492805757, 41.45898437499999], [9.053091276978417, 41.46679687499999], [9.063196942446044, 41.46972656249999], [9.064174910071944, 41.47298177083333], [9.067108812949641, 41.47395833333333], [9.068738758992806, 41.47102864583333], [9.068738758992806, 41.46126302083333], [9.067108812949641, 41.45833333333333], [9.064174910071944, 41.45735677083333], [9.063848920863311, 41.45507812499999], [9.069716726618704, 41.45117187499999], [9.074932553956838, 41.44335937499999], [9.0785184352518, 41.44303385416666], [9.081126348920865, 41.44694010416666], [9.095795863309355, 41.44791666666666], [9.103945593525182, 41.44694010416666], [9.106227517985612, 41.44368489583333], [9.11198330943187, 41.4427269755615], [9.115912222995274, 41.44009136475861], [9.115681205035973, 41.43847656249999], [9.111117356115109, 41.43554687499999], [9.1100841982665, 41.42935683444152], [9.105901528776979, 41.42513020833333], [9.104254203708368, 41.41821875423331], [9.101663669064749, 41.41666666666666], [9.095795863309352, 41.41569010416666], [9.094817895683454, 41.41243489583333], [9.090906025179859, 41.41048177083333], [9.089928057553958, 41.40169270833333], [9.090580035971225, 41.39843749999999], [9.093839928057555, 41.39388020833333], [9.099707733812952, 41.39192708333333], [9.100359712230217, 41.39388020833333], [9.104271582733814, 41.39550781249999], [9.120166405101672, 41.39723329865516], [9.128793825831476, 41.395712015409494], [9.13132868705036, 41.39257812499999], [9.140130395683453, 41.39029947916666], [9.144042266187052, 41.38639322916666], [9.167513489208636, 41.38411458333333], [9.171425359712233, 41.38151041666666], [9.173381294964031, 41.37760416666666], [9.173381294964031, 41.37239583333333], [9.175989208633096, 41.36848958333333], [9.181205035971225, 41.36588541666666], [9.199460431654678, 41.36458333333333], [9.215107913669065, 41.36653645833333], [9.215433902877699, 41.36881510416666], [9.222244106267732, 41.37375483957815], [9.230897901105042, 41.385223369556506], [9.235319244604318, 41.38834635416666], [9.236153917699564, 41.39434736590318], [9.239665082005287, 41.40142109877418], [9.24086106115108, 41.40201822916666], [9.24183902877698, 41.40527343749999], [9.250314748201442, 41.40755208333333], [9.25553057553957, 41.41406249999999], [9.258138489208635, 41.41927083333333], [9.2587904676259, 41.42317708333333], [9.257486510791368, 41.42578124999999], [9.254226618705037, 41.42708333333333], [9.24509892086331, 41.42675781249999], [9.241187050359713, 41.42513020833333], [9.238656587626917, 41.420918829982526], [9.22275560689799, 41.4096510166145], [9.21639599322958, 41.40756001056425], [9.215107913669065, 41.40820312499999], [9.215759892086332, 41.41080729166666], [9.221627697841729, 41.41471354166666], [9.22488758992806, 41.42024739583333], [9.225213579136692, 41.43359374999999], [9.223583633093526, 41.43749999999999], [9.220649730215829, 41.43847656249999], [9.220649730215829, 41.44173177083333], [9.224561600719426, 41.44303385416666], [9.22684352517986, 41.44694010416666], [9.242491007194246, 41.44824218749999], [9.246402877697843, 41.44986979166666], [9.248358812949643, 41.45279947916666], [9.254878597122303, 41.45377604166666], [9.256834532374102, 41.45703124999999], [9.257812500000002, 41.46289062499999], [9.261724370503599, 41.46451822916666], [9.262775537265625, 41.46766719856153], [9.266288219424462, 41.46842447916666], [9.269222122302159, 41.46386718749999], [9.275741906474822, 41.46451822916666], [9.279653776978419, 41.47916666666666], [9.286173561151081, 41.48437499999999], [9.287477517985613, 41.48697916666666], [9.287477517985613, 41.49739583333333], [9.286173561151081, 41.49999999999999], [9.27769784172662, 41.50716145833333], [9.278023830935254, 41.50944010416666], [9.28095773381295, 41.51041666666666], [9.282587679856118, 41.51334635416666], [9.282261690647484, 41.52311197916666], [9.279001798561152, 41.52604166666666], [9.273133992805757, 41.52701822916666], [9.27248201438849, 41.52929687499999], [9.276393884892087, 41.53092447916666], [9.292041366906474, 41.53222656249999], [9.294323291366908, 41.53613281249999], [9.297583183453238, 41.53710937499999], [9.299865107913671, 41.54524739583333], [9.319098471223022, 41.55371093749999], [9.326270233812952, 41.56184895833333], [9.333116007194246, 41.56217447916666], [9.336049910071944, 41.55761718749999], [9.339309802158274, 41.55761718749999], [9.34093974820144, 41.56184895833333], [9.350067446043166, 41.56933593749999], [9.352675359712233, 41.57845052083333], [9.360499100719426, 41.58496093749999], [9.361151079136691, 41.58984374999999], [9.35984712230216, 41.59179687499999], [9.357239208633095, 41.59309895833333], [9.352176390193152, 41.593604512760876], [9.352513878176095, 41.594943152246294], [9.344523782067315, 41.60289818100326], [9.339275001455352, 41.602236708801264], [9.337353866906476, 41.60351562499999], [9.327574190647482, 41.60449218749999], [9.324640287769785, 41.60611979166666], [9.323988309352519, 41.60839843749999], [9.318120503597124, 41.60937499999999], [9.314860611510792, 41.60839843749999], [9.313882643884893, 41.60514322916666], [9.309970773381297, 41.60351562499999], [9.308992805755397, 41.59765624999999], [9.307274885331712, 41.59479716308797], [9.292335309743123, 41.59012958589282], [9.28486960431655, 41.59374999999999], [9.283239658273382, 41.59667968749999], [9.28291366906475, 41.60351562499999], [9.284217625899283, 41.60677083333333], [9.286825539568346, 41.60937499999999], [9.302473021582735, 41.61621093749999], [9.304754946043166, 41.62434895833333], [9.308014838129498, 41.62532552083333], [9.309644784172663, 41.62890624999999], [9.317468525179857, 41.62532552083333], [9.320076438848922, 41.61653645833333], [9.323336330935252, 41.61458333333333], [9.330182104316547, 41.61653645833333], [9.336830337858988, 41.62475577826435], [9.33939773978615, 41.62382209064907], [9.340287769784174, 41.61848958333333], [9.343221672661873, 41.61523437499999], [9.350067446043168, 41.61458333333333], [9.353001348920866, 41.61555989583333], [9.355935251798563, 41.62044270833333], [9.355283273381296, 41.62760416666666], [9.352023381294966, 41.63216145833333], [9.346155575539571, 41.63606770833333], [9.345503597122304, 41.63867187499999], [9.348437500000001, 41.64029947916666], [9.355283273381296, 41.64062499999999], [9.360173111510793, 41.63964843749999], [9.36310701438849, 41.63574218749999], [9.369626798561153, 41.63606770833333], [9.374516636690648, 41.64713541666666], [9.387230215827339, 41.65820312499999], [9.386904226618707, 41.66048177083333], [9.383318345323742, 41.66210937499999], [9.385600269784174, 41.66992187499999], [9.384948291366907, 41.67122395833333], [9.377450539568347, 41.67382812499999], [9.377124550359714, 41.68033854166666], [9.38103642086331, 41.68294270833333], [9.383318345323744, 41.69075520833333], [9.389838129496404, 41.69270833333333], [9.395053956834534, 41.69270833333333], [9.398965827338131, 41.69791666666666], [9.401573741007194, 41.70833333333333], [9.402877697841728, 41.72395833333333], [9.401899730215828, 41.77083333333333], [9.400641012426043, 41.78640678138049], [9.402877697841728, 41.78841145833333], [9.401899730215828, 41.79134114583333], [9.399936340275788, 41.79192931652657], [9.398819286666244, 41.80068369658336], [9.40092176258993, 41.80208333333333], [9.401899730215828, 41.80631510416666], [9.402877697841728, 41.82747395833333], [9.401899730215828, 41.86555989583333], [9.40092176258993, 41.86979166666666], [9.398639838129498, 41.87076822916666], [9.397987859712233, 41.87272135416666], [9.3976618705036, 41.87955729166666], [9.398639838129498, 41.88444010416666], [9.402551708633094, 41.88736979166666], [9.402877697841728, 41.89192708333333], [9.401899730215828, 41.89518229166666], [9.398712639377269, 41.896137045172175], [9.399229840891321, 41.900341115712024], [9.404181654676261, 41.90429687499999], [9.40613758992806, 41.90755208333333], [9.408093525179858, 41.91992187499999], [9.407115557553958, 41.94042968749999], [9.406137589928058, 41.94270833333333], [9.404181654676261, 41.94335937499999], [9.406789568345324, 41.95247395833333], [9.403855665467628, 41.95410156249999], [9.40322908491614, 41.95597860337622], [9.407587664148991, 41.963230119321175], [9.4228308721044, 41.9746571979537], [9.436995323510464, 41.98998097759096], [9.443952338129497, 41.99055989583333], [9.44427832733813, 41.99381510416666], [9.441931756595222, 41.99532144653087], [9.451246648891665, 42.00539874164125], [9.45992580935252, 42.00716145833333], [9.46611960431655, 42.01497395833333], [9.469705485611511, 42.01627604166666], [9.47166142086331, 42.02539062499999], [9.47557329136691, 42.02701822916666], [9.476551258992808, 42.03027343749999], [9.482419064748203, 42.03124999999999], [9.485678956834533, 42.03320312499999], [9.485678956834533, 42.03971354166666], [9.483932532510705, 42.04075989072275], [9.491246210883299, 42.04867217708715], [9.493943480148756, 42.05296069668189], [9.50002248201439, 42.05240885416666], [9.502956384892087, 42.05696614583333], [9.506216276978417, 42.05794270833333], [9.507194244604317, 42.06380208333333], [9.511106115107914, 42.06901041666666], [9.52414568345324, 42.07649739583333], [9.528057553956836, 42.08007812499999], [9.527079586330938, 42.08235677083333], [9.518277877697843, 42.08333333333333], [9.51605687473397, 42.08444223926716], [9.544544908793467, 42.105093840609854], [9.551382509473443, 42.113718899532095], [9.553464951790252, 42.12112450800784], [9.55542868001553, 42.13856707863442], [9.558007490643666, 42.146561463215626], [9.553337422699263, 42.161609743320476], [9.555114658273382, 42.18522135416666], [9.55804856115108, 42.18977864583333], [9.554788669064749, 42.21712239583333], [9.553688795931391, 42.22000541457998], [9.55807177825495, 42.294469435677804], [9.553999852141445, 42.31379293275718], [9.54400332235815, 42.33484224576844], [9.541749100719425, 42.34374999999999], [9.538798841151676, 42.345801124134354], [9.537511241007195, 42.35351562499999], [9.535058660819976, 42.35474015318255], [9.532947392086331, 42.36686197916666], [9.530739518600933, 42.373638112374586], [9.530988799945133, 42.38344443954804], [9.532621402877698, 42.39518229166666], [9.535229316546765, 42.40104166666666], [9.537511241007195, 42.40234374999999], [9.538815197841728, 42.41796874999999], [9.540445143884895, 42.42187499999999], [9.542727068345325, 42.42317708333333], [9.54421679263094, 42.43503827498823], [9.543101693453057, 42.43691720776079], [9.542727068345325, 42.44140624999999], [9.538492407240227, 42.44468381641335], [9.538815197841728, 42.44694010416666], [9.543379046762592, 42.44986979166666], [9.543379046762592, 42.45638020833333], [9.539467176258995, 42.45898437499999], [9.537511241007195, 42.46809895833333], [9.534251348920865, 42.46972656249999], [9.532947392086331, 42.48144531249999], [9.529035521582735, 42.48600260416666], [9.528607923181317, 42.48813752434616], [9.529405627648037, 42.509220232520995], [9.532947392086331, 42.51334635416666], [9.532621402877698, 42.52278645833333], [9.531317446043165, 42.52408854166666], [9.529953474386154, 42.52369939540162], [9.530703172724023, 42.54351333895566], [9.533273381294965, 42.54557291666666], [9.532947392086331, 42.55013020833333], [9.529035521582735, 42.55338541666666], [9.527731564748205, 42.56901041666666], [9.526101618705038, 42.57291666666666], [9.523819694244605, 42.57128906249999], [9.523517517905303, 42.56877454435087], [9.51709210181749, 42.58034662057625], [9.516647931654678, 42.58300781249999], [9.514919894910395, 42.58272022017785], [9.51231743860522, 42.585563959063386], [9.511432104316548, 42.58821614583333], [9.5100940725524, 42.58799346094921], [9.504277233103032, 42.59434959937897], [9.50654226618705, 42.59472656249999], [9.507194244604317, 42.59700520833333], [9.50328237410072, 42.59895833333333], [9.500485515536035, 42.598492859985036], [9.497919187946586, 42.60129712053867], [9.499634224719173, 42.598351182035394], [9.497414568345324, 42.59798177083333], [9.497414568345324, 42.59472656249999], [9.502168170535525, 42.59399859399477], [9.510451282644823, 42.580683695615825], [9.513365362544304, 42.5657784299434], [9.512823808764125, 42.564321528848886], [9.511420220389308, 42.56407312360125], [9.4912556920179, 42.57075433086977], [9.48959082733813, 42.57291666666666], [9.487028158211453, 42.572155059370594], [9.484402220389308, 42.57302512360125], [9.475801596277751, 42.57814640278193], [9.474921312949643, 42.58235677083333], [9.47166142086331, 42.58398437499999], [9.468727517985613, 42.59407552083333], [9.465590980715653, 42.5964245438965], [9.463471579258194, 42.600562275296625], [9.461671639104816, 42.60163495561891], [9.458932567100694, 42.61331175535924], [9.459955254915304, 42.615016514358686], [9.460166373652001, 42.619539625578774], [9.455409502572206, 42.633016262452884], [9.445526042607634, 42.63613637062788], [9.445146501565384, 42.64978021671568], [9.448856846660364, 42.65396709786965], [9.447907339764338, 42.6828169719249], [9.449768920125644, 42.69573368676599], [9.453080035971222, 42.69856770833333], [9.456013938848923, 42.722330729166664], [9.459273830935253, 42.724609375], [9.460577787769786, 42.732421875], [9.464489658273383, 42.73632812499999], [9.467130019441406, 42.761814944608], [9.468477051581427, 42.76570041429467], [9.475247302158277, 42.7724609375], [9.476551258992808, 42.779296875], [9.482419064748203, 42.78124999999999], [9.486656924460432, 42.7880859375], [9.490242805755397, 42.8154296875], [9.487308902877698, 42.82063802083333], [9.486656924460434, 42.82649739583333], [9.4853529676259, 42.86165364583333], [9.484375, 42.86458333333333], [9.481441097122303, 42.86653645833333], [9.48013714028777, 42.87434895833333], [9.477203237410073, 42.87565104166666], [9.479811151079138, 42.88476562499999], [9.47687724820144, 42.88671874999999], [9.47557329136691, 42.90234374999999], [9.474921312949643, 42.90494791666666], [9.471335431654676, 42.90885416666666], [9.470031474820143, 42.91406249999999], [9.46662306436857, 42.934483579860725], [9.46839244919709, 42.94176569701698], [9.464887966503476, 42.94487920931108], [9.463511690647483, 42.94791666666666], [9.460577787769786, 42.949284608268975], [9.459599820143886, 42.954170185810796], [9.45486460676689, 42.95764012059896], [9.452379199399568, 42.96363004434375], [9.45470998201439, 42.97332388191762], [9.45894784172662, 42.9772261100386], [9.463511690647483, 42.979235541344906], [9.465467625899281, 42.98567708333333], [9.462541, 42.98811243414751], [9.462541, 42.989048278464274], [9.443819094737686, 42.996660072551144], [9.437758543165469, 43.00133978844915], [9.434747546974931, 43.00246715171132], [9.427742787960872, 43.00967253371016], [9.427000899280575, 43.01189671814671], [9.42552698000407, 43.011970365051845], [9.42194055080217, 43.015689554433564], [9.404463407153164, 43.01017217668525], [9.387384221529508, 43.01011395396078], [9.38527428057554, 43.01222249034748], [9.37875449640288, 43.01222249034748], [9.376612683541708, 43.0100821032704], [9.3633898967459, 43.010043004407386], [9.347882951421871, 43.00263743790345], [9.343547661870504, 42.99228553330114], [9.342243705035973, 42.98179597007721], [9.345177607913673, 42.958080457689825], [9.349415467625901, 42.94791666666666], [9.353327338129498, 42.94661458333333], [9.34811151079137, 42.928385416666664], [9.355283273381296, 42.92610677083333], [9.355935251798563, 42.923828125], [9.335666963305833, 42.90695055549539], [9.32724820143885, 42.90624999999999], [9.323662320143885, 42.90429687499999], [9.321706384892089, 42.90039062499999], [9.321380395683455, 42.89453124999999], [9.323988309352519, 42.88085937499999], [9.326596223021586, 42.87499999999999], [9.329204136690649, 42.87434895833333], [9.331812050359712, 42.87109375], [9.333116007194246, 42.865885416666664], [9.327556056503349, 42.85942320732876], [9.322358363309352, 42.85546875], [9.320580229608185, 42.85231216526868], [9.307812069698901, 42.83929651515159], [9.309819099071202, 42.837385770375874], [9.308992805755397, 42.83463541666666], [9.310948741007195, 42.82877604166666], [9.315512589928058, 42.82812499999999], [9.318772482014388, 42.82519531249999], [9.321380395683454, 42.81347656249999], [9.329204136690649, 42.81152343749999], [9.330508093525182, 42.80794270833333], [9.336375899280577, 42.80403645833333], [9.338331834532376, 42.80078125], [9.340203826523338, 42.78430414835088], [9.334648342378753, 42.77095454841167], [9.337143304973342, 42.76522939269945], [9.335397931654677, 42.76464843749999], [9.335071942446044, 42.76236979166666], [9.336049910071944, 42.76074218749999], [9.338331834532374, 42.76041666666666], [9.33996178057554, 42.75455729166666], [9.339725712191617, 42.7401778101488], [9.329204136690649, 42.7197265625], [9.323336330935252, 42.71874999999999], [9.321380395683454, 42.71712239583333], [9.319424460431655, 42.706883164593314], [9.304660187999213, 42.68816673716377], [9.299865107913671, 42.68587239583333], [9.297400201569667, 42.678963370741904], [9.292693345323743, 42.67708333333333], [9.28389163669065, 42.67805989583333], [9.282587679856118, 42.681315104166664], [9.279931177844453, 42.68264144676587], [9.278037208036661, 42.68663884346003], [9.276393884892087, 42.69531249999999], [9.273785971223024, 42.69791666666666], [9.271192173995924, 42.69895269486943], [9.26365473043973, 42.70776591245553], [9.25627225043447, 42.71295045157854], [9.25553057553957, 42.71582031249999], [9.249010791366908, 42.71874999999999], [9.240414878297479, 42.71946529688497], [9.236337611214408, 42.72113089484049], [9.234015287769786, 42.724609375], [9.225213579136692, 42.73079427083333], [9.220975719424462, 42.73763020833333], [9.218367805755395, 42.73958333333333], [9.2144559352518, 42.73763020833333], [9.210218075539569, 42.731119791666664], [9.201147335819309, 42.72849013478169], [9.18337541668012, 42.731775148147946], [9.181857014388491, 42.73404947916666], [9.174033273381298, 42.7353515625], [9.172077338129498, 42.73860677083333], [9.156429856115109, 42.7392578125], [9.152517985611512, 42.73763020833333], [9.150562050359714, 42.73470052083333], [9.14599820143885, 42.73437499999999], [9.14273830935252, 42.7353515625], [9.14176034172662, 42.73860677083333], [9.138826438848923, 42.73958333333333], [9.13556654676259, 42.7353515625], [9.11731115107914, 42.73339843749999], [9.115029226618706, 42.72949218749999], [9.111117356115109, 42.728190104166664], [9.110487435588631, 42.72609338593916], [9.107828831754668, 42.724550356338476], [9.102315647482015, 42.7236328125], [9.099381744604319, 42.7197265625], [9.08699415467626, 42.71744791666666], [9.083734262589928, 42.71484374999999], [9.074932553956836, 42.70182291666666], [9.07102068345324, 42.69921874999999], [9.05732913669065, 42.69694010416666], [9.054721223021584, 42.69498697916666], [9.052439298561152, 42.68326822916666], [9.048527428057556, 42.681315104166664], [9.048201438848922, 42.67903645833333], [9.053388272215122, 42.67437501541586], [9.051431492460468, 42.66180637934844], [9.05051138152962, 42.66077503561249], [9.040041873210939, 42.6567918799695], [9.031901978417267, 42.65624999999999], [9.02375224820144, 42.65429687499999], [9.022122302158275, 42.65234374999999], [9.021700014624036, 42.649813665204334], [9.018555006460364, 42.648651365437594], [8.94839099408439, 42.6375697987695], [8.920739658273384, 42.63932291666666], [8.917805755395685, 42.63867187499999], [8.915849820143887, 42.63574218749999], [8.908026079136693, 42.63444010416666], [8.906197734547135, 42.63118489583333], [8.900315903685682, 42.63020833333333], [8.889728608135066, 42.63118489583333], [8.8880986620919, 42.63444010416666], [8.884016443254028, 42.63541666666666], [8.880770576273754, 42.63151041666666], [8.878035071942449, 42.62239583333333], [8.874717741919005, 42.61864012730248], [8.866992231886076, 42.61566880537573], [8.838994119583775, 42.61263020833333], [8.836521785109984, 42.61067708333333], [8.835570809727372, 42.60623468816862], [8.821678474091138, 42.605633131597195], [8.820912648054147, 42.60742187499999], [8.817010363790187, 42.60807291666666], [8.801401226734349, 42.60351562499999], [8.80010046531303, 42.60221354166666], [8.80042565566836, 42.59993489583333], [8.80432793993232, 42.59863281249999], [8.805303510998309, 42.59570312499999], [8.79684856175973, 42.58886718749999], [8.79489741962775, 42.58463541666666], [8.79587299069374, 42.57877604166666], [8.79912489424704, 42.57779947916666], [8.80010046531303, 42.57486979166666], [8.79814932318105, 42.57226562499999], [8.79132032571912, 42.56803385416666], [8.786442470389172, 42.56119791666666], [8.781680264239572, 42.55912528806231], [8.776522315086769, 42.557829068445216], [8.768216676440266, 42.55744236708074], [8.75891074237833, 42.56042854376428], [8.753518551737075, 42.56463837580039], [8.753598244500846, 42.56575520833333], [8.758150909475466, 42.56868489583333], [8.758476099830796, 42.57096354166666], [8.753598244500846, 42.57259114583333], [8.73733872673435, 42.57259114583333], [8.7324608714044, 42.57096354166666], [8.730509729272422, 42.56803385416666], [8.7259570642978, 42.56770833333333], [8.722705160744502, 42.57063802083333], [8.720103637901861, 42.58235677083333], [8.713599830795264, 42.58300781249999], [8.710673117597294, 42.57845052083333], [8.707421214043995, 42.57779947916666], [8.706445642978005, 42.57617187499999], [8.706770833333335, 42.57389322916666], [8.709697546531304, 42.57291666666666], [8.710673117597294, 42.56998697916666], [8.711648688663283, 42.55533854166666], [8.710347927241964, 42.53515624999999], [8.707746404399323, 42.52994791666666], [8.703844120135365, 42.52799479166666], [8.694738790186125, 42.52962239583333], [8.692137267343487, 42.52897135416666], [8.689354103355239, 42.522563571630705], [8.681080795262268, 42.51985677083333], [8.676782658590438, 42.5158676197186], [8.673276226734348, 42.52050781249999], [8.665471658206432, 42.51985677083333], [8.664496087140442, 42.51660156249999], [8.660593802876484, 42.51399739583333], [8.659618231810493, 42.49934895833333], [8.657667089678514, 42.49121093749999], [8.655715947546534, 42.48958333333333], [8.651163282571913, 42.48893229166666], [8.649212140439934, 42.48567708333333], [8.648236569373942, 42.47981770833333], [8.644334285109984, 42.47819010416666], [8.644009094754654, 42.47591145833333], [8.645960236886634, 42.47493489583333], [8.66904875211506, 42.47330729166666], [8.672300655668359, 42.47200520833333], [8.673276226734348, 42.47005208333333], [8.67034951353638, 42.46516927083333], [8.661894564297803, 42.45865885416666], [8.662544945008463, 42.44986979166666], [8.646285427241963, 42.44596354166666], [8.645960236886634, 42.44401041666666], [8.648561759729272, 42.43945312499999], [8.652464043993234, 42.43749999999999], [8.654089995769883, 42.43457031249999], [8.653468245861262, 42.423367440670866], [8.651220311231382, 42.42182182041758], [8.637712991707756, 42.420261043955065], [8.636854906937396, 42.42154947916666], [8.629050338409476, 42.42285156249999], [8.627749576988155, 42.42610677083333], [8.624497673434856, 42.42708333333333], [8.618644247038919, 42.42610677083333], [8.61799386632826, 42.42382812499999], [8.61506715313029, 42.42220052083333], [8.605311442470391, 42.42122395833333], [8.602384729272421, 42.41796874999999], [8.60140915820643, 42.41210937499999], [8.59913282571912, 42.41145833333333], [8.597506873942471, 42.40852864583333], [8.597506873942471, 42.39876302083333], [8.59913282571912, 42.39583333333333], [8.60140915820643, 42.39518229166666], [8.602384729272421, 42.39192708333333], [8.602384729272421, 42.38962218353822], [8.60010839678511, 42.38736979166666], [8.59644207007578, 42.38692039746448], [8.586639892971457, 42.39117680406383], [8.580784516067453, 42.385001197526925], [8.568239741962778, 42.38346354166666], [8.56559488271439, 42.38021926218615], [8.560344309168627, 42.38023053260349], [8.55296430102247, 42.38446704848696], [8.550659297497598, 42.37562559707809], [8.54645198815567, 42.37597656249999], [8.54417565566836, 42.37988281249999], [8.54189932318105, 42.38020833333333], [8.540273371404401, 42.37923177083333], [8.539297800338412, 42.37597656249999], [8.533444373942471, 42.37499999999999], [8.531168041455162, 42.37304687499999], [8.534745135363792, 42.36653645833333], [8.549378701353639, 42.36263020833333], [8.550354272419629, 42.35807291666666], [8.549378701353639, 42.35481770833333], [8.54645198815567, 42.35286458333333], [8.54710236886633, 42.34635416666666], [8.550354272419629, 42.33723958333333], [8.556207698815568, 42.33333333333333], [8.563036696277496, 42.33398437499999], [8.564987838409477, 42.33528645833333], [8.567914551607448, 42.34309895833333], [8.574418358714045, 42.34407552083333], [8.577019881556685, 42.34798177083333], [8.584824450084604, 42.34928385416666], [8.58595185816655, 42.35097668489946], [8.591293592912965, 42.352617608288625], [8.596685350618634, 42.352958797724554], [8.59913282571912, 42.34928385416666], [8.60693739424704, 42.34798177083333], [8.60856334602369, 42.34472656249999], [8.620270198815568, 42.34309895833333], [8.623196912013539, 42.33984374999999], [8.622871721658207, 42.33528645833333], [8.618319056683589, 42.33235677083333], [8.617496898929963, 42.32961345990066], [8.60953891708968, 42.32779947916666], [8.607603316821324, 42.325216056044255], [8.60406621290109, 42.323202490608004], [8.594905351099833, 42.32259114583333], [8.591978637901862, 42.32096354166666], [8.592303828257194, 42.31868489583333], [8.596856493231812, 42.31575520833333], [8.597832064297801, 42.30924479166666], [8.603685490693742, 42.30729166666666], [8.60693739424704, 42.30826822916666], [8.60888853637902, 42.31152343749999], [8.620595389170898, 42.31249999999999], [8.627099196277495, 42.31054687499999], [8.628399957698816, 42.30598958333333], [8.634253384094755, 42.30273437499999], [8.647341297568259, 42.30182456845843], [8.66853470429202, 42.29405046841745], [8.67099989424704, 42.28417968749999], [8.672951036379018, 42.28222656249999], [8.682706747038917, 42.28027343749999], [8.685633460236888, 42.27539062499999], [8.684928226969664, 42.2704489752261], [8.680960586284854, 42.27122083706581], [8.675686847674124, 42.269289505999645], [8.665327378312766, 42.263505706654904], [8.656920766419374, 42.26072966421455], [8.635879335871405, 42.25944010416666], [8.633603003384096, 42.25846354166666], [8.632649476093688, 42.25623638358151], [8.626472363276312, 42.255350390188134], [8.618969437394249, 42.25618489583333], [8.61701829526227, 42.26009114583333], [8.61474196277496, 42.26041666666666], [8.61181524957699, 42.25618489583333], [8.598157254653131, 42.25423177083333], [8.596531302876482, 42.25097656249999], [8.588726734348562, 42.24967447916666], [8.585800021150593, 42.24576822916666], [8.583848879018614, 42.24511718749999], [8.574093168358715, 42.24446614583333], [8.57151232123363, 42.242399369883564], [8.560026424249974, 42.242824515342306], [8.550540614252679, 42.24093482105041], [8.549740314999344, 42.23915740784575], [8.542874894247042, 42.23763020833333], [8.54189932318105, 42.23567708333333], [8.54320008460237, 42.23307291666666], [8.54905351099831, 42.22916666666666], [8.554023859039178, 42.23014257700808], [8.565021475079714, 42.227460533087196], [8.565963409475467, 42.21614583333333], [8.567914551607448, 42.20963541666666], [8.57480648265255, 42.20703476104432], [8.576369500846026, 42.20442708333333], [8.576044310490694, 42.19986979166666], [8.572142026226736, 42.19726562499999], [8.571166455160746, 42.19401041666666], [8.571491645516076, 42.18945312499999], [8.576044310490694, 42.18652343749999], [8.576044310490694, 42.18326822916666], [8.567266, 42.180186455283746], [8.567266, 42.17773457844022], [8.558484031302878, 42.17675781249999], [8.555557318104908, 42.17513020833333], [8.557508460236887, 42.17285156249999], [8.580922165820644, 42.17154947916666], [8.586775592216583, 42.16992187499999], [8.584824450084604, 42.16601562499999], [8.578320642978005, 42.16178385416666], [8.57666119514077, 42.156676111137216], [8.574875401564825, 42.155986476289904], [8.576949949995168, 42.15580896622386], [8.578320642978005, 42.15169270833333], [8.582873307952624, 42.15104166666666], [8.586125211505923, 42.14811197916666], [8.586125211505923, 42.13834635416666], [8.582873307952624, 42.13541666666666], [8.577019881556685, 42.13444010416666], [8.576369500846026, 42.13216145833333], [8.60661220389171, 42.13313802083333], [8.614091582064301, 42.12662760416666], [8.642383142978005, 42.11979166666666], [8.646935807952623, 42.11718749999999], [8.649212140439934, 42.11393229166666], [8.650187711505923, 42.10709635416666], [8.655065566835873, 42.10416666666666], [8.663845706429782, 42.10514322916666], [8.66578947434002, 42.10798383771377], [8.673601417089678, 42.10579427083333], [8.679343857860491, 42.11074968168212], [8.688513097118138, 42.11262071366649], [8.6952636658539, 42.11154005472814], [8.697990693739426, 42.10384114583333], [8.704169310490697, 42.09928385416666], [8.703518929780035, 42.08919270833333], [8.710998307952623, 42.08756510416666], [8.711973879018615, 42.08430989583333], [8.713599830795264, 42.08333333333333], [8.715876163282573, 42.08365885416666], [8.717074436359947, 42.085524728798205], [8.723949229498716, 42.07420739994367], [8.712624259729274, 42.07194010416666], [8.711973879018615, 42.06868489583333], [8.715876163282573, 42.06738281249999], [8.717176924703892, 42.06347656249999], [8.718802876480542, 42.06249999999999], [8.72107920896785, 42.06282552083333], [8.724005922165821, 42.06738281249999], [8.731810490693741, 42.06673177083333], [8.732786061759732, 42.06347656249999], [8.73733872673435, 42.06054687499999], [8.73863948815567, 42.05273437499999], [8.741891391708968, 42.05175781249999], [8.74286696277496, 42.05013020833333], [8.741241010998309, 42.04785156249999], [8.72172958967851, 42.04589843749999], [8.718477686125212, 42.04394531249999], [8.716851734348563, 42.04101562499999], [8.716851734348563, 42.03710937499999], [8.714575401861254, 42.03417968749999], [8.710022736886632, 42.03222656249999], [8.682706747038917, 42.03027343749999], [8.676528130287648, 42.02539062499999], [8.660918993231814, 42.02018229166666], [8.658967851099833, 42.01627604166666], [8.651163282571913, 42.01041666666666], [8.649212140439934, 42.00065104166666], [8.650187711505923, 41.99576822916666], [8.653439615059224, 41.99446614583333], [8.655065566835873, 41.99088541666666], [8.660918993231814, 41.99283854166666], [8.664170896785112, 41.99251302083333], [8.664394940716926, 41.98825186007734], [8.654800146178156, 41.977059929447684], [8.635788780915018, 41.971168323427754], [8.628979235731986, 41.97065218596249], [8.628399957698816, 41.97200520833333], [8.620595389170898, 41.97265624999999], [8.594580160744503, 41.96940104166666], [8.586775592216583, 41.96679687499999], [8.587751163282572, 41.96386718749999], [8.591003066835873, 41.96289062499999], [8.592629018612524, 41.95507812499999], [8.60173434856176, 41.95117187499999], [8.60336030033841, 41.94466145833333], [8.61506715313029, 41.94205729166666], [8.617459954732603, 41.939395921320816], [8.6173434856176, 41.93391927083333], [8.611490059221659, 41.92903645833333], [8.60823815566836, 41.92252604166666], [8.60856334602369, 41.90266927083333], [8.610839678511, 41.90104166666666], [8.613888578679068, 41.90464857415484], [8.614896666912049, 41.90277875631202], [8.620980913452422, 41.90583664994924], [8.637180097292726, 41.90722656249999], [8.640757191201356, 41.91145833333333], [8.643683904399325, 41.91048177083333], [8.644009094754654, 41.90820312499999], [8.657667089678512, 41.90657552083333], [8.703193739424705, 41.90657552083333], [8.716851734348563, 41.90820312499999], [8.718802876480542, 41.91113281249999], [8.726607445008462, 41.91243489583333], [8.727583016074451, 41.91569010416666], [8.731485300338411, 41.91764322916666], [8.7324608714044, 41.92643229166666], [8.733935694124954, 41.930123095476986], [8.743973675196461, 41.934246612937535], [8.748890773443817, 41.93463999719183], [8.751321912013537, 41.93098958333333], [8.754248625211506, 41.92903645833333], [8.782540186125214, 41.92513020833333], [8.784491328257193, 41.92317708333333], [8.785141708967853, 41.91861979166666], [8.79099513536379, 41.91666666666666], [8.794247038917089, 41.91080729166666], [8.79489741962775, 41.89713541666666], [8.793596658206429, 41.89127604166666], [8.79099513536379, 41.88736979166666], [8.787092851099832, 41.88541666666666], [8.777987521150594, 41.88476562499999], [8.774085236886634, 41.88151041666666], [8.776036379018613, 41.87467447916666], [8.780589043993235, 41.87174479166666], [8.783840947546533, 41.86718749999999], [8.784491328257193, 41.86002604166666], [8.780589043993235, 41.85319010416666], [8.776123624947362, 41.85018147921343], [8.763028764805416, 41.846972485717366], [8.763028764805416, 41.84798177083333], [8.759776861252117, 41.84895833333333], [8.753923434856176, 41.84798177083333], [8.753273054145517, 41.84570312499999], [8.757175338409475, 41.84374999999999], [8.763028764805416, 41.84472656249999], [8.763028764805416, 41.84550146296524], [8.766971131113955, 41.844014886325176], [8.763679145516075, 41.84179687499999], [8.764329526226735, 41.83951822916666], [8.772134094754655, 41.83756510416666], [8.774085236886634, 41.83268229166666], [8.773760046531304, 41.82584635416666], [8.772134094754655, 41.82291666666666], [8.769857762267344, 41.82226562499999], [8.768882191201355, 41.81640624999999], [8.763028764805416, 41.81315104166666], [8.743517343485617, 41.81184895833333], [8.73961505922166, 41.81054687499999], [8.73766391708968, 41.80859374999999], [8.73766391708968, 41.80598958333333], [8.732316049196555, 41.80313887254677], [8.710658, 41.803016322744035], [8.710658, 41.800416197305026], [8.709372356175976, 41.80013020833333], [8.708396785109985, 41.79817708333333], [8.711323498307955, 41.79329427083333], [8.720103637901861, 41.78678385416666], [8.722054780033842, 41.78255208333333], [8.72140439932318, 41.77766927083333], [8.713599830795264, 41.77115885416666], [8.710511557852517, 41.76281204330158], [8.703844120135365, 41.76041666666666], [8.692137267343487, 41.75944010416666], [8.689143664625217, 41.75584413016971], [8.67348196014977, 41.75398320104412], [8.671325084602369, 41.75488281249999], [8.658317470389173, 41.75423177083333], [8.655715947546533, 41.75227864583333], [8.654415186125213, 41.74544270833333], [8.657341899323182, 41.74251302083333], [8.663195325719123, 41.74055989583333], [8.698315884094757, 41.73763020833333], [8.7011611545243, 41.735731433690304], [8.698553430083726, 41.7311002755853], [8.700917406937396, 41.73111979166666], [8.696364741962777, 41.72819010416666], [8.696039551607447, 41.72591145833333], [8.705795262267344, 41.72395833333333], [8.720428828257191, 41.72493489583333], [8.722705160744502, 41.72819010416666], [8.730509729272422, 41.72949218749999], [8.733111252115062, 41.73339843749999], [8.740915820642979, 41.73470052083333], [8.745143295262269, 41.73860677083333], [8.756524957698817, 41.73958333333333], [8.777011950084605, 41.73860677083333], [8.779288282571914, 41.73763020833333], [8.778963092216584, 41.73535156249999], [8.775060807952624, 41.73339843749999], [8.773109665820645, 41.71972656249999], [8.769207381556685, 41.71777343749999], [8.768882191201355, 41.71549479166666], [8.777337140439935, 41.70865885416666], [8.781239424703895, 41.69856770833333], [8.787743231810492, 41.69856770833333], [8.789694373942472, 41.70182291666666], [8.790669945008462, 41.70768229166666], [8.79392184856176, 41.70865885416666], [8.79554780033841, 41.71256510416666], [8.81246264179103, 41.71079443123944], [8.824454754289754, 41.71061221963306], [8.827416455160748, 41.70572916666666], [8.834773035790914, 41.70149739583333], [8.846884674208606, 41.69824218749999], [8.9114223492716, 41.69108072916666], [8.915849820143887, 41.68880208333333], [8.910633992805757, 41.68229166666666], [8.908352068345327, 41.68196614583333]], [[9.365388938848922, 41.59863281249999], [9.361477068345325, 41.59798177083333], [9.362129046762591, 41.59407552083333], [9.365388938848922, 41.59407552083333], [9.366366906474822, 41.59570312499999], [9.365388938848922, 41.59863281249999]], [[9.397009892086334, 41.67610677083333], [9.39375, 41.67708333333333], [9.389186151079137, 41.67675781249999], [9.387230215827339, 41.67513020833333], [9.387882194244606, 41.67285156249999], [9.391142086330937, 41.67187499999999], [9.3957059352518, 41.67220052083333], [9.3976618705036, 41.67382812499999], [9.397009892086334, 41.67610677083333]], [[6.1839308375634525, 42.9920246138996], [6.191735406091372, 42.99032562138031], [6.192385786802031, 42.987121440637054], [6.195312500000001, 42.98483274010617], [6.205068210659899, 42.98470052083333], [6.207019352791879, 42.9853515625], [6.209295685279189, 42.98873899010618], [6.225230012690355, 42.99182100627412], [6.2307582487309645, 42.994811776061766], [6.233673102579538, 42.99806711250887], [6.246692576142133, 43.00111003861003], [6.247506319033979, 43.00265321344045], [6.250617450899888, 43.00368464129351], [6.2495571942332475, 43.01658809690869], [6.241615604075854, 43.02386259000932], [6.240271331706397, 43.02322578808664], [6.234985723350255, 43.02557915057914], [6.233034581218275, 43.01841216216215], [6.229132296954315, 43.01678330115829], [6.228144919667349, 43.01381586931572], [6.22410574906762, 43.01361250489019], [6.221652918781727, 43.01743484555983], [6.215149111675128, 43.01678330115829], [6.214047090010515, 43.01181533062372], [6.212605463707459, 43.010510781134144], [6.2030824669352524, 43.00650599966909], [6.1839308375634525, 43.00766167953667], [6.181329314720813, 43.011570945945934], [6.175475888324874, 43.01254826254825], [6.171248413705584, 43.01059362934362], [6.166558886268142, 43.004034560264365], [6.159541560913706, 43.00179777992277], [6.173151764978932, 42.9985153867962], [6.181540376157292, 42.99519128654618], [6.1839308375634525, 42.9920246138996]], [[6.376118337563453, 42.99922779922779], [6.39628013959391, 42.997816119691116], [6.404409898477158, 42.99886583011582], [6.4112388959390865, 43.0037524131274], [6.414815989847716, 43.01189671814671], [6.411238895939087, 43.01352557915057], [6.410913705583757, 43.015805984555975], [6.4050602791878175, 43.01743484555983], [6.381646573604061, 43.01678330115829], [6.379695431472082, 43.015805984555975], [6.376768718274112, 43.01091940154439], [6.367663388324873, 43.0037524131274], [6.367988578680203, 43.00016891891891], [6.3744923857868026, 42.99806949806949], [6.376118337563453, 42.99922779922779]], [[8.556207698815568, 42.15527343749999], [8.555557318104908, 42.15299479166666], [8.559459602368866, 42.15104166666666], [8.565313028764807, 42.15201822916666], [8.565313028764807, 42.15527343749999], [8.562061125211509, 42.15624999999999], [8.556207698815568, 42.15527343749999]], [[8.587751163282572, 41.88053385416666], [8.591653447546532, 41.88118489583333], [8.591003066835873, 41.88509114583333], [8.587751163282572, 41.88509114583333], [8.586775592216583, 41.88346354166666], [8.587751163282572, 41.88053385416666]], [[8.582548117597295, 41.87532552083333], [8.586450401861253, 41.87597656249999], [8.585800021150593, 41.87988281249999], [8.582548117597295, 41.87988281249999], [8.581572546531305, 41.87825520833333], [8.582548117597295, 41.87532552083333]], [[9.456013938848923, 42.64615885416666], [9.45992580935252, 42.64680989583333], [9.459273830935253, 42.65071614583333], [9.456013938848923, 42.65071614583333], [9.455035971223023, 42.64908854166666], [9.456013938848923, 42.64615885416666]], [[9.464489658273383, 42.64029947916666], [9.460577787769786, 42.63964843749999], [9.461229766187051, 42.63574218749999], [9.464489658273383, 42.63574218749999], [9.465467625899281, 42.63736979166666], [9.464489658273383, 42.64029947916666]], [[9.469705485611511, 42.62565104166666], [9.470683453237411, 42.62890624999999], [9.470357464028778, 42.63346354166666], [9.468727517985611, 42.63541666666666], [9.466445593525181, 42.63476562499999], [9.465467625899281, 42.63151041666666], [9.465793615107915, 42.62695312499999], [9.467423561151081, 42.62499999999999], [9.469705485611511, 42.62565104166666]], [[9.47915917266187, 42.61621093749999], [9.480463129496403, 42.61686197916666], [9.48111510791367, 42.62109374999999], [9.47915917266187, 42.62434895833333], [9.47619418333755, 42.624225594613236], [9.471055465706886, 42.62971623788291], [9.475019013212599, 42.62417669954398], [9.471335431654676, 42.62402343749999], [9.471335431654676, 42.62044270833333], [9.47915917266187, 42.61621093749999]], [[10.101472571942448, 42.57714843749999], [10.09756070143885, 42.57845052083333], [10.096582733812951, 42.58007812499999], [10.096908723021585, 42.58235677083333], [10.101472571942448, 42.58528645833333], [10.101146582733815, 42.59179687499999], [10.093322841726621, 42.59537760416666], [10.090388938848921, 42.61490885416666], [10.088433003597125, 42.61816406249999], [10.085499100719426, 42.61979166666666], [10.078653327338131, 42.61946614583333], [10.075719424460432, 42.61783854166666], [10.076697392086333, 42.61490885416666], [10.078979316546762, 42.61458333333333], [10.079593548322565, 42.61090323778003], [10.073682711997476, 42.59936877811092], [10.068051806204513, 42.59456591707507], [10.054530125899282, 42.59244791666666], [10.05127023381295, 42.58984374999999], [10.049640287769785, 42.58593749999999], [10.049640287769785, 42.58072916666666], [10.052900179856117, 42.57682291666666], [10.059419964028777, 42.57421874999999], [10.082239208633094, 42.57291666666666], [10.10179856115108, 42.57486979166666], [10.101472571942448, 42.57714843749999]], [[9.49056879496403, 42.60904947916666], [9.486656924460434, 42.60839843749999], [9.487308902877698, 42.60449218749999], [9.49056879496403, 42.60449218749999], [9.491546762589929, 42.60611979166666], [9.49056879496403, 42.60904947916666]], [[9.496436600719425, 42.59993489583333], [9.495784622302159, 42.60384114583333], [9.491872751798562, 42.60319010416666], [9.491872751798562, 42.59993489583333], [9.493502697841729, 42.59895833333333], [9.496436600719425, 42.59993489583333]], [[9.47687724820144, 42.59928385416666], [9.480789118705037, 42.59993489583333], [9.48013714028777, 42.60384114583333], [9.47687724820144, 42.60384114583333], [9.475899280575542, 42.60221354166666], [9.47687724820144, 42.59928385416666]], [[9.267592176258994, 41.37304687499999], [9.263354316546764, 41.37499999999999], [9.2587904676259, 41.37434895833333], [9.257054880424914, 41.37006693652566], [9.25280452292728, 41.36974988927026], [9.252172461183063, 41.366589025622275], [9.26187997791716, 41.362866990574574], [9.264064524318297, 41.3647193562358], [9.26922212230216, 41.36523437499999], [9.27052607913669, 41.36848958333333], [9.267592176258994, 41.37304687499999]], [[9.251734972673278, 41.341448573241685], [9.25075067121733, 41.34173353052889], [9.249154273162908, 41.33827377623515], [9.255814751067774, 41.334019846470426], [9.255978816505792, 41.33502490479119], [9.253140728194357, 41.338957733140575], [9.25650854316547, 41.33951822916666], [9.255856564748203, 41.34342447916666], [9.252596672661872, 41.34342447916666], [9.251734972673278, 41.341448573241685]], [[9.350719424460433, 41.29361979166666], [9.348763489208633, 41.29199218749999], [9.339961780575539, 41.28971354166666], [9.337241843705453, 41.28451527424444], [9.335774075411324, 41.284220969088246], [9.333480722922646, 41.28154607600125], [9.34482993677063, 41.276370332990695], [9.349683046451677, 41.27732888104966], [9.3494749310396, 41.28136139688365], [9.361477068345325, 41.28417968749999], [9.371079357834029, 41.29404213754135], [9.374571033783182, 41.29369215318979], [9.377710576401363, 41.297212152468234], [9.380058453237412, 41.29785156249999], [9.38201438848921, 41.30664062499999], [9.380058453237412, 41.31152343749999], [9.375494604316549, 41.31249999999999], [9.373212679856117, 41.31054687499999], [9.374842625899282, 41.30598958333333], [9.37389848572199, 41.30410401602523], [9.370604766187052, 41.30273437499999], [9.351371402877701, 41.30240885416666], [9.345503597122304, 41.30403645833333], [9.343547661870506, 41.30696614583333], [9.33538165306759, 41.30669246593481], [9.332965371839427, 41.30454162528393], [9.337864414601425, 41.297870435215586], [9.338303513307382, 41.29589492802985], [9.349906164113465, 41.294837929470845], [9.350719424460433, 41.29361979166666]], [[9.435150629496404, 41.23535156249999], [9.433194694244605, 41.24902343749999], [9.429934802158275, 41.25065104166666], [9.428630845323742, 41.25846354166666], [9.424718974820145, 41.26106770833333], [9.423089028776982, 41.26888020833333], [9.417221223021585, 41.27083333333333], [9.413961330935253, 41.26790364583333], [9.4128619632509, 41.259670234835205], [9.408419362201263, 41.25669289077563], [9.399257105269301, 41.25491068765603], [9.39768758303203, 41.24731645719554], [9.395680700934449, 41.24400239261178], [9.383318345323744, 41.23893229166666], [9.381688399280577, 41.23535156249999], [9.37777652877698, 41.23339843749999], [9.377694065275788, 41.23191622715529], [9.374557, 41.229199685548544], [9.374557, 41.222235237579035], [9.377991520725766, 41.214687555226476], [9.395265337182499, 41.21211582263985], [9.418454296267495, 41.21583923775905], [9.418851169064748, 41.21451822916666], [9.421785071942448, 41.21354166666666], [9.42399476700799, 41.21672886253466], [9.433391221849568, 41.21823763668428], [9.439388489208635, 41.22265624999999], [9.442648381294964, 41.23177083333333], [9.442648381294964, 41.23958333333333], [9.439714478417267, 41.23860677083333], [9.439062500000002, 41.23535156249999], [9.437432553956835, 41.23437499999999], [9.435150629496404, 41.23535156249999]], [[9.412331384892088, 41.20865885416666], [9.40841951438849, 41.20735677083333], [9.404181654676261, 41.20247395833333], [9.40283491095177, 41.199515379088], [9.398932598336952, 41.19760536085821], [9.396009964555304, 41.19461728306507], [9.396715482559111, 41.19121481564196], [9.402785340716434, 41.191648643722836], [9.407643783074937, 41.187672834616485], [9.409203144491524, 41.19013650971704], [9.417221223021583, 41.18880208333333], [9.419503147482015, 41.19238281249999], [9.422763039568348, 41.19368489583333], [9.423741007194247, 41.20247395833333], [9.421785071942448, 41.20833333333333], [9.419829136690648, 41.21028645833333], [9.415265287769785, 41.21223958333333], [9.413309352517986, 41.21158854166666], [9.412331384892088, 41.20865885416666]], [[9.345185944588312, 41.23121157774582], [9.349390395467882, 41.233213673781975], [9.349592857452636, 41.234601768784955], [9.356261241007195, 41.23632812499999], [9.359521133093526, 41.24316406249999], [9.357239208633095, 41.24674479166666], [9.3513714028777, 41.25065104166666], [9.349741456834533, 41.25423177083333], [9.337679856115109, 41.25455729166666], [9.333116007194246, 41.25130208333333], [9.331160071942447, 41.24544270833333], [9.332924775530136, 41.24465952251376], [9.331263318435376, 41.237737308077364], [9.332775810029135, 41.23451518389152], [9.338300168388997, 41.23050839892894], [9.340522435538686, 41.23059919037796], [9.343547661870506, 41.22916666666666], [9.345185944588312, 41.23121157774582]], [[9.439714478417267, 41.18326822916666], [9.442648381294964, 41.18229166666666], [9.444486564627214, 41.1856310456505], [9.449135810799328, 41.186980108991314], [9.457330396743181, 41.181819415990525], [9.465044873295126, 41.17411744704843], [9.469606994174905, 41.17368562889808], [9.47193388000319, 41.17740885416666], [9.473943345323743, 41.17740885416666], [9.47687724820144, 41.18196614583333], [9.480789118705037, 41.18326822916666], [9.48013714028777, 41.18652343749999], [9.470346573748934, 41.18788128467123], [9.46954459231885, 41.18947259488988], [9.47187581051702, 41.19759603356722], [9.475247302158275, 41.19791666666666], [9.479159172661872, 41.19986979166666], [9.477203237410073, 41.20768229166666], [9.480789118705037, 41.21028645833333], [9.48209307553957, 41.21809895833333], [9.4853529676259, 41.21907552083333], [9.4863309352518, 41.22070312499999], [9.486004946043167, 41.22298177083333], [9.48209307553957, 41.22493489583333], [9.48111510791367, 41.23372395833333], [9.477203237410073, 41.23958333333333], [9.468075539568346, 41.24283854166666], [9.46416366906475, 41.24251302083333], [9.460647570759528, 41.24075298852194], [9.455138520545585, 41.23315096854291], [9.449554687205644, 41.22293480033387], [9.447538219424462, 41.22233072916666], [9.445582284172662, 41.21907552083333], [9.442648381294966, 41.19856770833333], [9.434172661870505, 41.19075520833333], [9.434498651079139, 41.18847656249999], [9.438410521582735, 41.18717447916666], [9.439714478417267, 41.18326822916666]], [[9.523819694244605, 41.16178385416666], [9.527731564748205, 41.16243489583333], [9.527079586330938, 41.16634114583333], [9.523819694244605, 41.16634114583333], [9.522841726618706, 41.16471354166666], [9.523819694244605, 41.16178385416666]], [[9.597667424918024, 41.07535676564722], [9.59862553858917, 41.07172745384256], [9.602442526924483, 41.07066530967656], [9.603909225316947, 41.07337384838876], [9.605642985611514, 41.07389322916666], [9.606620953237412, 41.07714843749999], [9.610532823741007, 41.07845052083333], [9.611510791366907, 41.08138020833333], [9.609554856115107, 41.08300781249999], [9.604991007194245, 41.08333333333333], [9.59912320143885, 41.07942708333333], [9.597667424918024, 41.07535676564722]], [[9.5759779676259, 41.06738281249999], [9.5798898381295, 41.06868489583333], [9.579563848920866, 41.07194010416666], [9.57369604316547, 41.07291666666666], [9.57043615107914, 41.07096354166666], [9.570762140287773, 41.06315104166666], [9.573044064748203, 41.06249999999999], [9.5759779676259, 41.06738281249999]], [[5.317623730964468, 43.28456805019304], [5.3182741116751275, 43.286848455598445], [5.310469543147209, 43.28880308880308], [5.301039022842641, 43.28815154440153], [5.295510786802032, 43.28489382239381], [5.293559644670051, 43.27902992277991], [5.297136738578681, 43.27740106177605], [5.2981123096446705, 43.27414333976833], [5.30396573604061, 43.27316602316601], [5.307217639593909, 43.275120656370646], [5.308518401015229, 43.28163610038609], [5.311770304568528, 43.28359073359072], [5.317623730964468, 43.28456805019304]], [[5.287381027918782, 43.26697635135134], [5.2880314086294415, 43.26306708494208], [5.2919336928934015, 43.26371862934362], [5.2919336928934015, 43.26697635135134], [5.290307741116752, 43.267953667953655], [5.287381027918782, 43.26697635135134]], [[5.360223667512691, 43.19921573359072], [5.360874048223351, 43.19530646718145], [5.364776332487311, 43.195958011583], [5.364776332487311, 43.19921573359072], [5.363150380710661, 43.20019305019304], [5.360223667512691, 43.19921573359072]], [[5.377458756345178, 43.1842302123552], [5.375507614213198, 43.18260135135134], [5.375832804568528, 43.18032094594594], [5.379735088832488, 43.179017857142846], [5.381686230964468, 43.17510859073358], [5.390466370558376, 43.17413127413126], [5.396319796954315, 43.176085907335896], [5.3956694162436545, 43.1783663127413], [5.387864847715737, 43.17966940154439], [5.3852633248730974, 43.183578667953654], [5.377458756345178, 43.1842302123552]], [[6.432376269035533, 43.02199565637065], [6.4314006979695435, 43.018737934362925], [6.426848032994925, 43.015805984555975], [6.426522842639594, 43.011245173745166], [6.428473984771575, 43.007010135135125], [6.436278553299492, 43.003426640926634], [6.437904505076142, 43.007010135135125], [6.441156408629443, 43.00798745173744], [6.441864745793993, 43.012245079060065], [6.447568866899076, 43.01600990145712], [6.45506658748328, 43.01797292342434], [6.466521256345178, 43.018737934362925], [6.470098350253807, 43.02362451737451], [6.476602157360406, 43.02785955598455], [6.4801792512690355, 43.0366554054054], [6.499690672588833, 43.03958735521235], [6.502942576142133, 43.04154198841698], [6.504568527918782, 43.04447393822393], [6.504995226462465, 43.051017047036055], [6.501162041337452, 43.05426290766124], [6.498064720812184, 43.054247104247096], [6.489769283763819, 43.051625643063744], [6.469773159898477, 43.04805743243242], [6.467795215668185, 43.045355409807215], [6.459692258883249, 43.0389358108108], [6.458064641594657, 43.03404422232336], [6.4561293484518405, 43.031510847317094], [6.435801412331497, 43.0259616683575], [6.434469110891832, 43.02234508744807], [6.432376269035533, 43.02199565637065]], [[6.359208439086295, 43.01678330115829], [6.359858819796955, 43.012874034749025], [6.363761104060914, 43.01352557915057], [6.363761104060914, 43.01678330115829], [6.362135152284265, 43.01776061776061], [6.359208439086295, 43.01678330115829]], [[9.846549010791367, 44.0279802123552], [9.847200989208634, 44.02407094594594], [9.85111285971223, 44.024722490347486], [9.85111285971223, 44.0279802123552], [9.849482913669068, 44.02895752895752], [9.846549010791367, 44.0279802123552]], [[9.891861510791367, 43.43409749034748], [9.88794964028777, 43.43083976833976], [9.888927607913669, 43.42497586872586], [9.892187500000002, 43.42399855212354], [9.895121402877699, 43.419437741312734], [9.90164118705036, 43.4197635135135], [9.903597122302159, 43.42302123552122], [9.90457508992806, 43.42888513513512], [9.906012335196912, 43.42948358868036], [9.907989513176034, 43.4287040735594], [9.913897856929918, 43.43593297527823], [9.914161515113197, 43.442054535981406], [9.908146166704253, 43.444946289551716], [9.903507338578265, 43.44274561542644], [9.898780429544962, 43.44206937737042], [9.896253109955062, 43.43400605960334], [9.891861510791367, 43.43409749034748]], [[9.798938310558936, 43.01329739657405], [9.801236510791368, 43.00798745173744], [9.809060251798561, 43.00635859073358], [9.810364208633093, 43.003426640926634], [9.81818794964029, 43.007010135135125], [9.819201185585761, 43.00984530717864], [9.822377902070762, 43.00994213662407], [9.840988828209944, 43.02595551212702], [9.853078487480275, 43.0443692717804], [9.846366180554018, 43.05751003414254], [9.842829906700878, 43.05966879649562], [9.840029226618707, 43.06369449806949], [9.835112902918647, 43.06666716778317], [9.83090152877698, 43.07314189189188], [9.82666366906475, 43.07509652509651], [9.82144784172662, 43.074119208494196], [9.817062172225919, 43.06918861474086], [9.807989921023287, 43.06522790484929], [9.804768069064226, 43.05975469211146], [9.801236510791368, 43.057504826254814], [9.800589629967073, 43.05265644973987], [9.786418530243665, 43.02858289065003], [9.798938310558936, 43.01329739657405]], [[8.21931049069374, 44.02863175675675], [8.21735934856176, 44.0256998069498], [8.221261632825719, 44.02374517374516], [8.22711505922166, 44.024722490347486], [8.22711505922166, 44.0279802123552], [8.21931049069374, 44.02863175675675]], [[7.032365693739425, 43.522381756756744], [7.031064932318106, 43.520101351351336], [7.037516853497628, 43.51787762446053], [7.04888230060011, 43.51662879730909], [7.057869800059869, 43.517364841577425], [7.067885405784208, 43.51624989837788], [7.0505763536379025, 43.522381756756744], [7.044072546531304, 43.52335907335906], [7.032365693739425, 43.522381756756744]], [[7.0382191201353645, 43.51260859073358], [7.036267978003385, 43.50967664092663], [7.040170262267344, 43.507722007721995], [7.0460236886632845, 43.50869932432431], [7.0460236886632845, 43.51195704633203], [7.0382191201353645, 43.51260859073358]]], [[[4.833268229166679, 43.34060086872586], [4.837174479166679, 43.33994932432431], [4.836523437500012, 43.33604005791504], [4.833268229166679, 43.33604005791504], [4.832291666666679, 43.33766891891891], [4.833268229166679, 43.34060086872586]]], [[[4.828059895833346, 43.351025579150566], [4.831966145833346, 43.350374034749024], [4.831315104166679, 43.34646476833976], [4.828059895833346, 43.34646476833976], [4.827083333333346, 43.348093629343616], [4.828059895833346, 43.351025579150566]]], [[[4.756119791666679, 43.42367277992277], [4.758582018186227, 43.42402479818745], [4.764309698058957, 43.41972580633917], [4.764583333333346, 43.41780888030887], [4.762630208333346, 43.414551158301144], [4.756119791666679, 43.414551158301144], [4.754166666666679, 43.41780888030887], [4.756119791666679, 43.42367277992277]]], [[[4.749875161356997, 43.43895116193969], [4.753589129075701, 43.4325842221564], [4.753190104166679, 43.43018822393821], [4.749934895833346, 43.43018822393821], [4.748958333333346, 43.433445945945934], [4.749875161356997, 43.43895116193969]]], [[[5.042187500000001, 43.52010135135134], [5.046414974619291, 43.51814671814671], [5.052268401015228, 43.51912403474902], [5.054219543147208, 43.522381756756744], [5.060723350253807, 43.52335907335906], [5.072430203045686, 43.522381756756744], [5.075682106598984, 43.51814671814671], [5.078608819796955, 43.51912403474902], [5.079584390862944, 43.522381756756744], [5.082836294416245, 43.52335907335906], [5.088689720812184, 43.522381756756744], [5.089665291878173, 43.51912403474902], [5.0912912436548226, 43.51814671814671], [5.093567576142132, 43.51847249034748], [5.094543147208122, 43.52140444015443], [5.0974698604060915, 43.523033301158286], [5.107225571065991, 43.52270752895751], [5.11015228426396, 43.519449806949794], [5.11112785532995, 43.513585907335894], [5.114054568527919, 43.51163127413126], [5.112103426395939, 43.49990347490346], [5.11242861675127, 43.4924107142857], [5.118607233502539, 43.487198359073346], [5.120558375634518, 43.48035714285713], [5.127387373096447, 43.477099420849406], [5.155678934010152, 43.47449324324323], [5.158930837563451, 43.4725386100386], [5.161857550761422, 43.46797779922778], [5.166085025380712, 43.466023166023156], [5.17096288071066, 43.4666747104247], [5.17811706852792, 43.474819015444], [5.195026967005077, 43.48133445945945], [5.2005552030456865, 43.48556949806948], [5.203481916243655, 43.490130308880296], [5.210310913705585, 43.49208494208493], [5.212587246192895, 43.490130308880296], [5.210310913705584, 43.48231177606176], [5.213888007614214, 43.47970559845559], [5.215188769035533, 43.471887065637056], [5.218765862944164, 43.470583976833964], [5.220965437290978, 43.46782958942679], [5.214766900343647, 43.45695121755245], [5.20948301142171, 43.452222706797954], [5.2090101522842644, 43.453643822393815], [5.206083439086295, 43.45527268339767], [5.196327728426397, 43.4549469111969], [5.193401015228427, 43.451689189189175], [5.191449873096447, 43.44484797297296], [5.183645304568528, 43.43930984555983], [5.182344543147208, 43.43572635135134], [5.17486516497462, 43.43409749034748], [5.1745399746192895, 43.43083976833976], [5.176645175496645, 43.42820355884106], [5.174318172203586, 43.42686859435793], [5.146334628058015, 43.42057417226133], [5.063027499764993, 43.420565], [5.062349302030457, 43.43279440154439], [5.0587722081218285, 43.43702944015443], [5.0572629249592564, 43.444967354269515], [5.060597197019968, 43.451660122629605], [5.049141662637787, 43.47566388197498], [5.035141478575241, 43.484237375887645], [5.022892966410997, 43.489195533449184], [5.013216011108594, 43.49831538669543], [5.007917395588621, 43.51698139009394], [5.012595177664975, 43.51814671814671], [5.014546319796954, 43.520752895752885], [5.016904516873412, 43.54437706045705], [5.021338419123724, 43.55333702102424], [5.022676078680204, 43.5451858108108], [5.0265783629441625, 43.54225386100385], [5.027553934010153, 43.535412644787634], [5.03926078680203, 43.52466216216215], [5.042187500000001, 43.52010135135134]], [[5.152752220812184, 43.461136583011566], [5.150475888324874, 43.46504584942083], [5.143972081218275, 43.466023166023156], [5.134866751269037, 43.465371621621614], [5.130964467005077, 43.46211389961389], [5.131289657360407, 43.45755308880308], [5.132915609137056, 43.45559845559845], [5.135842322335025, 43.45657577220076], [5.136492703045685, 43.45983349420848], [5.1381186548223345, 43.4608108108108], [5.140394987309645, 43.460485038610024], [5.141370558375635, 43.457553088803074], [5.144297271573604, 43.455924227799215], [5.1540529822335035, 43.455924227799215], [5.156979695431472, 43.457553088803074], [5.156654505076142, 43.45983349420848], [5.152752220812184, 43.461136583011566]]], [[[9.61161804344918, 41.00232796794558], [9.619330558377396, 41.00038943451391], [9.613466726618707, 41.00032552083333], [9.61161804344918, 41.00232796794558]]], [[[9.521863758992808, 41.02539062499999], [9.522841726618706, 41.02213541666666], [9.522515737410073, 41.01757812499999], [9.520885791366908, 41.01562499999999], [9.518603866906478, 41.01627604166666], [9.517625899280578, 41.01953124999999], [9.517951888489211, 41.02408854166666], [9.519581834532376, 41.02604166666666], [9.521863758992808, 41.02539062499999]]], [[[9.523167715827338, 41.02701822916666], [9.523819694244605, 41.03092447916666], [9.527731564748205, 41.03027343749999], [9.526887237388319, 41.02966207950235], [9.527731564748205, 41.02701822916666], [9.526101618705038, 41.02604166666666], [9.523167715827338, 41.02701822916666]]], [[[9.330508093525182, 41.19173177083333], [9.334985428795502, 41.19262149804876], [9.334530130387359, 41.187631651209024], [9.331812050359714, 41.18782552083333], [9.329856115107916, 41.18945312499999], [9.330508093525182, 41.19173177083333]]], [[[9.275590388383371, 41.20274140568657], [9.27671987410072, 41.19824218749999], [9.272808003597124, 41.19889322916666], [9.272808003597124, 41.20214843749999], [9.27443794964029, 41.20312499999999], [9.275590388383371, 41.20274140568657]]], [[[9.073954586330938, 41.47819010416666], [9.073302607913671, 41.47428385416666], [9.069390737410071, 41.47493489583333], [9.069390737410071, 41.47819010416666], [9.071020683453238, 41.47916666666666], [9.073954586330938, 41.47819010416666]]], [[[9.27345998201439, 41.50488281249999], [9.277371852517987, 41.50423177083333], [9.27671987410072, 41.50032552083333], [9.27345998201439, 41.50032552083333], [9.27248201438849, 41.50195312499999], [9.27345998201439, 41.50488281249999]]], [[[9.325618255395685, 41.62467447916666], [9.329530125899282, 41.62402343749999], [9.328878147482015, 41.62011718749999], [9.325618255395685, 41.62011718749999], [9.324640287769785, 41.62174479166666], [9.325618255395685, 41.62467447916666]]], [[[9.506868255395684, 42.07194010416666], [9.506216276978417, 42.06803385416666], [9.50342375965287, 42.06803385416666], [9.505974186325732, 42.07208890158132], [9.506868255395684, 42.07194010416666]]], [[[5.198278870558377, 43.444196428571416], [5.1979084000255975, 43.44196962819792], [5.1962659056739815, 43.440514665857414], [5.193726205583757, 43.44093870656369], [5.193726205583757, 43.444196428571416], [5.195352157360406, 43.44517374517373], [5.198278870558377, 43.444196428571416]]], [[[10.00171987410072, 44.05534507722007], [9.997808003597124, 44.05599662162162], [9.997808003597124, 44.059254343629334], [10.002212919774024, 44.05830138196549], [10.00171987410072, 44.05534507722007]]], [[[9.987999923978045, 44.061159412209214], [9.988788441193629, 44.06123860523594], [9.99397515221104, 44.06035308184646], [9.993570143884893, 44.06023166023165], [9.987999923978045, 44.061159412209214]]]]}}, {"type": "Feature", "properties": {"t": "b2", "lvl": 2}, "geometry": {"type": "MultiPolygon", "coordinates": [[[[2.9156250000000123, 41.71087488645619], [2.9321831750686034, 41.71384309952692], [2.9403397418918513, 41.72375805254502], [2.946223958333346, 41.72493489583333], [2.947851562500013, 41.72884114583333], [2.951106770833346, 41.72981770833333], [2.9526031467596083, 41.73700031277939], [2.962825520833346, 41.74153645833333], [2.964622304778408, 41.744073094491064], [3.0108973758022533, 41.77130407652259], [3.0139322916666793, 41.77180989583333], [3.0153366215268473, 41.77391639062358], [3.018395042264674, 41.77571614583333], [3.023046875000013, 41.77571614583333], [3.025976562500013, 41.77115885416666], [3.029231770833346, 41.77148437499999], [3.031184895833346, 41.77929687499999], [3.042903645833346, 41.78190104166666], [3.044856770833346, 41.78320312499999], [3.047786458333346, 41.79101562499999], [3.055598958333346, 41.79264322916666], [3.0566098233704837, 41.79542310801879], [3.067859582279772, 41.800196920118545], [3.075649692839567, 41.82260945798942], [3.0816406250000123, 41.82389322916666], [3.083268229166679, 41.82779947916666], [3.0953415645459232, 41.83749429312057], [3.1157816036223274, 41.84870533188411], [3.116796875000013, 41.84863281249999], [3.1187500000000123, 41.84570312499999], [3.122656250000013, 41.84407552083333], [3.131770833333346, 41.84374999999999], [3.136328125000013, 41.84505208333333], [3.140041791351555, 41.847527860901025], [3.1495624239424838, 41.8468944086846], [3.1665221203229588, 41.86474109348252], [3.1753906250000123, 41.86588541666666], [3.1792968750000123, 41.86848958333333], [3.1812500000000123, 41.87239583333333], [3.181503761175998, 41.87950114626092], [3.194281441129896, 41.89040916475516], [3.201106770833346, 41.89257812499999], [3.203059895833346, 41.90039062499999], [3.2053385416666793, 41.90104166666666], [3.206966145833346, 41.90397135416666], [3.207942708333346, 41.91406249999999], [3.2092447916666793, 41.91666666666666], [3.215755208333346, 41.92220052083333], [3.217456823927121, 41.92937114531899], [3.230776331896128, 41.94665651673032], [3.231051224960959, 41.94818735693793], [3.233333333333346, 41.94986979166666], [3.233007812500013, 41.95214843749999], [3.231856490499154, 41.9526717656822], [3.2341029291246364, 41.96518186146771], [3.2295021134027753, 41.97190047026614], [3.2109352828968483, 41.98341082678784], [3.2065653222633084, 41.98925270229622], [3.2001547331697924, 42.01699705835756], [3.197069166975696, 42.02549334074973], [3.197851562500013, 42.04427083333333], [3.198828125000013, 42.04687499999999], [3.201757812500013, 42.04785156249999], [3.2023847858939947, 42.04994147381327], [3.204730376532377, 42.051688937946935], [3.210546875000013, 42.05338541666666], [3.2125000000000123, 42.05989583333333], [3.212925138383286, 42.06783556059591], [3.210546875000013, 42.07161458333333], [3.208971733601592, 42.072214637199394], [3.199140535004189, 42.083104382656636], [3.195247395833346, 42.09244791666666], [3.188069325995038, 42.095011513037484], [3.1734996181786355, 42.10949923635724], [3.1740885416666793, 42.11067708333333], [3.172786458333346, 42.11295572916666], [3.168880208333346, 42.11490885416666], [3.1564390182144404, 42.11790673130375], [3.139146291010625, 42.125737447506026], [3.138606770833346, 42.12825520833333], [3.132843800310556, 42.1303061286692], [3.1212589885328805, 42.13962904022554], [3.118919044533123, 42.14640896560267], [3.118424479166679, 42.15234374999999], [3.114967944267685, 42.15835738959597], [3.117397892066022, 42.21878781121271], [3.1293618733527397, 42.24090243513007], [3.150947595949214, 42.25816184296702], [3.169949430617612, 42.261152636899645], [3.171315876839379, 42.2606461964683], [3.1795828853313393, 42.25100151447224], [3.1813823700037784, 42.250430424993716], [3.1832031250000123, 42.24739583333333], [3.1871093750000123, 42.24479166666666], [3.2105468750000123, 42.23893229166666], [3.2144531250000123, 42.23470052083333], [3.2222656250000123, 42.23535156249999], [3.2232421875000123, 42.23860677083333], [3.2271484375000123, 42.24023437499999], [3.228129515136508, 42.244158685545976], [3.2430887532273607, 42.2465754016057], [3.2437500000000123, 42.24348958333333], [3.247656250000013, 42.24023437499999], [3.263281250000013, 42.24055989583333], [3.264583333333346, 42.24153645833333], [3.2639565551852403, 42.243730181851696], [3.2692287909106956, 42.25109764623426], [3.276998817188926, 42.255936789872834], [3.279231770833346, 42.25618489583333], [3.280122425753283, 42.25841153313317], [3.2834635416666793, 42.26041666666666], [3.285672784809811, 42.26369634559954], [3.2908752393569936, 42.28377400620472], [3.294531250000013, 42.28450520833333], [3.295833333333346, 42.28710937499999], [3.29555538765845, 42.29294623417281], [3.3121046859943775, 42.31737185805321], [3.3189453125000123, 42.31803385416666], [3.3218750000000123, 42.31966145833333], [3.3218750000000123, 42.32096354166666], [3.3189453125000123, 42.32259114583333], [3.3140665642970446, 42.32313322896699], [3.293258922021862, 42.333537483470735], [3.2803723037534134, 42.334848397210884], [3.2795572916666793, 42.33756510416666], [3.270442708333346, 42.33951822916666], [3.267838541666679, 42.34342447916666], [3.2613281250000123, 42.34342447916666], [3.258723958333346, 42.33951822916666], [3.2522741425421233, 42.33844325986812], [3.249218395524978, 42.3416876876159], [3.2430391627096973, 42.34150460707522], [3.2427734375000123, 42.34309895833333], [3.239192708333346, 42.34440104166666], [3.2336588541666793, 42.35221354166666], [3.229427083333346, 42.35416666666666], [3.2248697916666793, 42.35384114583333], [3.222916666666679, 42.35091145833333], [3.2190104166666793, 42.34928385416666], [3.205989583333346, 42.34830729166666], [3.202083333333346, 42.34505208333333], [3.2004219416351987, 42.340067908238886], [3.1863409399546447, 42.34840232106026], [3.185156250000013, 42.35253906249999], [3.180949114565676, 42.354379684252514], [3.1730634031608775, 42.363332511641346], [3.17299, 42.38068379902824], [3.1686821499720046, 42.396468809043], [3.1772689815789046, 42.41840204259951], [3.180037167581803, 42.43501213059233], [3.174509697912639, 42.455778223857045], [3.1592233003082106, 42.473931126740254], [3.149123012955226, 42.48116060382202], [3.1417135878986615, 42.491507614165556], [3.144425, 42.50371064271424], [3.144425, 42.514405106842204], [3.136552299329769, 42.523589770737054], [3.1142936330946, 42.529154925724406], [3.0871381619239573, 42.533481818040315], [3.065473752970916, 42.54069288401915], [3.0510022473268807, 42.55362193270545], [3.050138693861231, 42.555964114636446], [3.044162115349672, 42.59230494074706], [3.036159970798648, 42.68249038791934], [3.041787758606791, 42.72457253383097], [3.0374930092116554, 42.75032601469311], [3.04027431807354, 42.80089499722054], [3.0460520356224685, 42.847446850884964], [3.0484788879841043, 42.864457822102345], [3.0500651041666793, 42.865885416666664], [3.050716145833346, 42.86848958333333], [3.052018229166679, 42.88411458333333], [3.0552734375000123, 42.88736979166666], [3.057226562500013, 42.91471354166666], [3.058203125000013, 42.91666666666666], [3.061132812500013, 42.91764322916666], [3.061458333333346, 42.91992187499999], [3.060481770833346, 42.92154947916666], [3.0569010416666793, 42.92252604166666], [3.051041666666679, 42.93033854166666], [3.040155881355623, 42.93324141774961], [3.037544529683047, 42.94238623467134], [3.039973958333346, 42.94479292350386], [3.0430860276307485, 42.95973986791506], [3.0488366038345385, 42.976451250874234], [3.0500651041666793, 42.976906873391236], [3.050716145833346, 42.97859706805018], [3.053344652874472, 42.98940195999046], [3.0552734375000123, 42.99036709700772], [3.0564904847867873, 42.997204490593596], [3.058672269108058, 43.0019772390076], [3.060481770833346, 43.002775096525085], [3.0628456146679506, 43.01150441253809], [3.066341145833346, 43.014502895752884], [3.067643229166679, 43.022321428571416], [3.0708984375000123, 43.02395028957528], [3.071838041244706, 43.032413253342156], [3.083616327716327, 43.05284151339854], [3.0901041666666793, 43.058807915057905], [3.094661458333346, 43.06727799227798], [3.098567708333346, 43.07900579150578], [3.1021484375000123, 43.080634652509644], [3.1041015625000123, 43.08519546332045], [3.1158203125000123, 43.094642857142844], [3.1187500000000123, 43.0998552123552], [3.119401041666679, 43.10441602316601], [3.1285156250000123, 43.108325289575276], [3.1311197916666793, 43.117121138996126], [3.1389322916666793, 43.123636583011574], [3.13930070407114, 43.12548006747559], [3.153360121117098, 43.13631935820089], [3.164785280532757, 43.153362341556594], [3.174826808581715, 43.16344603594956], [3.180598958333346, 43.16468388030887], [3.181901041666679, 43.16826737451736], [3.1949794927774504, 43.17785683433483], [3.206390485613356, 43.187835351147136], [3.219916240130042, 43.1963340535062], [3.2258633187827823, 43.204483319505925], [3.242447916666679, 43.21224662162161], [3.2457031250000123, 43.22039092664092], [3.252213541666679, 43.221368243243234], [3.254817708333346, 43.2252775096525], [3.262630208333346, 43.226580598455584], [3.2658854166666793, 43.230815637065625], [3.281835937500013, 43.23635376447875], [3.293229166666679, 43.2464527027027], [3.3052734375000123, 43.248081563706556], [3.3082031250000123, 43.251990830115815], [3.3160156250000123, 43.25329391891891], [3.317317708333346, 43.25655164092663], [3.3254557291666793, 43.25818050193049], [3.332617187500013, 43.26599903474902], [3.351822916666679, 43.26893098455597], [3.3550781250000123, 43.27284025096524], [3.3628906250000123, 43.27414333976833], [3.3654947916666793, 43.278052606177596], [3.3733072916666793, 43.27935569498069], [3.3747279870780225, 43.28219927992755], [3.386653645833346, 43.283916505791495], [3.389110226610154, 43.285555490958416], [3.4337014583206633, 43.287710474911925], [3.439388020833346, 43.283916505791495], [3.451106770833346, 43.282613416988404], [3.452734375000013, 43.27935569498069], [3.460546875000013, 43.278052606177596], [3.464778645833346, 43.27414333976833], [3.492122395833346, 43.27284025096524], [3.498958333333346, 43.27121138996138], [3.500911458333346, 43.26827944015443], [3.507747395833346, 43.2686052123552], [3.515234375000013, 43.27772683397683], [3.521419270833346, 43.28131032818532], [3.5305338541666793, 43.29303812741312], [3.5344401041666793, 43.29466698841698], [3.536393229166679, 43.303788610038595], [3.5396484375000123, 43.30476592664091], [3.5416015625000123, 43.30867519305018], [3.5503906250000123, 43.3096525096525], [3.5552734375000123, 43.31160714285713], [3.557226562500013, 43.31942567567566], [3.5608072916666793, 43.32072876447875], [3.566341145833346, 43.328547297297284], [3.5783854166666793, 43.33343388030887], [3.587825520833346, 43.34516167953667], [3.592382812500013, 43.3471163127413], [3.593359375000013, 43.350374034749024], [3.602473958333346, 43.35232866795366], [3.6041015625000123, 43.35623793436292], [3.6158203125000123, 43.36535955598454], [3.6197265625000123, 43.37122345559844], [3.6333984375000123, 43.37317808880308], [3.635026041666679, 43.37676158301157], [3.644039617007681, 43.38352643328085], [3.673379210916932, 43.39297508958001], [3.698828125000013, 43.394027509652496], [3.702083333333346, 43.39500482625481], [3.704036458333346, 43.39793677606176], [3.7111979166666793, 43.39923986486485], [3.718555909793723, 43.40752399921175], [3.7392948730137103, 43.4142028692763], [3.763855073278857, 43.428948942511305], [3.7720703125000123, 43.429862451737435], [3.7740234375000123, 43.430513996138984], [3.7759765625000123, 43.4337717181467], [3.7876953125000123, 43.4350748069498], [3.7896484375000123, 43.43572635135134], [3.7925781250000123, 43.43963561776061], [3.799088541666679, 43.44028716216215], [3.802018229166679, 43.44484797297296], [3.8052734375000123, 43.445825289575275], [3.8072265625000123, 43.45364382239381], [3.8121093750000123, 43.45559845559845], [3.8208984375000123, 43.45657577220076], [3.822851562500013, 43.460485038610024], [3.826106770833346, 43.46146235521234], [3.827301609838894, 43.467042576297715], [3.911935344073255, 43.51785711484781], [3.921158854166679, 43.51847249034748], [3.926041666666679, 43.520101351351336], [3.9279947916666793, 43.523033301158286], [3.934505208333346, 43.52368484555983], [3.937109375000013, 43.527594111969094], [3.945247395833346, 43.52922297297296], [3.950130208333346, 43.53508687258686], [3.956640625000013, 43.53834459459458], [3.976497395833346, 43.53997345559844], [3.9791015625000123, 43.54323117760616], [3.9908203125000123, 43.54453426640926], [3.9937500000000123, 43.54616312741312], [3.994726562500012, 43.548443532818524], [4.006445312500012, 43.549746621621615], [4.011328125000012, 43.55365588803088], [4.034765625000012, 43.554958976833966], [4.040247498908614, 43.55697054940645], [4.047565445648223, 43.5576339283936], [4.099839856772874, 43.553774464767656], [4.103125000000012, 43.552678571428565], [4.104101562500012, 43.55039816602316], [4.113897690083049, 43.54843742759109], [4.12120635366819, 43.54402466556327], [4.123632812500013, 43.540624999999984], [4.130468750000012, 43.5357384169884], [4.132747395833345, 43.53215492277991], [4.129402729961966, 43.52528718015859], [4.120703125000012, 43.52270752895751], [4.118098958333345, 43.51488899613898], [4.110286458333346, 43.51228281853281], [4.108333333333346, 43.509025096525086], [4.108984375000013, 43.5041385135135], [4.116796875000012, 43.49762306949806], [4.120703125000012, 43.48752413127412], [4.127213541666679, 43.486546814671804], [4.129817708333346, 43.48263754826254], [4.137630208333346, 43.48133445945945], [4.141210937500013, 43.47742519305018], [4.1549906396962, 43.47624316365936], [4.160958992381778, 43.47287049218866], [4.182028113668734, 43.4652308234738], [4.206066211765315, 43.46139892147638], [4.230891481492321, 43.459915011581195], [4.233333333333346, 43.457553088803074], [4.243098958333346, 43.45657577220076], [4.300480123160411, 43.4557554082778], [4.409405549220682, 43.44924448133337], [4.486937087488591, 43.45527268339767], [4.511653645833346, 43.45527268339767], [4.523589260293695, 43.454224891191444], [4.533138020833346, 43.450711872586865], [4.5460347668940795, 43.44755621766774], [4.547135416666679, 43.445825289575275], [4.549739583333346, 43.444522200772184], [4.565364583333346, 43.43930984555983], [4.568619791666679, 43.4350748069498], [4.576535580324636, 43.43342715675491], [4.577408854166679, 43.430513996138984], [4.581966145833346, 43.427582046332034], [4.583268229166679, 43.4197635135135], [4.586523437500012, 43.41813465250964], [4.587174479166679, 43.406406853281844], [4.585546875000012, 43.403474903474894], [4.582617187500012, 43.40249758687257], [4.581640625000012, 43.39923986486485], [4.573828125000012, 43.39793677606176], [4.570898437500012, 43.394027509652496], [4.562109375000012, 43.393050193050186], [4.557226562500012, 43.38914092664092], [4.556575520833345, 43.37611003861003], [4.558203125000012, 43.37220077220076], [4.561132812500013, 43.37122345559844], [4.561458333333346, 43.36894305019304], [4.575130208333346, 43.36307915057914], [4.591080729166679, 43.35949565637064], [4.596244211169695, 43.36075385920918], [4.609201485937275, 43.358578516872946], [4.610286458333346, 43.35688947876447], [4.616796875000012, 43.35623793436292], [4.621028645833345, 43.35232866795366], [4.652929687500013, 43.350374034749024], [4.657161458333346, 43.3471163127413], [4.661067708333346, 43.34646476833976], [4.680598958333346, 43.34646476833976], [4.684505208333346, 43.3471163127413], [4.685837777390015, 43.34867217715341], [4.782317537770598, 43.34688743896273], [4.814388020833346, 43.34027509652508], [4.818619791666679, 43.33604005791504], [4.827408854166679, 43.33375965250964], [4.833919270833346, 43.32594111969111], [4.840755208333346, 43.32561534749034], [4.843814443210672, 43.3295246138996], [4.853769432106604, 43.33050193050192], [4.859299981493233, 43.33245656370655], [4.8619705742385815, 43.34027509652509], [4.867511037965323, 43.341578185328174], [4.875969622461939, 43.35069980694979], [4.886235260681052, 43.35330598455597], [4.891719543147218, 43.36210183397682], [4.899696621192897, 43.36633687258686], [4.902030456852793, 43.36894305019304], [4.900601469966161, 43.37122345559844], [4.897743496192897, 43.37187499999999], [4.880595653553311, 43.37317808880308], [4.878515625000012, 43.376435810810804], [4.868812129864645, 43.379367760617754], [4.865872858502541, 43.385883204633195], [4.8623572335025385, 43.38783783783783], [4.860342639593911, 43.39076978764478], [4.859110617597302, 43.397611003860995], [4.861392568210672, 43.403474903474894], [4.871028645833346, 43.4080357142857], [4.8757128410533115, 43.412922297297285], [4.900275949132828, 43.41487693050192], [4.902030456852793, 43.415854247104235], [4.903006027918783, 43.418786196911185], [4.906257931472082, 43.4197635135135], [4.908209073604061, 43.427582046332034], [4.9130869289340104, 43.42953667953667], [4.92186706852792, 43.430513996138984], [4.923818210659899, 43.4337717181467], [4.928696065989849, 43.434749034749025], [4.935525063451777, 43.43442326254825], [4.940077728426397, 43.430513996138984], [4.943329631979696, 43.429862451737435], [4.95803026334263, 43.429273374361266], [4.964623019683442, 43.42648799004169], [4.964792195431473, 43.42530164092663], [4.969344860406091, 43.42236969111968], [4.970645621827411, 43.414551158301144], [4.973897525380711, 43.412922297297285], [4.974873096446701, 43.404126447876436], [4.976824238578681, 43.39923986486485], [4.98332804568528, 43.39761100386099], [4.988205901015229, 43.38653474903474], [4.9999127538071075, 43.377087355212346], [5.001863895939087, 43.37252654440154], [5.005115799492387, 43.37154922779922], [5.006741751269036, 43.363404922779914], [5.014546319796954, 43.35688947876447], [5.017147842639594, 43.34776785714285], [5.024952411167513, 43.34125241312741], [5.028204314720813, 43.33245656370655], [5.0347081218274115, 43.33050193050192], [5.046414974619291, 43.3295246138996], [5.049666878172589, 43.32528957528957], [5.052593591370558, 43.32626689189188], [5.0529187817258885, 43.328547297297284], [5.064950824873097, 43.3295246138996], [5.125132202109869, 43.32727159870931], [5.158376310193563, 43.330367790894805], [5.237942822256836, 43.329546918676506], [5.2454314720812185, 43.33245656370655], [5.25111588224601, 43.33601183814126], [5.255187182741118, 43.33669160231659], [5.256489960132192, 43.338649264886456], [5.261847405892962, 43.341278529112735], [5.265593274111675, 43.34190395752895], [5.26619560901773, 43.343412489106925], [5.271237489084041, 43.34588688371277], [5.274698604060914, 43.34646476833976], [5.275806127896408, 43.34812902654137], [5.28196901273097, 43.35115357468423], [5.285104695431473, 43.35167712355211], [5.286108084037329, 43.353184899424], [5.294899839940515, 43.356787472098546], [5.340089116477553, 43.33518078643328], [5.353160817268906, 43.29861695972037], [5.354809996396738, 43.29628919761245], [5.347216053299492, 43.29010617760616], [5.344289340101524, 43.28489382239381], [5.344289340101524, 43.28228764478763], [5.346240482233503, 43.27902992277991], [5.355020621827412, 43.27642374517374], [5.359573286802031, 43.269582528957514], [5.367351656239287, 43.26352186140654], [5.362081180171129, 43.253117147978806], [5.3551336538071865, 43.24313449463129], [5.353010525742864, 43.23630073890455], [5.350142766497462, 43.23570222007721], [5.348516814720812, 43.23179295366795], [5.3446145304568535, 43.23048986486485], [5.343964149746193, 43.22723214285713], [5.340061865482234, 43.22560328185327], [5.339086294416244, 43.21973938223937], [5.337135152284264, 43.21648166023165], [5.330956535532995, 43.21517857142857], [5.330306154822335, 43.213875482625475], [5.331932106598986, 43.20931467181466], [5.335834390862945, 43.20540540540539], [5.338761104060914, 43.20638272200771], [5.339736675126904, 43.209640444015434], [5.342988578680204, 43.21061776061775], [5.348842005076142, 43.209640444015434], [5.349492385786802, 43.20736003861003], [5.351443527918782, 43.20638272200771], [5.361199238578681, 43.20540540540539], [5.378759517766499, 43.20638272200771], [5.382336611675128, 43.209640444015434], [5.390466370558377, 43.21061776061775], [5.401848032994924, 43.21029198841698], [5.405099936548224, 43.209640444015434], [5.406725888324874, 43.20736003861003], [5.409652601522843, 43.20638272200771], [5.415506027918782, 43.20573117760617], [5.444773159898478, 43.20573117760617], [5.453553299492386, 43.20736003861003], [5.453878489847717, 43.209640444015434], [5.457451038615975, 43.20991685356155], [5.460707487309645, 43.20638272200771], [5.484121192893402, 43.20507963320462], [5.489974619289341, 43.20345077220076], [5.49127538071066, 43.20117036679536], [5.5029822335025385, 43.20019305019304], [5.509486040609137, 43.20117036679536], [5.513713515228426, 43.20507963320462], [5.5254203680203045, 43.20638272200771], [5.527046319796955, 43.209640444015434], [5.532899746192894, 43.21061776061775], [5.536151649746193, 43.209640444015434], [5.537452411167513, 43.20638272200771], [5.5409775480229975, 43.205499860959854], [5.547402224735879, 43.19626157184169], [5.548508883248732, 43.192048745173736], [5.551110406091372, 43.18879102316601], [5.5600196369873, 43.182654967623], [5.567503674231509, 43.1758803218], [5.569321065989849, 43.17087355212354], [5.5758248730964475, 43.16891891891891], [5.587531725888326, 43.16794160231659], [5.5901332487309645, 43.16468388030887], [5.596637055837564, 43.163706563706555], [5.603718463051777, 43.16472000336249], [5.61177665870847, 43.162201608743395], [5.621713609696261, 43.17764097522142], [5.628832410836366, 43.18427975511563], [5.656146890862944, 43.1842302123552], [5.666878172588833, 43.18260135135134], [5.666878172588833, 43.18129826254825], [5.670780456852793, 43.17966940154439], [5.676975669872912, 43.179359086655474], [5.688925864442919, 43.169674821609604], [5.69071896476203, 43.16519546694482], [5.68996668781726, 43.1643581081081], [5.68053616751269, 43.163055019305006], [5.679235406091371, 43.15979729729729], [5.684113261421321, 43.15393339768339], [5.69094225888325, 43.152630308880305], [5.694519352791878, 43.144811776061765], [5.702649111675127, 43.14285714285713], [5.715861442314433, 43.14197474480746], [5.71799539258374, 43.1412678347055], [5.7218353426395945, 43.137970559845556], [5.729492643784866, 43.13745915971633], [5.734089558752169, 43.13593634745825], [5.736468908629442, 43.13275820463319], [5.744273477157361, 43.13145511583011], [5.745574238578682, 43.12852316602316], [5.753378807106599, 43.131780888030875], [5.754527495609836, 43.13350700371466], [5.776041323750913, 43.132321680842914], [5.775816941624365, 43.1291747104247], [5.7702887055837575, 43.12526544401543], [5.767687182741117, 43.120704633204625], [5.768012373096447, 43.11874999999999], [5.773540609137056, 43.11679536679536], [5.785247461928934, 43.11581805019304], [5.787198604060914, 43.11256032818532], [5.790450507614214, 43.111583011583], [5.795003172588833, 43.111908783783775], [5.796370789466953, 43.11403999426491], [5.801072554525341, 43.11326015991112], [5.806384835025382, 43.110605694980684], [5.807360406091371, 43.1057191119691], [5.807035215736041, 43.098877895752885], [5.806384835025382, 43.09692326254825], [5.802482550761422, 43.0939913127413], [5.801229804115343, 43.086461384035594], [5.788487348006442, 43.080538381557545], [5.780044416243655, 43.07965733590733], [5.777442893401015, 43.07835424710424], [5.776142131979696, 43.07379343629343], [5.778093274111676, 43.07151303088802], [5.785897842639594, 43.07379343629343], [5.7884993654822345, 43.07020994208493], [5.793676309598882, 43.06969132139077], [5.795678485964979, 43.068543615166845], [5.797604695431472, 43.06564913127412], [5.8020114902748885, 43.0649133513271], [5.806894430405449, 43.06211430681045], [5.808010786802032, 43.06043677606176], [5.810793521762909, 43.05987923327028], [5.820223039588989, 43.05471811656957], [5.823945114213197, 43.05098938223937], [5.846780276139891, 43.048622897448844], [5.854244499626322, 43.04690976447175], [5.855163388324874, 43.044148166023156], [5.857439720812184, 43.04382239382238], [5.859260333436878, 43.050661906877345], [5.866354006605157, 43.05973738516492], [5.869146573604061, 43.06043677606176], [5.872723667512691, 43.06630067567566], [5.879935259738728, 43.071598639068995], [5.8878058133022275, 43.073718462380036], [5.89986058981497, 43.07393622816982], [5.904917512690356, 43.067603764478754], [5.910120558375635, 43.064671814671804], [5.915973984771574, 43.06564913127412], [5.917925126903554, 43.068906853281845], [5.924428934010153, 43.06988416988416], [5.936135786802031, 43.068906853281845], [5.938412119289341, 43.06499758687258], [5.941664022842639, 43.06499758687258], [5.9429647842639595, 43.068906853281845], [5.9468670685279195, 43.070535714285704], [5.947842639593909, 43.07379343629343], [5.947076600075997, 43.07839789719834], [5.9482819872973005, 43.07938342161659], [5.9429647842639595, 43.081286196911186], [5.941989213197969, 43.08454391891891], [5.934184644670052, 43.08519546332045], [5.933437963009283, 43.08407343683388], [5.909868782731902, 43.09189993061478], [5.895292172272915, 43.11414406784282], [5.889300088673811, 43.11592433487438], [5.914673223350254, 43.117772683397675], [5.916624365482234, 43.11874999999999], [5.917599936548224, 43.12168194980694], [5.919876269035534, 43.12200772200771], [5.921502220812183, 43.12103040540539], [5.922802982233502, 43.117121138996126], [5.926705266497462, 43.11581805019304], [5.926705266497462, 43.11256032818532], [5.922152601522843, 43.10962837837837], [5.921827411167513, 43.10506756756756], [5.924754124365483, 43.101809845559835], [5.927680837563453, 43.10115830115829], [5.934509835025381, 43.10148407335906], [5.9390625, 43.10539333976833], [5.947192258883249, 43.10637065637064], [5.954176983558127, 43.10590417489975], [5.958979967873472, 43.103669796635046], [5.962958474908039, 43.10369132483212], [5.964427347715736, 43.10148407335906], [5.966703680203047, 43.10115830115829], [5.968474808078349, 43.10372117439795], [5.9841309877947175, 43.10380589193632], [5.986215101522843, 43.10213561776061], [6.0096288071065995, 43.10083252895752], [6.015482233502539, 43.09920366795366], [6.0158074238578685, 43.09692326254825], [6.0197097081218285, 43.09562017374516], [6.020685279187818, 43.0939913127413], [6.0197097081218285, 43.09105936293435], [6.016457804568528, 43.090082046332036], [6.015482233502539, 43.084218146718136], [6.019059327411168, 43.0822635135135], [6.0270744988582505, 43.08138756668899], [6.027930024516646, 43.07969568475909], [6.061984454314721, 43.080634652509644], [6.087590424525631, 43.08398029309961], [6.088324873096447, 43.0822635135135], [6.090601205583757, 43.081286196911186], [6.111088197969544, 43.08030888030887], [6.1209023076588895, 43.07862345124438], [6.124809706912337, 43.07601784793289], [6.125721763959391, 43.070535714285704], [6.12864847715736, 43.06923262548261], [6.126046954314722, 43.060111003860996], [6.1296240482233495, 43.057504826254814], [6.128973667512691, 43.04968629343628], [6.125721763959391, 43.048708976833964], [6.125095438788025, 43.04682663937102], [6.121464444195251, 43.04470449704268], [6.095479060913706, 43.042845077220065], [6.093527918781726, 43.04186776061775], [6.092552347715737, 43.0389358108108], [6.089300444162436, 43.03795849420848], [6.088324873096447, 43.03209459459458], [6.091251586294417, 43.028836872586865], [6.098080583756346, 43.028185328185316], [6.1029584390862945, 43.02916264478763], [6.103934010152285, 43.03144305019304], [6.109787436548224, 43.0330719111969], [6.1292988578680205, 43.0330719111969], [6.13515228426396, 43.03144305019304], [6.13710342639594, 43.02851110038609], [6.144907994923859, 43.027208011583], [6.145883565989848, 43.02395028957528], [6.148810279187818, 43.022972972972966], [6.150436230964467, 43.02395028957528], [6.151411802030458, 43.027208011583], [6.159216370558376, 43.02851110038609], [6.161817893401016, 43.03242036679536], [6.169622461928934, 43.03372345559845], [6.171573604060914, 43.03535231660231], [6.170836546012128, 43.03664447604908], [6.179153359643324, 43.03734950542796], [6.1824699715736955, 43.04325466227183], [6.171189144215993, 43.04083162809451], [6.1520357962223935, 43.046798643658214], [6.151619112135451, 43.06906341134086], [6.152662199757771, 43.074404287148454], [6.157682039752089, 43.085008352178434], [6.164094225888325, 43.08975627413126], [6.174525216598228, 43.101947537498866], [6.177844581274112, 43.10411240477222], [6.183529856461883, 43.10645650306091], [6.189459073604062, 43.10702220077219], [6.191410215736042, 43.108325289575276], [6.19172405162296, 43.1097924775186], [6.20830823185623, 43.11476882563421], [6.241164340101523, 43.11288610038609], [6.244416243654823, 43.113537644787634], [6.246367385786802, 43.116469594594584], [6.254171954314722, 43.117772683397675], [6.256123096446702, 43.12103040540539], [6.262958114687048, 43.121601009386], [6.27087802398084, 43.12095073137418], [6.276284898477158, 43.11907577220076], [6.282138324873097, 43.11223455598454], [6.290268083756345, 43.10734797297296], [6.310429885786803, 43.10539333976833], [6.313031408629442, 43.10148407335906], [6.316283312182742, 43.100506756756744], [6.317258883248732, 43.094642857142844], [6.3201855964467, 43.09236245173744], [6.334819162436549, 43.088778957528945], [6.346526015228427, 43.08747586872586], [6.354980964467006, 43.089430501930494], [6.357845058542538, 43.09229972057401], [6.373209955770666, 43.092335913669885], [6.3684371906707105, 43.1051017848557], [6.364778307572895, 43.119380383676514], [6.37764102156603, 43.13727901617422], [6.388749799611287, 43.14252711624026], [6.399206852791879, 43.14383445945945], [6.401808375634519, 43.14709218146717], [6.417417512690356, 43.14839527027026], [6.422620558375636, 43.15165299227798], [6.434327411167513, 43.1467664092664], [6.440831218274113, 43.14546332046331], [6.443107550761422, 43.151327220077214], [6.447985406091371, 43.15328185328185], [6.463608905373832, 43.15570356290137], [6.464570114213198, 43.15425916988416], [6.487333439086294, 43.15230453667952], [6.489934961928934, 43.14839527027026], [6.4922112944162444, 43.14806949806949], [6.493837246192894, 43.149046814671806], [6.494812817258884, 43.15230453667952], [6.500420182531496, 43.15350826487098], [6.505495706750162, 43.152534307753754], [6.525770846988584, 43.16178542494875], [6.528121390365743, 43.16468385571455], [6.5309089467005075, 43.16500965250964], [6.534160850253807, 43.16761583011582], [6.535786802030457, 43.17152509652509], [6.536661267825111, 43.17761348216625], [6.539689086294416, 43.180646718146704], [6.547493654822335, 43.18325289575289], [6.5592005076142135, 43.18455598455598], [6.586516497461929, 43.183904440154436], [6.594321065989848, 43.182601351351344], [6.596582112063936, 43.18146880553083], [6.59899920544336, 43.17792636629883], [6.600174492385787, 43.17380550193049], [6.607003489847716, 43.16924469111969], [6.615783629441625, 43.1584942084942], [6.618059961928934, 43.15881998069497], [6.620986675126904, 43.16338079150578], [6.628791243654822, 43.16468388030887], [6.631392766497463, 43.16859314671814], [6.637896573604062, 43.16859314671814], [6.64082328680203, 43.16403233590732], [6.643099619289341, 43.163706563706555], [6.6421240482233515, 43.18325289575289], [6.6665830856135715, 43.19569235854566], [6.669765228426397, 43.195958011583], [6.670857830399408, 43.198147125395764], [6.677680591389316, 43.20206508736621], [6.67077381837934, 43.212709092915006], [6.663940981027682, 43.220954589021375], [6.667001904551656, 43.24018131040343], [6.68042571312045, 43.24723407521247], [6.686675126903554, 43.24905888030887], [6.687000317258884, 43.25133928571427], [6.689927030456854, 43.25231660231659], [6.691552982233503, 43.256225868725856], [6.691483926962058, 43.25899302185753], [6.696217388646186, 43.265523227174505], [6.692462350049274, 43.27159527323612], [6.682122461928934, 43.27414333976833], [6.680496510152285, 43.27740106177605], [6.671716370558376, 43.27837837837837], [6.666838515228426, 43.27642374517374], [6.6659351318948605, 43.27340707947939], [6.650838859356445, 43.27044484085125], [6.648953045685279, 43.272188706563696], [6.64244923857868, 43.27316602316601], [6.633343908629442, 43.27284025096524], [6.630742385786802, 43.272188706563696], [6.629441624365483, 43.26990830115829], [6.621637055837564, 43.26827944015443], [6.595621827411168, 43.26827944015443], [6.589538539512768, 43.2695490594034], [6.596175902052754, 43.28506118308229], [6.61644221758957, 43.29398943829348], [6.621311865482234, 43.29466698841698], [6.6234339482782145, 43.29702907699862], [6.640922965150699, 43.309045847471786], [6.663261421319798, 43.309978281853276], [6.671065989847716, 43.311607142857135], [6.670740799492386, 43.313887548262535], [6.667814086294416, 43.31486486486485], [6.666188134517767, 43.3177968146718], [6.666838515228426, 43.3295246138996], [6.6704156091370574, 43.33115347490346], [6.674317893401016, 43.337017374517366], [6.677569796954314, 43.339297779922774], [6.6990323604060915, 43.34418436293436], [6.705861357868021, 43.34679054054053], [6.710740733228726, 43.35144790969548], [6.716333461998053, 43.351970056791025], [6.716458058504023, 43.367590340965045], [6.731283321849313, 43.38265488102413], [6.730311701876391, 43.39757544327815], [6.732526967005077, 43.39923986486485], [6.733177347715737, 43.401194498069486], [6.734803299492387, 43.41129343629342], [6.741307106598986, 43.415854247104235], [6.753013959390864, 43.4197635135135], [6.754965101522844, 43.423347007722], [6.759720036168093, 43.42353754541766], [6.764200298896056, 43.42234388025354], [6.769598667512691, 43.415854247104235], [6.7783788071066, 43.41357384169883], [6.78098032994924, 43.40966457528956], [6.7842322335025385, 43.40868725868725], [6.788784898477157, 43.40901303088802], [6.790596298062811, 43.41173499182486], [6.796682488957762, 43.412999568744524], [6.8431658266038955, 43.41508909152852], [6.846692745497889, 43.41412623016577], [6.8582255925041835, 43.416945199231264], [6.857097973564342, 43.4205366571771], [6.858375634517767, 43.421718146718135], [6.85876262425973, 43.43083976833975], [6.860697572969544, 43.434749034749025], [6.864180480647209, 43.4337717181467], [6.865156051713199, 43.43018822393821], [6.868098958333334, 43.427582046332034], [6.8733961902495775, 43.4256274131274], [6.874411725281247, 43.427819667239106], [6.892991592938974, 43.42906204817893], [6.896596516020358, 43.437934059872575], [6.899508266980115, 43.44030463576512], [6.919043937411954, 43.45002656701076], [6.923494589389318, 43.47247740256946], [6.925001750373643, 43.4747421890679], [6.94131239424704, 43.48328909266408], [6.944564297800341, 43.4924107142857], [6.952368866328259, 43.498926158301146], [6.952368866328259, 43.50576737451736], [6.94297580012531, 43.509660161272855], [6.94228796531303, 43.51195704633203], [6.939454750096167, 43.51290314117703], [6.943579892810028, 43.52704525848089], [6.9587611692970075, 43.539460233674184], [6.962449767343487, 43.53997345559844], [6.963784221425544, 43.54264713909499], [6.9653628263395895, 43.54344607930125], [6.971880287648055, 43.54453426640926], [6.973831429780035, 43.54746621621621], [6.977083333333335, 43.548443532818524], [7.00506821429195, 43.54942084942084], [7.022609983079528, 43.5474662162162], [7.0258618866328275, 43.54551158301157], [7.026837457698817, 43.54095077220076], [7.028788599830797, 43.53964768339767], [7.037171263092446, 43.53936776133414], [7.037669953451173, 43.53848510673301], [7.0446965060709426, 43.54366112913303], [7.047974830795264, 43.54420849420848], [7.053177876480543, 43.54714044401543], [7.055342548445548, 43.549986659452614], [7.069121740360552, 43.5611390570321], [7.081794627749578, 43.56570945945945], [7.083533228692919, 43.56810431308489], [7.0900102921186425, 43.570136581658694], [7.100124308254101, 43.569894817418174], [7.103907571912015, 43.56831563706563], [7.104557952622676, 43.56570945945945], [7.112362521150593, 43.55984555984555], [7.114313663282573, 43.55007239382238], [7.118215947546533, 43.5451858108108], [7.122118231810492, 43.54420849420848], [7.133825084602369, 43.5451858108108], [7.136101417089679, 43.549095077220066], [7.13935332064298, 43.55007239382238], [7.140328891708969, 43.55593629343628], [7.13935332064298, 43.55919401544401], [7.13545103637902, 43.56180019305018], [7.13317470389171, 43.57059604247103], [7.131110651017014, 43.573247485295354], [7.1277915156207206, 43.591385711618905], [7.126020516074451, 43.61001447876447], [7.126670896785111, 43.6119691119691], [7.128947229272422, 43.61294642857142], [7.130247990693741, 43.62467422779922], [7.130898371404401, 43.62662886100385], [7.134800655668359, 43.6295608108108], [7.136101417089679, 43.637379343629334], [7.13967851099831, 43.638682432432425], [7.145206747038919, 43.646826737451725], [7.153986886632827, 43.6530164092664], [7.156214068359366, 43.656735020436145], [7.168620452622675, 43.658554536679524], [7.171547165820645, 43.656925675675666], [7.172197546531304, 43.65464527027026], [7.178050972927243, 43.65366795366794], [7.181302876480542, 43.65464527027026], [7.182928828257192, 43.65790299227798], [7.191708967851102, 43.6588803088803], [7.196586823181051, 43.656925675675666], [7.197562394247041, 43.65236486486486], [7.2004891074450095, 43.64910714285713], [7.202825567640078, 43.64910714285713], [7.204433058643724, 43.64626974272601], [7.213016723541909, 43.6499667016541], [7.230084157694379, 43.66399006903452], [7.228197499374112, 43.67011300311718], [7.228711416636385, 43.67629104455542], [7.240955352898992, 43.686185095760194], [7.257163760814182, 43.69314401697861], [7.277172097824475, 43.694605026095374], [7.284713409475467, 43.693412162162154], [7.287965313028766, 43.69145752895752], [7.291217216582066, 43.686896718146706], [7.300972927241964, 43.68494208494207], [7.30595848182879, 43.688521386492866], [7.318387951111613, 43.686846313248274], [7.319183587140441, 43.680381274131264], [7.321134729272421, 43.67777509652509], [7.32698815566836, 43.675820463320456], [7.328288917089679, 43.67907818532817], [7.3341423434856186, 43.68298745173744], [7.335443104906939, 43.68526785714285], [7.335443104906939, 43.68852557915057], [7.333330082994938, 43.693641185500006], [7.340997049697238, 43.70858115205856], [7.352450933218841, 43.71699966844325], [7.3591951524439585, 43.72077752608495], [7.3778141861477655, 43.721484054408045], [7.403756011702077, 43.71950240156559], [7.411213970372158, 43.72657592373875], [7.418366645516076, 43.72729247104246], [7.4212933587140455, 43.730550193050185], [7.422052997590358, 43.73511618139158], [7.4320018826883585, 43.74109633807763], [7.452315911351846, 43.757341258866354], [7.4599910109983085, 43.757589285714275], [7.462917724196279, 43.755960424710416], [7.463568104906939, 43.75368001930501], [7.471372673434857, 43.75237693050192], [7.4739741962774975, 43.74846766409265], [7.479827622673437, 43.747490347490334], [7.483079526226736, 43.7513996138996], [7.483729906937396, 43.760521235521225], [7.486656620135364, 43.767036679536666], [7.497062711505924, 43.769317084942074], [7.503241328257193, 43.77420366795366], [7.505842851099832, 43.77811293436292], [7.51592375211506, 43.782999517374506], [7.539337457698817, 43.783651061776055], [7.546166455160746, 43.7820222007722], [7.546491645516077, 43.77974179536679], [7.549418358714046, 43.77876447876447], [7.554621404399325, 43.78527992277992], [7.558848879018614, 43.787234555984554], [7.589091582064299, 43.78918918918918], [7.605351099830797, 43.788211872586864], [7.612830478003385, 43.78462837837837], [7.633967851099832, 43.7820222007722], [7.650877749576989, 43.780719111969105], [7.672990693739425, 43.78104488416988], [7.678193739424705, 43.78267374517374], [7.683071594754655, 43.78853764478764], [7.6912013536379025, 43.790166505791504], [7.692469586207125, 43.792707509289265], [7.717722407151336, 43.796573399009894], [7.721769247038918, 43.79472731660231], [7.734776861252117, 43.79472731660231], [7.738679145516076, 43.79635617760617], [7.740630287648056, 43.79928812741312], [7.747459285109985, 43.80026544401544], [7.755263853637904, 43.80808397683397], [7.783555414551609, 43.81101592664092], [7.787457698815569, 43.814925193050186], [7.795262267343486, 43.81622828185327], [7.795912648054147, 43.81850868725868], [7.8349354906937405, 43.81753137065637], [7.83753701353638, 43.81916023166023], [7.83851258460237, 43.82502413127413], [7.84176448815567, 43.82600144787644], [7.84274005922166, 43.82893339768339], [7.846967533840949, 43.830236486486484], [7.906152178511, 43.836751930501926], [7.910379653130289, 43.83805501930502], [7.912330795262268, 43.84098696911197], [7.9201353637901875, 43.84229005791505], [7.922411696277496, 43.845547779922775], [7.945175021150594, 43.8475024131274], [7.947776543993234, 43.850760135135125], [7.96241010998308, 43.853692084942075], [7.965463870246635, 43.857291172225544], [7.973138551286482, 43.86100219992987], [7.9871245769881565, 43.86313947876447], [7.9890757191201365, 43.86639720077219], [7.9968802876480565, 43.86770028957528], [8.000457381556686, 43.87160955598455], [8.024196277495772, 43.8745415057915], [8.02972451353638, 43.88105694980695], [8.038504653130289, 43.88333735521235], [8.042081747038917, 43.887246621621614], [8.064845071912016, 43.88920125482625], [8.067446594754657, 43.89245897683397], [8.079478637901861, 43.89473938223937], [8.0820801607445, 43.89734555984555], [8.087608396785111, 43.91037644787644], [8.095087774957701, 43.914285714285704], [8.107770198815569, 43.91624034749034], [8.11329843485618, 43.92275579150578], [8.115899957698819, 43.92405888030887], [8.125980858714044, 43.92536196911196], [8.128907571912015, 43.928619691119685], [8.130858714043994, 43.9354609073359], [8.137687711505926, 43.94002171814671], [8.145167089678512, 43.94881756756756], [8.1656540820643, 43.95174951737451], [8.168905985617599, 43.95370415057914], [8.170531937394248, 43.95663610038609], [8.169881556683588, 43.96380308880308], [8.168580795262269, 43.96640926640926], [8.162076988155668, 43.97194739382239], [8.160776226734349, 43.97520511583011], [8.16012584602369, 43.9846525096525], [8.162076988155668, 43.992145270270264], [8.168580795262269, 43.99735762548262], [8.171507508460238, 44.007456563706555], [8.174759412013536, 44.00843388030887], [8.176710554145517, 44.01234314671814], [8.188417406937397, 44.013972007722], [8.191344120135366, 44.01722972972972], [8.192319691201355, 44.02309362934362], [8.195571594754654, 44.02407094594594], [8.197197546531305, 44.0279802123552], [8.205327305414553, 44.02960907335907], [8.212156302876483, 44.0374276061776], [8.214757825719122, 44.038730694980686], [8.22483872673435, 44.04068532818532], [8.22776543993232, 44.04720077220077], [8.22744024957699, 44.056322393822384], [8.22581429780034, 44.06023166023165], [8.223700567366933, 44.06093749770381], [8.22711505922166, 44.067724420849416], [8.228535645554743, 44.07289815999541], [8.23361886632826, 44.09965009652508], [8.23491962774958, 44.10193050193049], [8.239797483079528, 44.10486245173744], [8.248902813028764, 44.11659025096524], [8.254431049069375, 44.11952220077219], [8.258658523688666, 44.12603764478764], [8.268739424703892, 44.1299469111969], [8.270365376480543, 44.137765444015436], [8.274267660744503, 44.139394305019295], [8.275243231810492, 44.14265202702702], [8.283372990693742, 44.14428088803088], [8.289868041161704, 44.152088894081714], [8.299957698815568, 44.15503137065636], [8.301027500665956, 44.156817563970925], [8.305136055322121, 44.15855850838525], [8.320119500846026, 44.16024372586872], [8.322721023688665, 44.163501447876435], [8.34093168358714, 44.165456081081075], [8.34353320642978, 44.16871380308879], [8.346134729272421, 44.16936534749034], [8.361743866328258, 44.170668436293425], [8.363563828570314, 44.17370713396286], [8.371499576988157, 44.17522924710424], [8.382235378010359, 44.17962749519912], [8.402717851099833, 44.18109314671814], [8.406620135363791, 44.18500241312741], [8.414424703891708, 44.18630550193049], [8.4154002749577, 44.189563223938215], [8.41832698815567, 44.19054054054053], [8.41897736886633, 44.19282094594594], [8.416375846023689, 44.220185810810804], [8.417026226734349, 44.22702702702702], [8.41930255922166, 44.22735279922779], [8.422229272419628, 44.2319136100386], [8.428733079526229, 44.232565154440145], [8.431334602368867, 44.23647442084941], [8.439139170896787, 44.23810328185327], [8.443041455160746, 44.24820222007721], [8.449545262267346, 44.253088803088794], [8.451496404399325, 44.25895270270269], [8.450846023688666, 44.266119691119684], [8.449545262267346, 44.26872586872586], [8.446221452790335, 44.271639405741055], [8.443065875882473, 44.28347115321417], [8.445968168358716, 44.28534025096524], [8.447480609773427, 44.28875411743991], [8.457024640439933, 44.291529922779915], [8.459951353637901, 44.296090733590724], [8.517129961164317, 44.29804536679536], [8.630186414795828, 44.29934845559845], [8.799120714532435, 44.29999999999999], [9.192541969755416, 44.299674227799215], [9.361151079136691, 44.29804536679536], [9.361151079136691, 44.296742277992266], [9.365062949640288, 44.29413610038609], [9.36988072921949, 44.29234243614747], [9.375728327583333, 44.272989588665965], [9.38220009571689, 44.27095887733675], [9.384948291366907, 44.269051640926634], [9.397475886159924, 44.266165639990305], [9.398639838129498, 44.263839285714276], [9.401899730215828, 44.26286196911196], [9.402877697841728, 44.25699806949806], [9.404833633093528, 44.253740347490336], [9.411353417266188, 44.25341457528957], [9.414287320143886, 44.257323841698835], [9.422683183796254, 44.258256094432966], [9.430362987481738, 44.24822603422302], [9.437474036327112, 44.24092330277136], [9.444676225786067, 44.24016894822884], [9.448190197841727, 44.23810328185327], [9.46416366906475, 44.23647442084941], [9.466445593525181, 44.23321669884169], [9.471335431654678, 44.23223938223937], [9.48013714028777, 44.23321669884169], [9.48209307553957, 44.237125965250954], [9.4853529676259, 44.237125965250954], [9.486982913669067, 44.23289092664092], [9.49480665467626, 44.22767857142856], [9.497414568345324, 44.22279198841698], [9.502166207066322, 44.22184229329676], [9.507720005937278, 44.21884314181341], [9.514040017985613, 44.2120415057915], [9.520885791366908, 44.21106418918918], [9.524471672661871, 44.207154922779914], [9.544031025179857, 44.20585183397682], [9.548920863309354, 44.204222972972964], [9.549246852517985, 44.201942567567556], [9.553810701438852, 44.19998793436292], [9.564894334532376, 44.18630550193049], [9.56945818345324, 44.18435086872586], [9.57043615107914, 44.18109314671814], [9.578259892086333, 44.17979005791504], [9.580867805755398, 44.17588079150578], [9.588691546762591, 44.17457770270269], [9.591299460431657, 44.170668436293425], [9.598700994810653, 44.169127476449844], [9.601079136690648, 44.16578185328184], [9.602057104316547, 44.15991795366794], [9.605968974820147, 44.158289092664084], [9.618030575539569, 44.14460666023165], [9.627484262589928, 44.1416747104247], [9.632048111510795, 44.13548503861003], [9.634004046762591, 44.134833494208486], [9.638893884892088, 44.136462355212345], [9.642153776978418, 44.13906853281853], [9.642805755395685, 44.1416747104247], [9.647695593525182, 44.14330357142856], [9.662928764173548, 44.1428105572621], [9.668232913669067, 44.1416747104247], [9.67573066546763, 44.13385617760616], [9.684858363309353, 44.131249999999994], [9.691378147482016, 44.12343146718146], [9.69822392086331, 44.122454150579145], [9.70115782374101, 44.11854488416988], [9.703113758992806, 44.11789333976833], [9.714849370503599, 44.11659025096524], [9.716805305755397, 44.11268098455598], [9.720065197841729, 44.11170366795366], [9.722021133093527, 44.10388513513512], [9.733756744604317, 44.10127895752895], [9.735712679856118, 44.09997586872586], [9.73799460431655, 44.093460424710415], [9.75625, 44.08955115830115], [9.758531924460431, 44.08303571428571], [9.760487859712232, 44.081732625482616], [9.770593525179859, 44.08042953667953], [9.781025179856115, 44.0713079150579], [9.79406474820144, 44.06870173745173], [9.799606564748203, 44.062186293436284], [9.819817895683455, 44.05827702702702], [9.826989658273382, 44.050458494208485], [9.830609556883791, 44.049769448707735], [9.833307166346966, 44.04369971231022], [9.835745634088966, 44.04342861291234], [9.839703237410072, 44.04003378378377], [9.848830935251799, 44.03938223938223], [9.852742805755398, 44.040359555984544], [9.856654676258994, 44.04524613899613], [9.856654676258994, 44.04915540540539], [9.856002697841728, 44.05208735521234], [9.852742805755398, 44.05501930501929], [9.846875, 44.05404198841698], [9.845245053956836, 44.05013272200772], [9.841985161870506, 44.050458494208485], [9.841659172661872, 44.05827702702702], [9.847526978417267, 44.06023166023165], [9.8498089028777, 44.06414092664092], [9.846875, 44.07717181467181], [9.844267086330936, 44.081081081081074], [9.841985161870506, 44.081732625482616], [9.840029226618707, 44.08955115830115], [9.825359712230217, 44.093460424710415], [9.827315647482015, 44.096392374517364], [9.835139388489209, 44.097695463320456], [9.836117356115107, 44.10095318532817], [9.837747302158274, 44.10193050193049], [9.840681205035974, 44.10095318532817], [9.841985161870506, 44.097695463320456], [9.8507868705036, 44.09671814671814], [9.857632643884894, 44.09378619691119], [9.863174460431656, 44.08694498069497], [9.867412320143886, 44.08401303088802], [9.873280125899282, 44.08205839768339], [9.901315197841727, 44.07912644787644], [9.903597122302159, 44.07717181467181], [9.90457508992806, 44.0713079150579], [9.90783498201439, 44.070330598455584], [9.90979091726619, 44.066421332046325], [9.92152652877698, 44.064792471042466], [9.924460431654678, 44.06153474903474], [9.925438399280576, 44.056973938223926], [9.937825989208635, 44.05404198841698], [9.941085881294967, 44.05208735521234], [9.949887589928059, 44.04231418918918], [9.953799460431656, 44.040359555984544], [9.970098920863311, 44.03840492277991], [9.97205485611511, 44.035147200772194], [9.977922661870505, 44.03416988416988], [9.981182553956835, 44.035147200772194], [9.9837904676259, 44.03905646718145], [9.991614208633095, 44.04035955598455], [9.993570143884895, 44.04361727799227], [10.009217625899282, 44.04426882239382], [10.013129496402879, 44.04263996138995], [10.014433453237412, 44.04035955598455], [10.033666816546763, 44.0374276061776], [10.041164568345327, 44.02895752895752], [10.043446492805757, 44.029283301158294], [10.046380395683455, 44.0338441119691], [10.052900179856117, 44.0338441119691], [10.05550809352518, 44.029934845559836], [10.065613758992807, 44.02700289575289], [10.070829586330937, 44.020487451737445], [10.090062949640288, 44.01657818532818], [10.093322841726621, 44.00875965250964], [10.101146582733815, 44.00713079150578], [10.102124550359713, 44.00387306949806], [10.106688399280575, 44.00191843629343], [10.116142086330935, 43.99019063706563], [10.121357913669065, 43.98725868725868], [10.126573741007196, 43.986281370656364], [10.13961330935252, 43.972598938223925], [10.14808902877698, 43.9706443050193], [10.14906699640288, 43.967386583011574], [10.152978866906476, 43.965757722007716], [10.153956834532375, 43.959893822393816], [10.155912769784173, 43.95663610038609], [10.160476618705037, 43.95598455598454], [10.165692446043167, 43.95305260617759], [10.175146133093525, 43.941324806949794], [10.17970998201439, 43.93937017374517], [10.180687949640289, 43.93611245173744], [10.188837679856118, 43.93383204633204], [10.197313399280578, 43.915588803088795], [10.204159172661871, 43.91363416988416], [10.20611510791367, 43.910376447876445], [10.20709307553957, 43.904512548262545], [10.210678956834531, 43.903209459459454], [10.216220773381298, 43.89506515444015], [10.225348471223024, 43.888549710424705], [10.232846223021586, 43.878450772200765], [10.235454136690647, 43.877799227799215], [10.238062050359712, 43.869003378378366], [10.243277877697842, 43.83381998069497], [10.244581834532376, 43.83088803088802], [10.247515737410072, 43.828933397683386], [10.248819694244606, 43.82111486486485], [10.252731564748203, 43.818508687258685], [10.254035521582734, 43.81069015444015], [10.257295413669066, 43.808409749034745], [10.259251348920865, 43.78560569498069], [10.262511241007195, 43.782999517374506], [10.263815197841726, 43.77127171814671], [10.267727068345327, 43.767036679536666], [10.268379046762593, 43.76443050193049], [10.269683003597123, 43.748793436293425], [10.271964928057555, 43.747490347490334], [10.272942895683453, 43.74488416988416], [10.274898830935253, 43.70839768339767], [10.275876798561153, 43.705791505791495], [10.278158723021583, 43.70481418918918], [10.279136690647483, 43.699927606177596], [10.278158723021583, 43.69113175675675], [10.274246852517987, 43.68917712355211], [10.273268884892087, 43.68591940154439], [10.267401079136691, 43.68494208494207], [10.26414118705036, 43.68298745173744], [10.263815197841726, 43.676472007722], [10.267727068345327, 43.67386583011582], [10.270660971223023, 43.66376689189188], [10.275224820143887, 43.66083494208493], [10.277180755395685, 43.65757722007721], [10.280114658273384, 43.62467422779922], [10.283700539568347, 43.62011341698841], [10.28500449640288, 43.615552606177594], [10.290220323741007, 43.58818774131273], [10.29152428057554, 43.58590733590733], [10.293806205035974, 43.58525579150578], [10.297376890129966, 43.565024439839085], [10.295110161870506, 43.56408059845559], [10.294132194244607, 43.560822876447865], [10.286308453237414, 43.55951978764478], [10.284352517985614, 43.557890926640916], [10.285330485611514, 43.554958976833966], [10.28826438848921, 43.55398166023165], [10.285656474820145, 43.54486003861003], [10.289242356115109, 43.54323117760616], [10.290220323741007, 43.53997345559844], [10.296088129496404, 43.538996138996126], [10.2980440647482, 43.49424117197553], [10.299348021582734, 43.40473123793434], [10.3, 43.09144646879021], [10.298696043165467, 42.95718156772843], [10.296088129496404, 42.86767163368725], [10.29228642740534, 42.82417708253807], [10.2794287610441, 42.82510574826037], [10.277180755395685, 42.82779947916666], [10.269357014388492, 42.8291015625], [10.267727068345327, 42.8330078125], [10.26414118705036, 42.832682291666664], [10.261533273381295, 42.82942708333333], [10.260229316546765, 42.824869791666664], [10.261533273381296, 42.82356770833333], [10.270986960431657, 42.82259114583333], [10.273646, 42.821116024106004], [10.271964928057553, 42.818033854166664], [10.265445143884893, 42.817057291666664], [10.263489208633095, 42.81380208333333], [10.26368246124266, 42.812644233646715], [10.262461957370682, 42.81200743281716], [10.263807062293441, 42.811897701489], [10.264467176258993, 42.80794270833333], [10.266858299601312, 42.80722640198724], [10.26734751262321, 42.804118505715486], [10.26595975780078, 42.80293112193647], [10.242277757800782, 42.80167012193647], [10.224119529403652, 42.80295108835406], [10.21160398653987, 42.806457482173606], [10.189532363522936, 42.81543236817689], [10.17945254760356, 42.81724280645904], [10.158422617813352, 42.81579879270673], [10.133485588945703, 42.81048875151928], [10.115151031479357, 42.801322332675305], [10.11320818345324, 42.80110677083333], [10.110274280575542, 42.79622395833333], [10.105710431654678, 42.79361979166666], [10.102450539568347, 42.78613281249999], [10.10179856115108, 42.77213541666666], [10.103754496402878, 42.76236979166666], [10.105710431654678, 42.76041666666666], [10.107813813975781, 42.75985657060797], [10.108142570884086, 42.75822772121552], [10.112497089682734, 42.75478522428736], [10.117446043165469, 42.74348958333333], [10.120053956834534, 42.740885416666664], [10.132115557553957, 42.73860677083333], [10.133745503597122, 42.7353515625], [10.141569244604316, 42.73404947916666], [10.143525179856116, 42.73111979166666], [10.147437050359713, 42.72949218749999], [10.160476618705038, 42.72949218749999], [10.163084532374103, 42.73014322916666], [10.165692446043169, 42.73339843749999], [10.183947841726619, 42.7353515625], [10.185450253226218, 42.737923424549805], [10.189867652528077, 42.737823115575985], [10.191771582733816, 42.7353515625], [10.207419064748203, 42.73404947916666], [10.2113309352518, 42.73242187499999], [10.212634892086331, 42.73014322916666], [10.22828237410072, 42.72884114583333], [10.234150179856115, 42.725260416666664], [10.240669964028779, 42.72884114583333], [10.243603866906476, 42.738932291666664], [10.246863758992806, 42.739908854166664], [10.24816771582734, 42.743815104166664], [10.249797661870506, 42.74479166666666], [10.252079586330936, 42.74446614583333], [10.253057553956836, 42.74153645833333], [10.255013489208634, 42.74055989583333], [10.282396582733815, 42.73860677083333], [10.284352517985614, 42.73763020833333], [10.285330485611514, 42.73470052083333], [10.287612410071944, 42.73437499999999], [10.289242356115109, 42.7353515625], [10.29054631294964, 42.7392578125], [10.293806205035974, 42.74055989583333], [10.295110161870506, 42.75227864583333], [10.29576214028777, 42.75423177083333], [10.298044064748202, 42.75520833333333], [10.3, 42.60286458333333], [10.299348021582734, 42.42480468749999], [10.2980440647482, 42.37337239583333], [10.296088129496404, 42.34700520833333], [10.29152428057554, 42.34309895833333], [10.290220323741007, 42.33919270833333], [10.289568345323742, 42.32747395833333], [10.29152428057554, 42.31933593749999], [10.293480215827339, 42.31770833333333], [10.296088129496404, 42.31770833333333], [10.2980440647482, 42.23535156249999], [10.3, 41.82356770833333], [10.3, 41.49414062499999], [10.25990332733813, 41.24707031249999], [10.17970998201439, 41.08235677083333], [10.059419964028779, 40.99999999999999], [9.778417266187052, 41.00065104166666], [9.697571942446046, 41.00195312499999], [9.656647100389185, 41.003899126999826], [9.651281474820145, 41.01041666666666], [9.648999550359715, 41.01009114583333], [9.648306176563004, 41.00801401312336], [9.64376073988884, 41.0102564450992], [9.615499326090418, 41.01810711264656], [9.610176864983025, 41.01831894613561], [9.609554856115107, 41.02018229166666], [9.603035071942447, 41.02115885416666], [9.600427158273382, 41.02506510416666], [9.597167266187052, 41.02604166666666], [9.591299460431657, 41.02408854166666], [9.589646258745598, 41.01913606247781], [9.584495936933228, 41.016066562583944], [9.58217176258993, 41.01595052083333], [9.579237859712233, 41.02050781249999], [9.5769559352518, 41.02083333333333], [9.570110161870506, 41.01236979166666], [9.56381413827712, 41.010573512357375], [9.561960431654677, 41.01432291666666], [9.568154226618706, 41.02994791666666], [9.563916366906476, 41.03320312499999], [9.559678507194246, 41.03938802083333], [9.557722571942445, 41.04003906249999], [9.55283273381295, 41.03841145833333], [9.549572841726619, 41.03580729166666], [9.549119502704613, 41.03414743686626], [9.541749100719425, 41.03645833333333], [9.539467176258995, 41.03613281249999], [9.537744779708573, 41.03345737852241], [9.53177064647156, 41.03136909543298], [9.528709532374103, 41.03320312499999], [9.52838354316547, 41.03971354166666], [9.531969424460433, 41.04231770833333], [9.529687500000001, 41.05013020833333], [9.531969424460433, 41.05208333333333], [9.537837230215828, 41.05305989583333], [9.539467176258995, 41.05696614583333], [9.542727068345325, 41.05794270833333], [9.543705035971225, 41.06380208333333], [9.540771133093529, 41.06705729166666], [9.530509006538267, 41.06830149701141], [9.534052662142859, 41.08029170687944], [9.536207284172662, 41.08268229166666], [9.545222265194695, 41.0829823592821], [9.546414556868537, 41.080276600956104], [9.54805546077532, 41.08186029674421], [9.549898830935252, 41.07845052083333], [9.552180755395685, 41.07812499999999], [9.553810701438852, 41.07910156249999], [9.55478866906475, 41.08235677083333], [9.562612410071944, 41.08398437499999], [9.564568345323742, 41.08723958333333], [9.565546312949643, 41.09309895833333], [9.568806205035973, 41.09537760416666], [9.569784172661873, 41.11002604166666], [9.56848021582734, 41.11490885416666], [9.565872302158276, 41.11816406249999], [9.560686163125338, 41.12005146111443], [9.55854389330851, 41.124625], [9.553266041236128, 41.124625], [9.546825853476093, 41.11957637768193], [9.544439084789868, 41.11994412611893], [9.544031025179859, 41.12727864583333], [9.545660971223024, 41.13020833333333], [9.54859487410072, 41.13118489583333], [9.548920863309354, 41.13346354166666], [9.546964928057555, 41.13509114583333], [9.539141187050362, 41.13639322916666], [9.537837230215828, 41.13997395833333], [9.530013489208635, 41.14550781249999], [9.526753597122305, 41.15429687499999], [9.520233812949643, 41.15624999999999], [9.511106115107914, 41.15592447916666], [9.507194244604317, 41.15429687499999], [9.50752023381295, 41.15201822916666], [9.512084082733814, 41.14908854166666], [9.512084082733814, 41.14257812499999], [9.510454136690647, 41.14062499999999], [9.508172212230217, 41.14095052083333], [9.507194244604317, 41.14388020833333], [9.504586330935252, 41.14485677083333], [9.48111510791367, 41.14583333333333], [9.469381853834022, 41.14466955799804], [9.460090934368862, 41.14035549317457], [9.463326558797139, 41.138789710184945], [9.465337852205652, 41.13646578648724], [9.464489658273383, 41.12630208333333], [9.461229766187051, 41.12434895833333], [9.459197759637053, 41.11629556863311], [9.456339928057556, 41.11458333333333], [9.45047212230216, 41.11360677083333], [9.449494154676263, 41.11035156249999], [9.446560251798562, 41.10937499999999], [9.444930305755395, 41.11425781249999], [9.443626348920864, 41.13378906249999], [9.439714478417267, 41.13639322916666], [9.438736510791369, 41.13964843749999], [9.430912769784175, 41.14095052083333], [9.42916307563045, 41.14319595932397], [9.429934802158275, 41.14550781249999], [9.433194694244605, 41.14648437499999], [9.434172661870505, 41.15234374999999], [9.429282823741008, 41.15559895833333], [9.417873201438852, 41.15624999999999], [9.410701438848921, 41.15820312499999], [9.410049460431654, 41.16015624999999], [9.412983363309355, 41.16471354166666], [9.423089028776982, 41.16861979166666], [9.423741007194247, 41.17317708333333], [9.420874, 41.17542667643678], [9.420874, 41.179232], [9.403760146202437, 41.18023889157061], [9.389694, 41.185283641525935], [9.389694, 41.18209064415708], [9.384948291366907, 41.18261718749999], [9.38201438848921, 41.18424479166666], [9.38103642086331, 41.18652343749999], [9.37681435256299, 41.187226104518366], [9.366180633192304, 41.195033425836414], [9.365388938848922, 41.20214843749999], [9.362129046762591, 41.20345052083333], [9.35984712230216, 41.20735677083333], [9.357239208633095, 41.20800781249999], [9.345412465291798, 41.2074454434098], [9.33654904676528, 41.20975798270479], [9.335817657809416, 41.20174231912072], [9.331160071942447, 41.19563802083333], [9.325944244604319, 41.19270833333333], [9.320076438848922, 41.19368489583333], [9.319098471223022, 41.19694010416666], [9.317468525179859, 41.19791666666666], [9.315186600719425, 41.19759114583333], [9.314515377569872, 41.196585757710615], [9.312111147547094, 41.19939827550576], [9.305931596125957, 41.196528997341346], [9.299934569701136, 41.19502372783562], [9.28936506963417, 41.19392117954389], [9.28812949640288, 41.19466145833333], [9.288781474820144, 41.19694010416666], [9.294649280575541, 41.19791666666666], [9.297909172661871, 41.20084635416666], [9.298561151079138, 41.20768229166666], [9.294649280575541, 41.21451822916666], [9.281609712230217, 41.22298177083333], [9.279001798561154, 41.22623697916666], [9.276393884892087, 41.23665364583333], [9.269874100719425, 41.23958333333333], [9.26342740046347, 41.240119786479625], [9.257199183590497, 41.24802866222597], [9.247545637928908, 41.24633519749872], [9.245750899280576, 41.24902343749999], [9.237927158273383, 41.25065104166666], [9.234667266187051, 41.25846354166666], [9.229555402562331, 41.26063151419599], [9.219019784172662, 41.25976562499999], [9.216411870503599, 41.25846354166666], [9.215297702754572, 41.25528477900011], [9.212718970542783, 41.25433653752961], [9.189533719644341, 41.24930694023553], [9.181205035971225, 41.24999999999999], [9.173707284172664, 41.24804687499999], [9.168491456834534, 41.24153645833333], [9.164253597122304, 41.23958333333333], [9.15968974820144, 41.23990885416666], [9.157733812949642, 41.24283854166666], [9.153821942446045, 41.24446614583333], [9.142050265920938, 41.244522690376726], [9.138174460431657, 41.24283854166666], [9.136870503597123, 41.23828124999999], [9.138500449640288, 41.23632812499999], [9.14401966268954, 41.235501432528174], [9.147063022912855, 41.23193745004827], [9.151276705022797, 41.234414440195934], [9.158059802158274, 41.23339843749999], [9.161319694244606, 41.23144531249999], [9.16294964028777, 41.22851562499999], [9.161971672661872, 41.21972656249999], [9.15871178057554, 41.21809895833333], [9.157407823741009, 41.21028645833333], [9.153495953237412, 41.20638020833333], [9.152517985611512, 41.19661458333333], [9.152517985611512, 41.18880208333333], [9.15447392086331, 41.17903645833333], [9.156429856115109, 41.17708333333333], [9.161962057554996, 41.1761626245209], [9.160220346375333, 41.17162686258553], [9.15447392086331, 41.16699218749999], [9.153089065138422, 41.16215215653621], [9.148920150395918, 41.157875216817565], [9.13693750071484, 41.15634141307481], [9.135348443482657, 41.15825051343292], [9.132925402287272, 41.156436801977634], [9.12709082733813, 41.15657552083333], [9.121223021582734, 41.15820312499999], [9.120245053956836, 41.16113281249999], [9.116985161870506, 41.16113281249999], [9.115681205035973, 41.15722656249999], [9.111769334532376, 41.15592447916666], [9.110791366906476, 41.15429687499999], [9.111769334532376, 41.15136718749999], [9.115681205035973, 41.15006510416666], [9.115681205035973, 41.14680989583333], [9.111769334532376, 41.14518229166666], [9.110895502006807, 41.13994682955226], [9.105107317771447, 41.137141229495995], [9.089276079136692, 41.13541666666666], [9.064174910071944, 41.13574218749999], [9.053417266187052, 41.13736979166666], [9.053417266187052, 41.13867187499999], [9.050483363309354, 41.14029947916666], [9.043637589928059, 41.14062499999999], [9.038747751798564, 41.13964843749999], [9.037769784172664, 41.13736979166666], [9.031901978417268, 41.13476562499999], [9.012342625899281, 41.13053385416666], [9.006474820143886, 41.12630208333333], [9.004518884892088, 41.11946614583333], [8.997999100719426, 41.11523437499999], [8.995391187050362, 41.11035156249999], [8.989523381294966, 41.10937499999999], [8.986263489208635, 41.10742187499999], [8.984633543165469, 41.09960937499999], [8.981047661870505, 41.09830729166666], [8.975505845323742, 41.09016927083333], [8.966704136690648, 41.08365885416666], [8.96377023381295, 41.07486979166666], [8.950078687050361, 41.07096354166666], [8.948303681292836, 41.06387371981908], [8.94119168883933, 41.06006750393657], [8.937216928955783, 41.053529152555114], [8.929867356115109, 41.05143229166666], [8.924977517985614, 41.04557291666666], [8.91943570143885, 41.04231770833333], [8.90248426258993, 41.03971354166666], [8.898898381294966, 41.03515624999999], [8.893356564748203, 41.03190104166666], [8.880316996402879, 41.03059895833333], [8.878361061151082, 41.02929687499999], [8.879013039568346, 41.02246093749999], [8.877057104316549, 41.02050781249999], [8.861735611510792, 41.01497395833333], [8.86043165467626, 41.01367187499999], [8.861083633093525, 41.01139322916666], [8.868581384892087, 41.00976562499999], [8.869233363309354, 41.00846354166666], [8.867603417266189, 41.00390624999999], [8.82870896414214, 41.00195312499999], [8.638148569025493, 40.99999999999999], [8.372733170538444, 41.00032552083333], [8.258983714043994, 41.00195312499999], [8.258658523688664, 41.00423177083333], [8.254105858714045, 41.00716145833333], [8.252805097292725, 41.01497395833333], [8.249553193739425, 41.01692708333333], [8.249589437568583, 41.033492666709265], [8.252479906937394, 41.03841145833333], [8.258333333333335, 41.04231770833333], [8.259959285109986, 41.04654947916666], [8.271666137901862, 41.05566406249999], [8.273604480031553, 41.05835064833172], [8.293783505735492, 41.06122319833327], [8.295405033840948, 41.06054687499999], [8.296705795262268, 41.05826822916666], [8.312314932318106, 41.05696614583333], [8.316217216582066, 41.05533854166666], [8.317192787648056, 41.05305989583333], [8.322070642978003, 41.05208333333333], [8.330850782571913, 41.05305989583333], [8.332151543993234, 41.05631510416666], [8.335078257191203, 41.05729166666666], [8.336053828257192, 41.05924479166666], [8.336913933380876, 41.071642892351946], [8.339975281264607, 41.07488480230925], [8.343187401624801, 41.08628040543615], [8.342582173191479, 41.088817027821854], [8.346785109983081, 41.08951822916666], [8.34711030033841, 41.09277343749999], [8.34320801607445, 41.09407552083333], [8.3415820642978, 41.09798177083333], [8.338869919597009, 41.098434254324225], [8.33119764025132, 41.10471853324797], [8.32655601031806, 41.112001922525124], [8.324455164524196, 41.11812772814648], [8.324597563034871, 41.123459364373375], [8.31587459872968, 41.118352990728546], [8.312314932318106, 41.11979166666666], [8.30548593485618, 41.11783854166666], [8.300282889170898, 41.11132812499999], [8.281096658206433, 41.10839843749999], [8.279145516074452, 41.10514322916666], [8.273292089678511, 41.10416666666666], [8.270040186125213, 41.10221354166666], [8.269714995769883, 41.09570312499999], [8.273617280033843, 41.09309895833333], [8.274918041455162, 41.08528645833333], [8.279237714325284, 41.08250670368803], [8.278931761130702, 41.07935728013245], [8.277844754653133, 41.07845052083333], [8.270040186125213, 41.07714843749999], [8.268414234348562, 41.07389322916666], [8.256707381556685, 41.07194010416666], [8.253780668358715, 41.06705729166666], [8.252805097292725, 41.05826822916666], [8.249553193739425, 41.05696614583333], [8.248965983313164, 41.05520272427886], [8.244401235375982, 41.052239373534775], [8.229066201353639, 41.04882812499999], [8.21931049069374, 41.04427083333333], [8.21735934856176, 41.04101562499999], [8.216383777495771, 41.03222656249999], [8.212481493231813, 41.03027343749999], [8.212156302876481, 41.02799479166666], [8.214107445008462, 41.02636718749999], [8.22061125211506, 41.02539062499999], [8.22256239424704, 41.01953124999999], [8.21963568104907, 41.01432291666666], [8.209879970389172, 41.00683593749999], [8.206953257191202, 41.00195312499999], [7.2118995214678545, 41.00032552083333], [4.890107471446709, 40.99999999999999], [3.8950537357233608, 41.04427083333333], [3.2316845785744617, 41.13281249999999], [2.9000000000000123, 41.26562499999999], [2.9000000000000123, 41.44270833333333], [2.9029296875000123, 41.66406249999999], [2.9058593750000123, 41.70833333333333], [2.9126953125000123, 41.70865885416666], [2.9156250000000123, 41.71087488645619]], [[4.912761738578681, 43.376435810810804], [4.916664022842641, 43.37839044401544], [4.91763959390863, 43.38327702702702], [4.91698921319797, 43.390118243243236], [4.913737309644671, 43.393050193050186], [4.9091846446700504, 43.39207287644787], [4.907233502538071, 43.38718629343629], [4.906257931472082, 43.37839044401544], [4.902030456852793, 43.37545849420849], [4.902680837563453, 43.37317808880308], [4.905932741116752, 43.37220077220076], [4.910485406091371, 43.37252654440154], [4.912436548223351, 43.374155405405396], [4.912761738578681, 43.376435810810804]], [[6.141330901015229, 43.01808638996138], [6.145233185279189, 43.018737934362925], [6.144582804568529, 43.02264720077219], [6.141330901015229, 43.02264720077219], [6.140355329949239, 43.02101833976833], [6.141330901015229, 43.01808638996138]], [[9.862848471223021, 44.07619449806949], [9.866760341726621, 44.07684604247103], [9.866108363309355, 44.0807553088803], [9.862848471223021, 44.0807553088803], [9.861870503597123, 44.07912644787644], [9.862848471223021, 44.07619449806949]], [[9.857632643884894, 44.07098214285713], [9.86154451438849, 44.07163368725868], [9.860892535971225, 44.07554295366795], [9.857632643884894, 44.07554295366795], [9.856654676258994, 44.07391409266408], [9.857632643884894, 44.07098214285713]], [[8.887389900896544, 42.63509114583333], [8.884016443254028, 42.63541666666666], [8.880770576273754, 42.63151041666666], [8.878035071942449, 42.62239583333333], [8.874717741919005, 42.61864012730248], [8.86644234118897, 42.615457310952884], [8.851355791952734, 42.61458333333333], [8.838994119583775, 42.61263020833333], [8.836521785109984, 42.61067708333333], [8.83588977259208, 42.606248499684], [8.82635115469505, 42.60583546486908], [8.824814932318107, 42.60839843749999], [8.813108079526227, 42.60937499999999], [8.80660427241963, 42.60839843749999], [8.80335236886633, 42.60449218749999], [8.79554780033841, 42.60319010416666], [8.79554780033841, 42.59993489583333], [8.80335236886633, 42.59863281249999], [8.805303510998309, 42.59700520833333], [8.80465313028765, 42.59472656249999], [8.798799703891708, 42.59374999999999], [8.79554780033841, 42.59082031249999], [8.79522260998308, 42.58105468749999], [8.79684856175973, 42.57812499999999], [8.7997752749577, 42.57714843749999], [8.80010046531303, 42.57486979166666], [8.790344754653132, 42.56705729166666], [8.789043993231811, 42.56347656249999], [8.781239424703895, 42.56217447916666], [8.777987521150594, 42.55826822916666], [8.76769773186112, 42.55760748581047], [8.75891074237833, 42.56042854376428], [8.754747319369447, 42.56367208204949], [8.756524957698817, 42.56901041666666], [8.755874576988157, 42.57096354166666], [8.753273054145517, 42.57226562499999], [8.73733872673435, 42.57259114583333], [8.7324608714044, 42.57096354166666], [8.730509729272422, 42.56803385416666], [8.7259570642978, 42.56770833333333], [8.722705160744502, 42.57161458333333], [8.72107920896785, 42.58723958333333], [8.720103637901861, 42.58854166666666], [8.717502115059222, 42.58789062499999], [8.712299069373945, 42.58007812499999], [8.706445642978005, 42.57617187499999], [8.706770833333335, 42.57389322916666], [8.709697546531304, 42.57291666666666], [8.710673117597294, 42.56998697916666], [8.711648688663283, 42.55533854166666], [8.710347927241964, 42.53515624999999], [8.707746404399323, 42.52994791666666], [8.703844120135365, 42.52799479166666], [8.694738790186125, 42.52962239583333], [8.692137267343487, 42.52897135416666], [8.689354103355239, 42.522563571630705], [8.681080795262268, 42.51985677083333], [8.676782658590438, 42.5158676197186], [8.673276226734348, 42.52050781249999], [8.665471658206432, 42.51985677083333], [8.664496087140442, 42.51660156249999], [8.660593802876484, 42.51399739583333], [8.659618231810493, 42.49934895833333], [8.657667089678514, 42.49121093749999], [8.655715947546534, 42.48958333333333], [8.651163282571913, 42.48893229166666], [8.649212140439934, 42.48567708333333], [8.648236569373942, 42.47981770833333], [8.644334285109984, 42.47819010416666], [8.644009094754654, 42.47591145833333], [8.645960236886634, 42.47493489583333], [8.66904875211506, 42.47330729166666], [8.672300655668359, 42.47200520833333], [8.673276226734348, 42.47005208333333], [8.67034951353638, 42.46516927083333], [8.661894564297803, 42.45865885416666], [8.662544945008463, 42.44986979166666], [8.646285427241963, 42.44596354166666], [8.645960236886634, 42.44401041666666], [8.648561759729272, 42.43945312499999], [8.652464043993234, 42.43749999999999], [8.654089995769883, 42.43457031249999], [8.653468245861262, 42.423367440670866], [8.651220311231382, 42.42182182041758], [8.637712991707756, 42.420261043955065], [8.636854906937396, 42.42154947916666], [8.629050338409476, 42.42285156249999], [8.627749576988155, 42.42610677083333], [8.624497673434856, 42.42708333333333], [8.618644247038919, 42.42610677083333], [8.61799386632826, 42.42382812499999], [8.61506715313029, 42.42220052083333], [8.605311442470391, 42.42122395833333], [8.602384729272421, 42.41796874999999], [8.60140915820643, 42.41210937499999], [8.59913282571912, 42.41145833333333], [8.597506873942471, 42.40852864583333], [8.597506873942471, 42.39876302083333], [8.59913282571912, 42.39583333333333], [8.60140915820643, 42.39518229166666], [8.602384729272421, 42.39192708333333], [8.602384729272421, 42.38962218353822], [8.60010839678511, 42.38736979166666], [8.59644207007578, 42.38692039746448], [8.586639892971457, 42.39117680406383], [8.580784516067453, 42.385001197526925], [8.568239741962778, 42.38346354166666], [8.56559488271439, 42.38021926218615], [8.560344309168627, 42.38023053260349], [8.55296430102247, 42.38446704848696], [8.550659297497598, 42.37562559707809], [8.54645198815567, 42.37597656249999], [8.54417565566836, 42.37988281249999], [8.54189932318105, 42.38020833333333], [8.540273371404401, 42.37923177083333], [8.539297800338412, 42.37597656249999], [8.533444373942471, 42.37499999999999], [8.531168041455162, 42.37304687499999], [8.534745135363792, 42.36653645833333], [8.549378701353639, 42.36263020833333], [8.550354272419629, 42.35807291666666], [8.549378701353639, 42.35481770833333], [8.54645198815567, 42.35286458333333], [8.54710236886633, 42.34635416666666], [8.550354272419629, 42.33723958333333], [8.556207698815568, 42.33333333333333], [8.563036696277496, 42.33398437499999], [8.564987838409477, 42.33528645833333], [8.567914551607448, 42.34309895833333], [8.574418358714045, 42.34407552083333], [8.577019881556685, 42.34798177083333], [8.584824450084604, 42.34928385416666], [8.58595185816655, 42.35097668489946], [8.591293592912965, 42.352617608288625], [8.596685350618634, 42.352958797724554], [8.59913282571912, 42.34928385416666], [8.60693739424704, 42.34798177083333], [8.60856334602369, 42.34472656249999], [8.620270198815568, 42.34309895833333], [8.623196912013539, 42.33984374999999], [8.622871721658207, 42.33528645833333], [8.618319056683589, 42.33235677083333], [8.617496898929963, 42.32961345990066], [8.60953891708968, 42.32779947916666], [8.607603316821324, 42.325216056044255], [8.60406621290109, 42.323202490608004], [8.594905351099833, 42.32259114583333], [8.591978637901862, 42.32096354166666], [8.592303828257194, 42.31868489583333], [8.596856493231812, 42.31575520833333], [8.597832064297801, 42.30924479166666], [8.603685490693742, 42.30729166666666], [8.60693739424704, 42.30826822916666], [8.60856334602369, 42.31152343749999], [8.6173434856176, 42.31249999999999], [8.623196912013537, 42.31054687499999], [8.626448815566837, 42.30598958333333], [8.633928193739425, 42.30273437499999], [8.647374265572168, 42.301812475236986], [8.66853470429202, 42.29405046841745], [8.67099989424704, 42.28417968749999], [8.672951036379018, 42.28222656249999], [8.682706747038917, 42.28027343749999], [8.685633460236888, 42.27539062499999], [8.684928226969664, 42.2704489752261], [8.680960586284854, 42.27122083706581], [8.675686847674124, 42.269289505999645], [8.665327378312766, 42.263505706654904], [8.656920766419374, 42.26072966421455], [8.635879335871405, 42.25944010416666], [8.633603003384096, 42.25846354166666], [8.632649476093688, 42.25623638358151], [8.626472363276312, 42.255350390188134], [8.618969437394249, 42.25618489583333], [8.61701829526227, 42.26009114583333], [8.61474196277496, 42.26041666666666], [8.61181524957699, 42.25618489583333], [8.598157254653131, 42.25423177083333], [8.596531302876482, 42.25097656249999], [8.588726734348562, 42.24967447916666], [8.585800021150593, 42.24576822916666], [8.583848879018614, 42.24511718749999], [8.574093168358715, 42.24446614583333], [8.57151232123363, 42.242399369883564], [8.560026424249974, 42.242824515342306], [8.550540614252679, 42.24093482105041], [8.549740314999344, 42.23915740784575], [8.542874894247042, 42.23763020833333], [8.54189932318105, 42.23567708333333], [8.54547641708968, 42.23111979166666], [8.562061125211507, 42.22786458333333], [8.564662648054147, 42.22526041666666], [8.565963409475467, 42.22135416666666], [8.565963409475467, 42.21614583333333], [8.567914551607448, 42.20963541666666], [8.575719120135364, 42.20638020833333], [8.576044310490694, 42.19986979166666], [8.572142026226736, 42.19726562499999], [8.571166455160746, 42.19140624999999], [8.572142026226736, 42.18815104166666], [8.576044310490694, 42.18652343749999], [8.576044310490694, 42.18326822916666], [8.567266, 42.180186455283746], [8.567266, 42.17773457844022], [8.556532889170898, 42.17610677083333], [8.555557318104908, 42.17382812499999], [8.561410744500847, 42.17220052083333], [8.580922165820644, 42.17154947916666], [8.586775592216583, 42.16992187499999], [8.584824450084604, 42.16601562499999], [8.578320642978005, 42.16178385416666], [8.57650321911353, 42.15661510421296], [8.574875401564825, 42.155986476289904], [8.576614164404223, 42.15583769793316], [8.577019881556685, 42.15299479166666], [8.584824450084604, 42.15039062499999], [8.586775592216583, 42.14713541666666], [8.585800021150593, 42.14127604166666], [8.580922165820645, 42.13867187499999], [8.578320642978005, 42.13411458333333], [8.579296214043994, 42.13248697916666], [8.60661220389171, 42.13313802083333], [8.60953891708968, 42.13151041666666], [8.612465630287652, 42.12695312499999], [8.622546531302877, 42.12402343749999], [8.624497673434858, 42.12076822916666], [8.642708333333335, 42.11881510416666], [8.644984665820644, 42.11490885416666], [8.648236569373942, 42.11393229166666], [8.650187711505923, 42.10611979166666], [8.655065566835873, 42.10416666666666], [8.663845706429782, 42.10514322916666], [8.66578947434002, 42.10798383771377], [8.673601417089678, 42.10579427083333], [8.679343857860491, 42.11074968168212], [8.688513097118138, 42.11262071366649], [8.6952636658539, 42.11154005472814], [8.697990693739426, 42.10384114583333], [8.704169310490697, 42.09928385416666], [8.703518929780035, 42.08919270833333], [8.707746404399325, 42.08854166666666], [8.710998307952623, 42.08463541666666], [8.711973879018615, 42.07161458333333], [8.713599830795264, 42.06770833333333], [8.716526543993233, 42.06673177083333], [8.717502115059222, 42.06347656249999], [8.72075401861252, 42.06249999999999], [8.726607445008462, 42.06347656249999], [8.727908206429781, 42.06640624999999], [8.73116010998308, 42.06575520833333], [8.735712774957701, 42.06249999999999], [8.73766391708968, 42.05664062499999], [8.73766391708968, 42.05273437499999], [8.733761632825722, 42.04785156249999], [8.72465630287648, 42.04687499999999], [8.718152495769882, 42.04394531249999], [8.716851734348563, 42.03710937499999], [8.714575401861254, 42.03417968749999], [8.703193739424705, 42.03124999999999], [8.682706747038917, 42.03027343749999], [8.676528130287648, 42.02539062499999], [8.660918993231814, 42.02018229166666], [8.658967851099833, 42.01627604166666], [8.651163282571913, 42.01041666666666], [8.649212140439934, 42.00455729166666], [8.650187711505923, 41.99576822916666], [8.654089995769883, 41.99381510416666], [8.655065566835873, 41.99055989583333], [8.662219754653133, 41.98860677083333], [8.660949266676411, 41.98383759912193], [8.655078025141636, 41.9771461912958], [8.635788780915018, 41.971168323427754], [8.60986410744501, 41.97265624999999], [8.6075877749577, 41.97200520833333], [8.606287013536381, 41.96972656249999], [8.589931378015232, 41.9677478850595], [8.586775592216583, 41.96484374999999], [8.587100782571913, 41.96028645833333], [8.593604589678513, 41.95540364583333], [8.6010839678511, 41.94563802083333], [8.60628701353638, 41.94270833333333], [8.61214043993232, 41.94173177083333], [8.613766391708971, 41.93782552083333], [8.61766867597293, 41.93652343749999], [8.6173434856176, 41.93294270833333], [8.611490059221659, 41.92903645833333], [8.60823815566836, 41.92252604166666], [8.60823815566836, 41.90592447916666], [8.611490059221659, 41.90104166666666], [8.61604272419628, 41.90136718749999], [8.61799386632826, 41.90429687499999], [8.621896150592217, 41.90592447916666], [8.637505287648056, 41.90722656249999], [8.640757191201356, 41.91145833333333], [8.643683904399325, 41.91048177083333], [8.644009094754654, 41.90820312499999], [8.657667089678512, 41.90657552083333], [8.703193739424705, 41.90657552083333], [8.716851734348563, 41.90820312499999], [8.716851734348563, 41.90950520833333], [8.72075401861252, 41.91210937499999], [8.733761632825722, 41.91666666666666], [8.73766391708968, 41.92252604166666], [8.73863948815567, 41.92936197916666], [8.743517343485617, 41.93229166666666], [8.752297483079527, 41.93131510416666], [8.754899005922166, 41.92805989583333], [8.778637901861256, 41.92513020833333], [8.786117280033842, 41.91634114583333], [8.79099513536379, 41.91341145833333], [8.794247038917089, 41.90787760416666], [8.79489741962775, 41.89843749999999], [8.792946277495771, 41.89062499999999], [8.790019564297802, 41.88964843749999], [8.788718802876481, 41.88639322916666], [8.777011950084605, 41.88476562499999], [8.774085236886634, 41.88151041666666], [8.776036379018613, 41.87467447916666], [8.780589043993235, 41.87174479166666], [8.783840947546533, 41.86718749999999], [8.783515757191203, 41.85514322916666], [8.780263853637905, 41.85384114583333], [8.778158686698672, 41.85068018632854], [8.758150909475466, 41.84863281249999], [8.753273054145517, 41.84700520833333], [8.755224196277496, 41.84407552083333], [8.763028764805416, 41.84277343749999], [8.764329526226735, 41.83919270833333], [8.771808904399325, 41.83300781249999], [8.772134094754655, 41.82552083333333], [8.770833333333334, 41.82031249999999], [8.767906620135363, 41.81640624999999], [8.763353955160746, 41.81380208333333], [8.757175338409477, 41.81249999999999], [8.73863948815567, 41.81054687499999], [8.731810490693743, 41.80403645833333], [8.728948046069542, 41.80308134046245], [8.710658, 41.803016322744035], [8.710658, 41.80056997320768], [8.709047165820646, 41.80013020833333], [8.708396785109985, 41.79817708333333], [8.711323498307955, 41.79329427083333], [8.720103637901861, 41.78678385416666], [8.722054780033842, 41.78255208333333], [8.72140439932318, 41.77766927083333], [8.713599830795264, 41.77115885416666], [8.710223748086575, 41.76252145226732], [8.703844120135365, 41.76041666666666], [8.692137267343487, 41.75944010416666], [8.689143664625217, 41.75584413016971], [8.67348196014977, 41.75398320104412], [8.671325084602369, 41.75488281249999], [8.658317470389173, 41.75455729166666], [8.655715947546533, 41.75325520833333], [8.653439615059224, 41.74544270833333], [8.650187711505923, 41.74446614583333], [8.649212140439934, 41.74153645833333], [8.697990693739428, 41.73763020833333], [8.701159009550834, 41.7357272869466], [8.698553430083726, 41.7311002755853], [8.70068566771353, 41.73121459811819], [8.700267026226737, 41.72981770833333], [8.697990693739426, 41.72916666666666], [8.697340313028766, 41.72721354166666], [8.700592216582066, 41.72070312499999], [8.703193739424705, 41.71874999999999], [8.706120452622676, 41.71972656249999], [8.707421214043997, 41.72298177083333], [8.72107920896785, 41.72493489583333], [8.724005922165821, 41.72884114583333], [8.731810490693741, 41.73014322916666], [8.733436442470392, 41.73339843749999], [8.745143295262269, 41.73470052083333], [8.749695960236888, 41.73860677083333], [8.757825719120138, 41.73958333333333], [8.769207381556685, 41.73860677083333], [8.772459285109985, 41.73665364583333], [8.774085236886634, 41.73372395833333], [8.773109665820645, 41.72493489583333], [8.769207381556685, 41.72200520833333], [8.769532571912015, 41.71516927083333], [8.777337140439935, 41.70865885416666], [8.781239424703895, 41.69856770833333], [8.787743231810492, 41.69856770833333], [8.790995135363792, 41.70703124999999], [8.793596658206432, 41.70963541666666], [8.799696534468923, 41.71256124442595], [8.81246264179103, 41.71079443123944], [8.821053632657659, 41.71066389725334], [8.821888219120137, 41.70865885416666], [8.825465313028769, 41.70768229166666], [8.829367597292727, 41.70182291666666], [8.833466682396471, 41.69986979166666], [8.850059823651234, 41.69791666666666], [8.878171449991024, 41.69694010416666], [8.881294964028779, 41.69596354166666], [8.883250899280577, 41.69368489583333], [8.906722122302158, 41.69205729166666], [8.912589928057555, 41.68880208333333], [8.911611960431657, 41.68294270833333], [8.908352068345327, 41.68196614583333], [8.907630267624016, 41.68088500035637], [8.900233607925033, 41.67769305388006], [8.891074640287771, 41.67708333333333], [8.882924910071944, 41.67513020833333], [8.881294964028779, 41.67317708333333], [8.880316996402879, 41.66731770833333], [8.877057104316549, 41.66569010416666], [8.876079136690649, 41.65690104166666], [8.874257182927517, 41.65397135416666], [8.870613275401254, 41.65201822916666], [8.848749830243674, 41.65006510416666], [8.846927876480542, 41.64908854166666], [8.846277495769883, 41.64680989583333], [8.838472927241963, 41.64550781249999], [8.835871404399324, 41.64160156249999], [8.828066835871407, 41.64029947916666], [8.826115693739427, 41.63736979166666], [8.822213409475467, 41.63574218749999], [8.809205795262269, 41.63574218749999], [8.805303510998309, 41.63736979166666], [8.80335236886633, 41.64029947916666], [8.79554780033841, 41.63964843749999], [8.79457222927242, 41.63639322916666], [8.790019564297802, 41.63346354166666], [8.788718802876481, 41.62565104166666], [8.785466899323183, 41.62369791666666], [8.783515757191203, 41.60546874999999], [8.779613472927245, 41.60221354166666], [8.778312711505924, 41.59440104166666], [8.775060807952624, 41.59342447916666], [8.774085236886634, 41.59179687499999], [8.776036379018613, 41.58886718749999], [8.782540186125214, 41.58789062499999], [8.785141708967853, 41.58007812499999], [8.79262108714044, 41.57747395833333], [8.793271467851099, 41.57617187499999], [8.7900195642978, 41.56966145833333], [8.781564615059224, 41.56705729166666], [8.780914234348565, 41.56575520833333], [8.782540186125214, 41.56119791666666], [8.788068422165821, 41.55794270833333], [8.804008081629462, 41.55630869920119], [8.80725465313029, 41.55240885416666], [8.815059221658206, 41.55110677083333], [8.817660744500847, 41.54720052083333], [8.824164551607447, 41.54720052083333], [8.827065641437171, 41.55171791342048], [8.830668358714046, 41.55143229166666], [8.836196594754654, 41.54361979166666], [8.844976734348563, 41.54101562499999], [8.846927876480542, 41.53776041666666], [8.844976734348563, 41.53190104166666], [8.837172165820643, 41.52929687499999], [8.836521785109984, 41.52473958333333], [8.838472927241963, 41.52278645833333], [8.848228637901862, 41.52083333333333], [8.861886632825719, 41.52115885416666], [8.86774005922166, 41.52278645833333], [8.868587240772104, 41.52506510416666], [8.870125313430828, 41.52565609283176], [8.874320838140688, 41.52475254521269], [8.880284808728055, 41.520348505884606], [8.881294964028779, 41.51627604166666], [8.884510945856189, 41.51255138811063], [8.907288614785942, 41.508761950861086], [8.917615939908321, 41.50288511900056], [8.920325276735273, 41.500634449484835], [8.922369604316547, 41.49348958333333], [8.924977517985614, 41.48958333333333], [8.927259442446044, 41.48990885416666], [8.928563399280577, 41.49381510416666], [8.92955044670756, 41.49414364725179], [8.935409172661872, 41.49055989583333], [8.962792266187051, 41.48860677083333], [8.966704136690648, 41.48470052083333], [8.975505845323742, 41.48242187499999], [8.982351618705039, 41.47395833333333], [8.985285521582735, 41.47591145833333], [8.986263489208635, 41.48242187499999], [8.99213129496403, 41.48437499999999], [8.996369154676263, 41.48242187499999], [9.002888938848923, 41.47460937499999], [9.01103866906475, 41.47298177083333], [9.013646582733816, 41.46907552083333], [9.02147032374101, 41.46777343749999], [9.023100269784175, 41.46386718749999], [9.026360161870505, 41.46386718749999], [9.029294064748203, 41.46842447916666], [9.03467510144975, 41.46815581390031], [9.036366123744067, 41.46644451435865], [9.03842176258993, 41.46028645833333], [9.04168165467626, 41.45833333333333], [9.046571492805757, 41.45898437499999], [9.053091276978417, 41.46679687499999], [9.059937050359714, 41.46874999999999], [9.063196942446044, 41.46582031249999], [9.064826888489211, 41.45410156249999], [9.068086780575541, 41.45247395833333], [9.06906474820144, 41.44661458333333], [9.071998651079138, 41.44335937499999], [9.081778327338132, 41.44303385416666], [9.084712230215828, 41.44466145833333], [9.085364208633095, 41.44694010416666], [9.09123201438849, 41.44791666666666], [9.09449190647482, 41.44694010416666], [9.096447841726619, 41.44368489583333], [9.11209532374101, 41.44238281249999], [9.11585123699722, 41.4401322756498], [9.11535521582734, 41.43815104166666], [9.106227517985612, 41.43066406249999], [9.105575539568347, 41.42578124999999], [9.102641636690649, 41.42057291666666], [9.095795863309354, 41.41536458333333], [9.090906025179859, 41.40917968749999], [9.090254046762592, 41.39876302083333], [9.091883992805757, 41.39583333333333], [9.094817895683454, 41.39485677083333], [9.096121852517985, 41.39095052083333], [9.099381744604319, 41.39095052083333], [9.100359712230217, 41.39388020833333], [9.104271582733814, 41.39550781249999], [9.120166405101672, 41.39723329865516], [9.128793825831476, 41.395712015409494], [9.13132868705036, 41.39257812499999], [9.140130395683453, 41.39029947916666], [9.144042266187052, 41.38639322916666], [9.167513489208636, 41.38411458333333], [9.171425359712233, 41.38151041666666], [9.173381294964031, 41.37760416666666], [9.173381294964031, 41.37239583333333], [9.175989208633096, 41.36848958333333], [9.181205035971225, 41.36588541666666], [9.189028776978418, 41.36458333333333], [9.2125, 41.36555989583333], [9.215107913669065, 41.36653645833333], [9.216085881294966, 41.36881510416666], [9.22488758992806, 41.36979166666666], [9.228799460431656, 41.37174479166666], [9.22716951438849, 41.37858072916666], [9.235319244604318, 41.38802083333333], [9.236131780287202, 41.394308937244155], [9.239214940740347, 41.400441193150975], [9.245750899280576, 41.40201822916666], [9.24705485611511, 41.40559895833333], [9.254878597122303, 41.41113281249999], [9.257812500000002, 41.42122395833333], [9.261072392086332, 41.42220052083333], [9.262050359712232, 41.42382812499999], [9.262050359712232, 41.42513020833333], [9.258138489208635, 41.42675781249999], [9.242491007194246, 41.42610677083333], [9.238793964595947, 41.42099514363343], [9.22275560689799, 41.4096510166145], [9.21640469695538, 41.407562828195424], [9.215107913669065, 41.40950520833333], [9.223583633093527, 41.41699218749999], [9.225539568345326, 41.42447916666666], [9.224561600719426, 41.43619791666666], [9.220649730215829, 41.43847656249999], [9.220323741007196, 41.44075520833333], [9.25455260791367, 41.45442708333333], [9.256834532374102, 41.45703124999999], [9.257812500000002, 41.46289062499999], [9.261724370503599, 41.46451822916666], [9.262775537265625, 41.46766719856153], [9.266288219424462, 41.46842447916666], [9.269222122302159, 41.46386718749999], [9.275741906474822, 41.46451822916666], [9.279653776978419, 41.47916666666666], [9.286173561151081, 41.48437499999999], [9.287477517985613, 41.48697916666666], [9.287477517985613, 41.49739583333333], [9.286173561151081, 41.49999999999999], [9.27769784172662, 41.50716145833333], [9.278675809352519, 41.51009114583333], [9.28193570143885, 41.51139322916666], [9.28291366906475, 41.51627604166666], [9.28193570143885, 41.52506510416666], [9.278023830935254, 41.52701822916666], [9.27769784172662, 41.52929687499999], [9.280631744604317, 41.53092447916666], [9.292367356115108, 41.53222656249999], [9.294323291366908, 41.53613281249999], [9.297583183453238, 41.53710937499999], [9.299213129496405, 41.54492187499999], [9.302473021582735, 41.54687499999999], [9.308340827338132, 41.54785156249999], [9.310948741007195, 41.55175781249999], [9.317468525179857, 41.55240885416666], [9.319424460431655, 41.55533854166666], [9.323336330935252, 41.55696614583333], [9.33898381294964, 41.55826822916666], [9.342243705035973, 41.56315104166666], [9.348763489208633, 41.56738281249999], [9.3513714028777, 41.57649739583333], [9.359195143884893, 41.58300781249999], [9.361151079136691, 41.58723958333333], [9.35984712230216, 41.59179687499999], [9.357239208633095, 41.59309895833333], [9.352176390193152, 41.593604512760876], [9.352513878176095, 41.594943152246294], [9.344523782067315, 41.60289818100326], [9.338779594323809, 41.6021742756248], [9.338331834532376, 41.60351562499999], [9.331812050359714, 41.60449218749999], [9.328878147482015, 41.60839843749999], [9.32398830935252, 41.60937499999999], [9.315186600719425, 41.60839843749999], [9.313230665467627, 41.60449218749999], [9.309970773381297, 41.60351562499999], [9.308992805755397, 41.59765624999999], [9.305970936920897, 41.59438726234198], [9.294083435365758, 41.590650384628916], [9.292041366906476, 41.59082031249999], [9.289433453237411, 41.59277343749999], [9.28812949640288, 41.59635416666666], [9.289433453237411, 41.60579427083333], [9.295953237410073, 41.61132812499999], [9.307688848920865, 41.61621093749999], [9.310948741007197, 41.62499999999999], [9.313230665467627, 41.62434895833333], [9.314208633093527, 41.61848958333333], [9.317142535971225, 41.61523437499999], [9.326922212230219, 41.61490885416666], [9.329856115107916, 41.61653645833333], [9.330508093525182, 41.61881510416666], [9.333767985611512, 41.61979166666666], [9.339635791366907, 41.61881510416666], [9.340287769784174, 41.61653645833333], [9.343221672661873, 41.61490885416666], [9.353001348920866, 41.61555989583333], [9.355935251798563, 41.62044270833333], [9.355935251798563, 41.62434895833333], [9.354957284172663, 41.62923177083333], [9.351045413669066, 41.63216145833333], [9.350719424460433, 41.63671874999999], [9.35463129496403, 41.63899739583333], [9.367996852517988, 41.63704427083333], [9.37353866906475, 41.63932291666666], [9.377450539568347, 41.64518229166666], [9.38103642086331, 41.64648437499999], [9.382340377697844, 41.65429687499999], [9.385926258992807, 41.65690104166666], [9.383318345323742, 41.66601562499999], [9.386904226618707, 41.66764322916666], [9.387882194244606, 41.67089843749999], [9.3957059352518, 41.67220052083333], [9.3976618705036, 41.67382812499999], [9.396683902877701, 41.67610677083333], [9.387882194244606, 41.67708333333333], [9.38299235611511, 41.67610677083333], [9.381688399280577, 41.67285156249999], [9.378827662220107, 41.67189935356463], [9.37679856115108, 41.67578124999999], [9.377124550359714, 41.68033854166666], [9.38103642086331, 41.68294270833333], [9.383318345323744, 41.69075520833333], [9.389838129496404, 41.69270833333333], [9.395053956834534, 41.69270833333333], [9.398965827338131, 41.69726562499999], [9.401573741007194, 41.70638020833333], [9.402877697841728, 41.72005208333333], [9.403855665467628, 41.76106770833333], [9.404833633093528, 41.76562499999999], [9.407115557553958, 41.76595052083333], [9.408093525179858, 41.76757812499999], [9.40613758992806, 41.77148437499999], [9.401402640114247, 41.77432126303499], [9.401241117447025, 41.78170374172083], [9.402877697841728, 41.78515624999999], [9.401899730215828, 41.79101562499999], [9.399953746951862, 41.791792899924395], [9.398819286666244, 41.80068369658336], [9.40092176258993, 41.80208333333333], [9.401899730215828, 41.80664062499999], [9.402877697841728, 41.82942708333333], [9.401899730215828, 41.87044270833333], [9.40092176258993, 41.87499999999999], [9.397987859712233, 41.87597656249999], [9.3976618705036, 41.87825520833333], [9.401899730215828, 41.88183593749999], [9.404833633093528, 41.90559895833333], [9.411353417266188, 41.91145833333333], [9.414287320143886, 41.92610677083333], [9.418199190647483, 41.92903645833333], [9.418199190647483, 41.93554687499999], [9.415265287769786, 41.93749999999999], [9.41363534172662, 41.94140624999999], [9.413309352517986, 41.95052083333333], [9.415265287769785, 41.95800781249999], [9.423089028776982, 41.96516927083333], [9.425696942446045, 41.97428385416666], [9.432216726618707, 41.97851562499999], [9.437106564748202, 41.98600260416666], [9.448842176258996, 41.99511718749999], [9.45047212230216, 41.99902343749999], [9.458295863309354, 42.00065104166666], [9.460251798561153, 42.00390624999999], [9.461229766187051, 42.00976562499999], [9.464815647482016, 42.01106770833333], [9.470357464028776, 42.01920572916666], [9.47915917266187, 42.02539062499999], [9.481441097122303, 42.03027343749999], [9.486004946043167, 42.03320312499999], [9.4863309352518, 42.03776041666666], [9.484178010318498, 42.04102546033251], [9.491246210883299, 42.04867217708715], [9.493910619868831, 42.05290845052458], [9.501326438848922, 42.05208333333333], [9.506216276978417, 42.05403645833333], [9.508172212230217, 42.06119791666666], [9.521863758992806, 42.07324218749999], [9.523819694244605, 42.07779947916666], [9.527079586330938, 42.07877604166666], [9.52838354316547, 42.08658854166666], [9.531969424460433, 42.08919270833333], [9.52967118266124, 42.09470056367967], [9.534866372384636, 42.09833079359113], [9.533273381294965, 42.09700520833333], [9.533925359712232, 42.09472656249999], [9.537185251798563, 42.09374999999999], [9.541749100719425, 42.09407552083333], [9.543705035971225, 42.09570312499999], [9.543053057553958, 42.09798177083333], [9.539793165467627, 42.09895833333333], [9.53530646366693, 42.09863831509118], [9.544544908793467, 42.105093840609854], [9.551382509473443, 42.113718899532095], [9.554136690647484, 42.12239583333333], [9.555114658273382, 42.13411458333333], [9.559352517985612, 42.13736979166666], [9.559026528776979, 42.13964843749999], [9.556089188381275, 42.1406330093511], [9.558007490643666, 42.146561463215626], [9.554332514855364, 42.158403274876456], [9.555114658273382, 42.17480468749999], [9.558374550359712, 42.17871093749999], [9.559352517985612, 42.18684895833333], [9.558374550359712, 42.20149739583333], [9.554136690647484, 42.20507812499999], [9.555114658273382, 42.20800781249999], [9.558374550359712, 42.20898437499999], [9.559352517985612, 42.21223958333333], [9.559026528776979, 42.21679687499999], [9.556092625899282, 42.21874999999999], [9.555114658273382, 42.22135416666666], [9.554359771790434, 42.23140485834577], [9.555985820862803, 42.25903037528664], [9.558374550359712, 42.26236979166666], [9.559026528776979, 42.26627604166666], [9.559026528776979, 42.28580729166666], [9.553999852141445, 42.31379293275718], [9.54374132678725, 42.33539391988926], [9.543379046762592, 42.34082031249999], [9.539467176258995, 42.34505208333333], [9.538163219424462, 42.36067708333333], [9.537511241007195, 42.36328124999999], [9.534251348920865, 42.36653645833333], [9.533273381294965, 42.37630208333333], [9.533599370503598, 42.38997395833333], [9.534251348920865, 42.39388020833333], [9.537511241007195, 42.39713541666666], [9.538163219424462, 42.39973958333333], [9.539467176258995, 42.41536458333333], [9.543379046762592, 42.41861979166666], [9.544683003597125, 42.42643229166666], [9.547942895683455, 42.42740885416666], [9.548920863309354, 42.42903645833333], [9.54859487410072, 42.43131510416666], [9.545660971223024, 42.43229166666666], [9.544683003597125, 42.43457031249999], [9.541749100719425, 42.46744791666666], [9.533925359712232, 42.47656249999999], [9.532947392086331, 42.48665364583333], [9.531317446043166, 42.48958333333333], [9.529035521582735, 42.49055989583333], [9.528752958067399, 42.4919706834997], [9.529219864666336, 42.50431066150026], [9.531317446043166, 42.50520833333333], [9.532947392086331, 42.50813802083333], [9.534251348920865, 42.51985677083333], [9.538163219424462, 42.52278645833333], [9.538163219424462, 42.52929687499999], [9.534251348920865, 42.53255208333333], [9.532947392086331, 42.54817708333333], [9.531317446043166, 42.55208333333333], [9.529035521582735, 42.55338541666666], [9.527731564748205, 42.56901041666666], [9.526101618705038, 42.57291666666666], [9.523167715827338, 42.57486979166666], [9.52218974820144, 42.58170572916666], [9.513062050359714, 42.58919270833333], [9.509476169064751, 42.59537760416666], [9.497740557553957, 42.60449218749999], [9.49382868705036, 42.61100260416666], [9.48013714028777, 42.62207031249999], [9.470357464028776, 42.63444010416666], [9.466445593525181, 42.63606770833333], [9.464489658273383, 42.64453124999999], [9.45275404676259, 42.65527343749999], [9.450798111510794, 42.65852864583333], [9.448277718365723, 42.671140000453086], [9.447894244558194, 42.68268502826673], [9.449691563814472, 42.69519694420396], [9.453080035971222, 42.6982421875], [9.456013938848923, 42.71744791666666], [9.459273830935253, 42.71972656249999], [9.460577787769786, 42.73144531249999], [9.464489658273383, 42.73632812499999], [9.46610030375885, 42.75884476375516], [9.46858492244046, 42.766011564222275], [9.470357464028778, 42.7666015625], [9.47361735611511, 42.7724609375], [9.483397032374103, 42.7802734375], [9.4863309352518, 42.78710937499999], [9.487308902877698, 42.79589843749999], [9.49056879496403, 42.79817708333333], [9.491546762589929, 42.8046875], [9.491220773381297, 42.81380208333333], [9.49056879496403, 42.81640625], [9.488286870503597, 42.81770833333333], [9.486656924460434, 42.82649739583333], [9.4853529676259, 42.86165364583333], [9.484375, 42.86458333333333], [9.481441097122303, 42.86653645833333], [9.48013714028777, 42.87434895833333], [9.477203237410073, 42.87565104166666], [9.479811151079138, 42.88476562499999], [9.47687724820144, 42.88671874999999], [9.47557329136691, 42.90234374999999], [9.474921312949643, 42.90494791666666], [9.471335431654676, 42.90885416666666], [9.46675838226487, 42.93504049702104], [9.46839244919709, 42.94176569701698], [9.46343973993885, 42.94616586745946], [9.461555755395684, 42.95065254987129], [9.456991906474823, 42.95514750241311], [9.455035971223023, 42.96303088803088], [9.45568794964029, 42.972346565315306], [9.45894784172662, 42.9772261100386], [9.464815647482016, 42.980925736003854], [9.465467625899281, 42.98567708333333], [9.464489658273383, 42.98763020833333], [9.443819094737686, 42.996660072551144], [9.439367412226376, 42.99950593781356], [9.438736510791369, 43.001146235521226], [9.434747546974931, 43.00246715171132], [9.42869508543066, 43.00868498469177], [9.427978866906475, 43.01059362934362], [9.426149361934147, 43.011324944179044], [9.42194055080217, 43.015689554433564], [9.404463407153164, 43.01017217668525], [9.387598367639866, 43.01011458717598], [9.386578237410074, 43.011570945945934], [9.380710431654677, 43.01254826254825], [9.377450539568347, 43.011570945945934], [9.376407229915856, 43.010081495758286], [9.3633898967459, 43.010043004407386], [9.356401731328544, 43.006705704722805], [9.352349370503598, 43.00635859073358], [9.350677732467092, 43.00397212610038], [9.348203169882936, 43.00279036287092], [9.344199640287771, 43.00212355212354], [9.34191771582734, 42.991959761100375], [9.345177607913673, 42.958080457689825], [9.349415467625901, 42.94791666666666], [9.353327338129498, 42.94661458333333], [9.34811151079137, 42.928385416666664], [9.355283273381296, 42.92610677083333], [9.355935251798563, 42.923828125], [9.354059477180334, 42.921901681820074], [9.351045413669066, 42.92089843749999], [9.350512029955565, 42.91912304630802], [9.347773873413724, 42.916978309960264], [9.339961780575539, 42.91471354166666], [9.335071942446046, 42.90820312499999], [9.32529226618705, 42.90624999999999], [9.322684352517985, 42.90429687499999], [9.321380395683455, 42.89453124999999], [9.323988309352519, 42.88085937499999], [9.326596223021586, 42.87499999999999], [9.329204136690649, 42.87434895833333], [9.331812050359712, 42.87109375], [9.333116007194246, 42.865885416666664], [9.327556056503349, 42.85942320732876], [9.322358363309352, 42.85546875], [9.320580229608185, 42.85231216526868], [9.307812069698901, 42.83929651515159], [9.309819099071202, 42.837385770375874], [9.308992805755397, 42.83463541666666], [9.310948741007195, 42.82877604166666], [9.315512589928058, 42.82812499999999], [9.318772482014388, 42.82519531249999], [9.321380395683454, 42.81347656249999], [9.329204136690649, 42.81152343749999], [9.330508093525182, 42.80794270833333], [9.336375899280577, 42.80403645833333], [9.338331834532376, 42.80078125], [9.340203826523338, 42.78430414835088], [9.334648342378753, 42.77095454841167], [9.337143304973342, 42.76522939269945], [9.335397931654677, 42.76464843749999], [9.335071942446044, 42.76236979166666], [9.336049910071944, 42.76074218749999], [9.338331834532374, 42.76041666666666], [9.33996178057554, 42.75455729166666], [9.339725712191617, 42.7401778101488], [9.329204136690649, 42.7197265625], [9.321380395683454, 42.71744791666666], [9.319160344853023, 42.706548349580714], [9.304229977141837, 42.68762136587451], [9.300517086330938, 42.68684895833333], [9.297697060371028, 42.679339693804074], [9.295627248201441, 42.677734375], [9.28389163669065, 42.67805989583333], [9.282587679856118, 42.681315104166664], [9.279931177844453, 42.68264144676587], [9.278037208036661, 42.68663884346003], [9.276393884892087, 42.69531249999999], [9.273785971223024, 42.69791666666666], [9.271192173995924, 42.69895269486943], [9.26365473043973, 42.70776591245553], [9.25627225043447, 42.71295045157854], [9.25553057553957, 42.71582031249999], [9.249010791366908, 42.71874999999999], [9.240414878297479, 42.71946529688497], [9.236337611214408, 42.72113089484049], [9.234015287769786, 42.724609375], [9.225213579136692, 42.73079427083333], [9.220975719424462, 42.73763020833333], [9.218367805755395, 42.73958333333333], [9.215759892086332, 42.738932291666664], [9.20924010791367, 42.731119791666664], [9.200112410071945, 42.72916666666666], [9.184259788608934, 42.731830953749565], [9.183160971223023, 42.73339843749999], [9.17533723021583, 42.73470052083333], [9.173381294964031, 42.73763020833333], [9.169469424460434, 42.7392578125], [9.156429856115109, 42.7392578125], [9.152517985611512, 42.73763020833333], [9.151540017985614, 42.73470052083333], [9.14925809352518, 42.73437499999999], [9.147628147482017, 42.7353515625], [9.146650179856117, 42.73860677083333], [9.14078237410072, 42.73958333333333], [9.13752248201439, 42.73860677083333], [9.13556654676259, 42.7353515625], [9.11731115107914, 42.73339843749999], [9.115029226618706, 42.72949218749999], [9.111117356115109, 42.728190104166664], [9.110487435588631, 42.72609338593916], [9.107828831754668, 42.724550356338476], [9.102315647482015, 42.7236328125], [9.099381744604319, 42.7197265625], [9.08699415467626, 42.71744791666666], [9.083734262589928, 42.71484374999999], [9.074932553956836, 42.70182291666666], [9.07102068345324, 42.69921874999999], [9.05732913669065, 42.69694010416666], [9.054721223021584, 42.69498697916666], [9.052439298561152, 42.68326822916666], [9.048527428057556, 42.681315104166664], [9.048201438848922, 42.67903645833333], [9.049179406474822, 42.677408854166664], [9.052439298561152, 42.676432291666664], [9.053096540680079, 42.672494504833445], [9.051431492460468, 42.66180637934844], [9.049462681040598, 42.66037605438591], [9.040041873210939, 42.6567918799695], [9.031901978417267, 42.65624999999999], [9.02375224820144, 42.65429687499999], [9.022122302158275, 42.65234374999999], [9.021763813922936, 42.649837937837745], [9.018555006460364, 42.648651365437594], [8.94839099408439, 42.6375697987695], [8.920739658273384, 42.63932291666666], [8.917805755395685, 42.63867187499999], [8.915849820143887, 42.63574218749999], [8.908026079136693, 42.63444010416666], [8.907374100719426, 42.63216145833333], [8.90444019784173, 42.63053385416666], [8.894462123036345, 42.63053385416666], [8.887389900896544, 42.63509114583333]], [[9.365388938848922, 41.59863281249999], [9.361477068345325, 41.59798177083333], [9.362129046762591, 41.59407552083333], [9.365388938848922, 41.59407552083333], [9.366366906474822, 41.59570312499999], [9.365388938848922, 41.59863281249999]], [[9.547942895683455, 42.10384114583333], [9.544031025179859, 42.10319010416666], [9.544683003597125, 42.09928385416666], [9.547942895683455, 42.09928385416666], [9.548920863309354, 42.10091145833333], [9.547942895683455, 42.10384114583333]], [[3.2219401041666793, 42.05175781249999], [3.2180338541666793, 42.05110677083333], [3.218684895833346, 42.04720052083333], [3.2219401041666793, 42.04720052083333], [3.222916666666679, 42.04882812499999], [3.2219401041666793, 42.05175781249999]], [[6.1839308375634525, 42.9920246138996], [6.191735406091372, 42.99032562138031], [6.192385786802031, 42.987121440637054], [6.195312500000001, 42.98483274010617], [6.205068210659899, 42.98470052083333], [6.207019352791879, 42.9853515625], [6.209295685279189, 42.98873899010618], [6.225230012690355, 42.99182100627412], [6.2307582487309645, 42.994811776061766], [6.233673102579538, 42.99806711250887], [6.246692576142133, 43.00111003861003], [6.247506319033979, 43.00265321344045], [6.250617450899888, 43.00368464129351], [6.2495571942332475, 43.01658809690869], [6.241615604075854, 43.02386259000932], [6.240271331706397, 43.02322578808664], [6.234985723350255, 43.02557915057914], [6.233034581218275, 43.01841216216215], [6.229132296954315, 43.01678330115829], [6.228144919667349, 43.01381586931572], [6.22410574906762, 43.01361250489019], [6.221652918781727, 43.01743484555983], [6.215149111675128, 43.017109073359066], [6.213197969543148, 43.01385135135134], [6.212605463707459, 43.010510781134144], [6.2030824669352524, 43.00650599966909], [6.1839308375634525, 43.00766167953667], [6.181329314720813, 43.011570945945934], [6.175475888324874, 43.01254826254825], [6.171248413705584, 43.01059362934362], [6.166558886268142, 43.004034560264365], [6.159541560913706, 43.00179777992277], [6.173151764978932, 42.9985153867962], [6.181540376157292, 42.99519128654618], [6.1839308375634525, 42.9920246138996]], [[6.405385469543147, 43.001146235521226], [6.416441941624365, 43.004078185328176], [6.419368654822336, 43.008638996138984], [6.419043464467006, 43.01189671814671], [6.412864847715736, 43.012874034749025], [6.410913705583757, 43.015805984555975], [6.4050602791878175, 43.01743484555983], [6.381646573604061, 43.01678330115829], [6.379695431472082, 43.015805984555975], [6.376768718274112, 43.01091940154439], [6.366037436548224, 43.00179777992277], [6.367338197969543, 42.99886583011582], [6.374817576142133, 42.99723696911196], [6.39497937817259, 42.99723696911196], [6.402458756345178, 42.99886583011582], [6.405385469543147, 43.001146235521226]], [[8.556207698815568, 42.15527343749999], [8.555557318104908, 42.15299479166666], [8.559459602368866, 42.15104166666666], [8.565313028764807, 42.15201822916666], [8.565313028764807, 42.15527343749999], [8.562061125211509, 42.15624999999999], [8.556207698815568, 42.15527343749999]], [[8.581897736886635, 41.87923177083333], [8.582222927241965, 41.87597656249999], [8.590027495769883, 41.87565104166666], [8.591978637901862, 41.87890624999999], [8.591003066835873, 41.88476562499999], [8.587751163282572, 41.88509114583333], [8.586450401861253, 41.88118489583333], [8.581897736886635, 41.87923177083333]], [[5.30559168781726, 43.27479488416987], [5.317298540609138, 43.283916505791495], [5.3182741116751275, 43.286848455598445], [5.314371827411168, 43.288477316602304], [5.301364213197971, 43.288477316602304], [5.297461928934011, 43.286848455598445], [5.296486357868021, 43.283916505791495], [5.292584073604061, 43.282613416988404], [5.292584073604061, 43.27935569498069], [5.297136738578681, 43.27642374517374], [5.2984375, 43.2686052123552], [5.300713832487311, 43.267953667953655], [5.30559168781726, 43.27479488416987]], [[5.291283312182742, 43.26762789575288], [5.287381027918782, 43.26697635135134], [5.2880314086294415, 43.26306708494208], [5.291283312182742, 43.26306708494208], [5.292258883248731, 43.26469594594594], [5.291283312182742, 43.26762789575288]], [[5.364125951776651, 43.19986727799227], [5.360223667512691, 43.19921573359072], [5.360874048223351, 43.19530646718145], [5.364125951776651, 43.19530646718145], [5.36510152284264, 43.19693532818532], [5.364125951776651, 43.19986727799227]], [[5.3852633248730974, 43.183578667953654], [5.382011421319797, 43.18455598455598], [5.377783946700508, 43.183904440154436], [5.377133565989848, 43.182601351351344], [5.378759517766499, 43.17804054054053], [5.383312182741118, 43.174782818532805], [5.390466370558376, 43.17413127413126], [5.396319796954315, 43.176085907335896], [5.3956694162436545, 43.1783663127413], [5.387864847715737, 43.17966940154439], [5.3852633248730974, 43.183578667953654]], [[6.4576861799348, 43.03350970635607], [6.45586442280466, 43.03137929197525], [6.435801412331497, 43.0259616683575], [6.432376269035533, 43.01971525096524], [6.426848032994925, 43.015805984555975], [6.4274984137055835, 43.00798745173744], [6.430750317258884, 43.007010135135125], [6.431725888324873, 43.004078185328176], [6.433677030456853, 43.003426640926634], [6.440180837563452, 43.007010135135125], [6.442473724900911, 43.01264820119501], [6.447568866899076, 43.01600990145712], [6.45506658748328, 43.01797292342434], [6.466521256345178, 43.018737934362925], [6.470098350253807, 43.02362451737451], [6.478878489847716, 43.02981418918918], [6.4840815355329955, 43.0366554054054], [6.500666243654823, 43.03958735521235], [6.503267766497463, 43.04154198841698], [6.504568527918782, 43.04447393822393], [6.504995226462465, 43.051017047036055], [6.501162041337452, 43.05426290766124], [6.498064720812184, 43.054247104247096], [6.489769283763819, 43.051625643063744], [6.469773159898477, 43.04805743243242], [6.467795215668185, 43.045355409807215], [6.459692258883249, 43.0389358108108], [6.4576861799348, 43.03350970635607]], [[6.363110723350254, 43.01743484555983], [6.359208439086295, 43.01678330115829], [6.359858819796955, 43.012874034749025], [6.363110723350254, 43.012874034749025], [6.364086294416244, 43.014502895752884], [6.363110723350254, 43.01743484555983]], [[8.22711505922166, 44.0279802123552], [8.223863155668361, 44.02895752895752], [8.21931049069374, 44.02863175675675], [8.21735934856176, 44.02700289575289], [8.21800972927242, 44.024722490347486], [8.221261632825719, 44.02374517374516], [8.22581429780034, 44.02407094594594], [8.22776543993232, 44.0256998069498], [8.22711505922166, 44.0279802123552]], [[7.0505763536379025, 43.522381756756744], [7.044072546531304, 43.52335907335906], [7.034967216582065, 43.523033301158286], [7.031064932318106, 43.52140444015443], [7.032365693739425, 43.51912403474902], [7.037516853497628, 43.51787762446053], [7.04888230060011, 43.51662879730909], [7.057869800059869, 43.517364841577425], [7.067885405784208, 43.51624989837788], [7.0505763536379025, 43.522381756756744]], [[7.036918358714045, 43.50837355212354], [7.040170262267344, 43.50576737451736], [7.044722927241965, 43.504138513513496], [7.0460236886632845, 43.504790057915045], [7.046674069373944, 43.509025096525086], [7.044722927241965, 43.51228281853281], [7.040170262267344, 43.51293436293435], [7.036267978003385, 43.51097972972971], [7.036918358714045, 43.50837355212354]], [[10.101146582733815, 42.58984374999999], [10.099842625899282, 42.59244791666666], [10.095278776978418, 42.59374999999999], [10.092018884892088, 42.59863281249999], [10.090388938848921, 42.61816406249999], [10.086477068345324, 42.62076822916666], [10.085499100719424, 42.62402343749999], [10.07963129496403, 42.62499999999999], [10.07767535971223, 42.62337239583333], [10.0763714028777, 42.62011718749999], [10.0753934352518, 42.60384114583333], [10.073866673686581, 42.599602401917636], [10.071481564748202, 42.59863281249999], [10.06804258491785, 42.594558067697115], [10.053552158273382, 42.59244791666666], [10.050944244604318, 42.58984374999999], [10.049640287769785, 42.58593749999999], [10.049640287769785, 42.58072916666666], [10.052900179856117, 42.57682291666666], [10.059419964028777, 42.57421874999999], [10.06919964028777, 42.57291666666666], [10.092018884892086, 42.57421874999999], [10.09853866906475, 42.57682291666666], [10.10179856115108, 42.58072916666666], [10.101146582733815, 42.58984374999999]], [[9.265310251798562, 41.37467447916666], [9.258464478417267, 41.37434895833333], [9.254619261559512, 41.369885256213614], [9.25280452292728, 41.36974988927026], [9.252172461183063, 41.366589025622275], [9.26187997791716, 41.362866990574574], [9.26412356545326, 41.36475027596418], [9.268570143884894, 41.36490885416666], [9.27248201438849, 41.36653645833333], [9.27150404676259, 41.36946614583333], [9.26824415467626, 41.37011718749999], [9.265310251798562, 41.37467447916666]], [[9.256182553956837, 41.34277343749999], [9.252922661870505, 41.34374999999999], [9.248358812949643, 41.34342447916666], [9.246402877697843, 41.34179687499999], [9.24705485611511, 41.33951822916666], [9.249403800551736, 41.33881455831172], [9.255814751067774, 41.334019846470426], [9.255978816505792, 41.33502490479119], [9.253145572253928, 41.33874357786498], [9.254878597122303, 41.33886718749999], [9.256834532374102, 41.34049479166666], [9.256182553956837, 41.34277343749999]], [[9.341591726618706, 41.30729166666666], [9.33538165306759, 41.30669246593481], [9.332965371839427, 41.30454162528393], [9.338024941266895, 41.297524134816015], [9.338303513307382, 41.29589492802985], [9.350612955160026, 41.29476240050908], [9.348763489208633, 41.29199218749999], [9.34093974820144, 41.29069010416666], [9.33996178057554, 41.28743489583333], [9.336049910071944, 41.28613281249999], [9.333480722922646, 41.28154607600125], [9.34482993677063, 41.276370332990695], [9.348763489208634, 41.27604166666666], [9.3503934352518, 41.27701822916666], [9.3513714028777, 41.28027343749999], [9.361477068345327, 41.28320312499999], [9.367996852517987, 41.29101562499999], [9.376146582733814, 41.29264322916666], [9.377124550359714, 41.29589843749999], [9.38103642086331, 41.29785156249999], [9.38201438848921, 41.30664062499999], [9.380058453237412, 41.31152343749999], [9.375494604316549, 41.31249999999999], [9.373212679856117, 41.31054687499999], [9.374842625899282, 41.30598958333333], [9.37389848572199, 41.30410401602523], [9.370604766187052, 41.30273437499999], [9.351371402877701, 41.30240885416666], [9.347459532374103, 41.30305989583333], [9.345503597122304, 41.30403645833333], [9.34485161870504, 41.30631510416666], [9.341591726618706, 41.30729166666666]], [[9.381688399280577, 41.23535156249999], [9.37777652877698, 41.23339843749999], [9.37760280874162, 41.231837203561525], [9.374557, 41.229199685548544], [9.374557, 41.222235237579035], [9.377991520725766, 41.214687555226476], [9.38195878452187, 41.21409690743247], [9.382340377697844, 41.21028645833333], [9.383970323741007, 41.20833333333333], [9.38625224820144, 41.20865885416666], [9.388534172661872, 41.21256510416666], [9.395265337182499, 41.21211582263985], [9.41326080947522, 41.21500532765671], [9.412331384892088, 41.20898437499999], [9.40841951438849, 41.20735677083333], [9.401989623777785, 41.19910164649631], [9.398932598336952, 41.19760536085821], [9.396009964555304, 41.19461728306507], [9.396715482559111, 41.19121481564196], [9.402785340716434, 41.191648643722836], [9.407643783074937, 41.187672834616485], [9.409104604611931, 41.18998082403367], [9.41461330935252, 41.18880208333333], [9.418525179856116, 41.18945312499999], [9.418851169064748, 41.19173177083333], [9.422763039568348, 41.19368489583333], [9.423741007194247, 41.19856770833333], [9.422763039568348, 41.20735677083333], [9.418851169064748, 41.20930989583333], [9.418851169064748, 41.21256510416666], [9.422763039568348, 41.21386718749999], [9.424213523836805, 41.216763987978666], [9.433520683453239, 41.21874999999999], [9.438410521582735, 41.21777343749999], [9.439714478417267, 41.21451822916666], [9.443626348920864, 41.21256510416666], [9.444604316546764, 41.20768229166666], [9.442648381294966, 41.19791666666666], [9.434824640287772, 41.19108072916666], [9.434172661870505, 41.18619791666666], [9.436128597122304, 41.18294270833333], [9.442648381294966, 41.18294270833333], [9.443600890196377, 41.185320559218674], [9.449135810799328, 41.186980108991314], [9.457330396743181, 41.181819415990525], [9.465044873295126, 41.17411744704843], [9.469606994174905, 41.17368562889808], [9.47193388000319, 41.17740885416666], [9.473943345323743, 41.17740885416666], [9.47687724820144, 41.18196614583333], [9.480789118705037, 41.18326822916666], [9.48013714028777, 41.18652343749999], [9.470346573748934, 41.18788128467123], [9.469539050700769, 41.189614332872246], [9.471738108927156, 41.197137966380694], [9.475247302158275, 41.19791666666666], [9.48013714028777, 41.20182291666666], [9.48209307553957, 41.21744791666666], [9.4863309352518, 41.22070312499999], [9.486004946043167, 41.22298177083333], [9.48209307553957, 41.22493489583333], [9.479811151079137, 41.23697916666666], [9.473291366906476, 41.24153645833333], [9.46416366906475, 41.24283854166666], [9.460647570759528, 41.24075298852194], [9.455138520545585, 41.23315096854291], [9.450219870718897, 41.224151818508936], [9.446560251798562, 41.22493489583333], [9.443952338129497, 41.23665364583333], [9.442648381294966, 41.23860677083333], [9.438084532374102, 41.23958333333333], [9.434824640287772, 41.24251302083333], [9.433194694244605, 41.25423177083333], [9.429934802158275, 41.25585937499999], [9.428630845323742, 41.26367187499999], [9.42406699640288, 41.26660156249999], [9.423089028776982, 41.26985677083333], [9.419829136690648, 41.27083333333333], [9.415265287769785, 41.26985677083333], [9.413023027828544, 41.259781098468046], [9.408419362201263, 41.25669289077563], [9.399257105269301, 41.25491068765603], [9.39768758303203, 41.24731645719554], [9.39548006582172, 41.24368105687606], [9.38201438848921, 41.23763020833333], [9.381688399280577, 41.23535156249999]], [[9.342243705035973, 41.22949218749999], [9.348763489208633, 41.22949218749999], [9.352675359712233, 41.23502604166666], [9.360499100719426, 41.24023437499999], [9.36082508992806, 41.24381510416666], [9.356913219424461, 41.24544270833333], [9.35463129496403, 41.25325520833333], [9.348111510791368, 41.25520833333333], [9.33898381294964, 41.25488281249999], [9.335071942446044, 41.25325520833333], [9.334093974820146, 41.25032552083333], [9.330182104316549, 41.24902343749999], [9.330182104316549, 41.24576822916666], [9.332789195826003, 41.24409464979559], [9.331263318435376, 41.237737308077364], [9.332775810029135, 41.23451518389152], [9.336215768415283, 41.231550198839024], [9.342243705035973, 41.22949218749999]], [[9.527405575539571, 41.16569010416666], [9.52414568345324, 41.16666666666666], [9.519581834532378, 41.16634114583333], [9.517625899280578, 41.16471354166666], [9.518277877697845, 41.16243489583333], [9.521537769784175, 41.16145833333333], [9.526101618705038, 41.16178385416666], [9.528057553956836, 41.16341145833333], [9.527405575539571, 41.16569010416666]], [[9.59912320143885, 41.07942708333333], [9.597600965990232, 41.073398845883005], [9.59862553858917, 41.07172745384256], [9.602442526924483, 41.07066530967656], [9.603856594415818, 41.073118802424595], [9.60857688848921, 41.07356770833333], [9.611510791366907, 41.07682291666666], [9.61085881294964, 41.08138020833333], [9.60759892086331, 41.08333333333333], [9.602709082733814, 41.08268229166666], [9.59912320143885, 41.07942708333333]], [[9.578259892086333, 41.07226562499999], [9.57369604316547, 41.07291666666666], [9.57043615107914, 41.07096354166666], [9.569784172661873, 41.06640624999999], [9.571740107913673, 41.06315104166666], [9.578259892086333, 41.06315104166666], [9.580215827338131, 41.06640624999999], [9.578259892086333, 41.07226562499999]], [[9.856002697841728, 44.0279802123552], [9.852742805755398, 44.02895752895752], [9.848178956834534, 44.02863175675675], [9.846223021582736, 44.02700289575289], [9.846875, 44.024722490347486], [9.850134892086333, 44.02374517374516], [9.854698741007194, 44.02407094594594], [9.856654676258994, 44.0256998069498], [9.856002697841728, 44.0279802123552]], [[9.908499899900535, 43.429328535443084], [9.913897856929918, 43.43593297527823], [9.914161515113197, 43.442054535981406], [9.908146166704253, 43.444946289551716], [9.903507338578265, 43.44274561542644], [9.898780429544962, 43.44206937737042], [9.89638292625367, 43.43442023360461], [9.891861510791367, 43.43409749034748], [9.88794964028777, 43.43083976833976], [9.888927607913669, 43.42497586872586], [9.892187500000002, 43.42399855212354], [9.893817446043167, 43.420089285714276], [9.897077338129497, 43.41911196911196], [9.902945143884892, 43.420089285714276], [9.903923111510792, 43.423347007722], [9.90783498201439, 43.42497586872586], [9.908499899900535, 43.429328535443084]], [[9.798938310558936, 43.01329739657405], [9.801236510791368, 43.00798745173744], [9.809060251798561, 43.00635859073358], [9.81003821942446, 43.00310086872586], [9.81297212230216, 43.00212355212354], [9.814602068345327, 43.00310086872586], [9.815906025179858, 43.007010135135125], [9.819165917266188, 43.00798745173744], [9.819690643459046, 43.00986022633641], [9.822377902070762, 43.00994213662407], [9.840988828209944, 43.02595551212702], [9.853078487480275, 43.0443692717804], [9.846366180554018, 43.05751003414254], [9.842829906700878, 43.05966879649562], [9.840029226618707, 43.06402027027026], [9.835823434012251, 43.06619794539221], [9.83090152877698, 43.07314189189188], [9.824055755395685, 43.07509652509651], [9.818839928057557, 43.07216457528956], [9.816132747138674, 43.068782851821126], [9.807989921023287, 43.06522790484929], [9.804768069064226, 43.05975469211146], [9.801236510791368, 43.057504826254814], [9.800099582089233, 43.0518239669563], [9.786418530243665, 43.02858289065003], [9.798938310558936, 43.01329739657405]]], [[[3.782649212729841, 43.440233042548805], [3.785091145833346, 43.44169919200974], [3.7834635416666793, 43.43996138996138], [3.782649212729841, 43.440233042548805]]], [[[4.98625475888325, 43.40314913127412], [4.990157043147208, 43.40249758687257], [4.989506662436549, 43.398588320463304], [4.98625475888325, 43.398588320463304], [4.98527918781726, 43.40021718146717], [4.98625475888325, 43.40314913127412]]], [[[9.612162769784174, 41.00097656249999], [9.611788346094974, 41.00228516253445], [9.619330558377396, 41.00038943451391], [9.618030575539569, 40.99999999999999], [9.612162769784174, 41.00097656249999]]], [[[9.330508093525182, 41.18847656249999], [9.329856115107916, 41.19075520833333], [9.334975022445777, 41.19250744956901], [9.334545907482228, 41.18780456041662], [9.330508093525182, 41.18847656249999]]], [[[9.272808003597124, 41.19889322916666], [9.27345998201439, 41.20279947916666], [9.275648051027233, 41.20243532496074], [9.277200023283632, 41.1987902797547], [9.27574190647482, 41.19791666666666], [9.272808003597124, 41.19889322916666]]], [[[9.278675809352519, 41.21842447916666], [9.278712269835653, 41.218418411150424], [9.278643256358356, 41.218229441830935], [9.278675809352519, 41.21842447916666]]], [[[9.27345998201439, 41.50488281249999], [9.277371852517987, 41.50423177083333], [9.27671987410072, 41.50032552083333], [9.27345998201439, 41.50032552083333], [9.27248201438849, 41.50195312499999], [9.27345998201439, 41.50488281249999]]], [[[9.411353417266188, 41.96321614583333], [9.413309352517986, 41.96028645833333], [9.40939748201439, 41.95833333333333], [9.4050637946518, 41.95905457680004], [9.407347178321471, 41.962882772262134], [9.411353417266188, 41.96321614583333]]], [[[9.515481812634905, 42.08375170435598], [9.51998483880539, 42.087932061070454], [9.52218974820144, 42.08756510416666], [9.52218974820144, 42.08430989583333], [9.515481812634905, 42.08375170435598]]], [[[9.523167715827338, 42.08951822916666], [9.523288246683986, 42.09024037524744], [9.527731564748205, 42.09277343749999], [9.527731564748205, 42.08951822916666], [9.526101618705038, 42.08854166666666], [9.523167715827338, 42.08951822916666]]], [[[9.48209307553957, 42.60872395833333], [9.484375, 42.60937499999999], [9.4863309352518, 42.60546874999999], [9.4853529676259, 42.59960937499999], [9.48209307553957, 42.59960937499999], [9.48111510791367, 42.60286458333333], [9.48209307553957, 42.60872395833333]]], [[[9.475899280575542, 42.61783854166666], [9.474921312949643, 42.61490885416666], [9.47263938848921, 42.61458333333333], [9.471987410071943, 42.61067708333333], [9.473943345323743, 42.60156249999999], [9.477529226618707, 42.59505208333333], [9.479811151079138, 42.59374999999999], [9.484375000000002, 42.59407552083333], [9.487308902877698, 42.59863281249999], [9.48959082733813, 42.59895833333333], [9.492524730215829, 42.59472656249999], [9.502733484229848, 42.59302754812266], [9.507848088631155, 42.584626102021176], [9.509150179856118, 42.57812499999999], [9.511378998956376, 42.576177585322775], [9.513385967408718, 42.56563139264001], [9.5127030353463, 42.564235167337934], [9.498719884276946, 42.56828118522231], [9.496436600719425, 42.57096354166666], [9.48417498790007, 42.5731242467654], [9.47689681407206, 42.57742726671876], [9.473943345323743, 42.58854166666666], [9.46937949640288, 42.59179687499999], [9.46514163669065, 42.60026041666666], [9.459599820143886, 42.62792968749999], [9.458295863309353, 42.63020833333333], [9.456021941859138, 42.63096521810723], [9.454383992805756, 42.63444010416666], [9.44851618705036, 42.63541666666666], [9.445256294964029, 42.63736979166666], [9.445256294964029, 42.64388020833333], [9.44851618705036, 42.64583333333333], [9.454383992805756, 42.64485677083333], [9.45568794964029, 42.64127604166666], [9.463511690647483, 42.63574218749999], [9.466119604316548, 42.62662760416666], [9.475899280575542, 42.61783854166666]]]]}}, {"type": "Feature", "properties": {"t": "b5", "lvl": 5}, "geometry": {"type": "MultiPolygon", "coordinates": [[[[2.946223958333346, 41.72493489583333], [2.947851562500013, 41.72884114583333], [2.951106770833346, 41.72981770833333], [2.9526031467596083, 41.73700031277939], [2.962825520833346, 41.74153645833333], [2.964622304778408, 41.744073094491064], [3.0108973758022533, 41.77130407652259], [3.0139322916666793, 41.77180989583333], [3.0153366215268473, 41.77391639062358], [3.018395042264674, 41.77571614583333], [3.023046875000013, 41.77571614583333], [3.025976562500013, 41.77115885416666], [3.028255208333346, 41.77083333333333], [3.029882812500013, 41.77278645833333], [3.031184895833346, 41.77929687499999], [3.042903645833346, 41.78190104166666], [3.045833333333346, 41.78515624999999], [3.046484375000013, 41.78938802083333], [3.055598958333346, 41.78873697916666], [3.056901041666679, 41.79524739583333], [3.067859582279772, 41.800196920118545], [3.075741512581242, 41.82287362798056], [3.0826171875000123, 41.82486979166666], [3.089127604166679, 41.83268229166666], [3.095963541666679, 41.83398437499999], [3.097781639417196, 41.83883263566804], [3.1071583769068023, 41.84397562815835], [3.112565104166679, 41.84472656249999], [3.116088294825799, 41.84887354716774], [3.1177734375000123, 41.84863281249999], [3.1187500000000123, 41.84570312499999], [3.122656250000013, 41.84407552083333], [3.131770833333346, 41.84374999999999], [3.136328125000013, 41.84505208333333], [3.140041791351555, 41.847527860901025], [3.1495624239424838, 41.8468944086846], [3.1665221203229588, 41.86474109348252], [3.1753906250000123, 41.86588541666666], [3.1792968750000123, 41.86848958333333], [3.1812500000000123, 41.87239583333333], [3.1823199420767554, 41.880152913389715], [3.1930136599900374, 41.88869245874542], [3.200781250000013, 41.89225260416666], [3.203059895833346, 41.90039062499999], [3.2053385416666793, 41.90104166666666], [3.206966145833346, 41.90397135416666], [3.208268229166679, 41.91569010416666], [3.212174479166679, 41.91764322916666], [3.213476562500013, 41.92154947916666], [3.216731770833346, 41.92252604166666], [3.217987375108113, 41.930059667315255], [3.221614583333346, 41.93294270833333], [3.2212343710323377, 41.93427345138686], [3.230776331896128, 41.94665651673032], [3.231051224960959, 41.94818735693793], [3.233333333333346, 41.94986979166666], [3.233007812500013, 41.95214843749999], [3.231856490499154, 41.9526717656822], [3.2341029291246364, 41.96518186146771], [3.2295021134027753, 41.97190047026614], [3.2109352828968483, 41.98341082678784], [3.2065653222633084, 41.98925270229622], [3.205485311759191, 41.99640123506819], [3.1975007071993318, 42.024305070146234], [3.197851562500013, 42.03483072916666], [3.201106770833346, 42.03743489583333], [3.202734375000013, 42.04915364583333], [3.204036458333346, 42.05110677083333], [3.210546875000013, 42.05338541666666], [3.211848958333346, 42.05598958333333], [3.212925138383286, 42.06783556059591], [3.210546875000013, 42.07161458333333], [3.208971733601592, 42.072214637199394], [3.199140535004189, 42.083104382656636], [3.195247395833346, 42.09244791666666], [3.1887928326719654, 42.09429207756991], [3.1858072916666793, 42.10221354166666], [3.178314967801164, 42.10471098295517], [3.176041666666679, 42.11067708333333], [3.173763020833346, 42.11295572916666], [3.1602866875699434, 42.11616437994366], [3.139583333333346, 42.12553954035366], [3.136653645833346, 42.12955729166666], [3.133177121031107, 42.130040142333634], [3.1211825265326523, 42.13975025848496], [3.119003207808206, 42.146158180845426], [3.1177734375000123, 42.17936197916666], [3.11594737719335, 42.18301409977998], [3.117001559732039, 42.210040476107835], [3.1186516343324038, 42.221178479660296], [3.1285824932856583, 42.23970298499205], [3.133723958333346, 42.24055989583333], [3.134700520833346, 42.24381510416666], [3.139257812500013, 42.24674479166666], [3.13965974384331, 42.24915637972644], [3.150811297485609, 42.25808404652575], [3.16113616691037, 42.25979989235434], [3.172307275721269, 42.25948958377625], [3.1795828853313393, 42.25100151447224], [3.1809377299085457, 42.25057153721546], [3.1812500000000123, 42.24869791666666], [3.1832031250000123, 42.24641927083333], [3.1929687500000123, 42.24283854166666], [3.2105468750000123, 42.23893229166666], [3.2144531250000123, 42.23470052083333], [3.2222656250000123, 42.23535156249999], [3.2232421875000123, 42.23860677083333], [3.2271484375000123, 42.24023437499999], [3.228129515136508, 42.244158685545976], [3.2430887532273607, 42.2465754016057], [3.2437500000000123, 42.24348958333333], [3.247656250000013, 42.24023437499999], [3.263281250000013, 42.24055989583333], [3.264583333333346, 42.24153645833333], [3.2639565551852403, 42.243730181851696], [3.2693334516614847, 42.2512054492678], [3.276998817188926, 42.255936789872834], [3.279231770833346, 42.25618489583333], [3.280547420148085, 42.25881619446281], [3.2844401041666793, 42.26139322916666], [3.289948074072439, 42.28124999999999], [3.291927083333346, 42.28124999999999], [3.2951822916666793, 42.28417968749999], [3.295470325001797, 42.292820687553515], [3.310175476492914, 42.31452447777685], [3.3179687500000123, 42.31705729166666], [3.3218750000000123, 42.31966145833333], [3.3218750000000123, 42.32096354166666], [3.3189453125000123, 42.32259114583333], [3.3140665642970446, 42.32313322896699], [3.293258922021862, 42.333537483470735], [3.2803723037534134, 42.334848397210884], [3.2795572916666793, 42.33756510416666], [3.270442708333346, 42.33951822916666], [3.267838541666679, 42.34342447916666], [3.2613281250000123, 42.34342447916666], [3.2583984375000123, 42.33951822916666], [3.2564453125000123, 42.33886718749999], [3.251589000319645, 42.33917070701126], [3.249218395524978, 42.3416876876159], [3.243495443278309, 42.341518125920636], [3.239843750000013, 42.34440104166666], [3.2346354166666793, 42.35123697916666], [3.229427083333346, 42.35416666666666], [3.223567708333346, 42.35319010416666], [3.221614583333346, 42.34993489583333], [3.209895833333346, 42.34895833333333], [3.2033854166666793, 42.34700520833333], [3.200662660811152, 42.33992604310895], [3.186837422872026, 42.3480737910764], [3.184505208333346, 42.35351562499999], [3.181151998128751, 42.35415433170563], [3.1730634031608775, 42.363332511641346], [3.17299, 42.38068379902824], [3.1686821499720046, 42.396468809043], [3.1772689815789046, 42.41840204259951], [3.180037167581803, 42.43501213059233], [3.174509697912639, 42.455778223857045], [3.1592233003082106, 42.473931126740254], [3.149123012955226, 42.48116060382202], [3.1417135878986615, 42.491507614165556], [3.144425, 42.50371064271424], [3.144425, 42.514405106842204], [3.136552299329769, 42.523589770737054], [3.1142936330946, 42.529154925724406], [3.0871381619239573, 42.533481818040315], [3.065473752970916, 42.54069288401915], [3.0513968063294725, 42.55326682683253], [3.0451822916666793, 42.60546874999999], [3.043880208333346, 42.60937499999999], [3.042313001345224, 42.61004666013776], [3.036268570716117, 42.68110058098876], [3.037369791666679, 42.68749999999999], [3.0386718750000123, 42.68749999999999], [3.039910730841095, 42.710938465729825], [3.041787758606791, 42.72457253383097], [3.040296633394821, 42.73344944803049], [3.041601562500013, 42.8095703125], [3.042578125000013, 42.81770833333333], [3.043880208333346, 42.81770833333333], [3.045507812500013, 42.82259114583333], [3.046809895833346, 42.84212239583333], [3.0500651041666793, 42.84505208333333], [3.0513671875000123, 42.86067708333333], [3.0552734375000123, 42.8671875], [3.057226562500013, 42.90364583333333], [3.058203125000013, 42.90624999999999], [3.060481770833346, 42.90722656249999], [3.061458333333346, 42.91601562499999], [3.058528645833346, 42.92285156249999], [3.048763020833346, 42.93177108470076], [3.046809895833346, 42.93593825410231], [3.045833333333346, 42.94661709700771], [3.046809895833346, 42.95377981217824], [3.050716145833346, 42.958144305019296], [3.052018229166679, 42.969872104247095], [3.0552734375000123, 42.97247828185327], [3.0582031250000123, 42.99625965250964], [3.064713541666679, 43.00212355212354], [3.0686197916666793, 43.01678330115829], [3.073177083333346, 43.01776061776061], [3.0764322916666793, 43.021669884169874], [3.078059895833346, 43.03730694980694], [3.0813151041666793, 43.03926158301157], [3.083268229166679, 43.04773166023165], [3.094986979166679, 43.05848214285713], [3.097916666666679, 43.065323359073346], [3.098893229166679, 43.074119208494196], [3.1037760416666793, 43.077051158301146], [3.109960937500013, 43.085847007721995], [3.116796875000013, 43.09040781853281], [3.119726562500013, 43.100506756756744], [3.122981770833346, 43.10148407335906], [3.124609375000013, 43.10539333976833], [3.130468750000013, 43.10637065637064], [3.133723958333346, 43.108325289575276], [3.135351562500013, 43.11614382239381], [3.141210937500013, 43.11972731660231], [3.150325520833346, 43.13145511583011], [3.154231770833346, 43.133083976833966], [3.1556595116848345, 43.139751912486325], [3.1576636777763483, 43.142743752586334], [3.159765625000013, 43.143508687258674], [3.165299479166679, 43.15165299227799], [3.1753906250000123, 43.15914575289574], [3.176692708333346, 43.16272924710424], [3.1858072916666793, 43.16468388030887], [3.187109375000013, 43.16826737451736], [3.195247395833346, 43.17380550193049], [3.201757812500013, 43.182601351351344], [3.212825520833346, 43.186510617760604], [3.2170572916666793, 43.19302606177605], [3.2219401041666793, 43.19563223938223], [3.2236262961769415, 43.20141793340178], [3.225275119754009, 43.20367731194723], [3.242447916666679, 43.20736003861003], [3.2457031250000123, 43.21517857142857], [3.2525390625000123, 43.21648166023165], [3.259049479166679, 43.22430019305018], [3.2691406250000123, 43.22723214285713], [3.270442708333346, 43.23048986486485], [3.2785807291666793, 43.232118725868716], [3.2854166666666793, 43.23993725868725], [3.300065104166679, 43.2428692084942], [3.3023437500000123, 43.24645270270269], [3.3179687500000123, 43.25166505791505], [3.3218750000000123, 43.25427123552122], [3.322526041666679, 43.25655164092663], [3.330338541666679, 43.257854729729715], [3.332942708333346, 43.26176399613898], [3.340755208333346, 43.26306708494208], [3.3440104166666793, 43.26697635135134], [3.359960937500013, 43.2686052123552], [3.363216145833346, 43.26990830115829], [3.370377604166679, 43.27674951737451], [3.4078125000000123, 43.28424227799226], [3.4105357467512785, 43.28632636889689], [3.425544433701515, 43.286866372853815], [3.426692708333346, 43.28456805019304], [3.434505208333346, 43.283264961389946], [3.438411458333346, 43.27902992277991], [3.461848958333346, 43.273817567567555], [3.465755208333346, 43.272514478764464], [3.469335937500013, 43.26893098455597], [3.492122395833346, 43.26697635135134], [3.495703125000013, 43.262741312741305], [3.498632812500013, 43.26371862934362], [3.499934895833346, 43.26697635135134], [3.511653645833346, 43.2686052123552], [3.513606770833346, 43.26990830115829], [3.516536458333346, 43.27772683397683], [3.524348958333346, 43.27935569498069], [3.525325520833346, 43.282613416988404], [3.529882812500013, 43.28489382239381], [3.541927083333346, 43.30313706563705], [3.5503906250000123, 43.30541747104246], [3.551692708333346, 43.30900096525095], [3.560156250000013, 43.31486486486485], [3.5705729166666793, 43.32756998069497], [3.5757812500000123, 43.33050193050192], [3.5816406250000123, 43.331479247104234], [3.5826171875000123, 43.33473696911196], [3.587174479166679, 43.33669160231659], [3.599218750000013, 43.350374034749024], [3.6076822916666793, 43.35232866795366], [3.609309895833346, 43.35623793436292], [3.621028645833346, 43.36535955598454], [3.624934895833346, 43.37122345559844], [3.633723958333346, 43.37220077220076], [3.638606770833346, 43.37415540540539], [3.641536458333346, 43.38197393822392], [3.648046875000013, 43.38295125482624], [3.649629160039196, 43.38532651514761], [3.6713756968878832, 43.39232986880737], [3.7027343750000123, 43.393375965250954], [3.7125000000000123, 43.39500482625481], [3.713476562500013, 43.39793677606176], [3.716731770833346, 43.39891409266408], [3.718359375000013, 43.40673262548261], [3.7209744313311397, 43.4083028708904], [3.7427734375000123, 43.41487693050192], [3.744700642837064, 43.41744852187059], [3.74739999471958, 43.41906922691847], [3.7535156250000123, 43.420089285714276], [3.755143229166679, 43.423347007722], [3.766861979166679, 43.424650096525085], [3.768815104166679, 43.42530164092663], [3.770768229166679, 43.42855936293435], [3.782486979166679, 43.429862451737435], [3.788346354166679, 43.43442326254825], [3.800065104166679, 43.43572635135134], [3.802018229166679, 43.43963561776061], [3.8052734375000123, 43.440612934362925], [3.807552083333346, 43.44875723938223], [3.825781250000013, 43.45722731660231], [3.828059895833346, 43.465371621621614], [3.831966145833346, 43.46700048262547], [3.8331496639437947, 43.470553778697614], [3.837174479166679, 43.47221283783782], [3.8429328625574453, 43.476427662528856], [3.8462890625000123, 43.477099420849406], [3.8491031891767555, 43.48013235903906], [3.8777178104996572, 43.49731272797189], [3.882096354166679, 43.4982746138996], [3.8889738175176447, 43.504070893704615], [3.911812637326046, 43.517783441072304], [3.930598958333346, 43.52010135135134], [3.936458333333346, 43.526616795366785], [3.951106770833346, 43.529548745173734], [3.952734375000013, 43.53280646718146], [3.960546875000013, 43.53410955598454], [3.964127604166679, 43.53801882239381], [3.9869140625000123, 43.53997345559844], [3.9904947916666793, 43.54388272200771], [3.9983072916666793, 43.5451858108108], [4.000585937500013, 43.548443532818524], [4.020117187500012, 43.549746621621615], [4.025000000000012, 43.551375482625474], [4.025000000000012, 43.552678571428565], [4.034765625000012, 43.554307432432424], [4.067317708333346, 43.554307432432424], [4.077083333333346, 43.552678571428565], [4.077734375000013, 43.55072393822393], [4.086848958333345, 43.55333011583011], [4.088476562500012, 43.55039816602316], [4.090429687500012, 43.549746621621615], [4.102148437500012, 43.548443532818524], [4.105078125000012, 43.54453426640926], [4.112890625000012, 43.54323117760616], [4.114192708333346, 43.53964768339767], [4.123958333333346, 43.53182915057914], [4.122981770833346, 43.52889720077219], [4.119726562500012, 43.527919884169876], [4.117773437500012, 43.52010135135134], [4.106054687500012, 43.51716940154439], [4.103125000000012, 43.51228281853281], [4.105078125000012, 43.502509652509644], [4.111588541666679, 43.49762306949806], [4.114192708333346, 43.48850144787644], [4.123307291666679, 43.48100868725867], [4.123958333333346, 43.4784025096525], [4.128841145833346, 43.47677364864863], [4.148372395833345, 43.47547055984555], [4.150976562500012, 43.47221283783782], [4.162695312500012, 43.47090974903474], [4.164648437500012, 43.4702582046332], [4.166601562500012, 43.46700048262547], [4.178320312500012, 43.46569739382238], [4.182552083333345, 43.461788127413115], [4.185156250000012, 43.461136583011566], [4.200781250000013, 43.45983349420848], [4.202083333333346, 43.457553088803074], [4.230403645833346, 43.455924227799215], [4.3136822253210525, 43.45496626357771], [4.353125000000012, 43.452608604455236], [4.359960937500012, 43.450711872586865], [4.387304687500013, 43.44940878378377], [4.389583333333346, 43.44843146718145], [4.389583333333346, 43.447128378378366], [4.395117187500013, 43.44647683397682], [4.461523437500012, 43.44973455598454], [4.478125000000012, 43.452340733590724], [4.478449322760426, 43.45461274600963], [4.482472393922727, 43.45492554627681], [4.483333333333346, 43.452340733590724], [4.486588541666679, 43.45136341698841], [4.532161458333346, 43.44940878378377], [4.535416666666679, 43.44843146718145], [4.536718750000012, 43.445825289575275], [4.539322916666679, 43.444522200772184], [4.554947916666679, 43.43930984555983], [4.557552083333345, 43.43572635135134], [4.573177083333346, 43.43409749034748], [4.577083333333346, 43.43083976833976], [4.577408854166679, 43.42627895752895], [4.580338541666679, 43.42432432432432], [4.581966145833346, 43.42041505791505], [4.581315104166679, 43.404777992277985], [4.577408854166679, 43.40249758687257], [4.576432291666679, 43.39923986486485], [4.567317708333346, 43.39728523166022], [4.564713541666679, 43.393375965250954], [4.556901041666679, 43.39207287644787], [4.555924479166679, 43.388815154440145], [4.552018229166679, 43.38686052123551], [4.551041666666679, 43.37806467181466], [4.553971354166679, 43.37122345559845], [4.563736979166679, 43.363404922779914], [4.568294270833346, 43.357541023166014], [4.587825520833346, 43.35623793436292], [4.591080729166679, 43.355586389961374], [4.592708333333346, 43.35330598455597], [4.595638020833346, 43.35232866795366], [4.630794270833346, 43.351025579150566], [4.636653645833346, 43.350374034749024], [4.639583333333346, 43.34939671814671], [4.639583333333346, 43.348093629343616], [4.644466145833346, 43.3471163127413], [4.668880208333346, 43.34613899613899], [4.712825520833346, 43.3471163127413], [4.717657969998567, 43.348083548898536], [4.766439255645561, 43.34718116457315], [4.793880208333346, 43.34516167953667], [4.797786458333346, 43.34125241312741], [4.805598958333345, 43.33994932432431], [4.806250000000012, 43.33766891891891], [4.810156250000012, 43.335062741312726], [4.823502604166679, 43.33082770270269], [4.834895833333346, 43.32072876447875], [4.844986979166679, 43.32040299227798], [4.851234004864645, 43.32594111969111], [4.862291798857871, 43.33017615830114], [4.865609137055838, 43.334411196911184], [4.86717461135787, 43.34027509652509], [4.872718379864647, 43.341578185328174], [4.880794270833346, 43.35069980694979], [4.888932291666679, 43.35232866795366], [4.891917168993242, 43.35721525096524], [4.902228082698818, 43.363404922779914], [4.9069083121827415, 43.37024613899613], [4.91698921319797, 43.37317808880308], [4.91796478426396, 43.376435810810804], [4.92251744923858, 43.379367760617754], [4.92186706852792, 43.38718629343629], [4.91796478426396, 43.388815154440145], [4.91698921319797, 43.39207287644787], [4.9111357868020304, 43.393050193050186], [4.907883883248731, 43.391095559845546], [4.907233502538071, 43.38653474903474], [4.903331218274111, 43.38132239382238], [4.894225888324873, 43.37611003861002], [4.886421319796955, 43.374155405405396], [4.885061072335027, 43.377087355212346], [4.878643519987321, 43.379367760617754], [4.873307291666679, 43.38718629343629], [4.869075520833345, 43.388815154440145], [4.868228505710671, 43.39207287644787], [4.8624920685279225, 43.3940275096525], [4.865621034263967, 43.40282335907335], [4.870181630710672, 43.407709942084935], [4.877213541666679, 43.40901303088802], [4.8809208439086404, 43.412922297297285], [4.896708439086299, 43.4138996138996], [4.907430467428089, 43.41683156370655], [4.916664022842641, 43.42660472972972], [4.919915926395939, 43.42855936293435], [4.927395304568528, 43.42953667953667], [4.932273159898477, 43.42855936293435], [4.9351998730964475, 43.42530164092663], [4.952760152284265, 43.42432432432432], [4.962515862944163, 43.42236969111968], [4.964467005076143, 43.420415057915044], [4.965442576142133, 43.414551158301144], [4.968694479695431, 43.412922297297285], [4.9696700507614215, 43.404126447876436], [4.9716211928934015, 43.39923986486485], [4.981376903553301, 43.39533059845559], [4.989506662436549, 43.38490588803087], [5.005115799492387, 43.37089768339767], [5.006741751269036, 43.363404922779914], [5.014546319796954, 43.3565637065637], [5.015847081218274, 43.35395752895752], [5.017473032994924, 43.34190395752895], [5.021050126903555, 43.34027509652509], [5.027228743654822, 43.33245656370655], [5.046414974619291, 43.3295246138996], [5.049666878172589, 43.32528957528957], [5.052593591370558, 43.32626689189188], [5.0529187817258885, 43.328547297297284], [5.0645368456942235, 43.3296249687361], [5.125132202109869, 43.32727159870931], [5.143800639989223, 43.3290102848949], [5.146573604060914, 43.328547297297284], [5.146898794416244, 43.32626689189188], [5.1498255076142145, 43.32528957528957], [5.151451459390864, 43.32626689189188], [5.151776649746194, 43.328547297297284], [5.1579552664974635, 43.3295246138996], [5.193467837986375, 43.33030138490843], [5.237942822256836, 43.329546918676506], [5.2455320855112815, 43.333271488045895], [5.252585659898477, 43.334411196911184], [5.255849689192354, 43.33833504024426], [5.260765754798939, 43.34074768910915], [5.264292512690355, 43.34125241312741], [5.265803306839037, 43.34321995965719], [5.283153553299492, 43.35069980694979], [5.289010011707702, 43.35460907335906], [5.299497687631707, 43.35460907335906], [5.339653637719998, 43.33557580064838], [5.354504946990393, 43.29671976481837], [5.3507931472081225, 43.294015444015436], [5.345590101522842, 43.288151544401536], [5.342013007614214, 43.28131032818532], [5.3426633883248735, 43.27935569498069], [5.353719860406092, 43.27740106177605], [5.356646573604062, 43.272514478764464], [5.36315038071066, 43.26827944015443], [5.365388012420608, 43.25963313224918], [5.362081180171129, 43.253117147978806], [5.3551336538071865, 43.24313449463129], [5.353010525742864, 43.23630073890455], [5.350142766497462, 43.23570222007721], [5.348516814720812, 43.23179295366795], [5.3446145304568535, 43.23048986486485], [5.343313769035534, 43.226580598455584], [5.340061865482234, 43.22560328185327], [5.339086294416244, 43.21973938223937], [5.337135152284264, 43.21648166023165], [5.330956535532995, 43.21517857142857], [5.330306154822335, 43.213875482625475], [5.331932106598986, 43.20931467181466], [5.335834390862945, 43.20540540540539], [5.338761104060914, 43.20638272200771], [5.339736675126904, 43.209640444015434], [5.342988578680204, 43.21061776061775], [5.348842005076142, 43.209640444015434], [5.349492385786802, 43.20736003861003], [5.351443527918782, 43.20638272200771], [5.361199238578681, 43.20540540540539], [5.378759517766499, 43.20638272200771], [5.382336611675128, 43.209640444015434], [5.390466370558377, 43.21061776061775], [5.401848032994924, 43.21029198841698], [5.405099936548224, 43.209640444015434], [5.406725888324874, 43.20736003861003], [5.409652601522843, 43.20638272200771], [5.415506027918782, 43.20573117760617], [5.444773159898478, 43.20573117760617], [5.453553299492386, 43.20736003861003], [5.453878489847717, 43.209640444015434], [5.457451038615975, 43.20991685356155], [5.460707487309645, 43.20638272200771], [5.484121192893402, 43.20507963320462], [5.489974619289341, 43.20345077220076], [5.49127538071066, 43.20117036679536], [5.5029822335025385, 43.20019305019304], [5.509486040609137, 43.20117036679536], [5.513713515228426, 43.20507963320462], [5.5254203680203045, 43.20638272200771], [5.527046319796955, 43.209640444015434], [5.532899746192894, 43.21061776061775], [5.536151649746193, 43.209640444015434], [5.537452411167513, 43.20638272200771], [5.5409775480229975, 43.205499860959854], [5.547604105022755, 43.19597128043237], [5.548183692893401, 43.190745656370645], [5.552085977157361, 43.18879102316601], [5.553061548223351, 43.185533301158294], [5.558356363706223, 43.18439666775643], [5.567817253977268, 43.175596474127424], [5.568995875634519, 43.17087355212354], [5.5738737309644675, 43.16891891891891], [5.582653870558375, 43.16794160231659], [5.585255393401015, 43.16468388030887], [5.593385152284264, 43.163706563706555], [5.604035091060973, 43.16462104891802], [5.61177665870847, 43.162201608743395], [5.621713609696261, 43.17764097522142], [5.628767965721377, 43.18421991403716], [5.663626269035534, 43.183578667953654], [5.666878172588833, 43.18260135135134], [5.668178934010153, 43.18032094594594], [5.676659330177276, 43.17961298180598], [5.687450077371037, 43.17095229703995], [5.68703997461929, 43.166638513513504], [5.68378807106599, 43.163706563706555], [5.679235406091371, 43.163055019305006], [5.6772842639593915, 43.157191119691106], [5.68021097715736, 43.15393339768339], [5.691917829949238, 43.151327220077214], [5.694519352791878, 43.144811776061765], [5.718258248730965, 43.1409025096525], [5.725737626903553, 43.13406129343628], [5.733325102085423, 43.136189587727245], [5.735168147208123, 43.13340974903474], [5.742972715736041, 43.13210666023165], [5.745574238578682, 43.12819739382238], [5.74882614213198, 43.127220077220066], [5.755655139593909, 43.1291747104247], [5.759242681622444, 43.13348746365189], [5.77055849695673, 43.13273406379468], [5.7706138959390865, 43.12493967181466], [5.768987944162437, 43.12200772200771], [5.766061230964468, 43.12103040540539], [5.765736040609138, 43.11874999999999], [5.7725650380710665, 43.11614382239381], [5.795328362944163, 43.111257239382226], [5.799881027918782, 43.10799951737451], [5.802157360406092, 43.10376447876447], [5.801181789340102, 43.09203667953667], [5.797929885786802, 43.090082046332036], [5.796194279871031, 43.08412075030514], [5.788390701143017, 43.08049345775269], [5.780044416243655, 43.07965733590733], [5.777442893401015, 43.07835424710424], [5.776142131979696, 43.07379343629343], [5.780044416243655, 43.070535714285704], [5.79490933571079, 43.06898451465443], [5.798255076142132, 43.065323359073346], [5.807796764181215, 43.06159706262155], [5.820449747260547, 43.05466608431343], [5.823945114213197, 43.05098938223937], [5.846780276139891, 43.048622897448844], [5.854244499626322, 43.04690976447175], [5.855163388324874, 43.044148166023156], [5.857439720812184, 43.04382239382238], [5.859260333436878, 43.050661906877345], [5.866467420776428, 43.059882484583014], [5.868496192893401, 43.06043677606176], [5.878703138118405, 43.071263466840584], [5.8878058133022275, 43.073718462380036], [5.900690038071067, 43.07314189189188], [5.905893083756346, 43.06662644787644], [5.910120558375635, 43.064671814671804], [5.915973984771574, 43.06564913127412], [5.917925126903554, 43.068906853281845], [5.924428934010153, 43.06988416988416], [5.936135786802031, 43.068906853281845], [5.938412119289341, 43.06499758687258], [5.941664022842639, 43.06499758687258], [5.9429647842639595, 43.068906853281845], [5.9468670685279195, 43.070535714285704], [5.947842639593909, 43.07379343629343], [5.947076600075997, 43.07839789719834], [5.9482819872973005, 43.07938342161659], [5.943482869028001, 43.08089971782279], [5.941664022842639, 43.08454391891891], [5.929931658123022, 43.08518126466776], [5.909868782731902, 43.09189993061478], [5.905410809865199, 43.09848586550976], [5.905242703045686, 43.100506756756744], [5.903830627125306, 43.10093113749809], [5.896914657650501, 43.11163333415037], [5.905242703045685, 43.11256032818532], [5.907519035532995, 43.11581805019304], [5.923128172588834, 43.116469594594584], [5.925729695431473, 43.11581805019304], [5.927030456852792, 43.113537644787634], [5.926054885786803, 43.111908783783775], [5.922802982233502, 43.11093146718146], [5.921827411167513, 43.10506756756756], [5.924754124365483, 43.101809845559835], [5.934509835025381, 43.10148407335906], [5.9387373096446705, 43.10539333976833], [5.945241116751269, 43.10637065637064], [5.954909205304457, 43.10556354077573], [5.9575941148188605, 43.10431450412106], [5.958899111675128, 43.10213561776061], [5.964752538071066, 43.10115830115829], [5.968004441624366, 43.10213561776061], [5.968796673272299, 43.1037229160506], [5.984554249397017, 43.103808182257566], [5.985889911167513, 43.10213561776061], [6.008653236040609, 43.100180984555976], [6.010929568527919, 43.09692326254825], [6.018734137055839, 43.09562017374516], [6.020685279187818, 43.0939913127413], [6.0197097081218285, 43.09105936293435], [6.016457804568528, 43.090082046332036], [6.015482233502539, 43.084218146718136], [6.019059327411168, 43.0822635135135], [6.0270744988582505, 43.08138756668899], [6.027930024516646, 43.07969568475909], [6.061984454314721, 43.080634652509644], [6.087784082442325, 43.08399947099285], [6.089950824873096, 43.081286196911186], [6.112714149746194, 43.07933156370655], [6.114340101522843, 43.07835424710424], [6.114665291878174, 43.07607384169883], [6.118567576142133, 43.073467664092654], [6.119543147208122, 43.065323359073346], [6.118567576142133, 43.0506636100386], [6.114665291878174, 43.04805743243242], [6.114340101522843, 43.045777027027015], [6.112714149746194, 43.0447997104247], [6.093202728426396, 43.042845077220065], [6.089950824873096, 43.04089044401543], [6.088324873096447, 43.03795849420848], [6.088324873096447, 43.034049227799215], [6.091251586294416, 43.03144305019304], [6.097105012690355, 43.03013996138995], [6.13222557106599, 43.03209459459458], [6.13515228426396, 43.03144305019304], [6.13710342639594, 43.02851110038609], [6.144907994923859, 43.027208011583], [6.145883565989848, 43.02395028957528], [6.148810279187818, 43.022972972972966], [6.151736992385787, 43.027208011583], [6.165394987309645, 43.02916264478763], [6.166695748730965, 43.03242036679536], [6.170598032994924, 43.03372345559845], [6.171573604060914, 43.03535231660231], [6.170836546012128, 43.03664447604908], [6.179153359643324, 43.03734950542796], [6.1824699715736955, 43.04325466227183], [6.171189144215993, 43.04083162809451], [6.1513743379875825, 43.04755228728594], [6.1517369923857865, 43.05815637065636], [6.154013324873096, 43.05945945945945], [6.155639276649746, 43.06336872586871], [6.156940038071066, 43.07900579150578], [6.160191941624366, 43.08096042471041], [6.161817893401016, 43.088778957528945], [6.169622461928934, 43.09138513513513], [6.172874365482233, 43.09952944015443], [6.175475888324873, 43.10148407335906], [6.191085025380712, 43.10702220077219], [6.193755226513075, 43.110499673183895], [6.207649556126011, 43.11457560182639], [6.207994923857869, 43.113537644787634], [6.210596446700508, 43.11256032818532], [6.223604060913707, 43.111583011583], [6.247017766497462, 43.11256032818532], [6.251245241116751, 43.11581805019304], [6.254497144670052, 43.116469594594584], [6.271081852791879, 43.11614382239381], [6.277585659898477, 43.11288610038609], [6.280837563451778, 43.108325289575276], [6.295471129441625, 43.10539333976833], [6.297097081218275, 43.10246138996138], [6.306202411167513, 43.10506756756756], [6.308803934010154, 43.10148407335906], [6.315307741116751, 43.100506756756744], [6.317258883248732, 43.094642857142844], [6.3201855964467, 43.09236245173744], [6.3260390228426395, 43.09040781853281], [6.346526015228427, 43.08747586872586], [6.362135152284264, 43.08780164092663], [6.366037436548224, 43.089430501930494], [6.366999309562916, 43.09232128405601], [6.373209955770666, 43.092335913669885], [6.3684371906707105, 43.1051017848557], [6.364859432888271, 43.11950690362183], [6.37764102156603, 43.13727901617422], [6.388749799611287, 43.14252711624026], [6.3966053299492405, 43.143182915057906], [6.402783946700509, 43.14709218146717], [6.414165609137056, 43.14806949806949], [6.434652601522842, 43.14709218146717], [6.436928934010153, 43.146114864864856], [6.437904505076142, 43.143182915057906], [6.440180837563453, 43.14285714285713], [6.447009835025382, 43.151327220077214], [6.457296346852828, 43.15494576555242], [6.463417262310314, 43.15568055691973], [6.464244923857868, 43.15425916988416], [6.479854060913706, 43.15295608108107], [6.483756345177666, 43.15132722007721], [6.485707487309645, 43.14839527027026], [6.492211294416244, 43.14839527027026], [6.496113578680204, 43.15295608108107], [6.499955185567384, 43.15359749449203], [6.505495706750162, 43.152534307753754], [6.525770846988584, 43.16178542494875], [6.527865285042138, 43.16436805488465], [6.534160850253807, 43.166638513513504], [6.537737944162436, 43.17934362934362], [6.540014276649747, 43.17966940154439], [6.540989847715736, 43.18260135135134], [6.551721129441624, 43.1842302123552], [6.57676078680203, 43.18455598455598], [6.594646256345178, 43.182601351351344], [6.596557417333677, 43.18155703470131], [6.59899920544336, 43.17792636629883], [6.600174492385787, 43.17380550193049], [6.607003489847716, 43.16924469111969], [6.615783629441625, 43.1584942084942], [6.618059961928934, 43.15881998069497], [6.620986675126904, 43.16338079150578], [6.628791243654822, 43.16468388030887], [6.631392766497463, 43.16859314671814], [6.637896573604062, 43.16859314671814], [6.64082328680203, 43.16403233590732], [6.643099619289341, 43.163706563706555], [6.6421240482233515, 43.18325289575289], [6.665934426716043, 43.19531986698453], [6.671391180203046, 43.19563223938223], [6.676269035532996, 43.19888996138995], [6.675909954674241, 43.20104830144576], [6.677680591389316, 43.20206508736621], [6.67077381837934, 43.212709092915006], [6.663927063001336, 43.221032278858125], [6.667001904551656, 43.24018131040343], [6.687325507614214, 43.251013513513506], [6.696217388646186, 43.265523227174505], [6.692462350049274, 43.27159527323612], [6.683423223350254, 43.27349179536678], [6.680496510152285, 43.27740106177605], [6.675618654822335, 43.27837837837837], [6.668789657360406, 43.27772683397683], [6.665622656807211, 43.273345764623514], [6.650838859356445, 43.27044484085125], [6.648953045685279, 43.272188706563696], [6.64244923857868, 43.27316602316601], [6.633343908629442, 43.27284025096524], [6.630742385786802, 43.272188706563696], [6.629441624365483, 43.26990830115829], [6.621637055837564, 43.26827944015443], [6.595621827411168, 43.26827944015443], [6.589538539512768, 43.2695490594034], [6.596175902052754, 43.28506118308229], [6.6219622461928935, 43.29434121621621], [6.624238578680203, 43.29597007722007], [6.624886568374403, 43.29791752454097], [6.635458010834339, 43.30525348829765], [6.637896573604062, 43.304440154440144], [6.641798857868021, 43.30867519305018], [6.659359137055838, 43.3096525096525], [6.664887373096447, 43.31095559845559], [6.668139276649747, 43.31356177606177], [6.669114847715737, 43.317471042471034], [6.667163705583756, 43.32659266409265], [6.667814086294416, 43.33050193050192], [6.6704156091370574, 43.33115347490346], [6.674317893401016, 43.337017374517366], [6.677569796954314, 43.339297779922774], [6.6990323604060915, 43.34418436293436], [6.705861357868021, 43.34679054054053], [6.710740733228726, 43.35144790969548], [6.716333461998053, 43.351970056791025], [6.716458058504023, 43.367590340965045], [6.731283321849313, 43.38265488102413], [6.73059706693416, 43.39319326997149], [6.732526967005077, 43.39435328185327], [6.734803299492387, 43.4103161196911], [6.741307106598986, 43.415854247104235], [6.753013959390864, 43.4197635135135], [6.754951902074874, 43.42336898948706], [6.758656133244407, 43.42382099840582], [6.761468908629443, 43.419437741312734], [6.7702490482233495, 43.417157335907326], [6.7751269035533, 43.410641891891885], [6.784882614213198, 43.40868725868725], [6.789760469543148, 43.40966457528956], [6.790651075181687, 43.41174637330819], [6.79650062216243, 43.41296178081513], [6.8330107868020304, 43.4138996138996], [6.8435545719359485, 43.41498296267458], [6.846692745497889, 43.41412623016577], [6.8582255925041835, 43.416945199231264], [6.857097973564342, 43.4205366571771], [6.858375634517767, 43.421718146718135], [6.85876262425973, 43.43083976833975], [6.860697572969544, 43.434749034749025], [6.863406501163284, 43.43409749034748], [6.864567470389172, 43.42823359073358], [6.870235498625212, 43.42595318532817], [6.892991592938974, 43.42906204817893], [6.8973124490921105, 43.43917625745257], [6.919043937411954, 43.45002656701076], [6.923494589389318, 43.47247740256946], [6.925001750373643, 43.4747421890679], [6.94131239424704, 43.48328909266408], [6.944564297800341, 43.4924107142857], [6.952368866328259, 43.498926158301146], [6.952368866328259, 43.50576737451736], [6.94297580012531, 43.509660161272855], [6.94228796531303, 43.51195704633203], [6.939454750096167, 43.51290314117703], [6.9437630098125345, 43.52767303364151], [6.948466582064299, 43.530526061776044], [6.949872879874905, 43.53269346796513], [6.9573707387517505, 43.538401681540286], [6.962774957698817, 43.53997345559844], [6.966435126496636, 43.543988776020996], [6.971880287648055, 43.54453426640926], [6.975782571912015, 43.548443532818524], [6.9855382825719134, 43.54942084942084], [7.003098561759731, 43.548443532818524], [7.00635046531303, 43.545511583011574], [7.018057318104908, 43.54746621621621], [7.024561125211507, 43.547140444015426], [7.026837457698817, 43.53964768339767], [7.029764170896787, 43.537693050193035], [7.027813028764807, 43.52205598455597], [7.029113790186127, 43.519449806949794], [7.031715313028767, 43.51814671814671], [7.038670170035463, 43.51775089886904], [7.041471023688665, 43.51619208494208], [7.041145833333335, 43.51391167953667], [7.0382191201353645, 43.51293436293435], [7.037568739424705, 43.51097972972972], [7.039519881556686, 43.50641891891891], [7.043096975465315, 43.504138513513496], [7.047974830795264, 43.50576737451736], [7.051877115059223, 43.50967664092663], [7.050901543993233, 43.51260859073358], [7.0479748307952645, 43.513585907335894], [7.048843879194061, 43.51663301902555], [7.057869800059869, 43.517364841577425], [7.067885405784208, 43.51624989837788], [7.050397353416179, 43.522079907217666], [7.0505763536379025, 43.52270752895751], [7.046999259729275, 43.52433638996138], [7.0460236886632845, 43.527594111969094], [7.0382191201353645, 43.52889720077219], [7.036267978003385, 43.53182915057914], [7.0382191201353645, 43.53443532818531], [7.044722927241965, 43.53834459459458], [7.046999259729275, 43.54323117760616], [7.051551924703893, 43.5451858108108], [7.055225043323168, 43.54991684175058], [7.066861675010611, 43.559232388798065], [7.076916772419629, 43.560822876447865], [7.0788679145516085, 43.56408059845559], [7.0808190566835885, 43.56473214285713], [7.092525909475467, 43.56603523166022], [7.093826670896787, 43.56929295366795], [7.09726428184044, 43.5699631831499], [7.098379335871405, 43.56929295366795], [7.099354906937395, 43.56603523166022], [7.108460236886634, 43.56408059845559], [7.109435807952624, 43.560822876447865], [7.113338092216583, 43.55886824324323], [7.114313663282573, 43.55007239382238], [7.118215947546533, 43.5451858108108], [7.122118231810492, 43.54420849420848], [7.133825084602369, 43.5451858108108], [7.13545103637902, 43.548443532818524], [7.140003701353639, 43.551375482625474], [7.140003701353639, 43.557890926640916], [7.1357762267343485, 43.56212596525096], [7.1292724196277515, 43.59405164092663], [7.127971658206431, 43.59633204633204], [7.126604827216889, 43.596788471860705], [7.12579022960098, 43.60049717550868], [7.128947229272422, 43.60317326254825], [7.130898371404401, 43.62597731660231], [7.134800655668359, 43.6295608108108], [7.136101417089679, 43.637379343629334], [7.140003701353639, 43.63900820463319], [7.14097927241963, 43.64226592664092], [7.148783840947548, 43.643894787644776], [7.150734983079528, 43.6471525096525], [7.1517105541455175, 43.6530164092664], [7.154962457698817, 43.653993725868716], [7.156336745379613, 43.65674721910693], [7.168620452622675, 43.658554536679524], [7.171547165820645, 43.656925675675666], [7.172197546531304, 43.65464527027026], [7.178050972927243, 43.65366795366794], [7.181302876480542, 43.65464527027026], [7.182928828257192, 43.65790299227798], [7.191708967851102, 43.6588803088803], [7.196586823181051, 43.656925675675666], [7.197562394247041, 43.65236486486486], [7.2004891074450095, 43.64910714285713], [7.202959075348794, 43.6488714869254], [7.204433058643724, 43.64626974272601], [7.213016723541909, 43.6499667016541], [7.230084157694379, 43.66399006903452], [7.228570334086089, 43.66890301064497], [7.230302861469003, 43.67758114714531], [7.240955352898992, 43.686185095760194], [7.257163760814182, 43.69314401697861], [7.277172097824475, 43.694605026095374], [7.284713409475467, 43.693412162162154], [7.287965313028766, 43.69145752895752], [7.291217216582066, 43.686896718146706], [7.300972927241964, 43.68494208494207], [7.30595848182879, 43.688521386492866], [7.318387951111613, 43.686846313248274], [7.319183587140441, 43.680381274131264], [7.321134729272421, 43.67777509652509], [7.32698815566836, 43.675820463320456], [7.329589678511, 43.680381274131264], [7.3360934856175986, 43.68429054054053], [7.3380446277495786, 43.686896718146706], [7.337719437394249, 43.68917712355211], [7.334792724196279, 43.69015444015443], [7.333184825632633, 43.69341192922483], [7.340997049697238, 43.70858115205856], [7.34552726988329, 43.712013653245286], [7.348775909475465, 43.712958494208486], [7.352450933218841, 43.71699966844325], [7.363084285109984, 43.72077702702702], [7.378171411254361, 43.72140157746998], [7.403756011702077, 43.71950240156559], [7.41124858138691, 43.726608750654414], [7.420317787648056, 43.727618243243235], [7.422268929780035, 43.7315275096525], [7.425520833333335, 43.73250482625482], [7.4263888806785285, 43.73772242922581], [7.4320018826883585, 43.74109633807763], [7.452315911351846, 43.757341258866354], [7.4599910109983085, 43.757589285714275], [7.462917724196279, 43.755960424710416], [7.463568104906939, 43.75368001930501], [7.471372673434857, 43.75237693050192], [7.4739741962774975, 43.74846766409265], [7.479827622673437, 43.747490347490334], [7.483079526226736, 43.7513996138996], [7.483729906937396, 43.760521235521225], [7.486656620135364, 43.767036679536666], [7.4983634729272435, 43.769317084942074], [7.499989424703894, 43.7725748069498], [7.507793993231811, 43.77420366795366], [7.509745135363792, 43.780067567567556], [7.5165741328257205, 43.78332528957528], [7.539337457698817, 43.783651061776055], [7.546166455160746, 43.7820222007722], [7.548117597292727, 43.77909025096525], [7.552670262267345, 43.77876447876447], [7.555922165820644, 43.780719111969105], [7.556572546531305, 43.78527992277992], [7.559824450084603, 43.787234555984554], [7.576083967851101, 43.78918918918918], [7.598847292724198, 43.788863416988406], [7.605351099830797, 43.788211872586864], [7.610879335871406, 43.78495415057914], [7.615432000846026, 43.7843026061776], [7.64274799069374, 43.78299951737451], [7.64795103637902, 43.77909025096525], [7.659657889170899, 43.777787162162156], [7.662584602368868, 43.77387789575289], [7.669088409475466, 43.77387789575289], [7.672990693739426, 43.77941602316602], [7.680795262267345, 43.78462837837837], [7.682096023688665, 43.788211872586864], [7.689900592216584, 43.789514961389955], [7.692718023035957, 43.792707262804115], [7.724370769881559, 43.79440154440154], [7.7416058587140455, 43.79635617760617], [7.7458333333333345, 43.798310810810804], [7.750711188663282, 43.804174710424704], [7.757540186125214, 43.80515202702702], [7.761117280033843, 43.80906129343629], [7.783880604906939, 43.81101592664092], [7.7861569373942485, 43.814273648648644], [7.793961505922168, 43.81557673745173], [7.795912648054147, 43.81850868725868], [7.798514170896786, 43.81916023166022], [7.821927876480542, 43.81720559845559], [7.8349354906937405, 43.81753137065637], [7.83753701353638, 43.81916023166023], [7.83851258460237, 43.82502413127413], [7.84176448815567, 43.82600144787644], [7.84274005922166, 43.82893339768339], [7.847292724196278, 43.830236486486484], [7.911030033840949, 43.836751930501926], [7.915582698815569, 43.83805501930502], [7.916558269881558, 43.84033542471042], [7.918509412013538, 43.84098696911197], [7.930216264805416, 43.84229005791505], [7.933468168358716, 43.84587355212355], [7.96631239424704, 43.8533663127413], [7.97281620135364, 43.86020752895752], [7.987449767343486, 43.86313947876447], [7.989400909475466, 43.86639720077219], [7.991352051607446, 43.86704874517373], [8.001107762267345, 43.86770028957528], [8.005335236886634, 43.87160955598455], [8.007936759729272, 43.8722611003861], [8.023545896785112, 43.87356418918918], [8.025497038917091, 43.876821911196906], [8.035577939932317, 43.879753861003856], [8.038504653130289, 43.884314671814664], [8.041431366328258, 43.8862693050193], [8.069722927241965, 43.88920125482625], [8.073625211505924, 43.89311052123551], [8.08142978003384, 43.8944136100386], [8.082405351099831, 43.89767133204632], [8.086307635363791, 43.899625965250955], [8.087283206429781, 43.908421814671804], [8.091185490693741, 43.91330839768339], [8.10679462774958, 43.91526303088803], [8.109396150592218, 43.91884652509652], [8.125655668358714, 43.92503619691119], [8.129557952622672, 43.92829391891891], [8.139313663282575, 43.94197635135134], [8.144516708967853, 43.94523407335907], [8.16467851099831, 43.95077220077219], [8.168580795262269, 43.953378378378375], [8.170531937394248, 43.95663610038609], [8.170206747038918, 43.96347731660231], [8.169556366328258, 43.96543194980694], [8.1656540820643, 43.96836389961389], [8.164353320642979, 43.976182432432424], [8.160451036379019, 43.9787886100386], [8.160451036379019, 43.98530405405405], [8.164353320642979, 43.98791023166022], [8.165328891708969, 43.99377413127412], [8.168255604906939, 43.99898648648648], [8.179962457698817, 44.00843388030887], [8.181588409475467, 44.01234314671814], [8.190043358714046, 44.01429777992277], [8.200449450084605, 44.02602557915057], [8.205652495769883, 44.02895752895752], [8.212481493231813, 44.02700289575289], [8.21898530033841, 44.019184362934354], [8.223863155668361, 44.01853281853281], [8.22581429780034, 44.01951013513513], [8.22776543993232, 44.02439671814671], [8.22711505922166, 44.03123793436293], [8.223863155668361, 44.03416988416988], [8.21800972927242, 44.035147200772194], [8.21735934856176, 44.037427606177594], [8.21931049069374, 44.03905646718145], [8.223863155668361, 44.03938223938223], [8.22581429780034, 44.0419884169884], [8.22776543993232, 44.05501930501929], [8.228506012856096, 44.07282485679585], [8.229660241009448, 44.080930569446835], [8.23199291455161, 44.082384169884165], [8.23361886632826, 44.09802123552122], [8.236870769881559, 44.10193050193049], [8.243699767343486, 44.10388513513512], [8.249228003384095, 44.11170366795366], [8.252805097292725, 44.11300675675675], [8.253780668358715, 44.118870656370646], [8.255731810490694, 44.12212837837837], [8.263536379018614, 44.12375723938223], [8.264837140439933, 44.12734073359073], [8.272641708967853, 44.132878861003846], [8.275893612521152, 44.14200048262548], [8.294104272419627, 44.149493243243235], [8.297356175972928, 44.153728281853276], [8.305160744500848, 44.15503137065636], [8.307111886632828, 44.158289092664084], [8.325322546531305, 44.16024372586872], [8.327924069373946, 44.163501447876435], [8.330525592216585, 44.16415299227798], [8.34353320642978, 44.164804536679526], [8.3513377749577, 44.16936534749034], [8.366946912013539, 44.170668436293425], [8.368898054145518, 44.17392615830115], [8.376702622673436, 44.17522924710424], [8.381025077374566, 44.17920251589288], [8.403043041455163, 44.18109314671814], [8.406620135363791, 44.18500241312741], [8.414424703891708, 44.18630550193049], [8.4154002749577, 44.189563223938215], [8.41930255922166, 44.19216940154439], [8.420278130287649, 44.2003137065637], [8.41930255922166, 44.21497345559845], [8.416050655668359, 44.217253861003854], [8.41507508460237, 44.22051158301157], [8.416050655668359, 44.22637548262547], [8.41930255922166, 44.22735279922779], [8.420928510998309, 44.231262065637054], [8.428733079526229, 44.232565154440145], [8.431334602368867, 44.23647442084941], [8.439139170896787, 44.23810328185327], [8.443041455160746, 44.24820222007721], [8.447594120135367, 44.25113416988416], [8.450846023688666, 44.25569498069497], [8.450520833333336, 44.26774855212354], [8.447268929780037, 44.2693774131274], [8.445968168358716, 44.277195945945934], [8.444484700422251, 44.27815131023348], [8.443009971402184, 44.283918058064984], [8.445317787648056, 44.2846887065637], [8.44732793332165, 44.288609794795654], [8.46190249576988, 44.291529922779915], [8.465154399323183, 44.296090733590724], [8.521681827285635, 44.29804536679536], [8.63343592178922, 44.29934845559845], [8.800416682833937, 44.29999999999999], [9.189279681109175, 44.299674227799215], [9.355935251798563, 44.29804536679536], [9.357891187050361, 44.29511341698841], [9.365714928057555, 44.293810328185316], [9.36734487410072, 44.2905526061776], [9.370560238612113, 44.290093574166974], [9.375728327583333, 44.272989588665965], [9.39678084368834, 44.266383730408904], [9.398639838129498, 44.25895270270269], [9.401899730215828, 44.25797538610038], [9.402877697841728, 44.25504343629343], [9.423415017985613, 44.25602075289574], [9.437474036327112, 44.24092330277136], [9.443977041584054, 44.24024218051215], [9.444604316546762, 44.23940637065636], [9.459273830935253, 44.23647442084941], [9.460251798561153, 44.234194015444004], [9.46416366906475, 44.232565154440145], [9.477203237410073, 44.232565154440145], [9.48111510791367, 44.234194015444004], [9.48209307553957, 44.237125965250954], [9.4853529676259, 44.237125965250954], [9.486982913669067, 44.23289092664092], [9.49480665467626, 44.22767857142856], [9.497414568345324, 44.22279198841698], [9.501742382443945, 44.2220711662312], [9.506697228939153, 44.219395459825336], [9.509150179856118, 44.2120415057915], [9.515669964028778, 44.21106418918918], [9.519581834532376, 44.207154922779914], [9.537185251798562, 44.2061776061776], [9.546964928057555, 44.204222972972964], [9.548920863309354, 44.20226833976833], [9.550876798561152, 44.19640444015443], [9.555440647482015, 44.19575289575289], [9.560656474820146, 44.19282094594594], [9.571088129496406, 44.18109314671813], [9.580541816546763, 44.17816119691119], [9.587061600719426, 44.17034266409266], [9.595211330935253, 44.16871380308879], [9.59781924460432, 44.16382722007721], [9.605642985611514, 44.15861486486486], [9.606620953237412, 44.15503137065636], [9.610532823741007, 44.1534025096525], [9.611510791366907, 44.1475386100386], [9.613466726618707, 44.14428088803088], [9.619986510791367, 44.14330357142856], [9.622594424460434, 44.139394305019295], [9.630418165467628, 44.13809121621621], [9.633026079136693, 44.134181949806944], [9.636285971223023, 44.13320463320462], [9.643131744604318, 44.135159266409254], [9.646065647482015, 44.13972007722007], [9.650629496402878, 44.14297779922779], [9.662691097122302, 44.14265202702702], [9.664321043165469, 44.139394305019295], [9.674426708633096, 44.136462355212345], [9.677360611510792, 44.131901544401536], [9.682902428057554, 44.127666505791495], [9.696267985611513, 44.12343146718146], [9.698875899280576, 44.12212837837837], [9.70115782374101, 44.11854488416988], [9.7128934352518, 44.11691602316601], [9.715827338129499, 44.113658301158296], [9.716805305755397, 44.107794401544396], [9.720065197841729, 44.10681708494208], [9.722021133093527, 44.10290781853281], [9.733756744604317, 44.10127895752895], [9.735712679856118, 44.09997586872586], [9.73799460431655, 44.093460424710415], [9.75625, 44.08955115830115], [9.758531924460431, 44.08303571428571], [9.760487859712232, 44.081732625482616], [9.770593525179859, 44.08042953667953], [9.781025179856115, 44.0713079150579], [9.79406474820144, 44.06870173745173], [9.799606564748203, 44.062186293436284], [9.819817895683455, 44.05827702702702], [9.825033723021585, 44.051761583011576], [9.830698015376322, 44.04957041332507], [9.833307166346966, 44.04369971231022], [9.836069104448699, 44.043392650730745], [9.836769334532374, 44.04003378378377], [9.840681205035974, 44.03840492277991], [9.841985161870506, 44.03449565637065], [9.845245053956836, 44.03449565637065], [9.846875, 44.03840492277991], [9.852742805755398, 44.03938223938223], [9.85437275179856, 44.04133687258686], [9.855024730215828, 44.04524613899613], [9.853394784172664, 44.05892857142856], [9.853720773381298, 44.065118243243234], [9.855676708633094, 44.06967905405405], [9.85926258992806, 44.072611003861], [9.87099820143885, 44.076520270270265], [9.874258093525182, 44.08010376447876], [9.891861510791369, 44.081081081081074], [9.90164118705036, 44.078149131274124], [9.903597122302159, 44.075217181467174], [9.90457508992806, 44.06837596525096], [9.906531025179856, 44.066421332046325], [9.91924460431655, 44.063489382239375], [9.92478642086331, 44.05664816602315], [9.944019784172664, 44.048178088803084], [9.946301708633095, 44.04133687258686], [9.948257643884894, 44.04003378378377], [9.959993255395684, 44.03840492277991], [9.96260116906475, 44.035147200772194], [9.970750899280576, 44.03416988416988], [9.985420413669067, 44.035147200772194], [9.987702338129498, 44.03840492277991], [9.995526079136692, 44.039708011583], [9.998133992805757, 44.04361727799227], [10.004001798561152, 44.044594594594585], [10.007261690647482, 44.04361727799227], [10.009217625899282, 44.04035955598455], [10.028450989208634, 44.0374276061776], [10.034644784172663, 44.03091216216215], [10.058441996402879, 44.0279802123552], [10.062027877697842, 44.02407094594594], [10.069851618705037, 44.022767857142846], [10.071481564748204, 44.01951013513513], [10.085173111510791, 44.017555501930495], [10.087129046762591, 44.01364623552123], [10.091040917266188, 44.01234314671814], [10.093322841726621, 44.007456563706555], [10.102124550359715, 44.00126689189189], [10.108644334532375, 43.99214527027026], [10.117772032374102, 43.98562982625482], [10.122335881294966, 43.9787886100386], [10.131789568345326, 43.97585666023165], [10.142221223021583, 43.96412886100385], [10.147437050359713, 43.9611969111969], [10.15330485611511, 43.960219594594584], [10.155912769784173, 43.95533301158301], [10.162432553956837, 43.95142374517374], [10.165366456834535, 43.94588561776061], [10.180035971223024, 43.93383204633204], [10.186881744604317, 43.924384652509644], [10.19372751798561, 43.919823841698836], [10.196335431654678, 43.91070222007721], [10.205463129496405, 43.90223214285714], [10.206767086330936, 43.89539092664092], [10.217850719424462, 43.89050434362933], [10.225674460431657, 43.8804054054054], [10.237410071942447, 43.87063223938223], [10.236432104316547, 43.86770028957528], [10.233172212230217, 43.866722972972966], [10.232194244604317, 43.860859073359066], [10.233172212230217, 43.85760135135135], [10.236432104316547, 43.85532094594594], [10.238388039568346, 43.832516891891885], [10.241973920863312, 43.829584942084935], [10.24718974820144, 43.81394787644787], [10.249797661870506, 43.8100386100386], [10.252079586330936, 43.80938706563706], [10.25338354316547, 43.80156853281853], [10.257295413669066, 43.79733349420848], [10.259251348920865, 43.76540781853281], [10.263163219424461, 43.76019546332045], [10.264467176258993, 43.74846766409265], [10.267727068345327, 43.74683880308879], [10.268705035971225, 43.74358108108107], [10.267727068345327, 43.73771718146717], [10.264467176258993, 43.736414092664084], [10.263489208633095, 43.73315637065636], [10.263815197841726, 43.72859555984555], [10.266749100719426, 43.72664092664092], [10.268379046762593, 43.7197997104247], [10.26805305755396, 43.69666988416987], [10.264793165467626, 43.6881998069498], [10.260229316546763, 43.68494208494207], [10.258925359712231, 43.6823359073359], [10.258273381294964, 43.67516891891891], [10.260229316546763, 43.66930501930501], [10.26805305755396, 43.66246380308879], [10.269683003597123, 43.65431949806949], [10.272942895683453, 43.65203909266408], [10.274246852517987, 43.63249276061775], [10.274898830935253, 43.62923503861003], [10.278484712230217, 43.62467422779922], [10.28402652877698, 43.58916505791505], [10.28826438848921, 43.57874034749034], [10.292828237410074, 43.57580839768339], [10.294784172661872, 43.57157335907335], [10.292828237410074, 43.56473214285713], [10.286308453237414, 43.559519787644774], [10.284352517985614, 43.55202702702701], [10.284352517985614, 43.54681467181466], [10.28728642086331, 43.54029922779921], [10.294132194244606, 43.538996138996126], [10.297066097122304, 43.49424117197553], [10.2990220323741, 43.40473123793434], [10.3, 43.09144646879021], [10.298696043165467, 42.95718156772843], [10.296088129496404, 42.86767163368725], [10.29228642740534, 42.82417708253807], [10.2794287610441, 42.82510574826037], [10.277180755395685, 42.82779947916666], [10.269357014388492, 42.8291015625], [10.267727068345327, 42.8330078125], [10.26414118705036, 42.832682291666664], [10.261533273381295, 42.82942708333333], [10.260229316546765, 42.824869791666664], [10.264141187050361, 42.82291666666666], [10.272942895683453, 42.821940104166664], [10.273646, 42.81943273467432], [10.271964928057553, 42.818033854166664], [10.265445143884893, 42.81673177083333], [10.264532875245012, 42.81308793919702], [10.262461957370682, 42.81200743281716], [10.26424743711562, 42.81194782712848], [10.262511241007195, 42.80501302083333], [10.260555305755396, 42.80305989583333], [10.2566916528892, 42.802437621375134], [10.2420921318039, 42.80167174068923], [10.224119529403652, 42.80295108835406], [10.21160398653987, 42.806457482173606], [10.189532363522936, 42.81543236817689], [10.17945254760356, 42.81724280645904], [10.158422617813352, 42.81579879270673], [10.133485588945703, 42.81048875151928], [10.115636854003663, 42.80156522115242], [10.112882194244607, 42.80110677083333], [10.110939296734973, 42.797100693228735], [10.105710431654678, 42.79361979166666], [10.103754496402878, 42.79069010416666], [10.10179856115108, 42.77213541666666], [10.103754496402878, 42.76236979166666], [10.105710431654678, 42.76041666666666], [10.107790606147475, 42.75997155543744], [10.108142570884086, 42.75822772121552], [10.111972917975885, 42.75519961209324], [10.113208183453239, 42.74576822916666], [10.117120053956835, 42.743815104166664], [10.118424010791369, 42.74055989583333], [10.130485611510792, 42.738932291666664], [10.138961330935254, 42.731119791666664], [10.14808902877698, 42.72916666666666], [10.159498651079138, 42.72949218749999], [10.16275854316547, 42.73014322916666], [10.164388489208635, 42.73242187499999], [10.167322392086334, 42.73339843749999], [10.173190197841729, 42.73404947916666], [10.202529226618706, 42.73404947916666], [10.2113309352518, 42.73242187499999], [10.212634892086331, 42.73014322916666], [10.215242805755397, 42.72949218749999], [10.230890287769785, 42.728190104166664], [10.232846223021584, 42.72493489583333], [10.238714028776979, 42.72395833333333], [10.241973920863312, 42.72591145833333], [10.243603866906476, 42.73372395833333], [10.246863758992806, 42.73470052083333], [10.247841726618706, 42.73763020833333], [10.249797661870504, 42.73860677083333], [10.273268884892088, 42.7392578125], [10.279136690647483, 42.73763020833333], [10.281092625899282, 42.73470052083333], [10.288916366906475, 42.7353515625], [10.289894334532374, 42.73860677083333], [10.293806205035974, 42.74055989583333], [10.295110161870506, 42.75227864583333], [10.29576214028777, 42.75423177083333], [10.298044064748202, 42.75520833333333], [10.3, 42.60286458333333], [10.2990220323741, 42.42447916666666], [10.297066097122304, 42.37239583333333], [10.294132194244606, 42.34505208333333], [10.28728642086331, 42.34016927083333], [10.284352517985614, 42.33528645833333], [10.288590377697844, 42.33235677083333], [10.290220323741007, 42.32063802083333], [10.293480215827339, 42.31770833333333], [10.296088129496404, 42.31770833333333], [10.2980440647482, 42.23535156249999], [10.3, 41.82356770833333], [10.3, 41.49414062499999], [10.25990332733813, 41.24707031249999], [10.17970998201439, 41.08235677083333], [10.059419964028779, 40.99999999999999], [9.778417266187052, 41.00065104166666], [9.697571942446046, 41.00195312499999], [9.656647100389185, 41.003899126999826], [9.651281474820145, 41.01041666666666], [9.648999550359715, 41.01009114583333], [9.6480281650223, 41.00815116649568], [9.64376073988884, 41.0102564450992], [9.615499326090418, 41.01810711264656], [9.611125249331725, 41.01828120052104], [9.605968974820147, 41.02278645833333], [9.60010116906475, 41.02408854166666], [9.576303956834535, 41.02311197916666], [9.571088129496404, 41.02506510416666], [9.567828237410072, 41.02864583333333], [9.566524280575543, 41.03385416666666], [9.563590377697844, 41.03743489583333], [9.55902652877698, 41.03938802083333], [9.552832733812952, 41.03971354166666], [9.53914118705036, 41.03841145833333], [9.535229316546763, 41.03971354166666], [9.533273381294965, 41.04231770833333], [9.535229316546765, 41.05208333333333], [9.541749100719425, 41.05696614583333], [9.543705035971225, 41.06119791666666], [9.541749100719425, 41.06705729166666], [9.537185251798563, 41.06770833333333], [9.533925359712232, 41.07063802083333], [9.534213140512856, 41.08083469681702], [9.535229316546765, 41.08235677083333], [9.539793165467627, 41.08333333333333], [9.543053057553958, 41.08235677083333], [9.543705035971225, 41.08007812499999], [9.547616906474822, 41.07942708333333], [9.556744604316549, 41.08138020833333], [9.563264388489209, 41.08496093749999], [9.565546312949643, 41.09309895833333], [9.568806205035973, 41.09537760416666], [9.569784172661873, 41.11002604166666], [9.56848021582734, 41.11490885416666], [9.565872302158276, 41.11816406249999], [9.560686163125338, 41.12005146111443], [9.55854389330851, 41.124625], [9.553266041236128, 41.124625], [9.546825853476093, 41.11957637768193], [9.544439084789868, 41.11994412611893], [9.544031025179859, 41.12727864583333], [9.545660971223024, 41.13020833333333], [9.54859487410072, 41.13118489583333], [9.548920863309354, 41.13346354166666], [9.546964928057555, 41.13509114583333], [9.539141187050362, 41.13639322916666], [9.537837230215828, 41.13997395833333], [9.530013489208635, 41.14550781249999], [9.526753597122305, 41.15429687499999], [9.520233812949643, 41.15624999999999], [9.511432104316548, 41.15559895833333], [9.509476169064751, 41.15429687499999], [9.510454136690647, 41.14973958333333], [9.508498201438849, 41.14778645833333], [9.50328237410072, 41.14648437499999], [9.469381853834022, 41.14466955799804], [9.460090934368862, 41.14035549317457], [9.463326558797139, 41.138789710184945], [9.465337852205652, 41.13646578648724], [9.464489658273383, 41.12630208333333], [9.459599820143886, 41.12304687499999], [9.455361960431656, 41.11653645833333], [9.44851618705036, 41.11458333333333], [9.445256294964029, 41.11848958333333], [9.442648381294966, 41.13509114583333], [9.436128597122304, 41.14062499999999], [9.432868705035972, 41.15332031249999], [9.430260791366909, 41.15527343749999], [9.417221223021583, 41.15657552083333], [9.413309352517986, 41.15820312499999], [9.413961330935253, 41.16080729166666], [9.423089028776982, 41.16829427083333], [9.423741007194247, 41.17317708333333], [9.420874, 41.17542667643678], [9.420874, 41.179232], [9.403760146202437, 41.18023889157061], [9.389694, 41.185283641525935], [9.389694, 41.18209064415708], [9.384948291366907, 41.18261718749999], [9.38201438848921, 41.18424479166666], [9.38103642086331, 41.18652343749999], [9.37681435256299, 41.187226104518366], [9.366180633192304, 41.195033425836414], [9.365388938848922, 41.20214843749999], [9.362129046762591, 41.20345052083333], [9.35984712230216, 41.20735677083333], [9.357239208633095, 41.20800781249999], [9.348111510791368, 41.20833333333333], [9.345486740447726, 41.20742606440652], [9.33654904676528, 41.20975798270479], [9.335770173055467, 41.20122190954934], [9.327900179856115, 41.19270833333333], [9.325618255395685, 41.19303385416666], [9.32301034172662, 41.19694010416666], [9.313239412371919, 41.19807840807735], [9.312111147547094, 41.19939827550576], [9.31006930454043, 41.19844772260322], [9.303450989208635, 41.19921874999999], [9.300191097122303, 41.20182291666666], [9.298561151079138, 41.20572916666666], [9.297583183453238, 41.21484374999999], [9.295627248201441, 41.21744791666666], [9.285521582733814, 41.22005208333333], [9.282913669064751, 41.22265624999999], [9.277371852517987, 41.23567708333333], [9.274111960431656, 41.23828124999999], [9.263706291068793, 41.239765638384064], [9.257199183590497, 41.24802866222597], [9.24686196230497, 41.2462497708263], [9.245750899280576, 41.24902343749999], [9.239883093525181, 41.24999999999999], [9.23662320143885, 41.25195312499999], [9.234667266187051, 41.25846354166666], [9.229555402562331, 41.26063151419599], [9.219019784172662, 41.25976562499999], [9.216411870503599, 41.25846354166666], [9.215297702754572, 41.25528477900011], [9.212718970542783, 41.25433653752961], [9.189533719644341, 41.24930694023553], [9.181205035971225, 41.24999999999999], [9.173707284172664, 41.24804687499999], [9.167513489208636, 41.24218749999999], [9.158385791366909, 41.24348958333333], [9.143716276978418, 41.24837239583333], [9.142086330935253, 41.24804687499999], [9.141108363309353, 41.24511718749999], [9.137848471223023, 41.24414062499999], [9.136870503597123, 41.23828124999999], [9.138500449640288, 41.23632812499999], [9.14401966268954, 41.235501432528174], [9.147063022912855, 41.23193745004827], [9.151276705022797, 41.234414440195934], [9.158059802158274, 41.23339843749999], [9.161319694244606, 41.23144531249999], [9.16294964028777, 41.22851562499999], [9.161971672661872, 41.21972656249999], [9.15871178057554, 41.21809895833333], [9.157407823741009, 41.21028645833333], [9.153495953237412, 41.20638020833333], [9.152843974820145, 41.18294270833333], [9.154473920863312, 41.17708333333333], [9.157407823741009, 41.17610677083333], [9.157733812949642, 41.17382812499999], [9.156755845323742, 41.17220052083333], [9.153495953237412, 41.17122395833333], [9.152517985611512, 41.16536458333333], [9.150562050359714, 41.16210937499999], [9.144042266187054, 41.16113281249999], [9.140130395683455, 41.15755208333333], [9.11665917266187, 41.15917968749999], [9.112747302158274, 41.15722656249999], [9.110791366906476, 41.15364583333333], [9.110791366906476, 41.14843749999999], [9.107857464028779, 41.14192708333333], [9.096121852517985, 41.13964843749999], [9.095143884892087, 41.13736979166666], [9.092535971223022, 41.13639322916666], [9.061241007194246, 41.13574218749999], [9.053417266187052, 41.13736979166666], [9.053417266187052, 41.13867187499999], [9.049505395683456, 41.14029947916666], [9.040377697841729, 41.14062499999999], [9.033857913669067, 41.13964843749999], [9.029620053956837, 41.13574218749999], [9.017884442446043, 41.13444010416666], [9.016254496402878, 41.13118489583333], [9.010386690647483, 41.13020833333333], [9.007126798561153, 41.12825520833333], [9.005496852517988, 41.12044270833333], [9.002236960431656, 41.11946614583333], [9.00060701438849, 41.11555989583333], [8.991479316546762, 41.11360677083333], [8.990501348920864, 41.11035156249999], [8.985937500000002, 41.10742187499999], [8.984633543165469, 41.09960937499999], [8.980721672661872, 41.09798177083333], [8.979743705035972, 41.09472656249999], [8.971267985611512, 41.09244791666666], [8.958228417266188, 41.07421874999999], [8.949752697841728, 41.07194010416666], [8.948122751798563, 41.06803385416666], [8.944862859712233, 41.06705729166666], [8.943954069101657, 41.06161238240503], [8.94119168883933, 41.06006750393657], [8.939131998385557, 41.05667937979364], [8.926607464028779, 41.05240885416666], [8.91519784172662, 41.04231770833333], [8.905092176258993, 41.04134114583333], [8.903136241007196, 41.04069010416666], [8.900202338129498, 41.03678385416666], [8.892378597122304, 41.03548177083333], [8.89074865107914, 41.03222656249999], [8.879013039568346, 41.03059895833333], [8.876079136690649, 41.02734374999999], [8.875101169064749, 41.02278645833333], [8.863691546762592, 41.01953124999999], [8.862387589928058, 41.01692708333333], [8.863691546762592, 41.00781249999999], [8.82675302889034, 41.00390624999999], [8.751572036311309, 41.00130208333333], [8.638148569025493, 40.99999999999999], [8.372733170538444, 41.00065104166666], [8.296900199542144, 41.00195312499999], [8.258983714043994, 41.00390624999999], [8.257032571912015, 41.01074218749999], [8.250528764805415, 41.01529947916666], [8.249495466045978, 41.0175405683629], [8.249553193739425, 41.02539062499999], [8.252479906937396, 41.02669270833333], [8.250203574450085, 41.03483072916666], [8.252479906937394, 41.03841145833333], [8.259308904399326, 41.04329427083333], [8.263861569373944, 41.05013020833333], [8.273942470389173, 41.05403645833333], [8.275142221951914, 41.05884034162317], [8.28908409391414, 41.060622487292015], [8.291827939932318, 41.05826822916666], [8.314591264805415, 41.05631510416666], [8.317192787648056, 41.05305989583333], [8.322070642978003, 41.05208333333333], [8.330850782571913, 41.05305989583333], [8.332151543993234, 41.05631510416666], [8.335078257191203, 41.05729166666666], [8.336053828257192, 41.05924479166666], [8.336913933380876, 41.071642892351946], [8.339975281264607, 41.07488480230925], [8.343187401624801, 41.08628040543615], [8.342582173191479, 41.088817027821854], [8.346785109983081, 41.08951822916666], [8.34711030033841, 41.09277343749999], [8.34320801607445, 41.09407552083333], [8.3415820642978, 41.09798177083333], [8.338869919597009, 41.098434254324225], [8.33119764025132, 41.10471853324797], [8.32655601031806, 41.112001922525124], [8.324455164524196, 41.11812772814648], [8.324597563034871, 41.123459364373375], [8.31587459872968, 41.118352990728546], [8.312314932318106, 41.11979166666666], [8.30548593485618, 41.11783854166666], [8.300282889170898, 41.11132812499999], [8.281096658206433, 41.10839843749999], [8.279145516074452, 41.10514322916666], [8.273292089678511, 41.10416666666666], [8.270040186125213, 41.10221354166666], [8.269714995769883, 41.09570312499999], [8.273617280033843, 41.09309895833333], [8.274918041455162, 41.08528645833333], [8.279237714325284, 41.08250670368803], [8.278931761130702, 41.07935728013245], [8.277844754653133, 41.07845052083333], [8.270040186125213, 41.07714843749999], [8.268414234348562, 41.07389322916666], [8.256707381556685, 41.07194010416666], [8.253780668358715, 41.06705729166666], [8.252805097292725, 41.05826822916666], [8.249553193739425, 41.05696614583333], [8.248965983313164, 41.05520272427886], [8.244401235375982, 41.052239373534775], [8.229066201353639, 41.04882812499999], [8.21931049069374, 41.04427083333333], [8.21735934856176, 41.04101562499999], [8.216383777495771, 41.03222656249999], [8.212481493231813, 41.03027343749999], [8.212156302876481, 41.02799479166666], [8.214107445008462, 41.02636718749999], [8.22061125211506, 41.02571614583333], [8.22256239424704, 41.02278645833333], [8.221586823181049, 41.02115885416666], [8.21833491962775, 41.02018229166666], [8.215408206429782, 41.01009114583333], [8.208904399323181, 41.00585937499999], [8.206953257191202, 41.00195312499999], [7.2118995214678545, 41.00032552083333], [4.890107471446709, 40.99999999999999], [3.8950537357233608, 41.04427083333333], [3.2316845785744617, 41.13281249999999], [2.9000000000000123, 41.26562499999999], [2.9000000000000123, 41.44270833333333], [2.9029296875000123, 41.66406249999999], [2.9058593750000123, 41.70833333333333], [2.9126953125000123, 41.70865885416666], [2.9146484375000123, 41.70930989583333], [2.9155829042292316, 41.71086734038202], [2.9321831750686034, 41.71384309952692], [2.9403397418918513, 41.72375805254502], [2.946223958333346, 41.72493489583333]], [[6.141330901015229, 43.01808638996138], [6.145233185279189, 43.018737934362925], [6.144582804568529, 43.02264720077219], [6.141330901015229, 43.02264720077219], [6.140355329949239, 43.02101833976833], [6.141330901015229, 43.01808638996138]], [[8.880316996402879, 42.62565104166666], [8.876731115107916, 42.62434895833333], [8.872819244604319, 42.61848958333333], [8.870409354946522, 42.61698307105303], [8.837692559309152, 42.61263020833333], [8.834570642978004, 42.61067708333333], [8.83085721678913, 42.60603058333835], [8.826309532132667, 42.60583366255689], [8.824814932318107, 42.60839843749999], [8.813108079526227, 42.60937499999999], [8.80660427241963, 42.60839843749999], [8.80335236886633, 42.60449218749999], [8.79554780033841, 42.60319010416666], [8.79554780033841, 42.59993489583333], [8.80335236886633, 42.59863281249999], [8.805303510998309, 42.59570312499999], [8.79684856175973, 42.59212239583333], [8.79489741962775, 42.58398437499999], [8.79392184856176, 42.56933593749999], [8.790019564297802, 42.56673177083333], [8.788718802876481, 42.56347656249999], [8.777011950084605, 42.56217447916666], [8.772784475465315, 42.55859374999999], [8.757500528764806, 42.56217447916666], [8.755549386632826, 42.56412760416666], [8.755874576988157, 42.57096354166666], [8.753273054145517, 42.57226562499999], [8.73733872673435, 42.57259114583333], [8.7324608714044, 42.57096354166666], [8.730509729272422, 42.56803385416666], [8.7259570642978, 42.56770833333333], [8.722705160744502, 42.57161458333333], [8.72107920896785, 42.58723958333333], [8.720103637901861, 42.58854166666666], [8.717502115059222, 42.58789062499999], [8.712299069373945, 42.58007812499999], [8.706445642978005, 42.57617187499999], [8.706770833333335, 42.57389322916666], [8.709697546531304, 42.57291666666666], [8.710673117597294, 42.57063802083333], [8.711648688663283, 42.55013020833333], [8.710673117597294, 42.53873697916666], [8.706770833333335, 42.53450520833333], [8.70552506499906, 42.52702300217929], [8.702212466400907, 42.52637606622608], [8.699291455160747, 42.53092447916666], [8.692787648054146, 42.53059895833333], [8.690210563867664, 42.522859848809894], [8.681080795262268, 42.51985677083333], [8.676782658590438, 42.5158676197186], [8.673276226734348, 42.52050781249999], [8.665471658206432, 42.51985677083333], [8.664496087140442, 42.51660156249999], [8.660593802876484, 42.51399739583333], [8.659618231810493, 42.49934895833333], [8.657667089678514, 42.49121093749999], [8.655715947546534, 42.48958333333333], [8.651163282571913, 42.48893229166666], [8.649212140439934, 42.48567708333333], [8.648236569373942, 42.47981770833333], [8.644334285109984, 42.47819010416666], [8.644009094754654, 42.47591145833333], [8.645635046531304, 42.47493489583333], [8.665146467851102, 42.47330729166666], [8.67002432318105, 42.47005208333333], [8.66807318104907, 42.46321614583333], [8.661894564297803, 42.45865885416666], [8.662544945008463, 42.44986979166666], [8.646285427241963, 42.44596354166666], [8.645960236886634, 42.44401041666666], [8.648561759729272, 42.43945312499999], [8.653114424703894, 42.43619791666666], [8.651163282571913, 42.42447916666666], [8.64959587036525, 42.421626430111665], [8.638518522977403, 42.420353602439924], [8.630351099830795, 42.42220052083333], [8.627749576988155, 42.42610677083333], [8.624497673434856, 42.42708333333333], [8.618644247038919, 42.42610677083333], [8.61799386632826, 42.42382812499999], [8.61506715313029, 42.42220052083333], [8.605311442470391, 42.42122395833333], [8.602384729272421, 42.41796874999999], [8.60140915820643, 42.41210937499999], [8.59913282571912, 42.41145833333333], [8.597506873942471, 42.40852864583333], [8.597506873942471, 42.39876302083333], [8.59913282571912, 42.39583333333333], [8.60140915820643, 42.39518229166666], [8.602384729272421, 42.39192708333333], [8.602384729272421, 42.38962218353822], [8.60010839678511, 42.38736979166666], [8.59644207007578, 42.38692039746448], [8.586639892971457, 42.39117680406383], [8.580784516067453, 42.385001197526925], [8.568239741962778, 42.38346354166666], [8.56559488271439, 42.38021926218615], [8.560344309168627, 42.38023053260349], [8.55296430102247, 42.38446704848696], [8.550659297497598, 42.37562559707809], [8.54645198815567, 42.37597656249999], [8.54417565566836, 42.37988281249999], [8.54189932318105, 42.38020833333333], [8.540273371404401, 42.37923177083333], [8.539297800338412, 42.37597656249999], [8.533444373942471, 42.37499999999999], [8.531168041455162, 42.37304687499999], [8.534745135363792, 42.36653645833333], [8.549378701353639, 42.36263020833333], [8.550029082064299, 42.35611979166666], [8.54710236886633, 42.35416666666666], [8.54645198815567, 42.35026041666666], [8.54840313028765, 42.34114583333333], [8.552955795262267, 42.33463541666666], [8.556207698815568, 42.33333333333333], [8.563036696277496, 42.33398437499999], [8.564987838409477, 42.33528645833333], [8.567914551607448, 42.34309895833333], [8.575719120135364, 42.34472656249999], [8.578306958539123, 42.34861226498124], [8.586125211505923, 42.34993489583333], [8.587043986684751, 42.35131445917349], [8.591119792340967, 42.35257502720525], [8.595852188417815, 42.35290772775678], [8.597832064297801, 42.34993489583333], [8.60693739424704, 42.34798177083333], [8.60823815566836, 42.34472656249999], [8.6173434856176, 42.34277343749999], [8.618319056683589, 42.33951822916666], [8.621896150592217, 42.33789062499999], [8.619945008460238, 42.33203124999999], [8.617088829959618, 42.32943208534449], [8.60953891708968, 42.32779947916666], [8.607603316821324, 42.325216056044255], [8.60406621290109, 42.323202490608004], [8.594905351099833, 42.32259114583333], [8.591978637901862, 42.32096354166666], [8.592954208967853, 42.31803385416666], [8.596206112521152, 42.31705729166666], [8.598157254653131, 42.30924479166666], [8.60303510998308, 42.30729166666666], [8.60986410744501, 42.30761718749999], [8.61279082064298, 42.30924479166666], [8.613441201353641, 42.31152343749999], [8.619294627749579, 42.31249999999999], [8.623522102368867, 42.31054687499999], [8.626448815566837, 42.30598958333333], [8.629375528764806, 42.30403645833333], [8.646006234750352, 42.302314292080624], [8.66853470429202, 42.29405046841745], [8.67099989424704, 42.28417968749999], [8.672951036379018, 42.28222656249999], [8.682706747038917, 42.28027343749999], [8.685633460236888, 42.27539062499999], [8.684928226969664, 42.2704489752261], [8.680960586284854, 42.27122083706581], [8.675686847674124, 42.269289505999645], [8.665327378312766, 42.263505706654904], [8.656920766419374, 42.26072966421455], [8.635879335871405, 42.25944010416666], [8.633603003384096, 42.25846354166666], [8.632649476093688, 42.25623638358151], [8.626472363276312, 42.255350390188134], [8.618969437394249, 42.25618489583333], [8.61701829526227, 42.26009114583333], [8.61474196277496, 42.26041666666666], [8.61181524957699, 42.25618489583333], [8.598157254653131, 42.25423177083333], [8.596531302876482, 42.25097656249999], [8.588726734348562, 42.24967447916666], [8.585800021150593, 42.24576822916666], [8.583848879018614, 42.24511718749999], [8.574093168358715, 42.24446614583333], [8.57151232123363, 42.242399369883564], [8.560026424249974, 42.242824515342306], [8.550540614252679, 42.24093482105041], [8.549740314999344, 42.23915740784575], [8.542874894247042, 42.23763020833333], [8.54189932318105, 42.23567708333333], [8.54547641708968, 42.23111979166666], [8.562061125211507, 42.22786458333333], [8.564662648054147, 42.22526041666666], [8.565963409475467, 42.22135416666666], [8.565963409475467, 42.21614583333333], [8.567914551607448, 42.20963541666666], [8.575719120135364, 42.20638020833333], [8.576044310490694, 42.19986979166666], [8.572142026226736, 42.19726562499999], [8.571166455160746, 42.19140624999999], [8.572142026226736, 42.18815104166666], [8.575393929780034, 42.18717447916666], [8.576369500846026, 42.18424479166666], [8.572777394648666, 42.18184762052547], [8.559459602368868, 42.17773437499999], [8.555557318104908, 42.17513020833333], [8.555557318104908, 42.17382812499999], [8.561410744500847, 42.17220052083333], [8.580922165820644, 42.17154947916666], [8.586775592216583, 42.16992187499999], [8.584824450084604, 42.16601562499999], [8.578320642978005, 42.16178385416666], [8.57650321911353, 42.15661510421296], [8.574875401564825, 42.155986476289904], [8.576614164404223, 42.15583769793316], [8.577019881556685, 42.15299479166666], [8.584824450084604, 42.15039062499999], [8.586775592216583, 42.14713541666666], [8.585800021150593, 42.14127604166666], [8.580922165820645, 42.13867187499999], [8.578320642978005, 42.13411458333333], [8.579296214043994, 42.13248697916666], [8.60661220389171, 42.13313802083333], [8.60953891708968, 42.13151041666666], [8.612465630287652, 42.12695312499999], [8.622546531302877, 42.12402343749999], [8.624497673434858, 42.12076822916666], [8.642708333333335, 42.11881510416666], [8.644984665820644, 42.11490885416666], [8.648236569373942, 42.11393229166666], [8.650187711505923, 42.10611979166666], [8.655065566835873, 42.10416666666666], [8.663845706429782, 42.10514322916666], [8.665785764716773, 42.107983080745434], [8.674576988155668, 42.10546874999999], [8.675877749576989, 42.10839843749999], [8.683682318104909, 42.10970052083333], [8.685111978693852, 42.111926697382735], [8.69058946067508, 42.11236172040425], [8.691486886632827, 42.11002604166666], [8.697340313028768, 42.10611979166666], [8.700592216582066, 42.10156249999999], [8.703193739424705, 42.08854166666666], [8.707746404399325, 42.08528645833333], [8.710998307952623, 42.08072916666666], [8.712624259729274, 42.06868489583333], [8.716526543993233, 42.06673177083333], [8.717502115059222, 42.06347656249999], [8.72075401861252, 42.06249999999999], [8.726607445008462, 42.06347656249999], [8.727908206429781, 42.06640624999999], [8.73116010998308, 42.06575520833333], [8.735712774957701, 42.06249999999999], [8.73766391708968, 42.05664062499999], [8.73636315566836, 42.04980468749999], [8.733761632825722, 42.04785156249999], [8.718152495769882, 42.04492187499999], [8.715876163282573, 42.03710937499999], [8.712624259729274, 42.03613281249999], [8.711648688663283, 42.03320312499999], [8.709697546531304, 42.03222656249999], [8.682381556683588, 42.03027343749999], [8.676528130287648, 42.02539062499999], [8.660918993231814, 42.02018229166666], [8.658967851099833, 42.01627604166666], [8.651163282571913, 42.01041666666666], [8.649212140439934, 42.00065104166666], [8.650187711505923, 41.99576822916666], [8.654089995769883, 41.99381510416666], [8.655065566835873, 41.99055989583333], [8.662544945008463, 41.98893229166666], [8.662815106534282, 41.986227930864516], [8.657759450237737, 41.97975111792997], [8.648886950084602, 41.97721354166666], [8.646944820603267, 41.97462140407978], [8.635788780915018, 41.971168323427754], [8.628979235731986, 41.97065218596249], [8.628399957698816, 41.97200520833333], [8.625798434856176, 41.97265624999999], [8.602384729272421, 41.97070312499999], [8.589931378015232, 41.9677478850595], [8.586775592216583, 41.96484374999999], [8.587100782571913, 41.96028645833333], [8.591328257191204, 41.95768229166666], [8.597181683587142, 41.94921874999999], [8.61181524957699, 41.93619791666666], [8.61246563028765, 41.92903645833333], [8.60856334602369, 41.92545572916666], [8.6075877749577, 41.91080729166666], [8.60856334602369, 41.90592447916666], [8.61051448815567, 41.90266927083333], [8.613441201353641, 41.90104166666666], [8.620270198815568, 41.90136718749999], [8.623196912013539, 41.90299479166666], [8.623196912013539, 41.90429687499999], [8.629050338409478, 41.90527343749999], [8.699291455160745, 41.90657552083333], [8.716851734348563, 41.90820312499999], [8.716851734348563, 41.90950520833333], [8.72075401861252, 41.91210937499999], [8.733761632825722, 41.91666666666666], [8.73766391708968, 41.92252604166666], [8.73863948815567, 41.92936197916666], [8.743517343485617, 41.93229166666666], [8.750346340947548, 41.93196614583333], [8.754899005922166, 41.92805989583333], [8.758150909475466, 41.92740885416666], [8.777662330795264, 41.92610677083333], [8.781239424703895, 41.92122395833333], [8.787743231810492, 41.91699218749999], [8.790669945008462, 41.90690104166666], [8.792946277495771, 41.90624999999999], [8.79457222927242, 41.90332031249999], [8.79392184856176, 41.89160156249999], [8.790019564297802, 41.88964843749999], [8.788718802876481, 41.88639322916666], [8.777011950084605, 41.88444010416666], [8.774085236886634, 41.87955729166666], [8.776036379018613, 41.86979166666666], [8.783840947546533, 41.86295572916666], [8.783515757191203, 41.85481770833333], [8.780263853637905, 41.85384114583333], [8.779304796010274, 41.85096104899426], [8.774465789476809, 41.84977521422206], [8.753923434856178, 41.84863281249999], [8.748070008460239, 41.84700520833333], [8.748070008460239, 41.84570312499999], [8.750996721658208, 41.84407552083333], [8.762703574450086, 41.84277343749999], [8.765630287648055, 41.83789062499999], [8.773434856175975, 41.83268229166666], [8.773760046531304, 41.82910156249999], [8.769207381556685, 41.82617187499999], [8.767906620135363, 41.81835937499999], [8.764654716582065, 41.81738281249999], [8.762053193739426, 41.81347656249999], [8.73831429780034, 41.81054687499999], [8.734412013536382, 41.80598958333333], [8.727719813832854, 41.80307697432485], [8.710658, 41.803016322744035], [8.710658, 41.80193316969045], [8.701242597292726, 41.80013020833333], [8.703193739424705, 41.79720052083333], [8.710998307952623, 41.79589843749999], [8.712299069373945, 41.79231770833333], [8.720103637901861, 41.78678385416666], [8.722054780033842, 41.78255208333333], [8.72140439932318, 41.77766927083333], [8.713599830795264, 41.77115885416666], [8.710511557852517, 41.76281204330158], [8.703844120135365, 41.76041666666666], [8.692137267343487, 41.75944010416666], [8.689143664625217, 41.75584413016971], [8.67348196014977, 41.75398320104412], [8.671325084602369, 41.75488281249999], [8.655715947546533, 41.75423177083333], [8.653439615059224, 41.75032552083333], [8.650187711505923, 41.74934895833333], [8.649212140439934, 41.74348958333333], [8.658967851099833, 41.74023437499999], [8.691486886632827, 41.73925781249999], [8.701242597292726, 41.73763020833333], [8.700917406937396, 41.73535156249999], [8.696364741962777, 41.73242187499999], [8.696364741962777, 41.72591145833333], [8.700917406937396, 41.72298177083333], [8.701892978003386, 41.71972656249999], [8.705144881556684, 41.71874999999999], [8.710998307952623, 41.71972656249999], [8.713599830795264, 41.72363281249999], [8.72140439932318, 41.72493489583333], [8.724005922165821, 41.72884114583333], [8.731810490693741, 41.73014322916666], [8.733436442470392, 41.73339843749999], [8.74709443739425, 41.73535156249999], [8.749695960236888, 41.73860677083333], [8.757825719120138, 41.73958333333333], [8.769207381556685, 41.73860677083333], [8.772459285109985, 41.73665364583333], [8.774085236886634, 41.73372395833333], [8.774085236886634, 41.72981770833333], [8.773109665820645, 41.72493489583333], [8.769207381556685, 41.72200520833333], [8.768882191201355, 41.71744791666666], [8.770833333333334, 41.71321614583333], [8.777011950084605, 41.70865885416666], [8.777662330795264, 41.70670572916666], [8.776036379018613, 41.69986979166666], [8.777337140439935, 41.69856770833333], [8.783840947546533, 41.69791666666666], [8.788718802876481, 41.69986979166666], [8.790669945008462, 41.70768229166666], [8.79392184856176, 41.70865885416666], [8.7965233714044, 41.71256510416666], [8.798645417573765, 41.71270671768135], [8.81246264179103, 41.71079443123944], [8.821237838409477, 41.71061197916666], [8.827416455160748, 41.70377604166666], [8.832491111330482, 41.70084635416666], [8.850059823651234, 41.69791666666666], [8.878171449991024, 41.69694010416666], [8.886184802158276, 41.69303385416666], [8.905744154676261, 41.69173177083333], [8.908352068345327, 41.68782552083333], [8.911285971223023, 41.68684895833333], [8.909575315312631, 41.681724364119006], [8.901973005653359, 41.67844367168266], [8.891074640287771, 41.67708333333333], [8.88553282374101, 41.67545572916666], [8.880968974820146, 41.67220052083333], [8.874775179856117, 41.66080729166666], [8.870998089694488, 41.65592447916666], [8.8660518230403, 41.65266927083333], [8.8425704146391, 41.64908854166666], [8.834895833333334, 41.64127604166666], [8.828066835871407, 41.64029947916666], [8.826115693739427, 41.63736979166666], [8.822213409475467, 41.63574218749999], [8.809205795262269, 41.63574218749999], [8.805303510998309, 41.63736979166666], [8.80335236886633, 41.64029947916666], [8.79554780033841, 41.63964843749999], [8.79457222927242, 41.63639322916666], [8.790669945008462, 41.63476562499999], [8.787743231810492, 41.62467447916666], [8.781564615059224, 41.62011718749999], [8.781239424703895, 41.61588541666666], [8.783190566835874, 41.61002604166666], [8.780263853637905, 41.60872395833333], [8.778963092216584, 41.60091145833333], [8.775060807952624, 41.59798177083333], [8.774410427241964, 41.59602864583333], [8.774085236886634, 41.58919270833333], [8.776036379018613, 41.58528645833333], [8.782540186125214, 41.58691406249999], [8.783840947546533, 41.58626302083333], [8.786442470389172, 41.57877604166666], [8.79294627749577, 41.57779947916666], [8.79489741962775, 41.57617187499999], [8.794247038917089, 41.57389322916666], [8.786442470389172, 41.57259114583333], [8.783515757191203, 41.56803385416666], [8.780263853637905, 41.56705729166666], [8.779288282571914, 41.56119791666666], [8.780589043993235, 41.55924479166666], [8.787092851099832, 41.55729166666666], [8.79879970389171, 41.55631510416666], [8.803027178511, 41.55240885416666], [8.812782889170897, 41.55175781249999], [8.817010363790187, 41.54785156249999], [8.819611886632828, 41.54720052083333], [8.835221023688664, 41.54589843749999], [8.837172165820643, 41.54264322916666], [8.844976734348563, 41.54101562499999], [8.846927876480542, 41.53776041666666], [8.846277495769883, 41.53320312499999], [8.838472927241963, 41.53027343749999], [8.837172165820643, 41.52832031249999], [8.836521785109984, 41.52148437499999], [8.838472927241963, 41.51562499999999], [8.841399640439931, 41.51660156249999], [8.842375211505923, 41.51953124999999], [8.851480541455162, 41.51692708333333], [8.852130922165822, 41.51888020833333], [8.857599180015127, 41.52148437499999], [8.875367188060238, 41.52402289031287], [8.880284808728055, 41.520348505884606], [8.883250899280577, 41.51334635416666], [8.884510945856189, 41.51255138811063], [8.887162769784174, 41.51139322916666], [8.907288614785942, 41.508761950861086], [8.916961939304185, 41.503267267560155], [8.918457733812952, 41.49251302083333], [8.921717625899282, 41.48958333333333], [8.927585431654677, 41.49055989583333], [8.928563399280577, 41.49381510416666], [8.92955044670756, 41.49414364725179], [8.935409172661872, 41.49055989583333], [8.959206384892086, 41.48893229166666], [8.966704136690648, 41.48567708333333], [8.971593974820145, 41.47981770833333], [8.979743705035972, 41.47819010416666], [8.980721672661872, 41.47493489583333], [8.982351618705039, 41.47395833333333], [8.985285521582735, 41.47591145833333], [8.986263489208635, 41.48242187499999], [8.99213129496403, 41.48437499999999], [8.996369154676263, 41.48242187499999], [9.002888938848923, 41.47460937499999], [9.01103866906475, 41.47298177083333], [9.013646582733816, 41.46907552083333], [9.02147032374101, 41.46777343749999], [9.023100269784175, 41.46386718749999], [9.026360161870505, 41.46386718749999], [9.029294064748203, 41.46842447916666], [9.03467510144975, 41.46815581390031], [9.036477477144917, 41.466331825706064], [9.038747751798564, 41.46028645833333], [9.043637589928059, 41.45833333333333], [9.050483363309354, 41.45898437499999], [9.053417266187052, 41.46223958333333], [9.054069244604317, 41.46679687499999], [9.059937050359714, 41.46874999999999], [9.063196942446044, 41.46484374999999], [9.064826888489211, 41.44921874999999], [9.068738758992806, 41.44694010416666], [9.070042715827338, 41.44368489583333], [9.081778327338132, 41.44303385416666], [9.084712230215828, 41.44466145833333], [9.085364208633095, 41.44694010416666], [9.09123201438849, 41.44791666666666], [9.09449190647482, 41.44694010416666], [9.096121852517985, 41.44368489583333], [9.107531474820146, 41.44140624999999], [9.10883543165468, 41.43880208333333], [9.10883543165468, 41.43489583333333], [9.105575539568346, 41.42513020833333], [9.102967625899282, 41.42122395833333], [9.092861960431655, 41.41210937499999], [9.090906025179859, 41.40820312499999], [9.089928057553958, 41.39843749999999], [9.091883992805759, 41.39192708333333], [9.093839928057555, 41.39062499999999], [9.098403776978419, 41.39095052083333], [9.10166366906475, 41.39485677083333], [9.120166405101672, 41.39723329865516], [9.128793825831476, 41.395712015409494], [9.13132868705036, 41.39257812499999], [9.140130395683453, 41.39029947916666], [9.144042266187052, 41.38639322916666], [9.167513489208636, 41.38411458333333], [9.171425359712233, 41.38151041666666], [9.173381294964031, 41.37760416666666], [9.173381294964031, 41.37239583333333], [9.175989208633096, 41.36848958333333], [9.181205035971225, 41.36588541666666], [9.189028776978418, 41.36458333333333], [9.2125, 41.36555989583333], [9.215107913669065, 41.36653645833333], [9.216085881294966, 41.36881510416666], [9.22488758992806, 41.36979166666666], [9.229777428057556, 41.37272135416666], [9.231081384892088, 41.38248697916666], [9.231733363309354, 41.38444010416666], [9.235645233812951, 41.38736979166666], [9.23662320143885, 41.39420572916666], [9.245750899280576, 41.40169270833333], [9.24705485611511, 41.40527343749999], [9.254878597122303, 41.40722656249999], [9.256834532374102, 41.41210937499999], [9.257812500000002, 41.42089843749999], [9.262050359712232, 41.42382812499999], [9.262050359712232, 41.42513020833333], [9.258138489208635, 41.42675781249999], [9.242491007194246, 41.42610677083333], [9.238793964595947, 41.42099514363343], [9.222883745251906, 41.409732473058], [9.215759892086332, 41.40735408743955], [9.215759892086332, 41.41080729166666], [9.221627697841729, 41.41471354166666], [9.22488758992806, 41.42122395833333], [9.22586555755396, 41.43782552083333], [9.227495503597122, 41.44270833333333], [9.229777428057556, 41.44303385416666], [9.232059352517988, 41.44694010416666], [9.243794964028778, 41.44791666666666], [9.25227068345324, 41.45182291666666], [9.263396951635617, 41.46787110201592], [9.266288219424462, 41.46842447916666], [9.269222122302159, 41.46386718749999], [9.275741906474822, 41.46451822916666], [9.279653776978419, 41.47916666666666], [9.286173561151081, 41.48437499999999], [9.287477517985613, 41.48697916666666], [9.287477517985613, 41.49739583333333], [9.286173561151081, 41.49999999999999], [9.27769784172662, 41.50716145833333], [9.278675809352519, 41.51009114583333], [9.28193570143885, 41.51139322916666], [9.28291366906475, 41.51627604166666], [9.28193570143885, 41.52506510416666], [9.278023830935254, 41.52701822916666], [9.27769784172662, 41.52929687499999], [9.280631744604317, 41.53092447916666], [9.292367356115108, 41.53222656249999], [9.294323291366908, 41.53613281249999], [9.297583183453238, 41.53710937499999], [9.299213129496405, 41.54459635416666], [9.308340827338132, 41.54394531249999], [9.309644784172663, 41.55013020833333], [9.312904676258993, 41.55208333333333], [9.318772482014388, 41.55305989583333], [9.320728417266189, 41.55631510416666], [9.336375899280577, 41.55761718749999], [9.340287769784174, 41.55924479166666], [9.342243705035973, 41.56315104166666], [9.348763489208633, 41.56738281249999], [9.3513714028777, 41.57649739583333], [9.359195143884893, 41.58300781249999], [9.362129046762591, 41.59309895833333], [9.365388938848922, 41.59407552083333], [9.366366906474822, 41.59570312499999], [9.366366906474822, 41.59700520833333], [9.362455035971225, 41.59765624999999], [9.35160287668811, 41.59585015548329], [9.344523782067315, 41.60289818100326], [9.339898610676418, 41.60231529851479], [9.339635791366907, 41.60319010416666], [9.331812050359714, 41.60449218749999], [9.328878147482015, 41.60839843749999], [9.32398830935252, 41.60937499999999], [9.315186600719425, 41.60839843749999], [9.311274730215828, 41.60253906249999], [9.304428956834533, 41.59765624999999], [9.301495053956835, 41.59700520833333], [9.299539118705038, 41.59830729166666], [9.298561151079138, 41.60156249999999], [9.298561151079138, 41.60677083333333], [9.302147032374101, 41.61067708333333], [9.309318794964032, 41.61328124999999], [9.34517760791367, 41.61588541666666], [9.3523493705036, 41.61848958333333], [9.355935251798563, 41.62239583333333], [9.355935251798563, 41.62760416666666], [9.35886915467626, 41.63411458333333], [9.371582733812952, 41.63736979166666], [9.377450539568347, 41.64518229166666], [9.38103642086331, 41.64648437499999], [9.382340377697844, 41.65429687499999], [9.385926258992807, 41.65690104166666], [9.383970323741007, 41.66276041666666], [9.384296312949642, 41.66601562499999], [9.391794064748202, 41.66764322916666], [9.393424010791367, 41.67154947916666], [9.397335881294968, 41.67285156249999], [9.3976618705036, 41.67513020833333], [9.396357913669068, 41.67610677083333], [9.380710431654677, 41.67740885416666], [9.37679856115108, 41.67903645833333], [9.37679856115108, 41.68033854166666], [9.37777652877698, 41.68196614583333], [9.381688399280577, 41.68326822916666], [9.382666366906477, 41.68652343749999], [9.39049010791367, 41.68782552083333], [9.393098021582734, 41.69173177083333], [9.398965827338131, 41.69270833333333], [9.402225719424461, 41.70149739583333], [9.403855665467628, 41.73665364583333], [9.404833633093528, 41.73958333333333], [9.407115557553958, 41.74023437499999], [9.408093525179858, 41.74348958333333], [9.407767535971225, 41.74804687499999], [9.403855665467628, 41.75097656249999], [9.402877697841728, 41.75585937499999], [9.403855665467628, 41.76464843749999], [9.407767535971225, 41.76660156249999], [9.408093525179858, 41.76888020833333], [9.403855665467628, 41.77213541666666], [9.401899730215828, 41.79036458333333], [9.399990001193583, 41.79150877442855], [9.398819286666244, 41.80068369658336], [9.40092176258993, 41.80208333333333], [9.401899730215828, 41.80859374999999], [9.403529676258994, 41.88671874999999], [9.404833633093528, 41.89973958333333], [9.406789568345324, 41.90624999999999], [9.412657374100721, 41.90722656249999], [9.41363534172662, 41.91048177083333], [9.417547212230216, 41.91243489583333], [9.419503147482015, 41.92610677083333], [9.423415017985615, 41.92903645833333], [9.423415017985615, 41.93554687499999], [9.420481115107915, 41.93749999999999], [9.418851169064748, 41.94140624999999], [9.419503147482015, 41.95703124999999], [9.422763039568348, 41.95898437499999], [9.423741007194247, 41.96484374999999], [9.426674910071943, 41.97005208333333], [9.438410521582735, 41.97949218749999], [9.442322392086332, 41.98600260416666], [9.456013938848923, 41.99707031249999], [9.465793615107916, 42.00944010416666], [9.471335431654676, 42.01236979166666], [9.477529226618707, 42.02115885416666], [9.484375000000002, 42.02571614583333], [9.488286870503599, 42.03678385416666], [9.49480665467626, 42.04101562499999], [9.497740557553957, 42.04654947916666], [9.511432104316548, 42.05761718749999], [9.513388039568348, 42.06217447916666], [9.516647931654678, 42.06315104166666], [9.518277877697845, 42.07096354166666], [9.526101618705038, 42.07356770833333], [9.530013489208635, 42.08268229166666], [9.547616906474822, 42.09635416666666], [9.553484712230217, 42.10579427083333], [9.557396582733814, 42.11946614583333], [9.559352517985612, 42.13736979166666], [9.560330485611512, 42.18717447916666], [9.561308453237412, 42.19270833333333], [9.563590377697842, 42.19368489583333], [9.564242356115109, 42.19563802083333], [9.564568345323742, 42.20247395833333], [9.563590377697842, 42.20735677083333], [9.561308453237412, 42.20833333333333], [9.558700539568346, 42.21419270833333], [9.555440647482015, 42.23763020833333], [9.558374550359712, 42.24121093749999], [9.559026528776979, 42.24446614583333], [9.560330485611512, 42.26399739583333], [9.563590377697842, 42.26725260416666], [9.564242356115109, 42.27050781249999], [9.564242356115109, 42.28678385416666], [9.562612410071942, 42.29166666666666], [9.559678507194246, 42.29361979166666], [9.558374550359712, 42.30143229166666], [9.556396416031438, 42.302419937757286], [9.553810701438852, 42.31477864583333], [9.549354843127093, 42.323573751781666], [9.54859487410072, 42.33040364583333], [9.544683003597125, 42.33463541666666], [9.542727068345325, 42.35286458333333], [9.539467176258995, 42.35514322916666], [9.538163219424462, 42.36686197916666], [9.534577338129498, 42.37207031249999], [9.537837230215828, 42.39941406249999], [9.540445143884895, 42.40624999999999], [9.542727068345325, 42.40722656249999], [9.544031025179859, 42.41894531249999], [9.545660971223024, 42.42187499999999], [9.546964928057555, 42.42187499999999], [9.54859487410072, 42.43066406249999], [9.548920863309354, 42.45117187499999], [9.546964928057555, 42.46679687499999], [9.545008992805757, 42.47070312499999], [9.539141187050362, 42.47558593749999], [9.538163219424462, 42.48242187499999], [9.534251348920865, 42.48600260416666], [9.533273381294965, 42.49414062499999], [9.534251348920865, 42.50878906249999], [9.538163219424462, 42.51334635416666], [9.539467176258995, 42.52506510416666], [9.543379046762592, 42.52701822916666], [9.543705035971225, 42.52929687499999], [9.539467176258995, 42.53255208333333], [9.537511241007195, 42.55078124999999], [9.534251348920865, 42.55305989583333], [9.532295413669065, 42.56673177083333], [9.529035521582735, 42.56835937499999], [9.527079586330938, 42.57747395833333], [9.523167715827338, 42.58007812499999], [9.521863758992808, 42.58789062499999], [9.517951888489211, 42.58951822916666], [9.516973920863311, 42.59277343749999], [9.509150179856118, 42.59440104166666], [9.505238309352517, 42.60351562499999], [9.496436600719424, 42.60611979166666], [9.491872751798564, 42.61295572916666], [9.48307104316547, 42.61946614583333], [9.48013714028777, 42.62955729166666], [9.47687724820144, 42.63053385416666], [9.475247302158277, 42.63444010416666], [9.46742356115108, 42.63639322916666], [9.464489658273383, 42.64876302083333], [9.459599820143886, 42.65494791666666], [9.45275404676259, 42.66048177083333], [9.449820143884894, 42.66731770833333], [9.448842176258996, 42.67610677083333], [9.448097686774075, 42.67647848074139], [9.448917542458123, 42.68982633901887], [9.453080035971222, 42.693359375], [9.456013938848923, 42.71712239583333], [9.459273830935253, 42.71940104166666], [9.460577787769786, 42.72721354166666], [9.464489658273383, 42.73111979166666], [9.466445593525181, 42.75846354166666], [9.467423561151081, 42.76041666666666], [9.469705485611511, 42.76106770833333], [9.470683453237411, 42.76692708333333], [9.47361735611511, 42.772135416666664], [9.480463129496405, 42.77734375], [9.4853529676259, 42.78352864583333], [9.486656924460434, 42.79394531249999], [9.49056879496403, 42.79817708333333], [9.491546762589929, 42.8046875], [9.49056879496403, 42.81640625], [9.488286870503597, 42.81770833333333], [9.487308902877698, 42.820963541666664], [9.4863309352518, 42.850260416666664], [9.484375000000002, 42.86751302083333], [9.482419064748203, 42.87174479166666], [9.478181205035973, 42.87467447916666], [9.477529226618707, 42.87662760416666], [9.479811151079138, 42.88476562499999], [9.47785521582734, 42.88541666666666], [9.476225269784175, 42.88932291666666], [9.47557329136691, 42.90234374999999], [9.474921312949643, 42.90494791666666], [9.471335431654676, 42.90885416666666], [9.470031474820143, 42.91406249999999], [9.46662306436857, 42.934483579860725], [9.46839244919709, 42.94176569701698], [9.460577787769786, 42.95026192487129], [9.459273830935253, 42.95964295768982], [9.456339928057556, 42.96159608268982], [9.459599820143886, 42.97565254987129], [9.46514163669065, 42.981119791666664], [9.464489658273383, 42.98763020833333], [9.44746297917137, 42.99517304895652], [9.442974370503599, 43.00133978844915], [9.43580260791367, 43.002775096525085], [9.428630845323742, 43.01059362934362], [9.426258082711177, 43.011212198844696], [9.42194055080217, 43.015689554433564], [9.404463407153164, 43.01017217668525], [9.402190519915667, 43.01015773515769], [9.401247751798563, 43.011570945945934], [9.39798785971223, 43.01222249034748], [9.381688399280577, 43.01222249034748], [9.377101902183488, 43.01008354985598], [9.3633898967459, 43.010043004407386], [9.356214025026508, 43.00661606285757], [9.352349370503598, 43.00635859073358], [9.350677732467092, 43.00397212610038], [9.344199640287771, 43.00212355212354], [9.342243705035973, 43.000494691119684], [9.340287769784174, 42.99235038610038], [9.340613758992806, 42.98094835907335], [9.342243705035973, 42.97606177606177], [9.344825489375104, 42.97434173228158], [9.345503597122304, 42.96954633204632], [9.344525629496406, 42.965895722731645], [9.341591726618706, 42.963672629102305], [9.344525629496406, 42.96256510416666], [9.345503597122304, 42.95377604166666], [9.347459532374103, 42.94889322916666], [9.353327338129498, 42.94661458333333], [9.34811151079137, 42.928385416666664], [9.355283273381296, 42.92610677083333], [9.355935251798563, 42.923828125], [9.354059477180334, 42.921901681820074], [9.351045413669066, 42.92089843749999], [9.350512029955565, 42.91912304630802], [9.347773873413724, 42.916978309960264], [9.339961780575539, 42.91471354166666], [9.335071942446046, 42.90820312499999], [9.32529226618705, 42.90624999999999], [9.322684352517985, 42.90429687499999], [9.321380395683455, 42.89453124999999], [9.323988309352519, 42.88085937499999], [9.326596223021586, 42.87499999999999], [9.329204136690649, 42.87434895833333], [9.331812050359712, 42.87109375], [9.333116007194246, 42.865885416666664], [9.327556056503349, 42.85942320732876], [9.322358363309352, 42.85546875], [9.320580229608185, 42.85231216526868], [9.307812069698901, 42.83929651515159], [9.309819099071202, 42.837385770375874], [9.308992805755397, 42.83463541666666], [9.310948741007195, 42.82877604166666], [9.315512589928058, 42.82812499999999], [9.318772482014388, 42.82519531249999], [9.321380395683454, 42.81347656249999], [9.329204136690649, 42.81152343749999], [9.330508093525182, 42.80794270833333], [9.336375899280577, 42.80403645833333], [9.338331834532376, 42.80110677083333], [9.340287769784174, 42.79036458333333], [9.340139585354832, 42.78414977946477], [9.334648342378753, 42.77095454841167], [9.336049910071944, 42.76106770833333], [9.339309802158274, 42.75878906249999], [9.33996178057554, 42.75553385416666], [9.33965759573003, 42.7400427164524], [9.335409609693263, 42.73161779063315], [9.330508093525182, 42.72753906249999], [9.329204136690649, 42.72070312499999], [9.321380395683454, 42.71744791666666], [9.318996969305077, 42.70634124106244], [9.312158492683148, 42.69767221575093], [9.309644784172663, 42.696940104166664], [9.308666816546765, 42.69368489583333], [9.3041029676259, 42.69173177083333], [9.293019334532376, 42.67805989583333], [9.289107464028778, 42.677408854166664], [9.287477517985613, 42.681315104166664], [9.279653776978419, 42.68326822916666], [9.27769784172662, 42.68815104166666], [9.27671987410072, 42.69694010416666], [9.272808003597124, 42.69889322916666], [9.27150404676259, 42.70214843749999], [9.268379400078992, 42.70266846370811], [9.26365473043973, 42.70776591245553], [9.256193625182888, 42.712982753989486], [9.25553057553957, 42.71582031249999], [9.252922661870505, 42.71777343749999], [9.241838997716627, 42.7188802114349], [9.235689124742901, 42.72126651093013], [9.234015287769786, 42.724609375], [9.227495503597124, 42.72884114583333], [9.223583633093527, 42.738932291666664], [9.217063848920864, 42.7392578125], [9.213151978417267, 42.73470052083333], [9.205328237410074, 42.73339843749999], [9.203698291366909, 42.73014322916666], [9.196866942532102, 42.72938528098017], [9.189687672602041, 42.73088666081947], [9.189028776978418, 42.73242187499999], [9.186094874100721, 42.73404947916666], [9.174359262589931, 42.7353515625], [9.173381294964031, 42.73763020833333], [9.169469424460434, 42.7392578125], [9.156429856115109, 42.7392578125], [9.152517985611512, 42.73763020833333], [9.151540017985614, 42.73470052083333], [9.14925809352518, 42.73437499999999], [9.147628147482017, 42.7353515625], [9.146650179856117, 42.73860677083333], [9.14078237410072, 42.73958333333333], [9.13752248201439, 42.73860677083333], [9.13556654676259, 42.7353515625], [9.11731115107914, 42.73339843749999], [9.11535521582734, 42.73014322916666], [9.105249550359712, 42.72721354166666], [9.100033723021586, 42.72070312499999], [9.083408273381297, 42.71777343749999], [9.080800359712232, 42.71582031249999], [9.0785184352518, 42.70410156249999], [9.07525854316547, 42.70279947916666], [9.072976618705038, 42.69889322916666], [9.061241007194246, 42.69791666666666], [9.054721223021584, 42.69498697916666], [9.052439298561152, 42.68326822916666], [9.048527428057556, 42.681315104166664], [9.048527428057556, 42.67805989583333], [9.053091276978419, 42.67513020833333], [9.0533059224208, 42.673844186070795], [9.051431492460468, 42.66180637934844], [9.049462681040598, 42.66037605438591], [9.040041873210939, 42.6567918799695], [9.031901978417267, 42.65624999999999], [9.021796312949641, 42.65332031249999], [9.01714952759181, 42.64842938685833], [8.947563021516666, 42.637439030404096], [8.938669064748202, 42.63932291666666], [8.938017086330936, 42.64388020833333], [8.93214928057554, 42.64583333333333], [8.92888938848921, 42.64485677083333], [8.927585431654677, 42.64160156249999], [8.919761690647483, 42.64029947916666], [8.915523830935253, 42.63639322916666], [8.888140737410074, 42.63476562499999], [8.881294964028779, 42.63151041666666], [8.880316996402879, 42.62565104166666]], [[8.60336030033841, 41.89615885416666], [8.60726258460237, 41.89680989583333], [8.60661220389171, 41.90071614583333], [8.60336030033841, 41.90071614583333], [8.602384729272421, 41.89908854166666], [8.60336030033841, 41.89615885416666]], [[6.1839308375634525, 42.9920246138996], [6.191735406091372, 42.99032562138031], [6.192385786802031, 42.987121440637054], [6.195312500000001, 42.98483274010617], [6.205393401015229, 42.98483274010617], [6.213197969543148, 42.99032562138031], [6.227831535532996, 42.99267615830115], [6.230107868020305, 42.996126930501916], [6.245717005076143, 43.00053088803088], [6.246950981876253, 43.00246910352901], [6.250617450899888, 43.00368464129351], [6.2495571942332475, 43.01658809690869], [6.241615604075854, 43.02386259000932], [6.240271331706397, 43.02322578808664], [6.234985723350255, 43.02557915057914], [6.232709390862945, 43.01971525096524], [6.230107868020307, 43.01841216216215], [6.217100253807107, 43.017109073359066], [6.2144987309644675, 43.015805984555975], [6.212208665319549, 43.010254099413245], [6.206791743519187, 43.007978221925406], [6.187833121827412, 43.00766167953667], [6.1819796954314725, 43.00929054054053], [6.1800285532994925, 43.01222249034748], [6.175475888324874, 43.01254826254825], [6.171248413705584, 43.01059362934362], [6.166695748730964, 43.00440395752895], [6.162468274111676, 43.004078185328176], [6.157915609137056, 43.00590009652508], [6.155964467005076, 43.00458494208493], [6.155964467005076, 43.002750965250954], [6.160842322335026, 42.99987934362933], [6.17616655746338, 42.99732073463767], [6.1819796954314725, 42.99495656370655], [6.1839308375634525, 42.9920246138996]], [[6.391077093908629, 42.9920246138996], [6.39335342639594, 42.991698841698835], [6.4005076142132, 42.99857625482625], [6.415141180203046, 43.00296814671813], [6.417092322335026, 43.007010135135125], [6.420344225888326, 43.00798745173744], [6.421319796954315, 43.01385135135134], [6.413515228426396, 43.017109073359066], [6.405710659898478, 43.01776061776061], [6.382296954314722, 43.01678330115829], [6.379695431472082, 43.015805984555975], [6.3787198604060915, 43.012874034749025], [6.366037436548224, 43.00179777992277], [6.366037436548224, 43.00016891891891], [6.369614530456852, 42.9978885135135], [6.38619923857868, 42.99658542471042], [6.39010152284264, 42.99495656370655], [6.391077093908629, 42.9920246138996]], [[3.218684895833346, 42.04720052083333], [3.222591145833346, 42.04785156249999], [3.2219401041666793, 42.05175781249999], [3.218684895833346, 42.05175781249999], [3.217708333333346, 42.05013020833333], [3.218684895833346, 42.04720052083333]], [[8.556207698815568, 42.15429687499999], [8.556207698815568, 42.14811197916666], [8.559459602368866, 42.14778645833333], [8.565313028764807, 42.15169270833333], [8.565313028764807, 42.15527343749999], [8.562061125211509, 42.15624999999999], [8.556207698815568, 42.15429687499999]], [[8.582222927241965, 41.87955729166666], [8.582222927241965, 41.87597656249999], [8.588076353637904, 41.87499999999999], [8.591328257191202, 41.87695312499999], [8.591328257191202, 41.88313802083333], [8.588076353637904, 41.88346354166666], [8.582222927241965, 41.87955729166666]], [[5.2984375, 43.2686052123552], [5.301689403553301, 43.26827944015443], [5.30364054568528, 43.27284025096524], [5.315347398477158, 43.28196187258686], [5.3182741116751275, 43.286848455598445], [5.310469543147209, 43.28880308880308], [5.29876269035533, 43.28782577220076], [5.296486357868021, 43.283916505791495], [5.293234454314721, 43.283264961389946], [5.292258883248731, 43.28163610038609], [5.293234454314721, 43.278704150579145], [5.296486357868021, 43.27772683397683], [5.2984375, 43.2686052123552]], [[5.282503172588834, 43.26371862934362], [5.285755076142133, 43.262741312741305], [5.290307741116751, 43.26306708494208], [5.292258883248731, 43.26469594594594], [5.291608502538072, 43.26697635135134], [5.288356598984771, 43.267953667953655], [5.2838039340101535, 43.26762789575288], [5.2818527918781735, 43.26599903474902], [5.282503172588834, 43.26371862934362]], [[5.360874048223351, 43.19530646718145], [5.364776332487311, 43.195958011583], [5.364125951776651, 43.19986727799227], [5.360874048223351, 43.19986727799227], [5.359898477157361, 43.1982384169884], [5.360874048223351, 43.19530646718145]], [[5.3956694162436545, 43.1783663127413], [5.387864847715737, 43.17966940154439], [5.384938134517768, 43.183578667953654], [5.382986992385788, 43.1842302123552], [5.373231281725888, 43.1842302123552], [5.370304568527919, 43.18260135135134], [5.370954949238579, 43.18032094594594], [5.378759517766499, 43.179017857142846], [5.381686230964468, 43.17510859073358], [5.383637373096448, 43.17445704633204], [5.3933930837563455, 43.17445704633204], [5.396319796954315, 43.176085907335896], [5.3956694162436545, 43.1783663127413]], [[6.4535136421319805, 43.031117277992266], [6.435801412331497, 43.0259616683575], [6.431075507614214, 43.01841216216215], [6.4274984137055835, 43.017109073359066], [6.426848032994925, 43.00929054054053], [6.4314006979695435, 43.00635859073358], [6.432376269035533, 43.003426640926634], [6.440180837563452, 43.007010135135125], [6.442473724900911, 43.01264820119501], [6.447568866899076, 43.01600990145712], [6.45506658748328, 43.01797292342434], [6.466521256345178, 43.018737934362925], [6.470098350253807, 43.02362451737451], [6.478878489847716, 43.02981418918918], [6.4840815355329955, 43.0366554054054], [6.500666243654823, 43.03958735521235], [6.504568527918782, 43.04447393822393], [6.504995226462465, 43.051017047036055], [6.501162041337452, 43.05426290766124], [6.498064720812184, 43.054247104247096], [6.489769283763819, 43.051625643063744], [6.469773159898477, 43.04805743243242], [6.468138498859505, 43.045601053658636], [6.463269352791878, 43.042845077220065], [6.4535136421319805, 43.031117277992266]], [[6.359858819796955, 43.00798745173744], [6.362135152284265, 43.0073359073359], [6.364086294416244, 43.011245173745166], [6.363110723350254, 43.017109073359066], [6.359858819796955, 43.017109073359066], [6.358883248730965, 43.01385135135134], [6.359858819796955, 43.00798745173744]], [[10.049314298561153, 42.58951822916666], [10.04475044964029, 42.58658854166666], [10.04475044964029, 42.58007812499999], [10.049314298561153, 42.57714843749999], [10.049640287769785, 42.57486979166666], [10.052900179856117, 42.57389322916666], [10.082239208633094, 42.57291666666666], [10.092018884892086, 42.57421874999999], [10.09853866906475, 42.57682291666666], [10.10179856115108, 42.58072916666666], [10.101146582733815, 42.58984374999999], [10.099842625899282, 42.59244791666666], [10.095278776978418, 42.59374999999999], [10.092018884892088, 42.59863281249999], [10.090388938848921, 42.61816406249999], [10.086477068345324, 42.62076822916666], [10.086151079136691, 42.62304687499999], [10.084195143884893, 42.62467447916666], [10.07963129496403, 42.62499999999999], [10.07767535971223, 42.62369791666666], [10.075719424460432, 42.61718749999999], [10.074741456834534, 42.60546874999999], [10.071481564748202, 42.60351562499999], [10.06919964028777, 42.59570312499999], [10.049640287769785, 42.59179687499999], [10.049314298561153, 42.58951822916666]], [[9.376146582733814, 41.55924479166666], [9.37679856115108, 41.56380208333333], [9.37484262589928, 41.56705729166666], [9.370278776978418, 41.56770833333333], [9.367018884892087, 41.56575520833333], [9.367018884892087, 41.55924479166666], [9.370278776978418, 41.55729166666666], [9.376146582733814, 41.55924479166666]], [[9.362129046762591, 41.55240885416666], [9.366040917266188, 41.55305989583333], [9.365388938848922, 41.55696614583333], [9.362129046762591, 41.55696614583333], [9.361151079136691, 41.55533854166666], [9.362129046762591, 41.55240885416666]], [[9.23662320143885, 41.37597656249999], [9.239883093525181, 41.37499999999999], [9.244446942446043, 41.37532552083333], [9.246402877697843, 41.37695312499999], [9.245750899280576, 41.37923177083333], [9.242491007194246, 41.38020833333333], [9.237927158273383, 41.37988281249999], [9.235971223021584, 41.37825520833333], [9.23662320143885, 41.37597656249999]], [[9.26302832733813, 41.36360677083333], [9.27671987410072, 41.36555989583333], [9.277371852517987, 41.36881510416666], [9.27345998201439, 41.37011718749999], [9.27248201438849, 41.37304687499999], [9.268570143884894, 41.37467447916666], [9.259442446043167, 41.37499999999999], [9.252922661870507, 41.37304687499999], [9.251618705035973, 41.36848958333333], [9.253574640287772, 41.36425781249999], [9.258138489208635, 41.36132812499999], [9.262050359712232, 41.36132812499999], [9.26302832733813, 41.36360677083333]], [[9.257160521582737, 41.34667968749999], [9.252922661870505, 41.34700520833333], [9.24705485611511, 41.34309895833333], [9.246402877697843, 41.34049479166666], [9.255814751067774, 41.334019846470426], [9.255978816505792, 41.33502490479119], [9.253146874286951, 41.33868601514576], [9.256182553956835, 41.33854166666666], [9.260094424460432, 41.34049479166666], [9.257160521582737, 41.34667968749999]], [[9.337700283169303, 41.28460719685821], [9.335774075411324, 41.284220969088246], [9.333480722922646, 41.28154607600125], [9.34482993677063, 41.276370332990695], [9.349683046451677, 41.27732888104966], [9.349636587701672, 41.27822908177556], [9.35658723021583, 41.27929687499999], [9.36506294964029, 41.28873697916666], [9.370278776978418, 41.29166666666666], [9.376146582733814, 41.29264322916666], [9.377124550359714, 41.29589843749999], [9.38103642086331, 41.29785156249999], [9.381362410071944, 41.30957031249999], [9.380058453237412, 41.31152343749999], [9.375494604316549, 41.31249999999999], [9.372234712230219, 41.31054687499999], [9.37027877697842, 41.30403645833333], [9.367670863309355, 41.30273437499999], [9.358543165467628, 41.30208333333333], [9.352023381294966, 41.30305989583333], [9.348763489208633, 41.30696614583333], [9.342243705035973, 41.30761718749999], [9.339309802158274, 41.31217447916666], [9.337027877697844, 41.31249999999999], [9.335100349037372, 41.30644206455918], [9.332965371839427, 41.30454162528393], [9.337864414601425, 41.297870435215586], [9.338303513307382, 41.29589492802985], [9.35067198972684, 41.29475609196915], [9.350067446043166, 41.29264322916666], [9.34191771582734, 41.29101562499999], [9.338331834532374, 41.28776041666666], [9.337700283169303, 41.28460719685821]], [[9.398639838129498, 41.29720052083333], [9.402551708633094, 41.29785156249999], [9.401899730215828, 41.30175781249999], [9.398639838129498, 41.30175781249999], [9.3976618705036, 41.30013020833333], [9.398639838129498, 41.29720052083333]], [[9.404139632716007, 41.256211281102395], [9.399257105269301, 41.25491068765603], [9.39768758303203, 41.24731645719554], [9.39601906630187, 41.24454431612061], [9.393098021582734, 41.24381510416666], [9.39049010791367, 41.23990885416666], [9.382666366906477, 41.23860677083333], [9.381688399280577, 41.23535156249999], [9.37777652877698, 41.23339843749999], [9.377694065275788, 41.23191622715529], [9.374557, 41.229199685548544], [9.374557, 41.222235237579035], [9.377991520725766, 41.214687555226476], [9.382041454590585, 41.21408459948014], [9.38299235611511, 41.21028645833333], [9.387882194244606, 41.20833333333333], [9.3947279676259, 41.20865885416666], [9.396683902877701, 41.20930989583333], [9.399274931466577, 41.2127596369622], [9.401524981770272, 41.21312092404236], [9.40613758992806, 41.21289062499999], [9.408093525179858, 41.20963541666666], [9.407767535971225, 41.20507812499999], [9.402225719424461, 41.20117187499999], [9.400671962110172, 41.198456706417375], [9.396009964555304, 41.19461728306507], [9.396715482559111, 41.19121481564196], [9.402785340716434, 41.191648643722836], [9.407643783074937, 41.187672834616485], [9.409203144491524, 41.19013650971704], [9.417221223021583, 41.18880208333333], [9.419503147482015, 41.19238281249999], [9.422763039568348, 41.19368489583333], [9.423741007194247, 41.19856770833333], [9.422763039568348, 41.20735677083333], [9.418851169064748, 41.20930989583333], [9.418851169064748, 41.21256510416666], [9.422763039568348, 41.21386718749999], [9.423702646123877, 41.21668195713832], [9.436454586330935, 41.21809895833333], [9.439388489208634, 41.21484374999999], [9.440366456834534, 41.20898437499999], [9.443626348920864, 41.20800781249999], [9.444604316546764, 41.20507812499999], [9.443626348920864, 41.20345052083333], [9.440366456834534, 41.20247395833333], [9.438410521582735, 41.19335937499999], [9.434498651079139, 41.19075520833333], [9.434172661870505, 41.18619791666666], [9.436128597122304, 41.18294270833333], [9.442648381294966, 41.18294270833333], [9.444204233960434, 41.18553207040828], [9.44927913047755, 41.18693314841682], [9.450395155401768, 41.18625667741216], [9.450798111510794, 41.18424479166666], [9.457330396743181, 41.181819415990525], [9.467423561151081, 41.17187499999999], [9.470357464028778, 41.17285156249999], [9.471335431654676, 41.17610677083333], [9.477203237410073, 41.17708333333333], [9.480463129496403, 41.17903645833333], [9.48111510791367, 41.18359374999999], [9.48013714028777, 41.18554687499999], [9.47041945993074, 41.18776486772516], [9.46954459231885, 41.18947259488988], [9.47151359734682, 41.19639112396553], [9.47915917266187, 41.19921874999999], [9.48111510791367, 41.20572916666666], [9.48209307553957, 41.21744791666666], [9.485026978417267, 41.22005208333333], [9.48307104316547, 41.23177083333333], [9.477529226618707, 41.23925781249999], [9.468075539568346, 41.24283854166666], [9.461555755395686, 41.24251302083333], [9.453514116868655, 41.23017896343591], [9.450472122302159, 41.22786458333333], [9.445582284172662, 41.22753906249999], [9.442648381294966, 41.23958333333333], [9.436128597122304, 41.24446614583333], [9.433194694244605, 41.25455729166666], [9.429282823741008, 41.25716145833333], [9.427978866906475, 41.26497395833333], [9.424718974820145, 41.26595052083333], [9.421785071942448, 41.27050781249999], [9.415265287769785, 41.26985677083333], [9.412946981725172, 41.2597287545734], [9.40969759890655, 41.25749214619538], [9.404833633093528, 41.25846354166666], [9.404139632716007, 41.256211281102395]], [[9.320402428057555, 41.25032552083333], [9.324314298561152, 41.25097656249999], [9.323662320143885, 41.25488281249999], [9.320402428057555, 41.25488281249999], [9.319424460431655, 41.25325520833333], [9.320402428057555, 41.25032552083333]], [[9.338300168388997, 41.23050839892894], [9.346807553956836, 41.22916666666666], [9.352023381294966, 41.23209635416666], [9.359521133093526, 41.24381510416666], [9.356913219424461, 41.24544270833333], [9.35463129496403, 41.25325520833333], [9.348111510791368, 41.25520833333333], [9.33898381294964, 41.25488281249999], [9.335071942446044, 41.25325520833333], [9.334093974820146, 41.25032552083333], [9.330834082733814, 41.24934895833333], [9.330182104316549, 41.24153645833333], [9.331835516043821, 41.24012128450272], [9.331263318435376, 41.237737308077364], [9.332775810029135, 41.23451518389152], [9.338300168388997, 41.23050839892894]], [[9.519581834532378, 41.16210937499999], [9.52414568345324, 41.16145833333333], [9.527405575539571, 41.16341145833333], [9.528057553956836, 41.16796874999999], [9.526101618705038, 41.17122395833333], [9.519581834532378, 41.17122395833333], [9.517625899280578, 41.16796874999999], [9.519581834532378, 41.16210937499999]], [[9.565546312949643, 41.12532552083333], [9.56945818345324, 41.12597656249999], [9.568806205035973, 41.12988281249999], [9.565546312949643, 41.12988281249999], [9.564568345323742, 41.12825520833333], [9.565546312949643, 41.12532552083333]], [[9.61085881294964, 41.08138020833333], [9.604991007194245, 41.08333333333333], [9.601731115107913, 41.08235677083333], [9.600753147482015, 41.07910156249999], [9.59684127697842, 41.07779947916666], [9.59586330935252, 41.07486979166666], [9.597576132351428, 41.07391959052981], [9.59862553858917, 41.07172745384256], [9.602442526924483, 41.07066530967656], [9.603832645900672, 41.07300274945942], [9.610532823741007, 41.07486979166666], [9.611510791366907, 41.07682291666666], [9.61085881294964, 41.08138020833333]], [[9.571740107913673, 41.06315104166666], [9.576303956834535, 41.06249999999999], [9.579563848920866, 41.06445312499999], [9.580215827338131, 41.06901041666666], [9.578259892086333, 41.07226562499999], [9.571740107913673, 41.07226562499999], [9.569784172661873, 41.06901041666666], [9.571740107913673, 41.06315104166666]], [[9.854698741007194, 44.02407094594594], [9.856654676258994, 44.02700289575289], [9.852742805755398, 44.02895752895752], [9.846875, 44.0279802123552], [9.846875, 44.024722490347486], [9.854698741007194, 44.02407094594594]], [[10.206767086330936, 43.58493001930501], [10.20611510791367, 43.582649613899605], [10.210026978417268, 43.58069498069497], [10.215894784172665, 43.58167229729729], [10.215894784172665, 43.58493001930501], [10.212634892086331, 43.58590733590733], [10.206767086330936, 43.58493001930501]], [[10.229260341726619, 43.56114864864864], [10.232194244604317, 43.56766409266408], [10.231216276978419, 43.576785714285705], [10.226326438848922, 43.58069498069497], [10.219480665467627, 43.57939189189188], [10.21654676258993, 43.57287644787644], [10.21752473021583, 43.563754826254815], [10.222414568345325, 43.55984555984555], [10.229260341726619, 43.56114864864864]], [[10.217198741007197, 43.552678571428565], [10.217198741007197, 43.54648889961389], [10.220458633093527, 43.54616312741312], [10.226326438848922, 43.55007239382238], [10.226326438848922, 43.55365588803088], [10.223066546762592, 43.5546332046332], [10.217198741007197, 43.552678571428565]], [[9.90783498201439, 43.42497586872586], [9.908576550563154, 43.42942231808842], [9.913897856929918, 43.43593297527823], [9.914161515113197, 43.442054535981406], [9.908146166704253, 43.444946289551716], [9.903507338578265, 43.44274561542644], [9.898780429544962, 43.44206937737042], [9.896281767477618, 43.43409749034748], [9.891861510791367, 43.43409749034748], [9.88794964028777, 43.43083976833976], [9.888927607913669, 43.42497586872586], [9.892187500000002, 43.42399855212354], [9.895121402877699, 43.419437741312734], [9.90164118705036, 43.419437741312734], [9.90555305755396, 43.42432432432432], [9.90783498201439, 43.42497586872586]], [[9.803192446043166, 43.05945945945945], [9.799932553956836, 43.05359555984555], [9.799770609763781, 43.051265115852985], [9.786418530243665, 43.02858289065003], [9.799419263768934, 43.01271019717781], [9.799932553956836, 43.00929054054053], [9.803192446043166, 43.0073359073359], [9.809060251798561, 43.00635859073358], [9.81003821942446, 43.00310086872586], [9.81297212230216, 43.00212355212354], [9.814602068345327, 43.00310086872586], [9.815906025179858, 43.007010135135125], [9.819165917266188, 43.00798745173744], [9.819690643459046, 43.00986022633641], [9.822377902070762, 43.00994213662407], [9.840988828209944, 43.02595551212702], [9.853078487480275, 43.0443692717804], [9.846366180554018, 43.05751003414254], [9.842829906700878, 43.05966879649562], [9.840029226618707, 43.06402027027026], [9.835823434012251, 43.06619794539221], [9.83090152877698, 43.07314189189188], [9.82666366906475, 43.07509652509651], [9.82144784172662, 43.074119208494196], [9.817062172225919, 43.06918861474086], [9.807989921023287, 43.06522790484929], [9.804594277921103, 43.05945945945945], [9.803192446043166, 43.05945945945945]]], [[[8.217034158206431, 44.03319256756756], [8.216383777495771, 44.029283301158294], [8.212481493231813, 44.029934845559836], [8.212481493231813, 44.03319256756756], [8.214107445008462, 44.03416988416988], [8.217034158206431, 44.03319256756756]]], [[[9.615748651079137, 41.00032552083333], [9.61183678057554, 41.00097656249999], [9.61183678057554, 41.00227298857294], [9.6159031064198, 41.001250921365745], [9.615748651079137, 41.00032552083333]]], [[[9.568806205035973, 41.01595052083333], [9.564894334532376, 41.01660156249999], [9.565546312949643, 41.02050781249999], [9.568806205035973, 41.02050781249999], [9.569784172661873, 41.01888020833333], [9.568806205035973, 41.01595052083333]]], [[[9.334093974820146, 41.18782552083333], [9.330182104316549, 41.18847656249999], [9.330834082733814, 41.19238281249999], [9.334093974820146, 41.19238281249999], [9.334848995225327, 41.19112625315708], [9.334093974820146, 41.18782552083333]]], [[[9.278023830935254, 41.21777343749999], [9.27860357307305, 41.21812078300497], [9.278023830935254, 41.21653336151063], [9.278023830935254, 41.21777343749999]]], [[[9.294323291366908, 41.59342447916666], [9.297583183453238, 41.59342447916666], [9.298429193197867, 41.59201648881102], [9.293847920097814, 41.590576349580274], [9.294323291366908, 41.59342447916666]]], [[[9.845245053956836, 44.05958011583011], [9.846223021582736, 44.056322393822384], [9.845897032374102, 44.051761583011576], [9.844267086330936, 44.04980694980694], [9.841985161870506, 44.050458494208485], [9.841007194244606, 44.05371621621621], [9.841333183453239, 44.05827702702702], [9.842963129496406, 44.06023166023165], [9.845245053956836, 44.05958011583011]]], [[[9.854698741007194, 44.075217181467174], [9.850134892086333, 44.072611003861], [9.8478529676259, 44.072936776061766], [9.8458970323741, 44.0748914092664], [9.842963129496406, 44.08368725868725], [9.844267086330937, 44.0902027027027], [9.846875000000002, 44.09150579150578], [9.853720773381298, 44.091180019305014], [9.856654676258994, 44.08955115830115], [9.857632643884894, 44.0866192084942], [9.860892535971225, 44.08596766409265], [9.86154451438849, 44.08205839768339], [9.857632643884894, 44.0807553088803], [9.854698741007194, 44.075217181467174]]], [[[9.829597571942447, 44.091831563706556], [9.82568570143885, 44.0924831081081], [9.826337679856117, 44.096392374517364], [9.829597571942447, 44.096392374517364], [9.830575539568347, 44.094763513513506], [9.829597571942447, 44.091831563706556]]]]}}, {"type": "Feature", "properties": {"t": "b10", "lvl": 10}, "geometry": {"type": "Polygon", "coordinates": [[[2.9158981699171167, 41.71092385480657], [2.9321831750686034, 41.71384309952692], [2.9363888526836988, 41.71895543378061], [2.9410156250000123, 41.71972656249999], [2.942317708333346, 41.72330729166666], [2.9514322916666793, 41.73079427083333], [2.952615814825423, 41.73700776741673], [2.957388948438684, 41.73981656085088], [2.961848958333346, 41.74055989583333], [2.9625343077348254, 41.742844393838254], [2.9945312916256, 41.76167330698987], [2.998632812500013, 41.76236979166666], [3.0015529797749574, 41.76580528257836], [3.0081230125839142, 41.76967147751677], [3.018815104166679, 41.77180989583333], [3.020442708333346, 41.77473958333333], [3.028255208333346, 41.77246093749999], [3.0295572916666793, 41.77311197916666], [3.0315104166666793, 41.77929687499999], [3.034114583333346, 41.78059895833333], [3.049739583333346, 41.78222656249999], [3.0529947916666793, 41.78710937499999], [3.0608072916666793, 41.79329427083333], [3.0614019131899957, 41.79745662149654], [3.067859582279772, 41.800196920118545], [3.0754370753392477, 41.82199774680235], [3.0865234375000123, 41.82389322916666], [3.0894531250000123, 41.82877604166666], [3.095963541666679, 41.83300781249999], [3.09759918436773, 41.83873256195367], [3.103795234340245, 41.84213099755172], [3.132421875000013, 41.84505208333333], [3.1388153252369153, 41.847609463428086], [3.1495624239424838, 41.8468944086846], [3.1665221203229588, 41.86474109348252], [3.1753906250000123, 41.86588541666666], [3.1792968750000123, 41.86848958333333], [3.1812500000000123, 41.87239583333333], [3.1823199420767554, 41.880152913389715], [3.1930136599900374, 41.88869245874542], [3.200781250000013, 41.89225260416666], [3.203059895833346, 41.90039062499999], [3.2063151041666793, 41.90201822916666], [3.207942708333346, 41.91373697916666], [3.2092447916666793, 41.91569010416666], [3.213802083333346, 41.91666666666666], [3.2170572916666793, 41.91959635416666], [3.218625557396114, 41.93088786741859], [3.221614583333346, 41.93294270833333], [3.2212343710323377, 41.93427345138686], [3.230776331896128, 41.94665651673032], [3.233333333333346, 41.95377604166666], [3.2330653484989464, 41.95940372318905], [3.2341029291246364, 41.96518186146771], [3.2295021134027753, 41.97190047026614], [3.2227272813725074, 41.97609755073537], [3.220963541666679, 41.97884114583333], [3.2173178276297842, 41.979448764839475], [3.2122653747847267, 41.98257881309203], [3.2066483321187986, 41.9891273156241], [3.202096058412029, 42.00949633569383], [3.203059895833346, 42.03841145833333], [3.204036458333346, 42.04166666666666], [3.206966145833346, 42.04361979166666], [3.208268229166679, 42.05143229166666], [3.2115234375000123, 42.05338541666666], [3.212925138383286, 42.06783556059591], [3.2007526131055513, 42.0813187285467], [3.195247395833346, 42.09244791666666], [3.1870402832747224, 42.09603476528139], [3.185481770833346, 42.10351562499999], [3.1819010416666793, 42.10481770833333], [3.176041666666679, 42.11263020833333], [3.1618022172200946, 42.115478098222646], [3.1597656250000123, 42.11881510416666], [3.1519531250000123, 42.12011718749999], [3.149348958333346, 42.12369791666666], [3.1460664811163936, 42.12260375759434], [3.139099507233715, 42.12575863274046], [3.137630208333346, 42.13053385416666], [3.129817708333346, 42.13704427083333], [3.128841145833346, 42.14388020833333], [3.124934895833346, 42.14648437499999], [3.123632812500013, 42.15429687499999], [3.120703125000013, 42.15624999999999], [3.119726562500013, 42.16048177083333], [3.1187500000000123, 42.19856770833333], [3.1207031250000123, 42.22070312499999], [3.1226562500000123, 42.22591145833333], [3.1285156250000123, 42.23079427083333], [3.129817708333346, 42.23763020833333], [3.1389322916666793, 42.24153645833333], [3.140559895833346, 42.24934895833333], [3.144140625000013, 42.25065104166666], [3.150947595949214, 42.25816184296702], [3.1622581363826714, 42.25997210302839], [3.167578125000013, 42.25944010416666], [3.171484375000013, 42.25748697916666], [3.181250000000013, 42.24739583333333], [3.1929687500000123, 42.24283854166666], [3.2105468750000123, 42.23893229166666], [3.2144531250000123, 42.23470052083333], [3.2222656250000123, 42.23535156249999], [3.2232421875000123, 42.23860677083333], [3.2271484375000123, 42.24023437499999], [3.228129515136508, 42.244158685545976], [3.2430887532273607, 42.2465754016057], [3.2437500000000123, 42.24348958333333], [3.247656250000013, 42.24023437499999], [3.263281250000013, 42.24055989583333], [3.264583333333346, 42.24153645833333], [3.2639565551852403, 42.243730181851696], [3.2693334516614847, 42.2512054492678], [3.276998817188926, 42.255936789872834], [3.279231770833346, 42.25618489583333], [3.280547420148085, 42.25881619446281], [3.2844401041666793, 42.26139322916666], [3.289948074072439, 42.28124999999999], [3.291927083333346, 42.28124999999999], [3.2951822916666793, 42.28417968749999], [3.295470325001797, 42.292820687553515], [3.308985391660963, 42.31276799457733], [3.3127604166666793, 42.31673177083333], [3.319921875000013, 42.31803385416666], [3.3218750000000123, 42.31966145833333], [3.3218750000000123, 42.32096354166666], [3.3189453125000123, 42.32259114583333], [3.3140665642970446, 42.32313322896699], [3.293258922021862, 42.333537483470735], [3.2806422608004038, 42.33504060622628], [3.2750000000000123, 42.34049479166666], [3.269791666666679, 42.34179687499999], [3.2502650008633305, 42.34057645838728], [3.249218395524978, 42.3416876876159], [3.243750000000013, 42.34179687499999], [3.239843750000013, 42.34440104166666], [3.2346354166666793, 42.35123697916666], [3.229427083333346, 42.35416666666666], [3.2248697916666793, 42.35384114583333], [3.222916666666679, 42.35091145833333], [3.2190104166666793, 42.34928385416666], [3.2033854166666793, 42.34798177083333], [3.199153645833346, 42.34407552083333], [3.1940353209380907, 42.34383179107641], [3.186843059834264, 42.34807046899632], [3.185481770833346, 42.35351562499999], [3.182226562500013, 42.35449218749999], [3.179296875000013, 42.35904947916666], [3.1762944087730385, 42.359549890204484], [3.1730634031608775, 42.363332511641346], [3.17299, 42.38068379902824], [3.1686821499720046, 42.396468809043], [3.1772689815789046, 42.41840204259951], [3.180037167581803, 42.43501213059233], [3.174509697912639, 42.455778223857045], [3.1592233003082106, 42.473931126740254], [3.153906250000013, 42.47851562499999], [3.149123012955226, 42.48116060382202], [3.1417135878986615, 42.491507614165556], [3.144425, 42.50371064271424], [3.144425, 42.514405106842204], [3.136552299329769, 42.523589770737054], [3.1142936330946, 42.529154925724406], [3.0871381619239573, 42.533481818040315], [3.073484595599475, 42.53801923050933], [3.071875000000013, 42.53971354166666], [3.0649075942713284, 42.5411070228124], [3.0585747136343646, 42.546806659855015], [3.0562500000000123, 42.55436197916666], [3.050390625000013, 42.60514322916666], [3.0461588541666793, 42.61425781249999], [3.044856770833346, 42.63378906249999], [3.042578125000013, 42.63541666666666], [3.041601562500013, 42.63834635416666], [3.0406250000000123, 42.66471354166666], [3.041601562500013, 42.67936197916666], [3.042578125000013, 42.68229166666666], [3.043880208333346, 42.68229166666666], [3.044856770833346, 42.68977864583333], [3.046809895833346, 42.794596354166664], [3.047786458333346, 42.80208333333333], [3.0490885416666793, 42.80208333333333], [3.050716145833346, 42.80989583333333], [3.052018229166679, 42.84114583333333], [3.0552734375000123, 42.84667968749999], [3.057226562500013, 42.88769531249999], [3.058203125000013, 42.89062499999999], [3.059505208333346, 42.89062499999999], [3.060156250000013, 42.89518229166666], [3.057552083333346, 42.95898437499999], [3.058203125000013, 42.96354166666666], [3.059505208333346, 42.96354166666666], [3.061132812500013, 42.96647135416666], [3.062434895833346, 42.97819010416666], [3.0647135416666793, 42.97916666666666], [3.066341145833346, 42.98249376608751], [3.067643229166679, 42.995802163770904], [3.071549479166679, 42.9978885135135], [3.072851562500013, 43.00179777992277], [3.076106770833346, 43.002775096525085], [3.0774088541666793, 43.01059362934362], [3.0813151041666793, 43.01352557915057], [3.081966145833346, 43.0154802123552], [3.083268229166679, 43.027208011583], [3.0865234375000123, 43.028836872586865], [3.0894531250000123, 43.0389358108108], [3.095963541666679, 43.04382239382238], [3.098893229166679, 43.057179054054046], [3.100846354166679, 43.06043677606176], [3.112565104166679, 43.071187258687246], [3.1154947916666793, 43.080634652509644], [3.1233072916666793, 43.087150096525086], [3.124934895833346, 43.09529440154439], [3.128841145833346, 43.09692326254825], [3.129817708333346, 43.100180984555976], [3.135677083333346, 43.10115830115829], [3.1389322916666793, 43.103112934362926], [3.140559895833346, 43.11093146718146], [3.1438151041666793, 43.111908783783775], [3.145768229166679, 43.116469594594584], [3.157486979166679, 43.125916988416975], [3.1617187500000123, 43.13634169884169], [3.164322916666679, 43.138947876447865], [3.179947916666679, 43.14937258687257], [3.182226562500013, 43.157842664092655], [3.185481770833346, 43.15881998069497], [3.187434895833346, 43.16272924710424], [3.196223958333346, 43.163706563706555], [3.201106770833346, 43.16566119691119], [3.204036458333346, 43.17445704633204], [3.210546875000013, 43.17869208494207], [3.213151041666679, 43.183578667953654], [3.221614583333346, 43.185533301158294], [3.2326822916666793, 43.19758687258687], [3.2365885416666793, 43.20019305019304], [3.252864583333346, 43.206056949806936], [3.257096354166679, 43.21224662162161], [3.268815104166679, 43.221368243243234], [3.270768229166679, 43.2252775096525], [3.284440104166679, 43.22723214285713], [3.2867187500000123, 43.230815637065625], [3.3059244791666793, 43.23830839768338], [3.312434895833346, 43.24547538610038], [3.3371744791666793, 43.251990830115815], [3.341731770833346, 43.25394546332045], [3.350520833333346, 43.26208976833976], [3.360611979166679, 43.26306708494208], [3.362565104166679, 43.26371862934362], [3.363541666666679, 43.26599903474902], [3.3687500000000123, 43.26697635135134], [3.394791666666679, 43.267953667953655], [3.441666666666679, 43.26697635135134], [3.4468750000000123, 43.26599903474902], [3.4478515625000123, 43.26371862934362], [3.4498046875000123, 43.26306708494208], [3.4615234375000123, 43.26176399613898], [3.4625000000000123, 43.25948359073358], [3.4712890625000123, 43.25883204633203], [3.5005859375000123, 43.262089768339756], [3.5093750000000123, 43.26469594594594], [3.5113281250000123, 43.26762789575288], [3.517838541666679, 43.26827944015443], [3.520442708333346, 43.272188706563696], [3.5295572916666793, 43.27414333976833], [3.531184895833346, 43.278052606177596], [3.5344401041666793, 43.27902992277991], [3.536067708333346, 43.286848455598445], [3.5393229166666793, 43.28880308880308], [3.5451822916666793, 43.289780405405395], [3.547786458333346, 43.29466698841698], [3.554296875000013, 43.29890202702701], [3.5572265625000123, 43.30769787644787], [3.5621093750000123, 43.3096525096525], [3.5708984375000123, 43.31062982625482], [3.572851562500013, 43.31453909266408], [3.576106770833346, 43.315516409266394], [3.5774088541666793, 43.323334942084934], [3.581966145833346, 43.32626689189188], [3.582942708333346, 43.3295246138996], [3.588802083333346, 43.33050193050192], [3.5940104166666793, 43.33343388030887], [3.603450520833346, 43.34516167953667], [3.608007812500013, 43.3471163127413], [3.608984375000013, 43.350374034749024], [3.6174479166666793, 43.35232866795366], [3.630468750000013, 43.36601110038609], [3.6389322916666793, 43.36796573359072], [3.641536458333346, 43.37187499999999], [3.649348958333346, 43.37317808880308], [3.6519531250000123, 43.377087355212346], [3.6597656250000123, 43.37839044401543], [3.661393229166679, 43.381648166023155], [3.675065104166679, 43.38360279922779], [3.676041666666679, 43.38588320463319], [3.678971354166679, 43.387512065637054], [3.688736979166679, 43.3881636100386], [3.693619791666679, 43.39207287644787], [3.711197916666679, 43.393050193050186], [3.7199869791666793, 43.39500482625482], [3.7209635416666793, 43.39695945945945], [3.719661458333346, 43.39956563706563], [3.7199869791666793, 43.40282335907335], [3.726497395833346, 43.404126447876436], [3.731380208333346, 43.409990347490336], [3.7365885416666793, 43.41194498069497], [3.7883463541666793, 43.414551158301144], [3.801041666666679, 43.41780888030887], [3.801041666666679, 43.420415057915044], [3.803645833333346, 43.42302123552122], [3.827083333333346, 43.43083976833976], [3.8342447916666793, 43.43409749034748], [3.8381510416666793, 43.43800675675675], [3.838802083333346, 43.44256756756756], [3.8352213541666793, 43.452340733590724], [3.835872395833346, 43.45624999999999], [3.844986979166679, 43.464720077220065], [3.848893229166679, 43.47449324324323], [3.850846354166679, 43.475796332046315], [3.8609375000000123, 43.477099420849406], [3.8723307291666793, 43.487198359073346], [3.889257812500013, 43.49371380308879], [3.896419270833346, 43.501858108108095], [3.9055338541666793, 43.50446428571428], [3.912369791666679, 43.51293436293435], [3.9146484375000123, 43.51260859073358], [3.9156250000000123, 43.50967664092663], [3.9185546875000123, 43.50804777992276], [3.927994791666679, 43.50837355212354], [3.9292968750000123, 43.50967664092663], [3.927994791666679, 43.514237451737436], [3.928971354166679, 43.51619208494207], [3.937760416666679, 43.51814671814671], [3.955338541666679, 43.51912403474902], [3.9592447916666793, 43.523033301158286], [3.9660807291666793, 43.5240106177606], [3.972591145833346, 43.531829150579135], [3.9826822916666793, 43.534761100386085], [3.984960937500013, 43.53801882239381], [4.004492187500012, 43.53932191119689], [4.009375000000012, 43.54095077220076], [4.009375000000012, 43.54225386100384], [4.014583333333345, 43.54290540540539], [4.025000000000012, 43.54290540540539], [4.077083333333346, 43.53932191119689], [4.092708333333346, 43.53508687258686], [4.093033854166679, 43.530526061776044], [4.096940104166679, 43.526616795366785], [4.098893229166679, 43.502509652509644], [4.103776041666679, 43.49338803088802], [4.113541666666679, 43.48556949806948], [4.118424479166679, 43.4784025096525], [4.127539062500012, 43.475796332046315], [4.136002604166679, 43.4666747104247], [4.142838541666679, 43.46569739382238], [4.145442708333346, 43.461788127413115], [4.153255208333346, 43.460485038610024], [4.155208333333346, 43.457553088803074], [4.158138020833346, 43.45657577220076], [4.193294270833346, 43.45527268339767], [4.199153645833346, 43.45462113899613], [4.202083333333346, 43.453643822393815], [4.202083333333346, 43.452340733590724], [4.207291666666679, 43.45103764478763], [4.217708333333346, 43.44973455598454], [4.280208333333346, 43.444522200772184], [4.285416666666679, 43.4432191119691], [4.285416666666679, 43.44191602316601], [4.288346354166679, 43.44093870656369], [4.329361979166679, 43.438984073359066], [4.332291666666679, 43.43800675675675], [4.332617187500012, 43.43572635135134], [4.334244791666679, 43.434749034749025], [4.337174479166679, 43.43572635135134], [4.337825520833345, 43.438984073359066], [4.339453125000012, 43.43996138996138], [4.342382812500013, 43.438984073359066], [4.342708333333346, 43.43670366795366], [4.347265625000013, 43.43572635135134], [4.370052083333346, 43.434749034749025], [4.411067708333345, 43.43572635135134], [4.415625000000012, 43.43670366795366], [4.415625000000012, 43.43800675675675], [4.436132812500012, 43.43963561776061], [4.483984375000012, 43.43996138996138], [4.518164062500012, 43.438984073359066], [4.525000000000012, 43.43800675675675], [4.526302083333345, 43.43572635135134], [4.528906250000012, 43.4350748069498], [4.544531250000013, 43.4337717181467], [4.547786458333346, 43.429862451737435], [4.555598958333345, 43.42855936293435], [4.556575520833345, 43.42530164092663], [4.559505208333346, 43.42432432432432], [4.561132812500013, 43.41943774131273], [4.561458333333346, 43.4080357142857], [4.558528645833346, 43.39793677606176], [4.548763020833346, 43.38914092664091], [4.545833333333346, 43.38392857142856], [4.547786458333346, 43.377087355212346], [4.552343750000012, 43.374155405405396], [4.555598958333345, 43.36959459459459], [4.556250000000012, 43.3624276061776], [4.558203125000012, 43.357541023166014], [4.566015625000012, 43.355586389961374], [4.568294270833346, 43.35232866795366], [4.591080729166679, 43.350374034749024], [4.593684895833346, 43.3471163127413], [4.605403645833346, 43.345813223938215], [4.607356770833346, 43.34516167953667], [4.609309895833346, 43.34190395752895], [4.621028645833346, 43.34060086872586], [4.622981770833346, 43.33994932432431], [4.624934895833346, 43.33669160231659], [4.636653645833346, 43.3353885135135], [4.638606770833346, 43.33473696911196], [4.639583333333346, 43.33245656370655], [4.643164062500013, 43.331479247104234], [4.661067708333346, 43.33050193050192], [4.693294270833345, 43.331479247104234], [4.700781250000012, 43.3353885135135], [4.713802083333346, 43.33604005791504], [4.716406250000013, 43.33669160231659], [4.717708333333346, 43.33897200772199], [4.730403645833346, 43.34060086872586], [4.781184895833346, 43.33994932432431], [4.785416666666679, 43.33897200772199], [4.785416666666679, 43.33766891891891], [4.788346354166679, 43.33604005791504], [4.800065104166679, 43.33473696911196], [4.801041666666679, 43.33245656370655], [4.803971354166679, 43.33082770270269], [4.815690104166679, 43.3295246138996], [4.817317708333346, 43.32626689189188], [4.825130208333346, 43.32496380308879], [4.829036458333346, 43.32040299227798], [4.836848958333345, 43.31909990347489], [4.839453125000012, 43.315190637065626], [4.845963541666679, 43.315190637065626], [4.848567708333346, 43.31909990347489], [4.858070933798658, 43.32203185328184], [4.859628807106604, 43.32659266409265], [4.8637941518612555, 43.33082770270269], [4.875649058798656, 43.335062741312726], [4.8809208439086404, 43.33994932432431], [4.90547932529611, 43.34190395752895], [4.907233502538071, 43.342881274131265], [4.908209073604061, 43.345813223938215], [4.911460977157361, 43.347116312741306], [4.91341211928934, 43.36079874517374], [4.916664022842641, 43.3624276061776], [4.91796478426396, 43.37024613899613], [4.92089149746193, 43.37220077220076], [4.92251744923858, 43.37611003861003], [4.9228426395939096, 43.38523166023165], [4.92154187817259, 43.38914092664092], [4.9189403553299496, 43.391747104247095], [4.91503807106599, 43.393050193050186], [4.905932741116752, 43.39239864864864], [4.902030456852793, 43.38914092664091], [4.900673183692897, 43.38327702702701], [4.897506212986472, 43.38262548262547], [4.895244091053311, 43.384580115830104], [4.893489583333346, 43.39142133204632], [4.890885416666679, 43.393375965250954], [4.877864583333346, 43.39761100386099], [4.873958333333346, 43.40021718146717], [4.875260416666679, 43.40249758687257], [4.886979166666679, 43.403474903474894], [4.893489583333346, 43.40542953667952], [4.895244091053311, 43.41194498069497], [4.897506212986472, 43.4138996138996], [4.901578032466161, 43.412922297297285], [4.902355647208124, 43.40966457528956], [4.903981598984773, 43.40868725868725], [4.9069083121827415, 43.40966457528956], [4.907233502538071, 43.41194498069497], [4.91503807106599, 43.41357384169883], [4.9413784898477155, 43.41324806949805], [4.950809010152284, 43.409990347490336], [4.954060913705584, 43.40542953667952], [4.956662436548223, 43.404126447876436], [4.969670050761421, 43.40152027027026], [4.974547906091372, 43.39500482625482], [4.9846288071066, 43.391095559845546], [4.98592956852792, 43.38425434362933], [4.995034898477158, 43.37676158301157], [4.996335659898477, 43.37317808880308], [5.0041402284263965, 43.37122345559845], [5.0080425126903565, 43.35656370656369], [5.014546319796954, 43.35167712355211], [5.017473032994924, 43.341578185328174], [5.021050126903555, 43.34027509652509], [5.024952411167513, 43.334411196911184], [5.0304806472081225, 43.33115347490346], [5.046414974619291, 43.3295246138996], [5.04836611675127, 43.32626689189188], [5.051618020304569, 43.32528957528957], [5.057471446700508, 43.32626689189188], [5.059422588832488, 43.3295246138996], [5.062834932130855, 43.33003738122244], [5.078015036623317, 43.3290274015935], [5.080885152284264, 43.32528957528957], [5.083811865482234, 43.32626689189188], [5.084137055837564, 43.328547297297284], [5.084948604856503, 43.32876902486443], [5.125132202109869, 43.32727159870931], [5.140724559783682, 43.32872379396333], [5.142671319796955, 43.32626689189188], [5.1543781725888325, 43.32528957528957], [5.160881979695432, 43.32626689189188], [5.162182741116752, 43.328547297297284], [5.167710977157361, 43.3295246138996], [5.200866222542423, 43.330175879944015], [5.237942822256836, 43.329546918676506], [5.243514222030739, 43.33228118473723], [5.252585659898477, 43.334411196911184], [5.255849689192354, 43.33833504024426], [5.261416685480652, 43.341067145214105], [5.265593274111675, 43.34190395752895], [5.265995504952801, 43.34331428438719], [5.2793232455420736, 43.3498551161778], [5.285755076142133, 43.35200289575288], [5.287130079488764, 43.353686462332874], [5.291753943894205, 43.35595570812858], [5.295663442586535, 43.35642568737811], [5.338789774330021, 43.33599300821635], [5.341037436548224, 43.33017615830114], [5.342241491161969, 43.32932176028549], [5.352757631272056, 43.2997507060251], [5.350142766497462, 43.29759893822393], [5.348842005076142, 43.29075772200771], [5.339736675126904, 43.286848455598445], [5.339086294416244, 43.28228764478763], [5.342988578680203, 43.278052606177596], [5.352093908629442, 43.275120656370646], [5.35957328680203, 43.269582528957514], [5.36184961928934, 43.26534749034748], [5.363441598484162, 43.25577852452707], [5.3551336538071865, 43.24313449463129], [5.35304415390316, 43.23640897855193], [5.340061865482234, 43.224951737451725], [5.338110723350255, 43.217784749034735], [5.323477157360407, 43.21387548262547], [5.325428299492387, 43.21094353281852], [5.333232868020305, 43.209640444015434], [5.334858819796954, 43.20573117760617], [5.338110723350255, 43.20573117760617], [5.341037436548224, 43.21029198841698], [5.347541243654822, 43.21029198841698], [5.350142766497462, 43.20638272200771], [5.355996192893402, 43.20540540540539], [5.3592480964467, 43.20345077220076], [5.361849619289341, 43.19563223938223], [5.36640228426396, 43.194980694980686], [5.368678616751269, 43.19693532818532], [5.3670526649746195, 43.20149613899613], [5.36737785532995, 43.20345077220076], [5.369328997461929, 43.20475386100385], [5.384612944162438, 43.20638272200771], [5.387214467005077, 43.209640444015434], [5.389815989847716, 43.21029198841698], [5.402823604060915, 43.21029198841698], [5.406725888324874, 43.20866312741312], [5.406725888324874, 43.20736003861003], [5.415506027918782, 43.20573117760617], [5.4359930203045685, 43.20540540540539], [5.450626586294417, 43.20638272200771], [5.453553299492386, 43.20736003861003], [5.454359321476759, 43.20978243107724], [5.457451038615975, 43.20991685356155], [5.460707487309645, 43.20638272200771], [5.484121192893402, 43.20507963320462], [5.489974619289341, 43.20345077220076], [5.49127538071066, 43.20117036679536], [5.5029822335025385, 43.20019305019304], [5.509486040609137, 43.20117036679536], [5.513713515228426, 43.20507963320462], [5.5254203680203045, 43.20638272200771], [5.527046319796955, 43.209640444015434], [5.532899746192894, 43.21061776061775], [5.536151649746193, 43.209640444015434], [5.537452411167513, 43.20638272200771], [5.541105973534118, 43.20531519299057], [5.546474928633064, 43.1975949664822], [5.548183692893402, 43.188465250965244], [5.550134835025382, 43.18585907335907], [5.5585195404813295, 43.18422579685133], [5.567514092661777, 43.17587089119352], [5.568020304568528, 43.17282818532817], [5.570947017766498, 43.169570463320454], [5.580702728426395, 43.16859314671814], [5.585255393401015, 43.16468388030887], [5.588507296954315, 43.16403233590732], [5.599888959390863, 43.163706563706555], [5.6039205051396275, 43.164656859982934], [5.6102950507614215, 43.16266464955804], [5.6102950507614215, 43.159471525096514], [5.613546954314721, 43.1584942084942], [5.61940038071066, 43.159471525096514], [5.620050761421321, 43.16175193050192], [5.6161484771573615, 43.163706563706555], [5.612335130260065, 43.16306986872125], [5.621713609696261, 43.17764097522142], [5.627830350900581, 43.18334928354661], [5.635659898477158, 43.18455598455598], [5.659073604060914, 43.183578667953654], [5.664601840101524, 43.17966940154439], [5.676308692893401, 43.1783663127413], [5.677934644670051, 43.17510859073358], [5.683410748933701, 43.17419427367364], [5.68703997461929, 43.17128144668926], [5.68703997461929, 43.16566119691119], [5.679235406091371, 43.163055019305006], [5.6772842639593915, 43.157191119691106], [5.679235406091371, 43.15393339768339], [5.68801554568528, 43.151327220077214], [5.6935437817258885, 43.144811776061765], [5.714355964467006, 43.14220559845559], [5.718258248730965, 43.1409025096525], [5.725737626903553, 43.13406129343628], [5.733325102085423, 43.136189587727245], [5.735168147208123, 43.13340974903474], [5.742972715736041, 43.13210666023165], [5.746224619289341, 43.12852316602316], [5.764435279187818, 43.13112934362933], [5.766711611675127, 43.12754584942084], [5.769638324873097, 43.126568532818524], [5.767687182741117, 43.120704633204625], [5.7686627538071065, 43.11842422779922], [5.791100888324873, 43.11093146718146], [5.7950031725888325, 43.10702220077219], [5.7969543147208125, 43.101809845559835], [5.7969543147208125, 43.09529440154439], [5.795003172588833, 43.087150096525086], [5.793052030456853, 43.08552123552123], [5.787198604060914, 43.08454391891891], [5.785897842639594, 43.08161196911196], [5.778093274111676, 43.083566602316594], [5.776142131979696, 43.07965733590733], [5.776142131979696, 43.07574806949806], [5.778093274111676, 43.07249034749034], [5.781995558375636, 43.06988416988416], [5.801151117749419, 43.065406542096454], [5.808296423460509, 43.0613106432659], [5.80931154822335, 43.05978523166022], [5.81163395741515, 43.05939747090148], [5.81809168781726, 43.05522442084941], [5.821993972081218, 43.05392133204632], [5.823945114213198, 43.050012065637056], [5.835651967005076, 43.048708976833964], [5.837603109137056, 43.04805743243242], [5.839229060913706, 43.04512548262547], [5.848334390862945, 43.04773166023165], [5.8496351522842644, 43.0447997104247], [5.855488578680204, 43.04382239382238], [5.858740482233502, 43.04675434362933], [5.8597447572680785, 43.05128166731143], [5.866467420776428, 43.059882484583014], [5.868496192893401, 43.06043677606176], [5.878303444452423, 43.07115473876171], [5.8878058133022275, 43.073718462380036], [5.895812182741118, 43.07314189189188], [5.899064086294417, 43.06858108108107], [5.904592322335025, 43.065323359073346], [5.917925126903553, 43.06499758687258], [5.921827411167513, 43.06662644787644], [5.922802982233502, 43.068906853281845], [5.931583121827412, 43.06988416988416], [5.936460977157361, 43.068906853281845], [5.938412119289341, 43.06499758687258], [5.941664022842639, 43.06499758687258], [5.9429647842639595, 43.068906853281845], [5.9468670685279195, 43.070535714285704], [5.947842639593909, 43.07379343629343], [5.947076600075997, 43.07839789719834], [5.9482819872973005, 43.07938342161659], [5.943482869028001, 43.08089971782279], [5.941664022842639, 43.08454391891891], [5.929931658123022, 43.08518126466776], [5.909870631499511, 43.091898994228835], [5.911096129441625, 43.09268822393821], [5.910770939086295, 43.09920366795366], [5.907519035532996, 43.10115830115829], [5.903219978553682, 43.10187609266637], [5.897548525578683, 43.11065244792123], [5.915323604060914, 43.11256032818532], [5.917599936548224, 43.116469594594584], [5.919876269035534, 43.11679536679536], [5.921502220812183, 43.11386341698841], [5.921827411167513, 43.10702220077219], [5.925079314720812, 43.10409025096524], [5.931583121827411, 43.10213561776061], [5.964102157360406, 43.10148407335906], [5.970605964467007, 43.10213561776061], [5.974283554285794, 43.103752606247134], [5.984720578225368, 43.10380908228357], [5.985889911167513, 43.10213561776061], [6.008653236040609, 43.100180984555976], [6.011254758883249, 43.09627171814671], [6.0135310913705595, 43.095945945945935], [6.015157043147209, 43.0939913127413], [6.015157043147209, 43.08747586872586], [6.010279187817259, 43.083566602316594], [6.010279187817259, 43.0822635135135], [6.014506662436548, 43.081286196911186], [6.027208248282623, 43.08112306470473], [6.027930024516646, 43.07969568475909], [6.044448353604867, 43.07970794500905], [6.065236357868021, 43.080634652509644], [6.082867295708815, 43.08351256287824], [6.0847477791878175, 43.081286196911186], [6.099381345177665, 43.08030888030887], [6.104259200507615, 43.07802847490346], [6.107511104060913, 43.073467664092654], [6.1091370558375635, 43.06662644787644], [6.107836294416243, 43.0506636100386], [6.105234771573604, 43.04610279922779], [6.101332487309644, 43.04382239382238], [6.096129441624366, 43.04382239382238], [6.089625634517766, 43.04089044401543], [6.088324873096447, 43.034049227799215], [6.0909263959390865, 43.03144305019304], [6.096129441624366, 43.03013996138995], [6.122144670050762, 43.03209459459458], [6.12994923857868, 43.03144305019304], [6.131900380710659, 43.02851110038609], [6.13807899746193, 43.027533783783774], [6.137103426395939, 43.01971525096524], [6.138404187817259, 43.01841216216215], [6.144907994923858, 43.01776061776061], [6.150761421319797, 43.01971525096524], [6.1559644670050755, 43.02623069498068], [6.165720177664975, 43.028185328185316], [6.170598032994924, 43.03209459459458], [6.170825072206089, 43.03664350339648], [6.179153359643324, 43.03734950542796], [6.1824699715736955, 43.04325466227183], [6.171035234196574, 43.04085426383492], [6.171248413705584, 43.04512548262547], [6.169622461928935, 43.04903474903474], [6.167346129441625, 43.050012065637056], [6.166370558375635, 43.058807915057905], [6.167346129441625, 43.06369449806949], [6.170598032994924, 43.06630067567566], [6.171898794416244, 43.085847007721995], [6.173524746192893, 43.09073359073358], [6.177427030456852, 43.09268822393821], [6.1819796954314725, 43.09920366795366], [6.187833121827412, 43.10115830115829], [6.19466211928934, 43.10148407335906], [6.19661326142132, 43.10213561776061], [6.19758883248731, 43.10441602316601], [6.200840736040609, 43.10539333976833], [6.246367385786803, 43.10734797297296], [6.249619289340102, 43.108325289575276], [6.250594860406092, 43.110605694980684], [6.26230171319797, 43.111908783783775], [6.2652284263959395, 43.113537644787634], [6.265878807106599, 43.11581805019304], [6.271732233502538, 43.11679536679536], [6.275959708121828, 43.114840733590725], [6.278886421319798, 43.11027992277991], [6.282138324873097, 43.10799951737451], [6.314982550761421, 43.09952944015443], [6.317258883248732, 43.09724903474903], [6.319210025380711, 43.09138513513513], [6.32571383248731, 43.09040781853281], [6.3299413071065995, 43.086498552123544], [6.357257296954315, 43.085847007721995], [6.364086294416244, 43.08747586872586], [6.365061865482233, 43.09040781853281], [6.368313769035533, 43.09105936293435], [6.369072494282086, 43.0923261675884], [6.373209955770666, 43.092335913669885], [6.364590624971507, 43.11881321903518], [6.377320432888271, 43.13695090362184], [6.387831457464879, 43.14209612491137], [6.399206852791879, 43.14383445945945], [6.403434327411169, 43.147743725868715], [6.4131900380710665, 43.147743725868715], [6.416116751269036, 43.146114864864856], [6.417092322335026, 43.143182915057906], [6.419368654822336, 43.14285714285713], [6.420994606598986, 43.14383445945945], [6.421970177664976, 43.14709218146717], [6.427823604060913, 43.14806949806949], [6.431075507614214, 43.14709218146717], [6.432376269035533, 43.14383445945945], [6.438229695431472, 43.14285714285713], [6.442457170050762, 43.144811776061765], [6.445383883248732, 43.14937258687258], [6.4538388324873095, 43.152630308880305], [6.476927347715737, 43.15295608108107], [6.483756345177666, 43.15132722007721], [6.485707487309645, 43.14839527027026], [6.492211294416244, 43.14839527027026], [6.495463197969544, 43.1526303088803], [6.49894187306047, 43.153791941978746], [6.505495706750162, 43.152534307753754], [6.525770846988584, 43.16178542494875], [6.527514577796079, 43.163935601401064], [6.534486040609137, 43.16468388030887], [6.536762373096447, 43.16859314671814], [6.540014276649747, 43.16924469111969], [6.540989847715736, 43.170873552123545], [6.540664657360407, 43.173153957528946], [6.537087563451776, 43.174782818532805], [6.539038705583757, 43.18064671814671], [6.550420368020305, 43.183904440154436], [6.573508883248731, 43.18455598455598], [6.593020304568529, 43.18260135135134], [6.593345494923859, 43.18032094594594], [6.597898159898477, 43.17738899613899], [6.599198921319797, 43.169570463320454], [6.602450824873097, 43.16859314671814], [6.605377538071066, 43.16403233590732], [6.613182106598986, 43.16272924710424], [6.614157677664976, 43.159471525096514], [6.615783629441625, 43.1584942084942], [6.618059961928934, 43.15881998069497], [6.620986675126904, 43.16338079150578], [6.628791243654822, 43.16468388030887], [6.631392766497463, 43.16859314671814], [6.637896573604062, 43.16859314671814], [6.64082328680203, 43.16403233590732], [6.643099619289341, 43.163706563706555], [6.64472557106599, 43.16761583011582], [6.64570114213198, 43.18097249034748], [6.64895304568528, 43.18651061776061], [6.665224447315621, 43.19491216220127], [6.674968274111675, 43.195958011583], [6.677244606598985, 43.19986727799227], [6.680496510152285, 43.20051882239382], [6.681472081218274, 43.202147683397676], [6.6808217005076145, 43.20442808880308], [6.675579296496571, 43.205303386129714], [6.670549470956712, 43.212971178474426], [6.670090418781727, 43.21517857142857], [6.666188134517767, 43.2180661480847], [6.666188134517767, 43.22430019305018], [6.670090418781727, 43.22690637065636], [6.671065989847716, 43.23016409266408], [6.670740799492386, 43.23472490347489], [6.666499862914365, 43.2374560978963], [6.667069034989343, 43.24030653297226], [6.67938014339002, 43.2467124255688], [6.690577411167514, 43.249058880308866], [6.693829314720813, 43.2568774131274], [6.70163388324873, 43.25948359073358], [6.7032598350253805, 43.26730212355211], [6.706511738578681, 43.26827944015443], [6.70748730964467, 43.27121138996138], [6.704560596446701, 43.27284025096524], [6.6948048857868026, 43.27349179536678], [6.6928537436548226, 43.27414333976833], [6.690902601522843, 43.27740106177605], [6.679195748730965, 43.278704150579145], [6.676269035532996, 43.280333011583004], [6.675618654822335, 43.282613416988404], [6.669765228426396, 43.28359073359072], [6.666513324873097, 43.282613416988404], [6.664887373096447, 43.278704150579145], [6.661635469543148, 43.27772683397683], [6.66051599012149, 43.27234371823895], [6.650418145212417, 43.27036228698335], [6.64537595177665, 43.27642374517374], [6.64114847715736, 43.27837837837837], [6.636270621827412, 43.27772683397683], [6.631392766497462, 43.27186293436292], [6.6219622461928935, 43.2686052123552], [6.595621827411168, 43.2686052123552], [6.590109054139684, 43.27090631109574], [6.595132691154754, 43.282857520615615], [6.6014752538071075, 43.283916505791495], [6.603426395939087, 43.286848455598445], [6.607328680203045, 43.288477316602304], [6.622937817258884, 43.289780405405395], [6.625214149746193, 43.29368967181466], [6.628466053299492, 43.29466698841698], [6.629441624365483, 43.30053088803088], [6.633512186096683, 43.303903199554526], [6.642124048223351, 43.30476592664091], [6.6470019035533, 43.30867519305018], [6.670415609137057, 43.309978281853276], [6.676269035532996, 43.311607142857135], [6.675943845177665, 43.313887548262535], [6.673017131979696, 43.31486486486485], [6.671391180203047, 43.31877413127412], [6.672041560913706, 43.334411196911184], [6.675293464467005, 43.33604005791504], [6.677569796954315, 43.33994932432431], [6.693178934010152, 43.34125241312741], [6.697081218274112, 43.342881274131265], [6.698056789340102, 43.34516167953667], [6.7068369289340115, 43.34613899613899], [6.711714784263959, 43.34809362934362], [6.7125950601358575, 43.35162103295046], [6.716333461998053, 43.351970056791025], [6.716317747533357, 43.35670913193125], [6.717893401015229, 43.35851833976833], [6.717568210659899, 43.36079874517374], [6.716301481559111, 43.361614528053266], [6.716346887994749, 43.36731877794774], [6.731283321849313, 43.38265488102413], [6.730922840043582, 43.388190575404394], [6.7335025380710665, 43.39565637065636], [6.734478109137056, 43.40738416988416], [6.738380393401016, 43.40966457528956], [6.739355964467006, 43.412922297297285], [6.749436865482233, 43.415854247104235], [6.7558070325488435, 43.42375523216973], [6.759192576142132, 43.423347007722], [6.760168147208122, 43.420089285714276], [6.768297906091371, 43.41846042471042], [6.7751269035533, 43.410641891891885], [6.780980329949239, 43.40868725868725], [6.787809327411168, 43.40901303088802], [6.789760469543148, 43.40966457528956], [6.790651075181687, 43.41174637330819], [6.79650062216243, 43.41296178081513], [6.8330107868020304, 43.4138996138996], [6.842633609440728, 43.415234388701045], [6.846692745497889, 43.41412623016577], [6.8582255925041835, 43.416945199231264], [6.857525779197234, 43.41917409941469], [6.858375634517767, 43.4197635135135], [6.85876262425973, 43.42660472972972], [6.860697572969544, 43.42953667953667], [6.863406501163284, 43.42921090733589], [6.864567470389172, 43.42627895752894], [6.866193422165821, 43.4256274131274], [6.888956747038919, 43.428233590733576], [6.890582698815568, 43.427582046332034], [6.89137287172166, 43.424650096525085], [6.893216608502538, 43.42432432432432], [6.895049720257198, 43.434127268496276], [6.897196012340745, 43.43907413246472], [6.919043937411954, 43.45002656701076], [6.923947079239707, 43.47374410251291], [6.92706777054662, 43.476675702248706], [6.931556683587141, 43.47742519305018], [6.933182635363791, 43.4806829150579], [6.9419627749577, 43.48166023166022], [6.9468406302876495, 43.48459218146717], [6.948141391708969, 43.49436534749034], [6.949767343485618, 43.49729729729729], [6.952043675972929, 43.49794884169883], [6.9530192470389185, 43.50381274131273], [6.951068104906939, 43.507070463320446], [6.942067691688696, 43.51014004319736], [6.939948944241512, 43.514597373851906], [6.941553771295443, 43.520099159856265], [6.947165820642979, 43.52498793436292], [6.948494705370797, 43.53164424650838], [6.958140854996012, 43.538987980652095], [6.961474196277496, 43.53932191119689], [6.965089695415182, 43.54330784631138], [6.976107762267346, 43.54453426640926], [6.979034475465315, 43.54616312741312], [6.979034475465315, 43.54746621621621], [6.981961188663284, 43.54811776061775], [7.00830160744501, 43.54616312741312], [7.017081747038919, 43.54355694980694], [7.022935173434858, 43.539647683397675], [7.0258618866328275, 43.53443532818532], [7.026512267343487, 43.52303330115829], [7.0278130287648075, 43.51977557915057], [7.036267978003385, 43.51619208494208], [7.035942787648055, 43.51391167953667], [7.032365693739425, 43.51228281853281], [7.034316835871405, 43.50641891891891], [7.038869500846024, 43.503161196911186], [7.0460236886632845, 43.502509652509644], [7.050901543993232, 43.505441602316594], [7.053794710801777, 43.51703497589576], [7.067885405784208, 43.51624989837788], [7.060576313951053, 43.51885943421722], [7.061632825719121, 43.51912403474902], [7.062283206429782, 43.52140444015443], [7.059356493231812, 43.523033301158286], [7.047649640439935, 43.52433638996138], [7.046348879018614, 43.527594111969094], [7.041796214043995, 43.530526061776044], [7.041796214043995, 43.53704150579149], [7.047324450084604, 43.54095077220076], [7.051551924703893, 43.5474662162162], [7.060332064297802, 43.55007239382238], [7.0620211681622305, 43.555148772081104], [7.0652831738218325, 43.55790071134276], [7.079843485617599, 43.55984555984555], [7.100330478003386, 43.55919401544401], [7.1091106175972945, 43.55593629343628], [7.110086188663284, 43.55007239382238], [7.113338092216583, 43.549095077220066], [7.115614424703892, 43.5451858108108], [7.122118231810492, 43.54420849420848], [7.133825084602369, 43.5451858108108], [7.136101417089679, 43.549095077220066], [7.13935332064298, 43.55007239382238], [7.140328891708969, 43.55593629343628], [7.13935332064298, 43.55919401544401], [7.136426607445009, 43.5604971042471], [7.13837774957699, 43.566361003861], [7.138052559221659, 43.57059604247103], [7.133825084602369, 43.57352799227798], [7.130573181049071, 43.58493001930501], [7.130898371404401, 43.624348455598444], [7.13187394247039, 43.62760617760617], [7.134800655668359, 43.6295608108108], [7.136101417089679, 43.637379343629334], [7.140003701353639, 43.63900820463319], [7.14097927241963, 43.64226592664092], [7.148783840947548, 43.643894787644776], [7.1513853637901885, 43.65171332046331], [7.154637267343487, 43.65366795366794], [7.160490693739426, 43.65464527027026], [7.1622829704922975, 43.657338495634754], [7.169596023688665, 43.658554536679524], [7.172522736886634, 43.65464527027026], [7.181302876480543, 43.65366795366794], [7.186180731810492, 43.65464527027026], [7.189107445008462, 43.658554536679524], [7.193660109983082, 43.6588803088803], [7.196912013536381, 43.656925675675666], [7.197562394247041, 43.65236486486486], [7.2004891074450095, 43.64910714285713], [7.202959075348794, 43.6488714869254], [7.204433058643724, 43.64626974272601], [7.213016723541909, 43.6499667016541], [7.230084157694379, 43.66399006903452], [7.228570334086089, 43.66890301064497], [7.230302861469003, 43.67758114714531], [7.240955352898992, 43.686185095760194], [7.257163760814182, 43.69314401697861], [7.278112546803958, 43.694673697696224], [7.285038599830797, 43.693412162162154], [7.291217216582066, 43.686896718146706], [7.300972927241964, 43.68494208494207], [7.30595848182879, 43.688521386492866], [7.317837888161013, 43.686920443181776], [7.318208016074451, 43.68135859073358], [7.3221103003384105, 43.678752413127405], [7.322435490693741, 43.676472007722], [7.324386632825721, 43.67484314671814], [7.33089043993232, 43.67516891891891], [7.33479272419628, 43.68429054054053], [7.341296531302877, 43.68526785714285], [7.343247673434858, 43.686896718146706], [7.342597292724197, 43.68950289575289], [7.334782572633288, 43.695933615700696], [7.340997049697238, 43.70858115205856], [7.34552726988329, 43.712013653245286], [7.348775909475465, 43.712958494208486], [7.352450933218841, 43.71699966844325], [7.360290673939167, 43.72139119597232], [7.366336188663283, 43.721102799227786], [7.369262901861253, 43.71947393822393], [7.370238472927243, 43.71654198841698], [7.3725148054145535, 43.7162162162162], [7.374140757191203, 43.71719353281852], [7.374465947546533, 43.71947393822393], [7.3767422800338425, 43.720451254826244], [7.403756011702077, 43.71950240156559], [7.412838409475467, 43.726315154440144], [7.420642978003386, 43.727618243243235], [7.421618549069375, 43.73087596525095], [7.426171214043995, 43.7338079150579], [7.426870645466103, 43.7380120123185], [7.4320018826883585, 43.74109633807763], [7.4522264165294105, 43.7572635135135], [7.460316201353638, 43.7572635135135], [7.464868866328258, 43.75400579150578], [7.468120769881558, 43.74944498069497], [7.477876480541457, 43.747490347490334], [7.482754335871406, 43.7513996138996], [7.483729906937396, 43.760521235521225], [7.485030668358716, 43.76443050193049], [7.487632191201355, 43.767036679536666], [7.504216899323183, 43.7702944015444], [7.509419945008462, 43.77680984555984], [7.51950084602369, 43.77974179536679], [7.521777178511, 43.78299951737451], [7.541288599830796, 43.783651061776055], [7.546166455160746, 43.7820222007722], [7.548117597292727, 43.77909025096525], [7.552670262267345, 43.77876447876447], [7.556897736886634, 43.780719111969105], [7.562425972927242, 43.787234555984554], [7.57803510998308, 43.78918918918918], [7.58616486886633, 43.788211872586864], [7.587790820642979, 43.785931467181456], [7.591042724196279, 43.78495415057914], [7.636569373942473, 43.78299951737451], [7.639821277495772, 43.7820222007722], [7.641772419627751, 43.77909025096525], [7.64957698815567, 43.777787162162156], [7.65152813028765, 43.77452944015444], [7.667462457698817, 43.77420366795366], [7.672990693739425, 43.77746138996138], [7.676567787648056, 43.782347972972964], [7.693152495769883, 43.78853764478764], [7.698976807969064, 43.793399922558216], [7.722419627749578, 43.79407577220077], [7.728273054145517, 43.792446911196905], [7.730224196277497, 43.789514961389955], [7.736728003384097, 43.789514961389955], [7.740630287648056, 43.79407577220077], [7.748434856175973, 43.795378861003854], [7.749410427241964, 43.79863658301158], [7.753312711505924, 43.79993967181466], [7.756239424703893, 43.80450048262547], [7.762743231810492, 43.80515202702702], [7.764694373942472, 43.80808397683397], [7.769572229272421, 43.809712837837836], [7.789083650592218, 43.81101592664092], [7.792660744500847, 43.814925193050186], [7.8004653130287664, 43.81622828185327], [7.801440884094756, 43.819486003860995], [7.803066835871405, 43.82046332046331], [7.805343168358716, 43.82013754826254], [7.808269881556685, 43.81557673745173], [7.816074450084604, 43.814273648648644], [7.817700401861254, 43.81101592664092], [7.826480541455162, 43.8100386100386], [7.833309538917091, 43.81297055984555], [7.844040820642978, 43.82469835907335], [7.851195008460239, 43.82600144787644], [7.853146150592218, 43.82893339768339], [7.863877432318107, 43.83056225868725], [7.90680255922166, 43.831865347490336], [7.910379653130289, 43.83284266409265], [7.912330795262268, 43.8357746138996], [7.9201353637901875, 43.8370777027027], [7.922086505922167, 43.84033542471042], [7.937695642978005, 43.84163851351351], [7.940297165820644, 43.84229005791505], [7.9445246404399334, 43.84619932432432], [7.956231493231813, 43.8475024131274], [7.957207064297802, 43.84978281853281], [7.960133777495771, 43.85141167953667], [7.97184063028765, 43.852714768339766], [7.97411696277496, 43.85629826254826], [7.989726099830797, 43.861510617760615], [7.993628384094756, 43.86411679536678], [7.994278764805417, 43.86639720077219], [8.002083333333335, 43.86770028957528], [8.005660427241963, 43.87160955598455], [8.02939932318105, 43.8745415057915], [8.035252749576989, 43.88105694980695], [8.049886315566837, 43.8839888996139], [8.052813028764806, 43.88789816602316], [8.059316835871407, 43.88789816602316], [8.062243549069375, 43.88333735521235], [8.065495452622676, 43.88333735521235], [8.067771785109986, 43.88757239382239], [8.079478637901861, 43.891481660231655], [8.085982445008462, 43.89604247104246], [8.08825877749577, 43.90809604247103], [8.09216106175973, 43.91005067567566], [8.09248625211506, 43.91233108108107], [8.126631239424704, 43.92112693050193], [8.128907571912015, 43.92340733590733], [8.129883142978004, 43.92927123552123], [8.133460236886634, 43.93057432432431], [8.138988472927245, 43.938392857142844], [8.147768612521151, 43.94067326254825], [8.150370135363792, 43.94458252895752], [8.15817470389171, 43.94588561776061], [8.160776226734349, 43.949794884169876], [8.168580795262269, 43.95207528957528], [8.170531937394248, 43.958590733590725], [8.170206747038918, 43.96771235521235], [8.168580795262269, 43.97162162162161], [8.16597927241963, 43.97227316602316], [8.16337774957699, 43.97553088803088], [8.161426607445009, 43.98139478764478], [8.164353320642979, 43.98269787644787], [8.1656540820643, 43.990516409266405], [8.169556366328258, 43.99312258687257], [8.170857127749578, 44.00094111969111], [8.175409792724196, 44.00387306949806], [8.176385363790187, 44.00713079150578], [8.186466264805418, 44.01006274131273], [8.191994500846025, 44.01788127413127], [8.196221975465313, 44.01951013513513], [8.197197546531305, 44.022767857142846], [8.206302876480542, 44.024722490347486], [8.207278447546532, 44.0279802123552], [8.208904399323181, 44.02895752895752], [8.211180731810492, 44.02830598455598], [8.213131873942473, 44.020487451737445], [8.21800972927242, 44.01853281853281], [8.22678986886633, 44.01951013513513], [8.22874101099831, 44.02341940154439], [8.23199291455161, 44.024396718146704], [8.23231810490694, 44.032215250965244], [8.22906620135364, 44.03416988416988], [8.2232127749577, 44.035147200772194], [8.22256239424704, 44.037427606177594], [8.22451353637902, 44.03905646718145], [8.23101734348562, 44.04003378378377], [8.232968485617599, 44.043291505791494], [8.23199291455161, 44.0491554054054], [8.229716582064299, 44.04980694980694], [8.229066201353639, 44.05860279922779], [8.23361886632826, 44.09378619691119], [8.23491962774958, 44.09671814671814], [8.237846340947549, 44.097695463320456], [8.238821912013538, 44.10095318532817], [8.246951670896784, 44.10323359073358], [8.253780668358715, 44.118870656370646], [8.256382191201356, 44.12147683397683], [8.268414234348562, 44.12375723938223], [8.269714995769883, 44.12701496138995], [8.273617280033843, 44.12896959459459], [8.274592851099833, 44.137765444015436], [8.277519564297801, 44.14265202702702], [8.28760046531303, 44.14428088803088], [8.290201988155669, 44.14558397683397], [8.293453891708968, 44.15014478764478], [8.301908840947547, 44.15437982625482], [8.329550021150594, 44.15991795366794], [8.333127115059224, 44.163501447876435], [8.335728637901862, 44.16415299227798], [8.3513377749577, 44.165456081081075], [8.35263853637902, 44.167736486486476], [8.35654082064298, 44.16936534749034], [8.369873625211506, 44.17034266409266], [8.373125528764806, 44.17164575289574], [8.379304145516077, 44.17816119691119], [8.403043041455163, 44.18109314671814], [8.406620135363791, 44.18500241312741], [8.414424703891708, 44.18630550193049], [8.4154002749577, 44.189563223938215], [8.41832698815567, 44.19054054054053], [8.41930255922166, 44.192495173745165], [8.420278130287649, 44.20226833976833], [8.41930255922166, 44.21986003861003], [8.41832698815567, 44.22181467181466], [8.4154002749577, 44.22279198841698], [8.4154002749577, 44.226049710424704], [8.41930255922166, 44.22735279922779], [8.420928510998309, 44.231262065637054], [8.428733079526229, 44.232565154440145], [8.431334602368867, 44.23647442084941], [8.439139170896787, 44.23810328185327], [8.442065884094756, 44.24657335907335], [8.453772736886634, 44.25699806949806], [8.456699450084603, 44.26221042471042], [8.454748307952624, 44.269051640926634], [8.446943739424707, 44.275567084942075], [8.447268929780037, 44.28371138996138], [8.450520833333336, 44.2846887065637], [8.453447546531304, 44.28924951737451], [8.46125211505922, 44.2905526061776], [8.462878066835872, 44.293810328185316], [8.474584919627752, 44.29511341698841], [8.476536061759731, 44.29576496138995], [8.47751163282572, 44.29804536679536], [8.804964554688738, 44.29999999999999], [9.186992963528924, 44.299674227799215], [9.350719424460433, 44.29804536679536], [9.352675359712233, 44.29511341698841], [9.360499100719426, 44.293810328185316], [9.362129046762591, 44.2905526061776], [9.370795374360396, 44.28931538353368], [9.375728327583333, 44.272989588665965], [9.39678084368834, 44.266383730408904], [9.398639838129498, 44.25895270270269], [9.401899730215828, 44.25797538610038], [9.404181654676261, 44.254391891891885], [9.415917266187053, 44.25634652509652], [9.423415017985613, 44.25602075289574], [9.437474036327112, 44.24092330277136], [9.444495984814097, 44.24018782659864], [9.446234262589929, 44.23810328185327], [9.454383992805756, 44.23647442084941], [9.456991906474823, 44.232565154440145], [9.463511690647483, 44.2319136100386], [9.466445593525181, 44.22800434362934], [9.478181205035973, 44.22735279922779], [9.48111510791367, 44.22898166023165], [9.48209307553957, 44.2319136100386], [9.484375, 44.23223938223937], [9.486004946043167, 44.231262065637054], [9.486982913669067, 44.22800434362934], [9.492850719424462, 44.22702702702702], [9.49806654676259, 44.22409507722007], [9.50849820143885, 44.21236727799227], [9.515669964028778, 44.21106418918918], [9.519255845323743, 44.207154922779914], [9.54207508992806, 44.20520028957528], [9.545660971223025, 44.2003137065637], [9.553484712230219, 44.19510135135134], [9.555114658273382, 44.190866312741306], [9.560982464028779, 44.18760859073358], [9.571088129496406, 44.17588079150578], [9.578259892086333, 44.17457770270269], [9.581519784172665, 44.17034266409266], [9.599775179856115, 44.16284990347489], [9.601731115107913, 44.15600868725868], [9.609554856115107, 44.1534025096525], [9.612162769784174, 44.14558397683397], [9.623246402877701, 44.140697393822386], [9.634330035971225, 44.12799227799227], [9.637263938848921, 44.12896959459459], [9.638241906474821, 44.132227316602304], [9.646065647482015, 44.133530405405395], [9.648021582733815, 44.136462355212345], [9.651933453237412, 44.13809121621621], [9.661061151079139, 44.13841698841698], [9.668558902877699, 44.136462355212345], [9.674426708633096, 44.12962113899613], [9.677686600719426, 44.127666505791495], [9.694638039568346, 44.121151061776054], [9.70017985611511, 44.11430984555984], [9.714849370503599, 44.11040057915057], [9.71713129496403, 44.10388513513512], [9.735386690647484, 44.09997586872586], [9.737668615107916, 44.093460424710415], [9.739624550359714, 44.09215733590733], [9.74973021582734, 44.09085424710424], [9.760161870503598, 44.081732625482616], [9.773201438848922, 44.07912644787644], [9.776461330935252, 44.074565637065625], [9.781025179856115, 44.0713079150579], [9.79406474820144, 44.06870173745173], [9.799606564748203, 44.062186293436284], [9.818839928057555, 44.059254343629334], [9.820795863309353, 44.05567084942084], [9.829271582733814, 44.04980694980694], [9.833307166346966, 44.04369971231022], [9.834760442872344, 44.04353814265556], [9.842963129496406, 44.03416988416988], [9.845897032374102, 44.035147200772194], [9.846875, 44.03840492277991], [9.854698741007194, 44.04003378378377], [9.856654676258994, 44.043291505791494], [9.857632643884894, 44.0491554054054], [9.86154451438849, 44.051761583011576], [9.861218525179856, 44.05827702702702], [9.857958633093526, 44.06023166023165], [9.852090827338131, 44.06120897683397], [9.852090827338131, 44.06446669884169], [9.860240557553958, 44.06609555984555], [9.866760341726621, 44.07391409266408], [9.876866007194245, 44.07684604247103], [9.878821942446045, 44.08010376447876], [9.894469424460434, 44.0807553088803], [9.89838129496403, 44.07912644787644], [9.899359262589929, 44.07619449806949], [9.90261915467626, 44.075217181467174], [9.90457508992806, 44.06739864864864], [9.909464928057554, 44.06544401544401], [9.91826663669065, 44.06446669884169], [9.920222571942448, 44.060557432432425], [9.923482464028778, 44.05958011583011], [9.925438399280576, 44.051761583011576], [9.940107913669067, 44.04785231660231], [9.944997751798564, 44.04133687258686], [9.955103417266187, 44.03840492277991], [9.957711330935252, 44.03482142857142], [9.967491007194244, 44.032215250965244], [9.98150854316547, 44.030586389961385], [9.989006294964032, 44.032866795366786], [9.990310251798562, 44.03547297297297], [9.995852068345325, 44.038730694980686], [10.009217625899282, 44.03905646718145], [10.013129496402879, 44.037427606177594], [10.01508543165468, 44.03449565637065], [10.022909172661873, 44.03319256756756], [10.025517086330936, 44.029283301158294], [10.03334082733813, 44.0279802123552], [10.034970773381296, 44.024722490347486], [10.046706384892087, 44.02341940154439], [10.050944244604318, 44.01951013513513], [10.053552158273382, 44.018858590733586], [10.06919964028777, 44.017555501930495], [10.07115557553957, 44.01429777992277], [10.079631294964031, 44.01234314671814], [10.090062949640288, 44.00061534749034], [10.101146582733815, 43.995728764478756], [10.10277652877698, 43.98791023166022], [10.106362410071942, 43.98660714285714], [10.111904226618709, 43.9787886100386], [10.122009892086332, 43.97585666023165], [10.123313848920866, 43.97227316602316], [10.131463579136692, 43.96673503861003], [10.137983363309356, 43.95793918918918], [10.14808902877698, 43.95500723938223], [10.14906699640288, 43.95174951737451], [10.153630845323743, 43.949794884169876], [10.163084532374103, 43.93806708494208], [10.168300359712232, 43.93513513513513], [10.172864208633095, 43.934483590733585], [10.176776079136692, 43.924384652509644], [10.183621852517987, 43.919823841698836], [10.189815647482018, 43.91102799227799], [10.194705485611511, 43.90809604247103], [10.195683453237411, 43.89930019305018], [10.197639388489211, 43.8944136100386], [10.206441097122305, 43.89148166023165], [10.210678956834531, 43.884966216216206], [10.215894784172665, 43.88170849420848], [10.221110611510792, 43.866071428571416], [10.223718525179859, 43.86216216216215], [10.226000449640289, 43.86151061776061], [10.227956384892087, 43.852388996138984], [10.231216276978419, 43.85043436293435], [10.23252023381295, 43.834797297297285], [10.237084082733814, 43.82697876447876], [10.238388039568346, 43.811341698841694], [10.24164793165468, 43.80938706563706], [10.24295188848921, 43.80156853281853], [10.245885791366907, 43.79961389961389], [10.248493705035973, 43.79277268339767], [10.25240557553957, 43.769968629343616], [10.255013489208633, 43.7631274131274], [10.256317446043166, 43.7631274131274], [10.257947392086333, 43.74846766409265], [10.257947392086333, 43.69960183397682], [10.257295413669066, 43.689828667953655], [10.256317446043166, 43.68494208494207], [10.255013489208633, 43.68494208494207], [10.25338354316547, 43.68201013513512], [10.253057553956836, 43.67516891891891], [10.254035521582734, 43.670282335907324], [10.256317446043166, 43.66930501930501], [10.257947392086333, 43.66539575289574], [10.259251348920865, 43.649758687258675], [10.263489208633095, 43.64650096525096], [10.263163219424461, 43.64422055984555], [10.260229316546765, 43.643243243243234], [10.258599370503598, 43.63933397683397], [10.258599370503598, 43.62630308880308], [10.260229316546765, 43.62239382239381], [10.263163219424461, 43.62043918918918], [10.264467176258993, 43.612620656370645], [10.268379046762593, 43.61001447876447], [10.269683003597123, 43.60219594594594], [10.27359487410072, 43.59958976833976], [10.274246852517987, 43.59307432432431], [10.278158723021583, 43.589816602316596], [10.279136690647483, 43.58330115830115], [10.278158723021583, 43.57157335907335], [10.275876798561153, 43.570270270270264], [10.271964928057553, 43.58004343629343], [10.26414118705036, 43.58167229729729], [10.263163219424461, 43.58493001930501], [10.260229316546765, 43.58590733590733], [10.258599370503598, 43.58199806949806], [10.258599370503598, 43.56896718146717], [10.259251348920865, 43.566361003861], [10.263163219424461, 43.56408059845559], [10.264467176258993, 43.560822876447865], [10.278158723021583, 43.55886824324323], [10.280114658273384, 43.554958976833966], [10.283374550359714, 43.553655888030875], [10.284352517985614, 43.544860038610025], [10.286308453237414, 43.53997345559844], [10.294132194244607, 43.53801882239381], [10.295110161870506, 43.534761100386085], [10.298044064748202, 43.533783783783775], [10.299674010791367, 43.400496199324316], [10.3, 43.08949183558558], [10.298696043165467, 42.95620425112612], [10.296088129496404, 42.86734586148648], [10.29228723636124, 42.82417709569113], [10.2794287610441, 42.82510574826037], [10.277180755395685, 42.82779947916666], [10.269357014388492, 42.8291015625], [10.266749100719426, 42.8330078125], [10.260229316546763, 42.832682291666664], [10.258273381294964, 42.82942708333333], [10.258925359712231, 42.824869791666664], [10.268705035971225, 42.820963541666664], [10.268379046762593, 42.81868489583333], [10.264467176258993, 42.81673177083333], [10.263669964081613, 42.8126377132229], [10.262461957370682, 42.81200743281716], [10.26351883298251, 42.81186158430262], [10.262185251798561, 42.80501302083333], [10.259577338129498, 42.80305989583333], [10.256079742292348, 42.80240503885412], [10.2420921318039, 42.80167174068923], [10.224119529403652, 42.80295108835406], [10.21160398653987, 42.806457482173606], [10.189532363522936, 42.81543236817689], [10.17945254760356, 42.81724280645904], [10.158422617813352, 42.81579879270673], [10.141402107390983, 42.81217447916666], [10.135049460431656, 42.81217447916666], [10.133802936999029, 42.81055632698077], [10.113534172661874, 42.801432291666664], [10.110274280575542, 42.79622395833333], [10.105710431654678, 42.79361979166666], [10.102450539568347, 42.78613281249999], [10.10179856115108, 42.77213541666666], [10.103754496402878, 42.76236979166666], [10.105710431654678, 42.76041666666666], [10.107790606147475, 42.75997155543744], [10.108142570884086, 42.75822772121552], [10.111972917975885, 42.75519961209324], [10.113208183453239, 42.74576822916666], [10.117120053956835, 42.743815104166664], [10.118424010791369, 42.74055989583333], [10.130159622302159, 42.738932291666664], [10.132115557553957, 42.73763020833333], [10.13439748201439, 42.731119791666664], [10.140917266187051, 42.72916666666666], [10.152652877697843, 42.728190104166664], [10.155912769784175, 42.72395833333333], [10.158194694244605, 42.724283854166664], [10.161128597122303, 42.72884114583333], [10.167648381294963, 42.72949218749999], [10.169604316546764, 42.73242187499999], [10.177428057553957, 42.73404947916666], [10.208723021582735, 42.73339843749999], [10.217198741007195, 42.728515625], [10.236758093525182, 42.7255859375], [10.242625899280577, 42.72786458333333], [10.243603866906476, 42.73372395833333], [10.246863758992806, 42.73470052083333], [10.247841726618706, 42.73763020833333], [10.249797661870504, 42.73860677083333], [10.273268884892088, 42.7392578125], [10.279136690647483, 42.73763020833333], [10.281092625899282, 42.73470052083333], [10.287612410071944, 42.73470052083333], [10.29054631294964, 42.7392578125], [10.293806205035974, 42.740234375], [10.295110161870506, 42.748046875], [10.298044064748202, 42.74999999999999], [10.3, 42.59960937499999], [10.2990220323741, 42.42350260416666], [10.297066097122304, 42.37207031249999], [10.294132194244606, 42.34505208333333], [10.28728642086331, 42.33951822916666], [10.285330485611514, 42.33626302083333], [10.284352517985614, 42.32877604166666], [10.285330485611514, 42.32389322916666], [10.289242356115109, 42.32194010416666], [10.290220323741007, 42.31868489583333], [10.296088129496404, 42.31770833333333], [10.2980440647482, 42.23535156249999], [10.3, 41.82356770833333], [10.3, 41.49414062499999], [10.25990332733813, 41.24707031249999], [10.17970998201439, 41.08235677083333], [10.059419964028779, 40.99999999999999], [9.778417266187052, 41.00065104166666], [9.697571942446046, 41.00195312499999], [9.656647100389185, 41.003899126999826], [9.651281474820145, 41.01041666666666], [9.648999550359715, 41.01009114583333], [9.6480281650223, 41.00815116649568], [9.64376073988884, 41.0102564450992], [9.615499326090418, 41.01810711264656], [9.611125249331725, 41.01828120052104], [9.605968974820147, 41.02278645833333], [9.60010116906475, 41.02408854166666], [9.576629946043168, 41.02278645833333], [9.572066097122304, 41.02408854166666], [9.569784172661873, 41.02669270833333], [9.568806205035973, 41.03548177083333], [9.565546312949643, 41.03678385416666], [9.564568345323742, 41.03971354166666], [9.559678507194246, 41.04134114583333], [9.543379046762592, 41.04231770833333], [9.538489208633095, 41.04557291666666], [9.539467176258995, 41.05143229166666], [9.542727068345325, 41.05338541666666], [9.543705035971225, 41.05989583333333], [9.542727068345325, 41.07161458333333], [9.538815197841728, 41.07389322916666], [9.538489208633095, 41.07617187499999], [9.542401079136692, 41.07779947916666], [9.558048561151079, 41.07910156249999], [9.560330485611512, 41.08300781249999], [9.563590377697842, 41.08398437499999], [9.564894334532376, 41.09179687499999], [9.567828237410072, 41.09374999999999], [9.568806205035973, 41.09635416666666], [9.569784172661873, 41.11979166666666], [9.567828237410072, 41.13541666666666], [9.565546312949643, 41.13476562499999], [9.564242356115109, 41.12695312499999], [9.559678507194246, 41.12402343749999], [9.559276298158672, 41.12268466700323], [9.55854389330851, 41.124625], [9.553266041236128, 41.124625], [9.546825853476093, 41.11957637768193], [9.544031025179859, 41.12009250452488], [9.544031025179859, 41.12727864583333], [9.545660971223024, 41.13020833333333], [9.54859487410072, 41.13118489583333], [9.548268884892087, 41.13444010416666], [9.540445143884893, 41.13606770833333], [9.537837230215828, 41.14388020833333], [9.530013489208635, 41.14648437499999], [9.526753597122305, 41.15429687499999], [9.52414568345324, 41.15559895833333], [9.515017985611513, 41.15624999999999], [9.509476169064751, 41.15429687499999], [9.510454136690647, 41.14973958333333], [9.508498201438849, 41.14778645833333], [9.50328237410072, 41.14648437499999], [9.474269334532375, 41.14550781249999], [9.465467625899281, 41.14388020833333], [9.465310069941243, 41.14277890124157], [9.460090934368862, 41.14035549317457], [9.461403947648508, 41.13973540310036], [9.458295863309354, 41.12499999999999], [9.451776079136692, 41.12141927083333], [9.449820143884894, 41.12369791666666], [9.448842176258996, 41.12955729166666], [9.444930305755395, 41.13216145833333], [9.443952338129497, 41.13899739583333], [9.434824640287772, 41.14746093749999], [9.433194694244605, 41.15429687499999], [9.418525179856116, 41.15820312499999], [9.418851169064748, 41.16048177083333], [9.421785071942448, 41.16145833333333], [9.423415017985615, 41.16438802083333], [9.423741007194247, 41.17122395833333], [9.422111061151082, 41.17415364583333], [9.420032632492559, 41.17490080510109], [9.420874, 41.1753789011042], [9.420874, 41.179232], [9.403760146202437, 41.18023889157061], [9.389694, 41.185283641525935], [9.389694, 41.182284529154686], [9.384948291366907, 41.18294270833333], [9.38201438848921, 41.18619791666666], [9.381688399280577, 41.19075520833333], [9.38005845323741, 41.19270833333333], [9.377124550359714, 41.19173177083333], [9.376146582733814, 41.18847656249999], [9.375302532014697, 41.188336089499565], [9.366791510553519, 41.194584917118185], [9.366366906474822, 41.20052083333333], [9.364736960431657, 41.20442708333333], [9.361477068345325, 41.20703124999999], [9.35658723021583, 41.20833333333333], [9.350067446043166, 41.20833333333333], [9.346250524224518, 41.20722678689397], [9.33654904676528, 41.20975798270479], [9.335793663506104, 41.20147935334615], [9.328552158273384, 41.19466145833333], [9.325944244604319, 41.19466145833333], [9.321380395683454, 41.19726562499999], [9.317468525179859, 41.20312499999999], [9.315186600719425, 41.20279947916666], [9.314208633093527, 41.19986979166666], [9.31251245115513, 41.19892882228034], [9.304428956834533, 41.19791666666666], [9.301495053956835, 41.19921874999999], [9.299539118705038, 41.20182291666666], [9.296605215827338, 41.21744791666666], [9.288781474820144, 41.21972656249999], [9.287803507194246, 41.22298177083333], [9.28389163669065, 41.22460937499999], [9.28193570143885, 41.23372395833333], [9.278349820143886, 41.23502604166666], [9.27443794964029, 41.24088541666666], [9.267918165467627, 41.24414062499999], [9.259733445766003, 41.244810539757935], [9.257199183590497, 41.24802866222597], [9.247625548030932, 41.24634921565784], [9.245750899280576, 41.24902343749999], [9.238253147482016, 41.25065104166666], [9.23857913669065, 41.25846354166666], [9.229555402562331, 41.26063151419599], [9.21673785971223, 41.25944010416666], [9.214455935251799, 41.25618489583333], [9.206632194244605, 41.25488281249999], [9.20522502424221, 41.25277509019037], [9.193468661565172, 41.25032552083333], [9.187724820143886, 41.25032552083333], [9.18381294964029, 41.25195312499999], [9.18283498201439, 41.25488281249999], [9.18055305755396, 41.25520833333333], [9.172729316546764, 41.24674479166666], [9.163601618705037, 41.24479166666666], [9.148932104316549, 41.24576822916666], [9.146324190647483, 41.24967447916666], [9.143064298561153, 41.24967447916666], [9.14176034172662, 41.24576822916666], [9.137196492805757, 41.24283854166666], [9.137848471223023, 41.23502604166666], [9.141108363309353, 41.23404947916666], [9.144042266187054, 41.22949218749999], [9.150562050359714, 41.22949218749999], [9.153169964028779, 41.23307291666666], [9.15447392086331, 41.23307291666666], [9.160993705035972, 41.22981770833333], [9.16294964028777, 41.22721354166666], [9.161971672661872, 41.22428385416666], [9.15871178057554, 41.22330729166666], [9.157407823741009, 41.21549479166666], [9.154473920863312, 41.21354166666666], [9.153495953237412, 41.21061197916666], [9.151540017985614, 41.16959635416666], [9.150562050359714, 41.16666666666666], [9.147628147482017, 41.16569010416666], [9.147302158273384, 41.16341145833333], [9.113073291366907, 41.15950520833333], [9.110791366906476, 41.15755208333333], [9.109813399280577, 41.15169270833333], [9.106553507194246, 41.15071614583333], [9.10492356115108, 41.14680989583333], [9.096773830935252, 41.14518229166666], [9.091883992805757, 41.13932291666666], [9.084386241007197, 41.13606770833333], [9.064174910071943, 41.13606770833333], [9.056677158273384, 41.13932291666666], [9.05537320143885, 41.14192708333333], [9.050809352517987, 41.14518229166666], [9.043637589928059, 41.14583333333333], [9.038747751798564, 41.14485677083333], [9.035813848920863, 41.14095052083333], [9.02799010791367, 41.13964843749999], [9.026034172661872, 41.13639322916666], [9.010386690647483, 41.13476562499999], [9.006474820143886, 41.13151041666666], [9.005496852517988, 41.12565104166666], [9.001910971223023, 41.12434895833333], [8.996369154676263, 41.11653645833333], [8.985285521582735, 41.11263020833333], [8.978765737410074, 41.10384114583333], [8.970616007194247, 41.09830729166666], [8.969638039568348, 41.09472656249999], [8.965726169064748, 41.09277343749999], [8.963444244604316, 41.08072916666666], [8.960836330935253, 41.07812499999999], [8.945188848920866, 41.07128906249999], [8.942906924460434, 41.06315104166666], [8.938995053956834, 41.06152343749999], [8.938017086330936, 41.05826822916666], [8.929867356115109, 41.05664062499999], [8.923347571942447, 41.04882812499999], [8.91324190647482, 41.04589843749999], [8.911611960431655, 41.04264322916666], [8.899876348920863, 41.04134114583333], [8.897920413669066, 41.04069010416666], [8.894986510791366, 41.03678385416666], [8.887162769784172, 41.03548177083333], [8.885532823741007, 41.03222656249999], [8.873797212230215, 41.03059895833333], [8.871841276978419, 41.02929687499999], [8.868907374100718, 41.02148437499999], [8.862387589928058, 41.01953124999999], [8.861083633093525, 41.01692708333333], [8.86043165467626, 41.00781249999999], [8.823166348742074, 41.00390624999999], [8.7486357368737, 41.00130208333333], [8.63683981907114, 40.99999999999999], [8.375982677531834, 41.00032552083333], [8.264186759729274, 41.00195312499999], [8.263536379018614, 41.00455729166666], [8.257682952622673, 41.00846354166666], [8.255731810490694, 41.01139322916666], [8.253780668358715, 41.02213541666666], [8.254756239424704, 41.03971354166666], [8.255731810490694, 41.04166666666666], [8.258658523688664, 41.04264322916666], [8.259634094754656, 41.04589843749999], [8.267763853637902, 41.04752604166666], [8.274592851099833, 41.05533854166666], [8.28044627749577, 41.05729166666666], [8.290201988155669, 41.05533854166666], [8.296055414551606, 41.04752604166666], [8.298656937394249, 41.04687499999999], [8.302559221658207, 41.05110677083333], [8.329875211505923, 41.05305989583333], [8.336053828257192, 41.05924479166666], [8.336913933380876, 41.071642892351946], [8.339975281264607, 41.07488480230925], [8.343187401624801, 41.08628040543615], [8.342582173191479, 41.088817027821854], [8.346785109983081, 41.08951822916666], [8.34711030033841, 41.09277343749999], [8.34320801607445, 41.09407552083333], [8.34028130287648, 41.09863281249999], [8.338198735430959, 41.098980259812635], [8.33119764025132, 41.10471853324797], [8.32655601031806, 41.112001922525124], [8.324455164524196, 41.11812772814648], [8.324597563034871, 41.123459364373375], [8.31587459872968, 41.118352990728546], [8.312314932318106, 41.11979166666666], [8.30548593485618, 41.11783854166666], [8.300282889170898, 41.11132812499999], [8.281096658206433, 41.10839843749999], [8.279145516074452, 41.10514322916666], [8.273292089678511, 41.10416666666666], [8.270040186125213, 41.10221354166666], [8.269714995769883, 41.09570312499999], [8.273617280033843, 41.09277343749999], [8.274267660744503, 41.09082031249999], [8.273617280033843, 41.07910156249999], [8.269714995769883, 41.07714843749999], [8.268414234348562, 41.07389322916666], [8.256707381556685, 41.07194010416666], [8.253780668358715, 41.06705729166666], [8.252805097292725, 41.05826822916666], [8.249553193739425, 41.05696614583333], [8.248965983313164, 41.05520272427886], [8.244401235375982, 41.052239373534775], [8.229066201353639, 41.04882812499999], [8.21931049069374, 41.04427083333333], [8.21735934856176, 41.04101562499999], [8.216383777495771, 41.03222656249999], [8.212481493231813, 41.03027343749999], [8.212156302876481, 41.02799479166666], [8.214107445008462, 41.02636718749999], [8.22061125211506, 41.02571614583333], [8.22256239424704, 41.02278645833333], [8.221586823181049, 41.02115885416666], [8.21833491962775, 41.02018229166666], [8.215408206429782, 41.01009114583333], [8.208904399323181, 41.00585937499999], [8.206953257191202, 41.00195312499999], [7.2118995214678545, 41.00032552083333], [4.890107471446709, 40.99999999999999], [3.8950537357233608, 41.04427083333333], [3.2316845785744617, 41.13281249999999], [2.9000000000000123, 41.26562499999999], [2.9000000000000123, 41.44270833333333], [2.9029296875000123, 41.66406249999999], [2.9058593750000123, 41.70833333333333], [2.9126953125000123, 41.70865885416666], [2.9158981699171167, 41.71092385480657]], [[4.008072916666679, 43.53443532818531], [3.989843750000012, 43.52791988416987], [3.988541666666679, 43.52531370656369], [3.991471354166679, 43.52368484555983], [4.001236979166679, 43.52368484555983], [4.003190104166679, 43.52433638996138], [4.006119791666679, 43.52824565637064], [4.013932291666679, 43.529548745173734], [4.016536458333346, 43.533458011583], [4.024348958333345, 43.534761100386085], [4.025000000000012, 43.53704150579149], [4.022070312500012, 43.53867036679535], [4.012304687500012, 43.53867036679535], [4.009375000000012, 43.53704150579149], [4.008072916666679, 43.53443532818531]], [[3.978776041666679, 43.51912403474902], [3.9820312500000123, 43.51814671814671], [3.986588541666679, 43.51847249034748], [3.988541666666679, 43.520101351351336], [3.9878906250000123, 43.522381756756744], [3.984635416666679, 43.52335907335906], [3.9800781250000123, 43.523033301158286], [3.9781250000000123, 43.52140444015443], [3.978776041666679, 43.51912403474902]], [[10.243277877697844, 43.569618725868715], [10.25240557553957, 43.57711148648648], [10.252731564748203, 43.583952702702696], [10.24816771582734, 43.586884652509646], [10.24718974820144, 43.59014237451736], [10.239366007194246, 43.591445463320454], [10.23675809352518, 43.59535472972972], [10.228934352517987, 43.59665781853281], [10.226978417266189, 43.59958976833976], [10.218176708633095, 43.6002413127413], [10.19763938848921, 43.59828667953667], [10.188837679856116, 43.59665781853281], [10.180035971223022, 43.59242277992277], [10.181013938848922, 43.58655888030887], [10.184925809352519, 43.58493001930501], [10.185903776978417, 43.58167229729729], [10.191771582733814, 43.58069498069497], [10.196009442446044, 43.576785714285705], [10.201551258992806, 43.56114864864864], [10.205137140287771, 43.55886824324323], [10.205463129496405, 43.54714044401543], [10.204159172661871, 43.5451858108108], [10.197965377697845, 43.54355694980694], [10.197313399280578, 43.54225386100385], [10.198943345323741, 43.53769305019304], [10.20187724820144, 43.536064189189176], [10.212634892086331, 43.5357384169884], [10.226652428057555, 43.53867036679535], [10.234150179856117, 43.54290540540539], [10.237736061151079, 43.5474662162162], [10.254361510791368, 43.55039816602316], [10.256969424460433, 43.55235279922779], [10.258273381294964, 43.55528474903474], [10.257295413669066, 43.56212596525096], [10.25240557553957, 43.565057915057906], [10.245559802158274, 43.56538368725868], [10.242625899280577, 43.56701254826254], [10.243277877697844, 43.569618725868715]], [[3.2180338541666793, 42.05110677083333], [3.218684895833346, 42.04720052083333], [3.222591145833346, 42.04785156249999], [3.222591145833346, 42.05110677083333], [3.2209635416666793, 42.05208333333333], [3.2180338541666793, 42.05110677083333]], [[6.420344225888326, 43.00798745173744], [6.421319796954315, 43.01385135135134], [6.413515228426396, 43.017109073359066], [6.405710659898478, 43.01776061776061], [6.381321383248732, 43.015805984555975], [6.377744289340102, 43.01385135135134], [6.374817576142133, 43.00929054054053], [6.370590101522843, 43.0073359073359], [6.364736675126904, 43.00929054054053], [6.363761104060914, 43.015805984555975], [6.362135152284265, 43.01776061776061], [6.359858819796955, 43.01678330115829], [6.358883248730965, 43.01189671814671], [6.359533629441625, 43.00472972972972], [6.362785532994925, 43.00016891891891], [6.3725412436548226, 42.99723696911196], [6.38880076142132, 42.99593388030887], [6.392052664974619, 42.991698841698835], [6.39432899746193, 42.9920246138996], [6.397255710659899, 42.99658542471042], [6.405060279187817, 42.9978885135135], [6.407661802030457, 43.00179777992277], [6.415466370558375, 43.00310086872586], [6.416441941624366, 43.00635859073358], [6.420344225888326, 43.00798745173744]], [[6.238562817258884, 43.027533783783774], [6.235961294416244, 43.028185328185316], [6.2343353426395955, 43.02623069498068], [6.234010152284265, 43.021669884169874], [6.229132296954315, 43.01841216216215], [6.212872779187818, 43.01743484555983], [6.209620875634519, 43.01678330115829], [6.205718591370559, 43.01352557915057], [6.201165926395939, 43.012874034749025], [6.173849936548224, 43.011570945945934], [6.168646890862944, 43.00766167953667], [6.156940038071066, 43.00596042471042], [6.155964467005076, 43.002750965250954], [6.1598667512690355, 42.99987934362933], [6.175475888324873, 42.996126930501916], [6.177752220812183, 42.99267615830115], [6.189459073604062, 42.99124110159265], [6.195312500000001, 42.98483274010617], [6.2021414974619296, 42.98437499999999], [6.2079949238578696, 42.98574822031853], [6.215799492385788, 42.99124110159265], [6.227831535532996, 42.99267615830115], [6.228807106598985, 42.99495656370655], [6.233684961928935, 42.997164575289574], [6.252220812182743, 43.000205115830106], [6.250473981749532, 43.00543067871258], [6.2495571942332475, 43.01658809690869], [6.241152043928285, 43.02364299463568], [6.238562817258884, 43.027533783783774]], [[5.317948921319798, 43.28456805019304], [5.3182741116751275, 43.286848455598445], [5.316973350253808, 43.28782577220076], [5.310469543147209, 43.28880308880308], [5.29876269035533, 43.28782577220076], [5.296486357868021, 43.283916505791495], [5.293234454314721, 43.283264961389946], [5.292258883248731, 43.28163610038609], [5.292584073604061, 43.27935569498069], [5.296161167512691, 43.27772683397683], [5.29453521573604, 43.27023407335906], [5.3000634517766505, 43.26990830115829], [5.309168781725889, 43.27284025096524], [5.313071065989848, 43.27707528957528], [5.313396256345178, 43.28163610038609], [5.317948921319798, 43.28456805019304]], [[5.282503172588834, 43.26371862934362], [5.285755076142133, 43.262741312741305], [5.290307741116751, 43.26306708494208], [5.292258883248731, 43.26469594594594], [5.291608502538072, 43.26697635135134], [5.288356598984771, 43.267953667953655], [5.2838039340101535, 43.26762789575288], [5.2818527918781735, 43.26599903474902], [5.282503172588834, 43.26371862934362]], [[5.376808375634518, 43.17510859073358], [5.3833121827411174, 43.17413127413126], [5.392417512690356, 43.17445704633204], [5.396319796954315, 43.176085907335896], [5.3956694162436545, 43.1783663127413], [5.389815989847717, 43.17934362934362], [5.386564086294417, 43.18129826254825], [5.385588515228427, 43.187813706563695], [5.383962563451778, 43.18976833976833], [5.381686230964467, 43.18944256756755], [5.378759517766499, 43.18488175675675], [5.370954949238579, 43.183578667953654], [5.370629758883249, 43.18032094594594], [5.374532043147209, 43.179017857142846], [5.376808375634518, 43.17510859073358]], [[6.454489213197969, 43.03209459459458], [6.452036474730913, 43.03033950386688], [6.435801412331497, 43.0259616683575], [6.431075507614214, 43.01841216216215], [6.4274984137055835, 43.017109073359066], [6.426848032994925, 43.00929054054053], [6.4314006979695435, 43.00635859073358], [6.431725888324873, 43.004078185328176], [6.434652601522843, 43.00440395752895], [6.441481598984772, 43.008638996138984], [6.446359454314721, 43.012874034749025], [6.448319906065077, 43.016240822429374], [6.466846446700508, 43.018737934362925], [6.468797588832487, 43.022321428571416], [6.476927347715736, 43.02785955598455], [6.4840815355329955, 43.0366554054054], [6.500666243654823, 43.03958735521235], [6.504568527918782, 43.04447393822393], [6.504995226462465, 43.051017047036055], [6.501162041337452, 43.05426290766124], [6.498064720812184, 43.054247104247096], [6.489769283763819, 43.051625643063744], [6.473242123280006, 43.04925306456546], [6.464895304568528, 43.047080115830106], [6.462944162436549, 43.04512548262547], [6.462033035093926, 43.0396489371857], [6.458391497461929, 43.03795849420848], [6.454489213197969, 43.03209459459458]], [[8.836846975465313, 41.64485677083333], [8.835871404399324, 41.64160156249999], [8.828066835871407, 41.64029947916666], [8.826115693739427, 41.63736979166666], [8.822213409475467, 41.63574218749999], [8.809205795262269, 41.63574218749999], [8.805303510998309, 41.63736979166666], [8.80335236886633, 41.64029947916666], [8.79684856175973, 41.64029947916666], [8.79294627749577, 41.63476562499999], [8.786442470389172, 41.63053385416666], [8.783515757191203, 41.62044270833333], [8.780589043993235, 41.61914062499999], [8.783190566835874, 41.61002604166666], [8.780263853637905, 41.60872395833333], [8.777337140439935, 41.59863281249999], [8.772784475465313, 41.59570312499999], [8.770508142978004, 41.59212239583333], [8.773760046531304, 41.58528645833333], [8.783840947546533, 41.58235677083333], [8.784816518612523, 41.57910156249999], [8.788393612521151, 41.57747395833333], [8.784816518612523, 41.56966145833333], [8.776361569373943, 41.56705729166666], [8.776036379018613, 41.56380208333333], [8.778963092216586, 41.55924479166666], [8.787743231810492, 41.55696614583333], [8.789694373942472, 41.55403645833333], [8.793596658206432, 41.55240885416666], [8.80660427241963, 41.55175781249999], [8.809205795262269, 41.55110677083333], [8.812132508460238, 41.54785156249999], [8.831643929780036, 41.54654947916666], [8.836521785109984, 41.54492187499999], [8.837497356175973, 41.54199218749999], [8.840749259729272, 41.54101562499999], [8.841724830795263, 41.53776041666666], [8.841399640439931, 41.53320312499999], [8.837497356175973, 41.53027343749999], [8.836521785109984, 41.52539062499999], [8.836521785109984, 41.52148437499999], [8.839448498307952, 41.51660156249999], [8.849204208967851, 41.51595052083333], [8.853953674782257, 41.51985677083333], [8.87035844833017, 41.52083333333333], [8.879472211412345, 41.51888020833333], [8.881294964028779, 41.51692708333333], [8.881294964028779, 41.51432291666666], [8.887162769784174, 41.51106770833333], [8.907288614785942, 41.508761950861086], [8.9169332771187, 41.50328373077952], [8.917805755395685, 41.49544270833333], [8.920739658273384, 41.49251302083333], [8.926607464028779, 41.49055989583333], [8.961814298561151, 41.48763020833333], [8.96474820143885, 41.48567708333333], [8.966704136690648, 41.47981770833333], [8.974527877697843, 41.47819010416666], [8.977135791366909, 41.47428385416666], [8.983655575539569, 41.47428385416666], [8.987567446043169, 41.47884114583333], [8.994087230215829, 41.47884114583333], [8.997021133093527, 41.47493489583333], [9.010712679856116, 41.47298177083333], [9.012668615107916, 41.46907552083333], [9.015928507194246, 41.46809895833333], [9.016906474820145, 41.46223958333333], [9.018862410071943, 41.45996093749999], [9.025382194244607, 41.46289062499999], [9.02799010791367, 41.46777343749999], [9.031250000000002, 41.46874999999999], [9.034595875909188, 41.468235989443656], [9.036107442477759, 41.46670629750246], [9.034509892086334, 41.46223958333333], [9.034835881294967, 41.46028645833333], [9.036791816546764, 41.45898437499999], [9.049505395683456, 41.45865885416666], [9.053417266187052, 41.46028645833333], [9.05439523381295, 41.46321614583333], [9.056677158273384, 41.46354166666666], [9.059285071942448, 41.45963541666666], [9.061892985611511, 41.45052083333333], [9.065478866906476, 41.44661458333333], [9.071346672661871, 41.44401041666666], [9.0794964028777, 41.44270833333333], [9.097751798561154, 41.44205729166666], [9.105575539568347, 41.43880208333333], [9.104597571942447, 41.43294270833333], [9.102315647482017, 41.43229166666666], [9.10068570143885, 41.42936197916666], [9.099707733812952, 41.41959635416666], [9.098403776978419, 41.41764322916666], [9.091883992805759, 41.41503906249999], [9.090580035971225, 41.41178385416666], [9.090580035971225, 41.39550781249999], [9.093839928057555, 41.39062499999999], [9.099707733812952, 41.39160156249999], [9.100359712230217, 41.39388020833333], [9.102315647482015, 41.39485677083333], [9.119919064748203, 41.39583333333333], [9.130676708633095, 41.39388020833333], [9.137848471223023, 41.38736979166666], [9.142412320143885, 41.38606770833333], [9.166209532374102, 41.38444010416666], [9.1681654676259, 41.38346354166666], [9.1691434352518, 41.38053385416666], [9.172403327338131, 41.37923177083333], [9.173381294964031, 41.37044270833333], [9.176315197841728, 41.36751302083333], [9.182183003597125, 41.36555989583333], [9.190984712230218, 41.36458333333333], [9.217389838129499, 41.36555989583333], [9.220323741007196, 41.36653645833333], [9.222279676258996, 41.36946614583333], [9.23010341726619, 41.37076822916666], [9.231733363309354, 41.37467447916666], [9.234993255395684, 41.37467447916666], [9.237275179856116, 41.37044270833333], [9.249010791366908, 41.36653645833333], [9.25227068345324, 41.36393229166666], [9.25357464028777, 41.36002604166666], [9.249154273162908, 41.33827377623515], [9.255814751067774, 41.334019846470426], [9.255978816505792, 41.33502490479119], [9.253258513371952, 41.338051744062845], [9.256182553956837, 41.33756510416666], [9.257160521582735, 41.33430989583333], [9.260094424460432, 41.33333333333333], [9.260746402877698, 41.33723958333333], [9.258138489208635, 41.35286458333333], [9.262702338129497, 41.35611979166666], [9.266940197841729, 41.36263020833333], [9.277045863309354, 41.36555989583333], [9.277371852517987, 41.36881510416666], [9.27345998201439, 41.37011718749999], [9.271178057553957, 41.37402343749999], [9.25553057553957, 41.37532552083333], [9.251618705035973, 41.37695312499999], [9.250640737410073, 41.37923177083333], [9.24183902877698, 41.38020833333333], [9.239231115107916, 41.38151041666666], [9.237927158273383, 41.38802083333333], [9.241187050359713, 41.39713541666666], [9.243794964028778, 41.39973958333333], [9.253900629496403, 41.40201822916666], [9.255856564748203, 41.40397135416666], [9.257160521582735, 41.41373697916666], [9.258790467625902, 41.41666666666666], [9.261072392086332, 41.41731770833333], [9.262050359712232, 41.42317708333333], [9.258138489208635, 41.42643229166666], [9.244772931654678, 41.42643229166666], [9.239231115107916, 41.42317708333333], [9.233619623609005, 41.417346532993776], [9.226191546762593, 41.41764322916666], [9.22586555755396, 41.42089843749999], [9.229451438848923, 41.42317708333333], [9.227495503597122, 41.43489583333333], [9.227821492805758, 41.44140624999999], [9.235319244604318, 41.44368489583333], [9.236949190647483, 41.44694010416666], [9.249336780575542, 41.44889322916666], [9.264332284172664, 41.46256510416666], [9.27671987410072, 41.46549479166666], [9.278023830935254, 41.47200520833333], [9.28193570143885, 41.47460937499999], [9.283239658273382, 41.48242187499999], [9.28617356115108, 41.48437499999999], [9.287803507194246, 41.48828124999999], [9.28812949640288, 41.49739583333333], [9.286173561151081, 41.50390624999999], [9.27769784172662, 41.50716145833333], [9.278023830935254, 41.50944010416666], [9.28193570143885, 41.51171874999999], [9.28389163669065, 41.52734374999999], [9.288781474820146, 41.53124999999999], [9.297583183453238, 41.53320312499999], [9.299213129496405, 41.53971354166666], [9.302473021582735, 41.54166666666666], [9.308340827338132, 41.54264322916666], [9.309644784172663, 41.54589843749999], [9.317468525179857, 41.54720052083333], [9.320402428057555, 41.55110677083333], [9.322358363309352, 41.55175781249999], [9.334093974820146, 41.55305989583333], [9.337027877697842, 41.55696614583333], [9.34485161870504, 41.55826822916666], [9.345829586330938, 41.56152343749999], [9.3503934352518, 41.56445312499999], [9.351697392086333, 41.57226562499999], [9.35560926258993, 41.57389322916666], [9.356913219424461, 41.57779947916666], [9.360173111510793, 41.57877604166666], [9.362129046762591, 41.58789062499999], [9.366040917266188, 41.59049479166666], [9.366366906474822, 41.59505208333333], [9.364736960431657, 41.59700520833333], [9.348006986726096, 41.59943026361532], [9.344523782067315, 41.60289818100326], [9.339607841470425, 41.60227865462335], [9.333767985611512, 41.60872395833333], [9.333767985611512, 41.61165364583333], [9.336375899280577, 41.61360677083333], [9.355283273381296, 41.61588541666666], [9.359195143884893, 41.61848958333333], [9.361151079136691, 41.62239583333333], [9.362129046762591, 41.63151041666666], [9.367018884892088, 41.63541666666666], [9.37582059352518, 41.63736979166666], [9.37777652877698, 41.64518229166666], [9.38005845323741, 41.64583333333333], [9.382666366906475, 41.64973958333333], [9.386904226618707, 41.66308593749999], [9.388860161870504, 41.66634114583333], [9.3976618705036, 41.67382812499999], [9.396683902877701, 41.67610677083333], [9.384948291366907, 41.67740885416666], [9.38201438848921, 41.67903645833333], [9.38201438848921, 41.68033854166666], [9.383970323741009, 41.68196614583333], [9.391794064748202, 41.68326822916666], [9.393098021582734, 41.68684895833333], [9.400921762589928, 41.69303385416666], [9.403855665467628, 41.71223958333333], [9.408093525179858, 41.71549479166666], [9.407767535971225, 41.71777343749999], [9.403855665467628, 41.72005208333333], [9.402877697841728, 41.72656249999999], [9.403855665467628, 41.73828124999999], [9.406789568345324, 41.74088541666666], [9.404181654676261, 41.75911458333333], [9.407767535971225, 41.76236979166666], [9.408093525179858, 41.76692708333333], [9.407115557553958, 41.77018229166666], [9.403855665467628, 41.77246093749999], [9.401899730215828, 41.79524739583333], [9.399224532705654, 41.79750777215575], [9.398733628346124, 41.801355003209075], [9.40092176258993, 41.80208333333333], [9.401899730215828, 41.80566406249999], [9.403855665467628, 41.85579427083333], [9.404833633093528, 41.85937499999999], [9.407115557553958, 41.86002604166666], [9.408093525179858, 41.86328124999999], [9.407115557553958, 41.86914062499999], [9.404833633093528, 41.86979166666666], [9.403203687050361, 41.87272135416666], [9.402877697841728, 41.87955729166666], [9.403855665467628, 41.88444010416666], [9.407115557553958, 41.88671874999999], [9.409071492805758, 41.90234374999999], [9.413961330935253, 41.90624999999999], [9.417873201438852, 41.90624999999999], [9.420807104316548, 41.90950520833333], [9.422763039568348, 41.91601562499999], [9.42406699640288, 41.94856770833333], [9.425696942446045, 41.95833333333333], [9.427978866906475, 41.95898437499999], [9.428956834532375, 41.96484374999999], [9.430912769784175, 41.96809895833333], [9.438736510791369, 41.96972656249999], [9.439714478417267, 41.97298177083333], [9.443626348920864, 41.97460937499999], [9.445582284172662, 41.98372395833333], [9.448842176258996, 41.98470052083333], [9.450798111510794, 41.98860677083333], [9.459599820143886, 41.98958333333333], [9.464489658273383, 41.99251302083333], [9.46742356115108, 42.00423177083333], [9.476225269784173, 42.00716145833333], [9.480463129496403, 42.01367187499999], [9.4853529676259, 42.01660156249999], [9.486982913669067, 42.02832031249999], [9.490242805755397, 42.03124999999999], [9.496110611510792, 42.03222656249999], [9.498718525179857, 42.03710937499999], [9.505238309352517, 42.04134114583333], [9.509150179856118, 42.05240885416666], [9.517951888489211, 42.05891927083333], [9.523493705035971, 42.06705729166666], [9.529687500000001, 42.07063802083333], [9.539793165467627, 42.08333333333333], [9.546964928057555, 42.08789062499999], [9.549572841726619, 42.09277343749999], [9.557396582733812, 42.09472656249999], [9.559352517985612, 42.09960937499999], [9.559678507194246, 42.10644531249999], [9.560330485611512, 42.10839843749999], [9.562612410071942, 42.10937499999999], [9.564242356115109, 42.11816406249999], [9.563590377697842, 42.15332031249999], [9.562612410071942, 42.15624999999999], [9.559678507194246, 42.15722656249999], [9.559352517985612, 42.15950520833333], [9.563590377697842, 42.16341145833333], [9.564894334532376, 42.18684895833333], [9.566524280575543, 42.19270833333333], [9.568806205035973, 42.19368489583333], [9.56945818345324, 42.19563802083333], [9.569784172661873, 42.20247395833333], [9.568806205035973, 42.20735677083333], [9.565546312949643, 42.20963541666666], [9.564242356115109, 42.22526041666666], [9.562612410071942, 42.22916666666666], [9.559678507194246, 42.23111979166666], [9.559352517985612, 42.23567708333333], [9.560330485611512, 42.23893229166666], [9.562612410071942, 42.23958333333333], [9.56522032374101, 42.24934895833333], [9.568154226618706, 42.28222656249999], [9.565872302158274, 42.29361979166666], [9.56326438848921, 42.29492187499999], [9.560004496402879, 42.29947916666666], [9.558374550359712, 42.31152343749999], [9.555114658273382, 42.31315104166666], [9.553810701438852, 42.32096354166666], [9.550876798561152, 42.32291666666666], [9.549572841726619, 42.32584635416666], [9.544357014388492, 42.36100260416666], [9.543053057553958, 42.36686197916666], [9.539793165467628, 42.37207031249999], [9.543053057553958, 42.39941406249999], [9.544357014388492, 42.40397135416666], [9.547942895683455, 42.40820312499999], [9.54859487410072, 42.41210937499999], [9.549898830935252, 42.43554687499999], [9.553158723021586, 42.43880208333333], [9.554136690647484, 42.44531249999999], [9.553158723021586, 42.45703124999999], [9.549572841726619, 42.46028645833333], [9.544357014388492, 42.48372395833333], [9.538815197841728, 42.49348958333333], [9.538815197841728, 42.50651041666666], [9.539467176258995, 42.50911458333333], [9.541749100719425, 42.51041666666666], [9.543379046762592, 42.51822916666666], [9.542727068345325, 42.54947916666666], [9.541749100719425, 42.55208333333333], [9.539467176258995, 42.55305989583333], [9.536533273381297, 42.56770833333333], [9.530013489208635, 42.57291666666666], [9.528709532374103, 42.57552083333333], [9.527079586330938, 42.58756510416666], [9.523167715827338, 42.58951822916666], [9.52218974820144, 42.59277343749999], [9.513062050359714, 42.59472656249999], [9.512084082733814, 42.59798177083333], [9.508172212230217, 42.59960937499999], [9.507194244604317, 42.60546874999999], [9.50328237410072, 42.60970052083333], [9.487634892086334, 42.61621093749999], [9.4853529676259, 42.62434895833333], [9.48209307553957, 42.62532552083333], [9.48013714028777, 42.62988281249999], [9.46840152877698, 42.63932291666666], [9.463511690647483, 42.65136718749999], [9.456991906474823, 42.65624999999999], [9.455035971223023, 42.66210937499999], [9.45470998201439, 42.66894531249999], [9.453080035971224, 42.67187499999999], [9.451776079136692, 42.67187499999999], [9.451124100719426, 42.68066406249999], [9.454383992805756, 42.70996093749999], [9.456991906474823, 42.71874999999999], [9.45992580935252, 42.72070312499999], [9.460577787769786, 42.72721354166666], [9.464489658273383, 42.73111979166666], [9.466445593525181, 42.75846354166666], [9.467423561151081, 42.76041666666666], [9.469705485611511, 42.76106770833333], [9.470683453237411, 42.76692708333333], [9.47361735611511, 42.772135416666664], [9.480463129496405, 42.77734375], [9.4853529676259, 42.78352864583333], [9.487308902877698, 42.79589843749999], [9.49056879496403, 42.79752604166666], [9.491872751798562, 42.80533854166666], [9.496436600719425, 42.80826822916666], [9.496762589928059, 42.81054687499999], [9.495784622302159, 42.81217447916666], [9.492524730215829, 42.81315104166666], [9.491220773381297, 42.82096354166666], [9.488286870503597, 42.82291666666666], [9.487308902877698, 42.82584635416666], [9.486004946043167, 42.86100260416666], [9.4853529676259, 42.86686197916666], [9.484375, 42.86979166666666], [9.48209307553957, 42.87141927083333], [9.481441097122303, 42.874674479166664], [9.48013714028777, 42.894205729166664], [9.47687724820144, 42.897135416666664], [9.476225269784175, 42.89973958333333], [9.474921312949643, 42.91536458333333], [9.47166142086331, 42.91829427083333], [9.469705485611511, 42.941080729166664], [9.46641894600778, 42.94351903038443], [9.46514163669065, 42.951171875], [9.46220773381295, 42.95312499999999], [9.460577787769786, 42.95742564551158], [9.461229766187051, 42.9746282275579], [9.464489658273383, 42.9765813525579], [9.465793615107915, 42.98294823841698], [9.469053507194245, 42.98628413569819], [9.462207733812951, 42.98932819538288], [9.459273830935253, 42.993947574806946], [9.445582284172662, 42.99775604287322], [9.442648381294966, 43.00179777992277], [9.43580260791367, 43.002775096525085], [9.430912769784175, 43.008638996138984], [9.42699848903783, 43.01044438462247], [9.42194055080217, 43.015689554433564], [9.411351722454919, 43.01232717505524], [9.38005845323741, 43.011570945945934], [9.376956752449285, 43.01008312065829], [9.3633898967459, 43.010043004407386], [9.356214025026508, 43.00661606285757], [9.352349370503598, 43.00635859073358], [9.350677732467092, 43.00397212610038], [9.344199640287771, 43.00212355212354], [9.342243705035973, 43.000494691119684], [9.340287769784174, 42.99235038610038], [9.340613758992806, 42.98094835907335], [9.342243705035973, 42.97606177606177], [9.344775767846548, 42.97487859040748], [9.345503597122304, 42.971491916023155], [9.340613758992806, 42.96621169160231], [9.340613758992806, 42.957750663610035], [9.342243705035973, 42.955212355212346], [9.345177607913673, 42.95384441361003], [9.346155575539571, 42.949284608268975], [9.353653327338131, 42.94726562499999], [9.354305305755396, 42.94596354166666], [9.3513714028777, 42.93945312499999], [9.346481564748203, 42.93684895833333], [9.345503597122304, 42.93098958333333], [9.347459532374103, 42.927734375], [9.353979316546765, 42.9267578125], [9.355935251798563, 42.923828125], [9.354059477180334, 42.921901681820074], [9.351045413669066, 42.92089843749999], [9.350512029955565, 42.91912304630802], [9.347773873413724, 42.916978309960264], [9.339961780575539, 42.91471354166666], [9.335071942446046, 42.90820312499999], [9.32529226618705, 42.90624999999999], [9.322684352517985, 42.90429687499999], [9.321380395683455, 42.89453124999999], [9.323988309352519, 42.88085937499999], [9.326596223021586, 42.87499999999999], [9.329204136690649, 42.87434895833333], [9.331812050359712, 42.87109375], [9.333116007194246, 42.865885416666664], [9.327556056503349, 42.85942320732876], [9.322358363309352, 42.85546875], [9.320580229608185, 42.85231216526868], [9.307812069698901, 42.83929651515159], [9.309819099071202, 42.837385770375874], [9.308992805755397, 42.83463541666666], [9.310948741007195, 42.82779947916666], [9.318772482014388, 42.82128906249999], [9.320076438848922, 42.81445312499999], [9.323336330935252, 42.81249999999999], [9.329204136690649, 42.81152343749999], [9.330508093525182, 42.80794270833333], [9.336375899280577, 42.80403645833333], [9.338331834532376, 42.80110677083333], [9.340287769784174, 42.79036458333333], [9.340139585354832, 42.78414977946477], [9.334648342378753, 42.77095454841167], [9.336049910071944, 42.76106770833333], [9.339309802158274, 42.75878906249999], [9.33996178057554, 42.75553385416666], [9.33996178057554, 42.74064599874585], [9.336490869601235, 42.73376222671113], [9.335397931654677, 42.73339843749999], [9.33464414265163, 42.730099658749715], [9.330182104316547, 42.72819010416666], [9.32105440647482, 42.71647135416666], [9.315186600719425, 42.71289062499999], [9.313230665467627, 42.70377604166666], [9.30931879496403, 42.70214843749999], [9.308340827338132, 42.69889322916666], [9.300517086330938, 42.69726562499999], [9.297257194244605, 42.68945312499999], [9.290737410071944, 42.68749999999999], [9.281609712230217, 42.68815104166666], [9.279001798561154, 42.68945312499999], [9.27671987410072, 42.69726562499999], [9.27345998201439, 42.69824218749999], [9.27150404676259, 42.70214843749999], [9.268558481881826, 42.7024752522497], [9.26365473043973, 42.70776591245553], [9.256860551337468, 42.712708753941406], [9.252922661870505, 42.71875], [9.235319244604318, 42.7265625], [9.226517535971226, 42.73665364583333], [9.223257643884894, 42.73860677083333], [9.212825989208635, 42.7392578125], [9.210870053956835, 42.73860677083333], [9.209892086330937, 42.736328125], [9.20500224820144, 42.73567708333333], [9.146324190647483, 42.73828125], [9.131654676258995, 42.73763020833333], [9.130350719424461, 42.7353515625], [9.114703237410072, 42.73404947916666], [9.110791366906476, 42.73242187499999], [9.108835431654677, 42.72949218749999], [9.101989658273382, 42.72851562499999], [9.095143884892087, 42.72070312499999], [9.085364208633095, 42.71874999999999], [9.080474370503598, 42.71582031249999], [9.077540467625901, 42.70410156249999], [9.069716726618704, 42.70214843749999], [9.06808678057554, 42.69889322916666], [9.056351169064751, 42.69694010416666], [9.053417266187052, 42.69205729166666], [9.052439298561152, 42.68326822916666], [9.048201438848922, 42.680338541666664], [9.048527428057556, 42.67805989583333], [9.051461330935252, 42.67708333333333], [9.053091276978419, 42.67415364583333], [9.051581714485847, 42.66272988789429], [9.049426125346804, 42.66036214666325], [9.03970777400712, 42.656664770931656], [9.026686151079138, 42.65559895833333], [9.022774280575542, 42.65429687499999], [9.016134089114397, 42.64826901049439], [9.001546859703366, 42.64596513205661], [8.98267760791367, 42.64485677083333], [8.980395683453239, 42.64388020833333], [8.979817586364694, 42.64253325319168], [8.945650430830943, 42.63713695957783], [8.941928956834534, 42.63932291666666], [8.937039118705037, 42.64518229166666], [8.930193345323742, 42.64550781249999], [8.927585431654677, 42.64160156249999], [8.919761690647483, 42.64029947916666], [8.917805755395685, 42.63736979166666], [8.91519784172662, 42.63639322916666], [8.891726618705036, 42.63541666666666], [8.878687050359714, 42.63248697916666], [8.876079136690649, 42.62955729166666], [8.875101169064749, 42.62076822916666], [8.871841276978419, 42.61946614583333], [8.87110122217633, 42.617249171318456], [8.865664722626256, 42.615158229717316], [8.813368498570433, 42.61002604166666], [8.80010046531303, 42.60742187499999], [8.7997752749577, 42.60514322916666], [8.79587299069374, 42.60384114583333], [8.79489741962775, 42.60221354166666], [8.79587299069374, 42.59928385416666], [8.7997752749577, 42.59798177083333], [8.80010046531303, 42.59570312499999], [8.79587299069374, 42.59244791666666], [8.79392184856176, 42.57421874999999], [8.790019564297802, 42.57194010416666], [8.789043993231811, 42.56868489583333], [8.781239424703895, 42.56738281249999], [8.779288282571914, 42.56445312499999], [8.775385998307954, 42.56282552083333], [8.762378384094756, 42.56315104166666], [8.759776861252117, 42.56445312499999], [8.756850148054147, 42.57096354166666], [8.748720389170899, 42.57291666666666], [8.734086823181052, 42.57194010416666], [8.731485300338411, 42.56803385416666], [8.728233396785111, 42.56803385416666], [8.726932635363791, 42.57194010416666], [8.723030351099831, 42.57389322916666], [8.72172958967851, 42.58561197916666], [8.72107920896785, 42.58756510416666], [8.718802876480542, 42.58854166666666], [8.710998307952625, 42.57877604166666], [8.707421214043995, 42.57779947916666], [8.706445642978005, 42.57617187499999], [8.706770833333335, 42.57389322916666], [8.709697546531304, 42.57291666666666], [8.710673117597294, 42.57096354166666], [8.711648688663283, 42.55338541666666], [8.710673117597294, 42.54361979166666], [8.706770833333335, 42.53873697916666], [8.705470071912016, 42.52701822916666], [8.702214321817475, 42.52637642858078], [8.700592216582066, 42.53027343749999], [8.694738790186125, 42.53124999999999], [8.691486886632827, 42.52929687499999], [8.690836505922167, 42.52473958333333], [8.689210554145518, 42.52278645833333], [8.664821277495772, 42.51888020833333], [8.664496087140442, 42.51660156249999], [8.660593802876484, 42.51432291666666], [8.659618231810493, 42.50260416666666], [8.656691518612522, 42.49414062499999], [8.644984665820644, 42.48307291666666], [8.644009094754654, 42.47786458333333], [8.645635046531304, 42.47591145833333], [8.648886950084602, 42.47460937499999], [8.665146467851102, 42.47330729166666], [8.67002432318105, 42.47005208333333], [8.66807318104907, 42.46321614583333], [8.661894564297803, 42.45865885416666], [8.662544945008463, 42.44986979166666], [8.646285427241963, 42.44596354166666], [8.645960236886634, 42.44401041666666], [8.648561759729272, 42.43945312499999], [8.654089995769883, 42.43554687499999], [8.653439615059224, 42.42773437499999], [8.650187711505923, 42.42675781249999], [8.647911379018613, 42.42285156249999], [8.641407571912016, 42.42187499999999], [8.629700719120136, 42.42285156249999], [8.627749576988155, 42.42610677083333], [8.621896150592217, 42.42708333333333], [8.618644247038919, 42.42610677083333], [8.61701829526227, 42.42285156249999], [8.60823815566836, 42.42187499999999], [8.60336030033841, 42.41992187499999], [8.60205953891709, 42.41341145833333], [8.598157254653131, 42.41048177083333], [8.597181683587142, 42.40559895833333], [8.598157254653131, 42.39680989583333], [8.60205953891709, 42.39485677083333], [8.602384729272421, 42.39257812499999], [8.60140915820643, 42.39095052083333], [8.598157254653131, 42.39029947916666], [8.596357328091344, 42.38695719503893], [8.586639892971457, 42.39117680406383], [8.581178167950162, 42.38541637816858], [8.571816835871406, 42.38476562499999], [8.565963409475467, 42.38151041666666], [8.56559488271439, 42.38021926218615], [8.560344309168627, 42.38023053260349], [8.55296430102247, 42.38446704848696], [8.550659297497598, 42.37562559707809], [8.54645198815567, 42.37597656249999], [8.54417565566836, 42.37988281249999], [8.54189932318105, 42.38020833333333], [8.540273371404401, 42.37923177083333], [8.539297800338412, 42.37597656249999], [8.533444373942471, 42.37499999999999], [8.531168041455162, 42.37304687499999], [8.534745135363792, 42.36653645833333], [8.54059856175973, 42.36458333333333], [8.54742755922166, 42.36425781249999], [8.550354272419629, 42.36263020833333], [8.550029082064299, 42.36035156249999], [8.54710236886633, 42.35937499999999], [8.54547641708968, 42.35644531249999], [8.54547641708968, 42.34667968749999], [8.54612679780034, 42.34472656249999], [8.550354272419629, 42.34179687499999], [8.549378701353639, 42.33886718749999], [8.54547641708968, 42.33756510416666], [8.54515122673435, 42.33528645833333], [8.54645198815567, 42.33430989583333], [8.552955795262267, 42.33333333333333], [8.562711505922167, 42.33430989583333], [8.566613790186128, 42.33626302083333], [8.575719120135364, 42.34635416666666], [8.579621404399326, 42.34895833333333], [8.590225626857144, 42.35229847907733], [8.595880922165822, 42.35286458333333], [8.59913282571912, 42.34928385416666], [8.605636632825721, 42.34863281249999], [8.60823815566836, 42.34472656249999], [8.61604272419628, 42.34277343749999], [8.61799386632826, 42.33789062499999], [8.61604272419628, 42.32910156249999], [8.60823815566836, 42.32714843749999], [8.607178670248993, 42.32502731323561], [8.604704301793687, 42.323681024608554], [8.594905351099833, 42.32259114583333], [8.591978637901862, 42.32096354166666], [8.592954208967853, 42.31803385416666], [8.596206112521152, 42.31705729166666], [8.598157254653131, 42.30924479166666], [8.60303510998308, 42.30729166666666], [8.60986410744501, 42.30761718749999], [8.61279082064298, 42.30924479166666], [8.613441201353641, 42.31152343749999], [8.619294627749579, 42.31249999999999], [8.623522102368867, 42.31054687499999], [8.629050338409476, 42.30403645833333], [8.647528030781297, 42.30175607155757], [8.654237131674364, 42.29929505987561], [8.655390757191203, 42.29785156249999], [8.660492885327164, 42.29700034362907], [8.669066734168565, 42.293855310860245], [8.67099989424704, 42.28417968749999], [8.672951036379018, 42.28222656249999], [8.682706747038917, 42.28027343749999], [8.685633460236888, 42.27539062499999], [8.684928226969664, 42.2704489752261], [8.680960586284854, 42.27122083706581], [8.675686847674124, 42.269289505999645], [8.665327378312766, 42.263505706654904], [8.656920766419374, 42.26072966421455], [8.635879335871405, 42.25944010416666], [8.633603003384096, 42.25846354166666], [8.632649476093688, 42.25623638358151], [8.626472363276312, 42.255350390188134], [8.618969437394249, 42.25618489583333], [8.61604272419628, 42.26009114583333], [8.60953891708968, 42.26009114583333], [8.60693739424704, 42.25618489583333], [8.59913282571912, 42.25488281249999], [8.596531302876482, 42.25097656249999], [8.588726734348562, 42.24967447916666], [8.586775592216583, 42.24674479166666], [8.583848879018614, 42.24544270833333], [8.564962100008024, 42.24264182346048], [8.560026424249974, 42.242824515342306], [8.550540614252679, 42.24093482105041], [8.549915154093089, 42.23954571423567], [8.543850465313032, 42.23795572916666], [8.54189932318105, 42.23567708333333], [8.54547641708968, 42.23111979166666], [8.562061125211507, 42.22753906249999], [8.564662648054147, 42.22428385416666], [8.565963409475467, 42.21940104166666], [8.565963409475467, 42.21289062499999], [8.567914551607448, 42.20475260416666], [8.576369500846026, 42.20117187499999], [8.575393929780034, 42.19824218749999], [8.572142026226736, 42.19726562499999], [8.571166455160746, 42.19401041666666], [8.572142026226736, 42.18815104166666], [8.575393929780034, 42.18717447916666], [8.576369500846026, 42.18424479166666], [8.572777394648666, 42.18184762052547], [8.559459602368868, 42.17773437499999], [8.555557318104908, 42.17513020833333], [8.555557318104908, 42.17382812499999], [8.557508460236887, 42.17220052083333], [8.565313028764807, 42.17089843749999], [8.566288599830798, 42.16764322916666], [8.567914551607448, 42.16666666666666], [8.570841264805416, 42.16764322916666], [8.571816835871406, 42.17089843749999], [8.575068739424704, 42.17187499999999], [8.579621404399326, 42.17122395833333], [8.581572546531305, 42.16796874999999], [8.579621404399326, 42.16210937499999], [8.571816835871406, 42.16048177083333], [8.570190884094757, 42.15722656249999], [8.561410744500847, 42.15624999999999], [8.556532889170898, 42.15429687499999], [8.555557318104908, 42.15234374999999], [8.556532889170898, 42.14648437499999], [8.559784792724198, 42.14615885416666], [8.560760363790187, 42.14908854166666], [8.564662648054147, 42.15071614583333], [8.573767978003385, 42.15104166666666], [8.581247356175975, 42.14908854166666], [8.583523688663284, 42.14713541666666], [8.585474830795263, 42.14127604166666], [8.580922165820645, 42.13867187499999], [8.578320642978005, 42.13411458333333], [8.578971023688664, 42.13216145833333], [8.586125211505923, 42.13020833333333], [8.597506873942471, 42.13053385416666], [8.602384729272421, 42.13216145833333], [8.60336030033841, 42.13509114583333], [8.605814730011332, 42.13522353197308], [8.6173434856176, 42.12272135416666], [8.625798434856177, 42.11979166666666], [8.637505287648056, 42.11881510416666], [8.639456429780036, 42.11555989583333], [8.647260998307953, 42.11360677083333], [8.649862521150594, 42.10188802083333], [8.653114424703892, 42.09895833333333], [8.657667089678514, 42.09928385416666], [8.659618231810493, 42.10221354166666], [8.663520516074453, 42.10384114583333], [8.679129653130289, 42.10514322916666], [8.684332698815567, 42.11132812499999], [8.690186125211508, 42.11230468749999], [8.691486886632827, 42.10579427083333], [8.698966264805417, 42.09928385416666], [8.699616645516077, 42.09733072916666], [8.697340313028766, 42.08919270833333], [8.700917406937396, 42.08756510416666], [8.701892978003386, 42.08430989583333], [8.709697546531304, 42.08203124999999], [8.710998307952623, 42.07942708333333], [8.712949450084604, 42.06640624999999], [8.715550972927243, 42.06380208333333], [8.719453257191201, 42.06249999999999], [8.731160109983081, 42.06152343749999], [8.733436442470392, 42.05761718749999], [8.73668834602369, 42.05664062499999], [8.73766391708968, 42.05338541666666], [8.73766391708968, 42.05078124999999], [8.732786061759732, 42.04752604166666], [8.716526543993233, 42.04654947916666], [8.711648688663283, 42.04492187499999], [8.711973879018615, 42.04264322916666], [8.714900592216583, 42.04166666666666], [8.715550972927243, 42.03971354166666], [8.713599830795264, 42.03515624999999], [8.710347927241965, 42.03320312499999], [8.677503701353638, 42.03027343749999], [8.673276226734348, 42.02636718749999], [8.665471658206432, 42.02506510416666], [8.663845706429782, 42.02115885416666], [8.659943422165824, 42.01985677083333], [8.658967851099833, 42.01660156249999], [8.653114424703892, 42.01562499999999], [8.651163282571913, 42.01399739583333], [8.649212140439934, 42.00585937499999], [8.650187711505923, 41.99446614583333], [8.652138853637904, 41.99121093749999], [8.655065566835873, 41.98958333333333], [8.658967851099833, 41.98958333333333], [8.662870135363793, 41.98763020833333], [8.662270897068838, 41.985530742863965], [8.656041137901862, 41.97884114583333], [8.635788780915018, 41.971168323427754], [8.62928586784541, 41.97067499264065], [8.628399957698816, 41.97200520833333], [8.625798434856176, 41.97265624999999], [8.612790820642978, 41.97200520833333], [8.602384729272421, 41.97070312499999], [8.594426699955157, 41.96808223803897], [8.589931378015232, 41.9677478850595], [8.591731951201433, 41.966155461382165], [8.590352686125211, 41.96516927083333], [8.588726734348562, 41.96093749999999], [8.591653447546534, 41.95182291666666], [8.595880922165822, 41.94791666666666], [8.60173434856176, 41.94694010416666], [8.60270991962775, 41.94368489583333], [8.605636632825721, 41.94270833333333], [8.60726258460237, 41.93782552083333], [8.60726258460237, 41.92154947916666], [8.605636632825721, 41.91666666666666], [8.60336030033841, 41.91503906249999], [8.60140915820643, 41.89225260416666], [8.597506873942471, 41.88964843749999], [8.597181683587142, 41.88736979166666], [8.6010839678511, 41.88541666666666], [8.605636632825721, 41.88639322916666], [8.60856334602369, 41.89811197916666], [8.613441201353641, 41.90104166666666], [8.622221340947547, 41.90201822916666], [8.623196912013539, 41.90429687499999], [8.640757191201354, 41.90592447916666], [8.699291455160745, 41.90657552083333], [8.716851734348563, 41.90820312499999], [8.716851734348563, 41.90950520833333], [8.72075401861252, 41.91210937499999], [8.733761632825722, 41.91666666666666], [8.73766391708968, 41.92252604166666], [8.73863948815567, 41.92936197916666], [8.743517343485617, 41.93229166666666], [8.750346340947548, 41.93164062499999], [8.752297483079527, 41.93033854166666], [8.754573815566836, 41.92415364583333], [8.757175338409477, 41.92350260416666], [8.766280668358714, 41.92513020833333], [8.773760046531304, 41.92480468749999], [8.781889805414554, 41.91536458333333], [8.79197070642978, 41.90722656249999], [8.79489741962775, 41.90039062499999], [8.793596658206429, 41.89322916666666], [8.79099513536379, 41.89062499999999], [8.781889805414554, 41.88736979166666], [8.778312711505924, 41.88444010416666], [8.776361569373943, 41.87988281249999], [8.777987521150594, 41.86002604166666], [8.777337140439935, 41.85416666666666], [8.775060807952624, 41.85384114583333], [8.772459285109985, 41.84993489583333], [8.752947863790189, 41.84863281249999], [8.748070008460239, 41.84700520833333], [8.750021150592218, 41.84407552083333], [8.757825719120136, 41.84277343749999], [8.760427241962777, 41.83886718749999], [8.769207381556683, 41.83658854166666], [8.772134094754655, 41.83203124999999], [8.770833333333334, 41.82682291666666], [8.759451670896787, 41.81738281249999], [8.757500528764806, 41.81282552083333], [8.754248625211506, 41.81282552083333], [8.752947863790187, 41.81673177083333], [8.751321912013537, 41.81770833333333], [8.748395198815569, 41.81673177083333], [8.74741962774958, 41.81380208333333], [8.73961505922166, 41.81608072916666], [8.73766391708968, 41.81380208333333], [8.73668834602369, 41.80794270833333], [8.733436442470392, 41.80696614583333], [8.7324608714044, 41.80403645833333], [8.730564052530038, 41.80308708506542], [8.710658, 41.803016322744035], [8.710658, 41.801955901178104], [8.701242597292726, 41.80013020833333], [8.703193739424705, 41.79720052083333], [8.709697546531304, 41.79622395833333], [8.713599830795264, 41.78613281249999], [8.722054780033842, 41.77929687499999], [8.720103637901861, 41.77539062499999], [8.713599830795264, 41.77115885416666], [8.709996251066126, 41.76233308073005], [8.703844120135365, 41.76041666666666], [8.692137267343487, 41.75944010416666], [8.689143664625217, 41.75584413016971], [8.67348196014977, 41.75398320104412], [8.671325084602369, 41.75488281249999], [8.655715947546533, 41.75423177083333], [8.653439615059224, 41.75032552083333], [8.650187711505923, 41.74934895833333], [8.649212140439934, 41.74348958333333], [8.657992280033843, 41.74023437499999], [8.67847927241963, 41.73958333333333], [8.693112838409476, 41.73665364583333], [8.696039551607447, 41.73372395833333], [8.697015122673436, 41.72493489583333], [8.700917406937396, 41.72298177083333], [8.701892978003386, 41.71972656249999], [8.705144881556684, 41.71874999999999], [8.710998307952623, 41.71972656249999], [8.713599830795264, 41.72363281249999], [8.72140439932318, 41.72493489583333], [8.724005922165821, 41.72884114583333], [8.731810490693741, 41.73014322916666], [8.733436442470392, 41.73339843749999], [8.74709443739425, 41.73535156249999], [8.749695960236888, 41.73860677083333], [8.757825719120138, 41.73958333333333], [8.769207381556685, 41.73860677083333], [8.772459285109985, 41.73665364583333], [8.774085236886634, 41.73372395833333], [8.774085236886634, 41.72981770833333], [8.772134094754655, 41.72395833333333], [8.765955478003384, 41.71907552083333], [8.765630287648055, 41.71484374999999], [8.770508142978002, 41.70898437499999], [8.777011950084605, 41.70768229166666], [8.776036379018613, 41.69986979166666], [8.777337140439935, 41.69856770833333], [8.788718802876481, 41.69889322916666], [8.790669945008462, 41.70279947916666], [8.79392184856176, 41.70377604166666], [8.79489741962775, 41.70963541666666], [8.79858865639872, 41.712714573356536], [8.816277070980723, 41.71073647370526], [8.817660744500847, 41.70865885416666], [8.824489741962779, 41.70768229166666], [8.829367597292727, 41.70182291666666], [8.833466682396471, 41.69986979166666], [8.850059823651234, 41.69791666666666], [8.878171449991024, 41.69694010416666], [8.885206834532376, 41.69303385416666], [8.900854316546763, 41.69173177083333], [8.903136241007196, 41.68782552083333], [8.906070143884893, 41.68684895833333], [8.904114208633096, 41.68098958333333], [8.901506294964031, 41.67903645833333], [8.877709082733814, 41.67513020833333], [8.876079136690649, 41.67317708333333], [8.875101169064749, 41.66731770833333], [8.871189298561152, 41.66471354166666], [8.869885341726619, 41.65690104166666], [8.866625449640289, 41.65592447916666], [8.864152316313195, 41.65201822916666], [8.843219996496458, 41.65006510416666], [8.839773688663282, 41.64583333333333], [8.836846975465313, 41.64485677083333]], [[8.584824450084604, 41.88053385416666], [8.577019881556685, 41.87923177083333], [8.576369500846026, 41.87695312499999], [8.578320642978005, 41.87532552083333], [8.586125211505923, 41.87402343749999], [8.587100782571913, 41.87076822916666], [8.590027495769883, 41.86979166666666], [8.591653447546532, 41.87174479166666], [8.592954208967853, 41.87955729166666], [8.596206112521152, 41.88053385416666], [8.597181683587142, 41.88346354166666], [8.593279399323183, 41.88541666666666], [8.588726734348562, 41.88509114583333], [8.584824450084604, 41.88053385416666]], [[10.048662320143887, 42.58886718749999], [10.045402428057555, 42.58789062499999], [10.044424460431657, 42.58203124999999], [10.045402428057555, 42.57877604166666], [10.048662320143887, 42.57779947916666], [10.049640287769785, 42.57486979166666], [10.051922212230217, 42.57389322916666], [10.08386915467626, 42.57194010416666], [10.086151079136691, 42.57096354166666], [10.087129046762591, 42.56803385416666], [10.089410971223021, 42.56770833333333], [10.092344874100721, 42.57194010416666], [10.104080485611512, 42.57324218749999], [10.10701438848921, 42.57486979166666], [10.106688399280577, 42.57714843749999], [10.103102517985613, 42.57877604166666], [10.105710431654677, 42.58789062499999], [10.102124550359713, 42.58951822916666], [10.100820593525182, 42.59342447916666], [10.09756070143885, 42.59440104166666], [10.096256744604318, 42.60221354166666], [10.092344874100721, 42.60546874999999], [10.090388938848921, 42.62369791666666], [10.087129046762591, 42.62532552083333], [10.086151079136691, 42.62825520833333], [10.083217176258994, 42.62988281249999], [10.0763714028777, 42.63020833333333], [10.0734375, 42.62825520833333], [10.071481564748204, 42.62434895833333], [10.06919964028777, 42.60449218749999], [10.066591726618707, 42.59993489583333], [10.062679856115109, 42.59700520833333], [10.053552158273382, 42.59440104166666], [10.049640287769785, 42.59179687499999], [10.048662320143887, 42.58886718749999]], [[9.367018884892087, 41.55631510416666], [9.372886690647483, 41.55729166666666], [9.376146582733814, 41.55924479166666], [9.37679856115108, 41.56380208333333], [9.37484262589928, 41.56705729166666], [9.36832284172662, 41.56738281249999], [9.365388938848922, 41.56282552083333], [9.362129046762591, 41.56184895833333], [9.361151079136691, 41.55859374999999], [9.362129046762591, 41.55273437499999], [9.364410971223021, 41.55208333333333], [9.367018884892087, 41.55631510416666]], [[9.351697392086333, 41.54199218749999], [9.35560926258993, 41.54264322916666], [9.354957284172663, 41.54654947916666], [9.351697392086333, 41.54654947916666], [9.350719424460433, 41.54492187499999], [9.351697392086333, 41.54199218749999]], [[9.26302832733813, 41.39095052083333], [9.266940197841727, 41.39160156249999], [9.266288219424462, 41.39550781249999], [9.26302832733813, 41.39550781249999], [9.262050359712232, 41.39388020833333], [9.26302832733813, 41.39095052083333]], [[9.37027877697842, 41.30305989583333], [9.35463129496403, 41.30240885416666], [9.350719424460433, 41.30403645833333], [9.348763489208633, 41.30696614583333], [9.34093974820144, 41.30826822916666], [9.33996178057554, 41.31152343749999], [9.337027877697844, 41.31249999999999], [9.335397931654677, 41.31152343749999], [9.334093974820146, 41.30761718749999], [9.330834082733814, 41.30664062499999], [9.329856115107916, 41.30078124999999], [9.332790017985612, 41.29752604166666], [9.34202576957524, 41.2955747420052], [9.342569694244606, 41.29394531249999], [9.338735224732993, 41.28481471506103], [9.335774075411324, 41.284220969088246], [9.333480722922646, 41.28154607600125], [9.34482993677063, 41.276370332990695], [9.349683046451677, 41.27732888104966], [9.349639402738099, 41.278174536661155], [9.35463129496403, 41.27734374999999], [9.357891187050361, 41.28092447916666], [9.366692895683453, 41.28320312499999], [9.373212679856117, 41.29101562499999], [9.380058453237412, 41.29296874999999], [9.38201438848921, 41.29947916666666], [9.38103642086331, 41.31119791666666], [9.377124550359714, 41.31347656249999], [9.376146582733814, 41.31640624999999], [9.370278776978418, 41.31445312499999], [9.366366906474822, 41.31054687499999], [9.366692895683453, 41.30826822916666], [9.370604766187054, 41.30696614583333], [9.371582733812952, 41.30533854166666], [9.37027877697842, 41.30305989583333]], [[9.397987859712233, 41.29361979166666], [9.40092176258993, 41.29166666666666], [9.402877697841728, 41.29557291666666], [9.401899730215828, 41.30143229166666], [9.398639838129498, 41.30143229166666], [9.397987859712233, 41.29361979166666]], [[9.391468075539569, 41.24055989583333], [9.379732464028777, 41.23828124999999], [9.3768204189903, 41.23115969317354], [9.374557, 41.229199685548544], [9.374557, 41.222235237579035], [9.377991520725766, 41.214687555226476], [9.38188070002597, 41.21410853268293], [9.38201438848921, 41.21223958333333], [9.385926258992807, 41.20898437499999], [9.398965827338131, 41.20865885416666], [9.402877697841728, 41.21028645833333], [9.403855665467628, 41.21321614583333], [9.407115557553958, 41.21289062499999], [9.407441546762591, 41.20475260416666], [9.396009964555304, 41.19461728306507], [9.396715482559111, 41.19121481564196], [9.401719355487794, 41.19166132858616], [9.402877697841728, 41.18945312499999], [9.408745503597123, 41.18749999999999], [9.417547212230216, 41.18847656249999], [9.418851169064748, 41.19173177083333], [9.422763039568348, 41.19401041666666], [9.425696942446045, 41.21321614583333], [9.427652877697843, 41.21549479166666], [9.433520683453239, 41.21744791666666], [9.434498651079139, 41.21451822916666], [9.438410521582735, 41.21223958333333], [9.439388489208634, 41.20572916666666], [9.439062500000002, 41.19661458333333], [9.437432553956835, 41.19270833333333], [9.434498651079139, 41.19075520833333], [9.434498651079139, 41.18424479166666], [9.439062500000002, 41.18131510416666], [9.440366456834534, 41.17740885416666], [9.443626348920864, 41.17773437499999], [9.444930305755395, 41.18554687499999], [9.4482312495809, 41.18694380102551], [9.449494154676263, 41.18652343749999], [9.450798111510794, 41.18326822916666], [9.457330396743181, 41.181819415990525], [9.467423561151081, 41.17187499999999], [9.470357464028778, 41.17285156249999], [9.47166142086331, 41.17610677083333], [9.480463129496405, 41.17708333333333], [9.4853529676259, 41.17903645833333], [9.4863309352518, 41.18359374999999], [9.485026978417267, 41.18554687499999], [9.47023391682324, 41.18806122516087], [9.46954459231885, 41.18947259488988], [9.471474183499112, 41.196260012985995], [9.472313399280576, 41.19726562499999], [9.477203237410073, 41.19791666666666], [9.481441097122303, 41.20572916666666], [9.484375, 41.22395833333333], [9.484375, 41.23177083333333], [9.48307104316547, 41.23697916666666], [9.480463129496405, 41.23958333333333], [9.47361735611511, 41.23990885416666], [9.470683453237411, 41.24153645833333], [9.470031474820145, 41.24381510416666], [9.46416366906475, 41.24479166666666], [9.46090377697842, 41.24283854166666], [9.46003352322785, 41.23990565523896], [9.454188509987205, 41.23141283148295], [9.449494154676263, 41.23144531249999], [9.444930305755395, 41.23795572916666], [9.434824640287772, 41.24641927083333], [9.433194694244605, 41.25455729166666], [9.429282823741008, 41.25716145833333], [9.427978866906475, 41.26497395833333], [9.42406699640288, 41.26660156249999], [9.423089028776982, 41.26985677083333], [9.419829136690648, 41.27083333333333], [9.413961330935253, 41.26888020833333], [9.413309352517986, 41.26432291666666], [9.410375449640288, 41.26106770833333], [9.403529676258994, 41.26041666666666], [9.3986398381295, 41.25748697916666], [9.396683902877701, 41.24576822916666], [9.392446043165469, 41.24283854166666], [9.391468075539569, 41.24055989583333]], [[9.320402428057555, 41.25032552083333], [9.324314298561152, 41.25097656249999], [9.323662320143885, 41.25488281249999], [9.320402428057555, 41.25488281249999], [9.319424460431655, 41.25325520833333], [9.320402428057555, 41.25032552083333]], [[9.338005845323742, 41.22981770833333], [9.349741456834533, 41.23014322916666], [9.3513714028777, 41.23372395833333], [9.360499100719426, 41.24121093749999], [9.360173111510793, 41.24934895833333], [9.356913219424461, 41.25032552083333], [9.355935251798563, 41.25325520833333], [9.352023381294966, 41.25488281249999], [9.336375899280577, 41.25423177083333], [9.334093974820146, 41.25032552083333], [9.330834082733814, 41.24934895833333], [9.329856115107916, 41.24609374999999], [9.330834082733814, 41.24023437499999], [9.331772677386349, 41.23985947656119], [9.331263318435376, 41.237737308077364], [9.332775810029135, 41.23451518389152], [9.338005845323742, 41.22981770833333]], [[9.519581834532378, 41.16210937499999], [9.52414568345324, 41.16145833333333], [9.527405575539571, 41.16341145833333], [9.528057553956836, 41.16796874999999], [9.526101618705038, 41.17122395833333], [9.519581834532378, 41.17122395833333], [9.517625899280578, 41.16796874999999], [9.519581834532378, 41.16210937499999]], [[9.61085881294964, 41.08138020833333], [9.604991007194245, 41.08333333333333], [9.601731115107913, 41.08235677083333], [9.600753147482015, 41.07910156249999], [9.59684127697842, 41.07779947916666], [9.59586330935252, 41.07486979166666], [9.597576132351428, 41.07391959052981], [9.59862553858917, 41.07172745384256], [9.602442526924483, 41.07066530967656], [9.603832645900672, 41.07300274945942], [9.610532823741007, 41.07486979166666], [9.611510791366907, 41.07682291666666], [9.61085881294964, 41.08138020833333]], [[9.59064748201439, 41.07096354166666], [9.586735611510793, 41.07259114583333], [9.577607913669066, 41.07291666666666], [9.571088129496406, 41.07096354166666], [9.569784172661873, 41.06640624999999], [9.57369604316547, 41.06412760416666], [9.577607913669066, 41.06445312499999], [9.586735611510793, 41.06705729166666], [9.59064748201439, 41.06966145833333], [9.59064748201439, 41.07096354166666]], [[9.846875, 44.024722490347486], [9.850134892086333, 44.02374517374516], [9.854698741007194, 44.02407094594594], [9.856654676258994, 44.0256998069498], [9.856002697841728, 44.0279802123552], [9.852742805755398, 44.02895752895752], [9.848178956834534, 44.02863175675675], [9.846223021582736, 44.02700289575289], [9.846875, 44.024722490347486]], [[9.903923111510792, 43.423347007722], [9.908486960431656, 43.42627895752895], [9.908724581271544, 43.42960343474088], [9.913897856929918, 43.43593297527823], [9.914161515113197, 43.442054535981406], [9.908146166704253, 43.444946289551716], [9.903507338578265, 43.44274561542644], [9.898780429544962, 43.44206937737042], [9.89638292625367, 43.43442023360461], [9.891861510791367, 43.43409749034748], [9.889253597122302, 43.43279440154439], [9.88794964028777, 43.43083976833976], [9.888275629496402, 43.42627895752895], [9.892839478417269, 43.423347007722], [9.893817446043167, 43.420089285714276], [9.899685251798562, 43.41911196911196], [9.903597122302159, 43.42106660231659], [9.903923111510792, 43.423347007722]], [[9.803192446043166, 43.05945945945945], [9.801236510791368, 43.057504826254814], [9.800099582089233, 43.0518239669563], [9.786418530243665, 43.02858289065003], [9.799484095677437, 43.012631043412455], [9.80025854316547, 43.00798745173744], [9.8035184352518, 43.007010135135125], [9.8054743705036, 43.00310086872586], [9.814276079136691, 43.00212355212354], [9.819165917266188, 43.00505550193049], [9.820130183573186, 43.00987362395174], [9.822377902070762, 43.00994213662407], [9.832069292967496, 43.01828088776492], [9.834813399280575, 43.018737934362925], [9.836556747701518, 43.02214202273321], [9.839051258992807, 43.022972972972966], [9.853078487480275, 43.0443692717804], [9.846366180554018, 43.05751003414254], [9.842829906700878, 43.05966879649562], [9.840029226618707, 43.06402027027026], [9.835606939167237, 43.06634091482694], [9.82894559352518, 43.07444498069497], [9.821773830935253, 43.07444498069497], [9.817672100284238, 43.06945489353317], [9.807989921023287, 43.06522790484929], [9.804746659887272, 43.05971832266261], [9.803192446043166, 43.05945945945945]], [[9.403855665467628, 43.02329874517373], [9.407767535971225, 43.02395028957528], [9.407115557553958, 43.02785955598455], [9.403855665467628, 43.02785955598455], [9.402877697841728, 43.02623069498068], [9.403855665467628, 43.02329874517373]]]}}, {"type": "Feature", "properties": {"t": "b15", "lvl": 15}, "geometry": {"type": "MultiPolygon", "coordinates": [[[[2.9158981699171167, 41.71092385480657], [2.9321831750686034, 41.71384309952692], [2.9363888526836988, 41.71895543378061], [2.9410156250000123, 41.71972656249999], [2.942317708333346, 41.72330729166666], [2.950130208333346, 41.72851562499999], [2.953059895833346, 41.73404947916666], [2.966770704432736, 41.7453373396038], [2.9934612786437373, 41.7610436482203], [2.997656250000013, 41.76139322916666], [2.999609375000013, 41.76464843749999], [3.007421875000013, 41.76595052083333], [3.010677083333346, 41.76985677083333], [3.0266276041666793, 41.77148437499999], [3.029882812500013, 41.77278645833333], [3.0354166666666793, 41.77929687499999], [3.038020833333346, 41.78059895833333], [3.050065104166679, 41.78222656249999], [3.052018229166679, 41.78613281249999], [3.060807291666679, 41.79296874999999], [3.0661158286209402, 41.79945696183298], [3.067859582279772, 41.800196920118545], [3.0737163719595024, 41.81704719708075], [3.076757812500013, 41.81868489583333], [3.077734375000013, 41.82194010416666], [3.086848958333346, 41.82389322916666], [3.088151041666679, 41.82747395833333], [3.095963541666679, 41.83300781249999], [3.09759918436773, 41.83873256195367], [3.1041893217190135, 41.84234714825784], [3.1135416666666793, 41.84374999999999], [3.1369791666666793, 41.84472656249999], [3.139583333333346, 41.84570312499999], [3.1401883286953973, 41.847518111086146], [3.1495624239424838, 41.8468944086846], [3.16411930083994, 41.86221260706521], [3.1744140625000123, 41.86490885416666], [3.178971354166679, 41.86816406249999], [3.1812500000000123, 41.87239583333333], [3.1823199420767554, 41.880152913389715], [3.1930136599900374, 41.88869245874542], [3.200781250000013, 41.89225260416666], [3.204036458333346, 41.90136718749999], [3.2102213541666793, 41.90592447916666], [3.209570312500013, 41.91601562499999], [3.2170572916666793, 41.91764322916666], [3.2180338541666793, 41.92089843749999], [3.2209635416666793, 41.92187499999999], [3.222591145833346, 41.92675781249999], [3.2231947271158994, 41.93681750054255], [3.230776331896128, 41.94665651673032], [3.2326822916666793, 41.95182291666666], [3.2341029291246364, 41.96518186146771], [3.2295021134027753, 41.97190047026614], [3.2248037298420296, 41.97481116883279], [3.2232421875000123, 41.97721354166666], [3.2188830354959856, 41.97847910192589], [3.2098848167147365, 41.98473407393029], [3.2081506482532127, 41.98708805429492], [3.2063151041666793, 42.00390624999999], [3.203059895833346, 42.00716145833333], [3.2024088541666793, 42.03059895833333], [3.204036458333346, 42.03645833333333], [3.2053385416666793, 42.03645833333333], [3.206966145833346, 42.03938802083333], [3.208268229166679, 42.05110677083333], [3.2105468750000123, 42.05208333333333], [3.212174479166679, 42.05598958333333], [3.212925138383286, 42.06783556059591], [3.210546875000013, 42.07161458333333], [3.2090360811863476, 42.07214336116811], [3.202196447311512, 42.07971943352386], [3.201106770833346, 42.08756510416666], [3.196223958333346, 42.09049479166666], [3.1919921875000123, 42.09733072916666], [3.182877604166679, 42.10384114583333], [3.176041666666679, 42.11263020833333], [3.163020833333346, 42.11523437499999], [3.1604166666666793, 42.11653645833333], [3.155208333333346, 42.12304687499999], [3.145442708333346, 42.12499999999999], [3.140559895833346, 42.12792968749999], [3.138606770833346, 42.13964843749999], [3.135351562500013, 42.14127604166666], [3.134049479166679, 42.14908854166666], [3.130143229166679, 42.15234374999999], [3.128841145833346, 42.16796874999999], [3.124934895833346, 42.17480468749999], [3.123958333333346, 42.18945312499999], [3.124934895833346, 42.21582031249999], [3.125911458333346, 42.21874999999999], [3.128841145833346, 42.22070312499999], [3.130143229166679, 42.22851562499999], [3.133723958333346, 42.22981770833333], [3.141210937500013, 42.23990885416666], [3.148372395833346, 42.24446614583333], [3.1555338541666793, 42.25325520833333], [3.158789062500013, 42.25455729166666], [3.172460937500013, 42.25455729166666], [3.175716145833346, 42.25325520833333], [3.1822265625000123, 42.24641927083333], [3.2105468750000123, 42.23893229166666], [3.213151041666679, 42.23535156249999], [3.2164062500000123, 42.23437499999999], [3.221614583333346, 42.23535156249999], [3.224218750000013, 42.23730468749999], [3.2299353379115865, 42.24445042238946], [3.2427401657425556, 42.2465190861057], [3.2437500000000123, 42.24348958333333], [3.247656250000013, 42.24023437499999], [3.260351562500013, 42.24023437499999], [3.26247619493367, 42.24165787959646], [3.2693334516614847, 42.2512054492678], [3.2768479239964603, 42.2558443462852], [3.279231770833346, 42.25618489583333], [3.280122425753283, 42.25841153313317], [3.2844401041666793, 42.26171874999999], [3.285672784809811, 42.26369634559954], [3.2900014881279662, 42.28139540817027], [3.293880208333346, 42.28222656249999], [3.295833333333346, 42.28710937499999], [3.29555538765845, 42.29294623417281], [3.308985391660963, 42.31276799457733], [3.3127604166666793, 42.31673177083333], [3.319921875000013, 42.31803385416666], [3.3218750000000123, 42.31966145833333], [3.3218750000000123, 42.32096354166666], [3.3189453125000123, 42.32259114583333], [3.3140665642970446, 42.32313322896699], [3.293258922021862, 42.333537483470735], [3.281338857657083, 42.335239699958784], [3.274023437500013, 42.34147135416666], [3.250292944348499, 42.34054678949842], [3.249218395524978, 42.3416876876159], [3.243750000000013, 42.34179687499999], [3.233984375000013, 42.35123697916666], [3.225520833333346, 42.35416666666666], [3.213802083333346, 42.35319010416666], [3.211848958333346, 42.34993489583333], [3.204036458333346, 42.34863281249999], [3.201106770833346, 42.34472656249999], [3.199153645833346, 42.34407552083333], [3.1940353209380907, 42.34383179107641], [3.186843059834264, 42.34807046899632], [3.185481770833346, 42.35351562499999], [3.181575520833346, 42.35514322916666], [3.180598958333346, 42.35839843749999], [3.1765499121967755, 42.359266090243544], [3.1730634031608775, 42.363332511641346], [3.17299, 42.38068379902824], [3.1686821499720046, 42.396468809043], [3.1772689815789046, 42.41840204259951], [3.180037167581803, 42.43501213059233], [3.174509697912639, 42.455778223857045], [3.1592233003082106, 42.473931126740254], [3.150547232976326, 42.4801031822318], [3.149348958333346, 42.48339843749999], [3.147253516507098, 42.48374767780437], [3.1417135878986615, 42.491507614165556], [3.144425, 42.50371064271424], [3.144425, 42.514405106842204], [3.136552299329769, 42.523589770737054], [3.1142936330946, 42.529154925724406], [3.0871381619239573, 42.533481818040315], [3.076595916891121, 42.53698406165834], [3.075781250000013, 42.54003906249999], [3.064062500000013, 42.54492187499999], [3.060156250000013, 42.54947916666666], [3.057552083333346, 42.55729166666666], [3.0552734375000123, 42.60058593749999], [3.052018229166679, 42.60709635416666], [3.0513671875000123, 42.61295572916666], [3.0500651041666793, 42.64811197916666], [3.0490885416666793, 42.65104166666666], [3.046809895833346, 42.65266927083333], [3.045833333333346, 42.660807291666664], [3.0461588541666793, 42.67220052083333], [3.046809895833346, 42.675455729166664], [3.0490885416666793, 42.67708333333333], [3.0500651041666793, 42.68489583333333], [3.0513671875000123, 42.77864583333333], [3.052994791666679, 42.80208333333333], [3.0542968750000123, 42.80208333333333], [3.055924479166679, 42.81380208333333], [3.057226562500013, 42.86067708333333], [3.058203125000013, 42.86458333333333], [3.060481770833346, 42.865885416666664], [3.0617838541666793, 42.881510416666664], [3.062434895833346, 42.88411458333333], [3.0647135416666793, 42.88541666666666], [3.0656901041666793, 42.89075621380308], [3.0669921875000123, 42.954830779440144], [3.068619791666679, 42.97084942084941], [3.0699218750000123, 42.97084942084941], [3.0725260416666793, 42.97769063706563], [3.077734375000013, 43.00505550193049], [3.081966145833346, 43.00929054054053], [3.083268229166679, 43.017109073359066], [3.087174479166679, 43.01971525096524], [3.088476562500013, 43.027533783783774], [3.092382812500013, 43.03013996138995], [3.093684895833346, 43.03795849420848], [3.097591145833346, 43.040564671814664], [3.098893229166679, 43.0483832046332], [3.102799479166679, 43.05098938223937], [3.103776041666679, 43.057504826254814], [3.1119140625000123, 43.06076254826254], [3.1194010416666793, 43.07900579150578], [3.122981770833346, 43.080634652509644], [3.124934895833346, 43.08519546332045], [3.136653645833346, 43.094642857142844], [3.139583333333346, 43.0998552123552], [3.140559895833346, 43.1057191119691], [3.144140625000013, 43.10702220077219], [3.149674479166679, 43.11516650579149], [3.1597656250000123, 43.12265926640926], [3.1607421875000123, 43.12624276061775], [3.1646484375000123, 43.12754584942084], [3.1666015625000123, 43.13210666023165], [3.1822265625000123, 43.14513754826254], [3.1919921875000123, 43.15751689189188], [3.1958984375000123, 43.15881998069497], [3.1988281250000123, 43.16338079150578], [3.2066406250000123, 43.16468388030887], [3.207942708333346, 43.16826737451736], [3.2160807291666793, 43.17380550193049], [3.222591145833346, 43.182601351351344], [3.2326822916666793, 43.185533301158294], [3.2336588541666793, 43.18879102316601], [3.238216145833346, 43.190745656370645], [3.247981770833346, 43.202473455598444], [3.2512369791666793, 43.20442808880308], [3.263606770833346, 43.20736003861003], [3.265559895833346, 43.21517857142857], [3.269466145833346, 43.216807432432425], [3.270442708333346, 43.22006515444014], [3.278255208333346, 43.221368243243234], [3.2815104166666793, 43.2252775096525], [3.300716145833346, 43.22820945945945], [3.306575520833346, 43.235050675675666], [3.323177083333346, 43.24124034749033], [3.3293619791666793, 43.246126930501916], [3.3567057291666793, 43.247430019305014], [3.361263020833346, 43.248081563706556], [3.366145833333346, 43.25133928571427], [3.3791666666666793, 43.25231660231659], [3.397395833333346, 43.251990830115815], [3.4026041666666793, 43.25133928571427], [3.405208333333346, 43.25036196911196], [3.405208333333346, 43.24905888030887], [3.419856770833346, 43.247430019305014], [3.468684895833346, 43.247430019305014], [3.483333333333346, 43.24905888030887], [3.4846354166666793, 43.25133928571427], [3.487239583333346, 43.251990830115815], [3.500911458333346, 43.25329391891891], [3.504817708333346, 43.25524855212354], [3.513606770833346, 43.265021718146706], [3.5168619791666793, 43.26697635135134], [3.529231770833346, 43.26893098455597], [3.533138020833346, 43.27479488416987], [3.544856770833346, 43.283916505791495], [3.546484375000013, 43.28782577220076], [3.552343750000013, 43.28880308880308], [3.555598958333346, 43.29075772200771], [3.557226562500013, 43.298576254826244], [3.5608072916666793, 43.29987934362933], [3.566341145833346, 43.30769787644787], [3.5764322916666793, 43.31062982625482], [3.5774088541666793, 43.313887548262535], [3.581966145833346, 43.31584218146717], [3.591406250000013, 43.32756998069497], [3.604427083333346, 43.33343388030887], [3.6138671875000123, 43.34516167953667], [3.618424479166679, 43.3471163127413], [3.619401041666679, 43.350374034749024], [3.627864583333346, 43.35232866795366], [3.6408854166666793, 43.36601110038609], [3.648046875000013, 43.36731418918917], [3.6500000000000123, 43.37024613899612], [3.653906250000013, 43.37187499999999], [3.669531250000013, 43.37317808880308], [3.671484375000013, 43.376435810810804], [3.679296875000013, 43.37773889961389], [3.682552083333346, 43.381648166023155], [3.700781250000013, 43.38360279922779], [3.704036458333346, 43.387512065637054], [3.711848958333346, 43.388815154440145], [3.7134765625000123, 43.39207287644787], [3.7271484375000123, 43.394027509652496], [3.728776041666679, 43.39728523166022], [3.736588541666679, 43.398588320463304], [3.739518229166679, 43.40249758687257], [3.751236979166679, 43.40380067567567], [3.753190104166679, 43.40445222007721], [3.754817708333346, 43.40738416988416], [3.7639322916666793, 43.404777992277985], [3.766536458333346, 43.407709942084935], [3.789973958333346, 43.40901303088802], [3.793880208333346, 43.40966457528956], [3.7971354166666793, 43.412922297297285], [3.799739583333346, 43.41357384169883], [3.8127604166666793, 43.414551158301144], [3.815364583333346, 43.415854247104235], [3.817643229166679, 43.42236969111968], [3.819596354166679, 43.42367277992277], [3.831315104166679, 43.42530164092663], [3.832942708333346, 43.42855936293435], [3.840755208333346, 43.429862451737435], [3.843684895833346, 43.43442326254825], [3.8469401041666793, 43.43540057915057], [3.847591145833346, 43.4432191119691], [3.8430338541666793, 43.44615106177605], [3.842708333333346, 43.44843146718145], [3.846614583333346, 43.45201496138995], [3.862239583333346, 43.461136583011566], [3.864518229166679, 43.46569739382238], [3.8677734375000123, 43.4666747104247], [3.870052083333346, 43.47449324324323], [3.889257812500013, 43.4784025096525], [3.8947916666666793, 43.48491795366794], [3.9078125000000123, 43.48752413127412], [3.910416666666679, 43.48882722007721], [3.9156250000000123, 43.495342664092654], [3.9302734375000123, 43.4982746138996], [3.931901041666679, 43.50153233590733], [3.939713541666679, 43.50283542471041], [3.9429687500000123, 43.50674469111968], [3.961197916666679, 43.50869932432431], [3.963151041666679, 43.51195704633203], [3.9664062500000123, 43.51293436293435], [3.9722656250000123, 43.51195704633203], [3.9732421875000123, 43.50869932432431], [3.9761718750000123, 43.507722007721995], [3.984309895833346, 43.51619208494207], [4.012630208333346, 43.51912403474902], [4.016536458333346, 43.523033301158286], [4.024348958333345, 43.52433638996138], [4.026953125000012, 43.52824565637064], [4.034765625000012, 43.529548745173734], [4.036718750000012, 43.532480694980684], [4.043229166666679, 43.53182915057914], [4.054947916666679, 43.52791988416987], [4.058203125000012, 43.52270752895751], [4.066992187500012, 43.516517857142844], [4.073502604166679, 43.50739623552122], [4.081640625000012, 43.501858108108095], [4.082942708333346, 43.4982746138996], [4.090755208333346, 43.49697152509651], [4.093684895833346, 43.4924107142857], [4.096940104166679, 43.49143339768338], [4.099218750000012, 43.48328909266408], [4.118424479166679, 43.474819015444], [4.123632812500013, 43.46797779922778], [4.132747395833345, 43.465371621621614], [4.137630208333346, 43.459507722007714], [4.143164062500013, 43.45624999999999], [4.159114583333346, 43.45462113899613], [4.163346354166679, 43.450711872586865], [4.175065104166679, 43.44940878378377], [4.176692708333346, 43.44615106177605], [4.184505208333346, 43.44484797297296], [4.187760416666679, 43.44093870656369], [4.203385416666679, 43.43963561776061], [4.205989583333346, 43.438984073359066], [4.207291666666679, 43.43670366795366], [4.212825520833346, 43.43572635135134], [4.290299479166679, 43.4337717181467], [4.305598958333346, 43.42888513513512], [4.344661458333346, 43.42367277992277], [4.347916666666679, 43.422369691119684], [4.347916666666679, 43.42106660231659], [4.352148437500012, 43.420089285714276], [4.402929687500012, 43.418786196911185], [4.411393229166679, 43.418134652509636], [4.415625000000012, 43.41715733590732], [4.415625000000012, 43.415854247104235], [4.418554687500012, 43.41487693050192], [4.424414062500012, 43.41422538610037], [4.459570312500012, 43.412922297297285], [4.462500000000012, 43.41194498069497], [4.464453125000012, 43.40901303088802], [4.472265625000012, 43.407709942084935], [4.474218750000012, 43.40445222007721], [4.489843750000012, 43.40314913127412], [4.499609375000012, 43.39761100386099], [4.523046875000012, 43.39239864864864], [4.526953125000012, 43.38718629343628], [4.533463541666679, 43.38295125482624], [4.537369791666679, 43.372852316602305], [4.545182291666679, 43.37122345559844], [4.547786458333346, 43.36633687258686], [4.554296875000012, 43.36210183397682], [4.557226562500012, 43.35330598455597], [4.571875000000012, 43.34939671814671], [4.578710937500013, 43.341578185328174], [4.586848958333345, 43.33994932432431], [4.589453125000012, 43.33604005791504], [4.597265625000012, 43.33473696911196], [4.597916666666679, 43.33245656370655], [4.601822916666679, 43.329850386100375], [4.614843750000012, 43.32594111969111], [4.621679687500012, 43.32072876447875], [4.656835937500012, 43.315516409266394], [4.662695312500012, 43.31421332046331], [4.667252604166679, 43.31062982625482], [4.670507812500012, 43.309978281853276], [4.690039062500012, 43.31062982625482], [4.694596354166679, 43.31453909266408], [4.706315104166679, 43.31584218146717], [4.707291666666679, 43.318122586872576], [4.710221354166679, 43.319751447876435], [4.721940104166679, 43.321054536679526], [4.723567708333346, 43.32431225868724], [4.731380208333346, 43.32561534749034], [4.733333333333346, 43.328547297297284], [4.747005208333346, 43.33017615830114], [4.801692708333345, 43.3295246138996], [4.806250000000012, 43.328547297297284], [4.807226562500012, 43.32626689189188], [4.809179687500012, 43.32561534749034], [4.819270833333345, 43.324638030888025], [4.821875000000012, 43.323334942084934], [4.827408854166679, 43.316819498069485], [4.830664062500013, 43.315516409266394], [4.844010416666679, 43.315190637065626], [4.847916666666679, 43.316819498069485], [4.849869791666679, 43.319751447876435], [4.859046504864647, 43.32203185328184], [4.865092269458549, 43.328547297297284], [4.876624629864645, 43.33082770270269], [4.88124603426397, 43.33473696911196], [4.910357180626059, 43.33669160231659], [4.912436548223351, 43.33766891891891], [4.914387690355331, 43.341578185328174], [4.9189403553299496, 43.34418436293436], [4.9208914974619296, 43.34809362934362], [4.9228426395939096, 43.36373069498069], [4.9228426395939096, 43.37545849420849], [4.9210894537859575, 43.38425434362934], [4.9175830821700535, 43.390118243243236], [4.912323524746197, 43.393050193050186], [4.899725703257202, 43.39370173745173], [4.892838541666679, 43.39695945945945], [4.8916630314086404, 43.40152027027026], [4.896202146785118, 43.403474903474894], [4.906130366962776, 43.40249758687257], [4.907233502538071, 43.40021718146717], [4.912111357868021, 43.398588320463304], [4.931622779187817, 43.39728523166022], [4.933899111675127, 43.394027509652496], [4.937151015228427, 43.393050193050186], [4.943004441624366, 43.394027509652496], [4.943654822335026, 43.3963079150579], [4.9514593908629445, 43.396959459459445], [4.969670050761422, 43.39500482625481], [4.977799809644671, 43.392724420849405], [4.9836532360406105, 43.38946669884169], [4.98723032994924, 43.38523166023165], [4.9921081852791875, 43.373503861003854], [5.000237944162437, 43.37122345559844], [5.001213515228427, 43.36796573359072], [5.005115799492387, 43.36601110038609], [5.0060913705583765, 43.35721525096524], [5.009018083756346, 43.350374034749024], [5.020724936548224, 43.33962355212354], [5.022676078680204, 43.33115347490346], [5.0265783629441625, 43.3295246138996], [5.027553934010153, 43.32626689189188], [5.030805837563452, 43.32528957528957], [5.0366592639593915, 43.32626689189188], [5.037960025380711, 43.3295246138996], [5.04121192893401, 43.33050193050192], [5.045764593908631, 43.33017615830114], [5.0486913071065995, 43.32626689189188], [5.053569162436549, 43.32528957528957], [5.062349302030457, 43.32626689189188], [5.064650876370571, 43.32959733650156], [5.068256052030578, 43.329391066366576], [5.069503489847717, 43.32626689189188], [5.074381345177666, 43.32528957528957], [5.081210342639595, 43.32561534749034], [5.084885787637729, 43.3287713657237], [5.109723340710442, 43.32784580394869], [5.113729378172589, 43.32626689189188], [5.1459232233502545, 43.32528957528957], [5.163808692893402, 43.32626689189188], [5.167385786802031, 43.3272442084942], [5.167385786802031, 43.328547297297284], [5.17258883248731, 43.3295246138996], [5.198941117515739, 43.33020853710532], [5.237942822256836, 43.329546918676506], [5.244890711628668, 43.33295672211442], [5.252585659898477, 43.334411196911184], [5.255849689192354, 43.33833504024426], [5.260765754798939, 43.34074768910915], [5.264292512690355, 43.34125241312741], [5.265504171755487, 43.34307315365875], [5.271237489084041, 43.34588688371277], [5.274698604060914, 43.34646476833976], [5.276274024345689, 43.34835865525824], [5.2808787087444085, 43.35061848811581], [5.293559644670051, 43.35167712355211], [5.297461928934011, 43.35330598455597], [5.298609228654962, 43.355030013339025], [5.334994158115016, 43.337791320412336], [5.338761104060914, 43.332130791505776], [5.34213213628808, 43.32962926274129], [5.352723957279506, 43.29984539622992], [5.342013007614214, 43.289780405405395], [5.339086294416244, 43.28293918918918], [5.339086294416244, 43.27902992277991], [5.342013007614214, 43.27414333976833], [5.353719860406092, 43.272188706563696], [5.355020621827412, 43.26893098455597], [5.3589229060913715, 43.266650579150564], [5.359898477157361, 43.25492277992277], [5.358922906091371, 43.250361969111964], [5.356971763959392, 43.2464527027027], [5.3468908629441625, 43.23733108108107], [5.344289340101524, 43.2334218146718], [5.339086294416244, 43.219739382239375], [5.336484771573605, 43.2171332046332], [5.326729060913706, 43.21517857142857], [5.325428299492386, 43.213875482625475], [5.326729060913706, 43.20931467181466], [5.329005393401015, 43.2076858108108], [5.346240482233503, 43.20866312741312], [5.350142766497462, 43.20736003861003], [5.358597715736042, 43.197912644787635], [5.36380076142132, 43.194980694980686], [5.369654187817258, 43.19693532818532], [5.370304568527919, 43.20149613899613], [5.373231281725888, 43.20475386100385], [5.382986992385788, 43.20573117760617], [5.387214467005077, 43.209640444015434], [5.393718274111675, 43.21061776061775], [5.405425126903554, 43.209640444015434], [5.406725888324874, 43.20736003861003], [5.409652601522843, 43.20638272200771], [5.42428616751269, 43.20540540540539], [5.450626586294417, 43.20638272200771], [5.453553299492386, 43.20736003861003], [5.454359321476759, 43.20978243107724], [5.457451038615975, 43.20991685356155], [5.460707487309645, 43.20638272200771], [5.488023477157361, 43.20442808880308], [5.49127538071066, 43.20117036679536], [5.497779187817259, 43.20019305019304], [5.509486040609137, 43.20117036679536], [5.510786802030458, 43.20345077220076], [5.516640228426397, 43.20507963320462], [5.540053934010153, 43.20442808880308], [5.542005076142132, 43.20345077220076], [5.542980647208122, 43.20051882239382], [5.5450059648882295, 43.1997072458054], [5.54640043344727, 43.19770208596774], [5.547208121827412, 43.19041988416988], [5.551110406091372, 43.18455598455597], [5.5643107668985685, 43.178770493526514], [5.567255050287593, 43.17610537245707], [5.568995875634519, 43.17087355212354], [5.570947017766498, 43.169570463320454], [5.580702728426395, 43.16859314671814], [5.585255393401015, 43.16468388030887], [5.588507296954315, 43.16403233590732], [5.6042380108304135, 43.164557631240264], [5.6102950507614215, 43.16266464955804], [5.6102950507614215, 43.159471525096514], [5.613546954314721, 43.1584942084942], [5.61940038071066, 43.159471525096514], [5.620050761421321, 43.16175193050192], [5.6161484771573615, 43.163706563706555], [5.612335130260065, 43.16306986872125], [5.621713609696261, 43.17764097522142], [5.6281043368868815, 43.18360369564459], [5.650618654822336, 43.1842302123552], [5.656472081218275, 43.18260135135134], [5.657447652284264, 43.18032094594594], [5.659398794416244, 43.17966940154439], [5.6691545050761425, 43.179017857142846], [5.672081218274112, 43.17738899613899], [5.672731598984772, 43.17510859073358], [5.680210977157361, 43.17282818532817], [5.6795605964467, 43.15458494208494], [5.68801554568528, 43.151327220077214], [5.6935437817258885, 43.144811776061765], [5.718258248730965, 43.1409025096525], [5.724111675126904, 43.13438706563706], [5.738745241116751, 43.13145511583011], [5.741346763959391, 43.12819739382238], [5.760532994923859, 43.126568532818524], [5.763134517766499, 43.12526544401543], [5.763784898477159, 43.1233108108108], [5.762484137055838, 43.120704633204625], [5.763784898477159, 43.11842422779922], [5.767687182741118, 43.116469594594584], [5.790125317258884, 43.111257239382226], [5.794677982233502, 43.10799951737451], [5.7969543147208125, 43.10376447876447], [5.796629124365482, 43.094642857142844], [5.7950031725888325, 43.09073359073358], [5.792076459390863, 43.08975627413126], [5.791751269035533, 43.08747586872586], [5.786873413705584, 43.085847007721995], [5.767361992385787, 43.08454391891891], [5.765736040609138, 43.083566602316594], [5.766061230964468, 43.081286196911186], [5.7702887055837575, 43.07965733590733], [5.777768083756346, 43.070535714285704], [5.784597081218275, 43.06955839768339], [5.7865482233502545, 43.06662644787644], [5.792401649746194, 43.06402027027026], [5.8103751840849425, 43.06011903669861], [5.817766497461929, 43.05555019305018], [5.8190672588832495, 43.05098938223937], [5.825571065989848, 43.04903474903474], [5.8372779187817265, 43.04805743243242], [5.840529822335025, 43.04382239382238], [5.843456535532995, 43.0447997104247], [5.844106916243655, 43.04805743243242], [5.845526437553706, 43.04891066914188], [5.848286236685481, 43.048277260601616], [5.850935913705585, 43.044148166023156], [5.858740482233502, 43.0447997104247], [5.8597160532994925, 43.04805743243242], [5.864268718274112, 43.05098938223937], [5.865645319627849, 43.05883070774651], [5.868821383248731, 43.05978523166022], [5.8717480964467015, 43.06434604247103], [5.87955266497462, 43.06564913127412], [5.8815038071066, 43.068906853281845], [5.897112944162437, 43.06955839768339], [5.903291560913706, 43.065974903474896], [5.93516021573604, 43.06858108108107], [5.937436548223351, 43.06792953667953], [5.938412119289341, 43.06499758687258], [5.94068845177665, 43.064671814671804], [5.94459073604061, 43.070535714285704], [5.952395304568528, 43.07574806949806], [5.952395304568528, 43.07933156370655], [5.94459073604061, 43.080634652509644], [5.9410136421319795, 43.08454391891891], [5.929519183664188, 43.085311587244114], [5.9163067289984745, 43.08970330242014], [5.911746510152286, 43.09268822393821], [5.911746510152286, 43.09920366795366], [5.913372461928935, 43.10115830115829], [5.917274746192893, 43.09920366795366], [5.921177030456853, 43.09268822393821], [5.923778553299492, 43.09073359073358], [5.927680837563452, 43.09268822393821], [5.930282360406093, 43.09724903474903], [5.94654187817259, 43.100506756756744], [6.00540133248731, 43.100180984555976], [6.010279187817259, 43.09920366795366], [6.011254758883249, 43.09627171814671], [6.015157043147209, 43.09496862934362], [6.015157043147209, 43.091710907335894], [6.010604378172589, 43.088778957528945], [6.010279187817259, 43.084218146718136], [6.016132614213198, 43.0822635135135], [6.026873383107004, 43.081785291879356], [6.027930024516646, 43.07969568475909], [6.053468249362294, 43.08060118294579], [6.103934010152285, 43.07835424710424], [6.104259200507615, 43.07607384169883], [6.1071859137055835, 43.07509652509651], [6.108811865482233, 43.071187258687246], [6.108486675126903, 43.05783059845559], [6.1071859137055835, 43.054572876447864], [6.099381345177665, 43.0483832046332], [6.097755393401016, 43.0447997104247], [6.086048540609138, 43.043496621621614], [6.083121827411168, 43.04186776061775], [6.084097398477158, 43.0389358108108], [6.087349302030457, 43.03795849420848], [6.088324873096447, 43.03209459459458], [6.096129441624366, 43.02981418918918], [6.12734771573604, 43.03209459459458], [6.12994923857868, 43.03144305019304], [6.131900380710659, 43.02851110038609], [6.13807899746193, 43.027533783783774], [6.13840418781726, 43.02427606177605], [6.137103426395939, 43.021669884169874], [6.138404187817259, 43.020041023166016], [6.170272842639593, 43.02069256756756], [6.173524746192893, 43.0190637065637], [6.174500317258883, 43.014177123552116], [6.172549175126903, 43.01222249034748], [6.157265228426396, 43.00628619691119], [6.155964467005076, 43.00458494208493], [6.157265228426396, 43.00118243243242], [6.175475888324873, 42.996126930501916], [6.177752220812183, 42.99267615830115], [6.179703362944162, 42.9920246138996], [6.189459073604062, 42.99124110159265], [6.195312500000001, 42.98483274010617], [6.205393401015229, 42.98483274010617], [6.215799492385788, 42.99124110159265], [6.227831535532996, 42.99267615830115], [6.230433058375635, 42.99593388030887], [6.249944479695432, 42.997562741312734], [6.253196383248732, 42.99886583011582], [6.2548223350253815, 43.00082046332045], [6.2548223350253815, 43.003426640926634], [6.253846763959392, 43.00668436293435], [6.250169152321833, 43.00914049079324], [6.2495571942332475, 43.01658809690869], [6.237587246192894, 43.02655646718146], [6.230758248730965, 43.02362451737451], [6.228807106598985, 43.01971525096524], [6.221978109137057, 43.01808638996138], [6.194662119289341, 43.018737934362925], [6.192385786802031, 43.01971525096524], [6.191410215736042, 43.02264720077219], [6.189133883248732, 43.022972972972966], [6.185231598984773, 43.03861003861003], [6.183280456852792, 43.06206563706563], [6.183930837563452, 43.064671814671804], [6.186857550761422, 43.06564913127412], [6.187507931472083, 43.068906853281845], [6.191410215736042, 43.070535714285704], [6.193361357868021, 43.07965733590733], [6.19726364213198, 43.0822635135135], [6.19726364213198, 43.088778957528945], [6.193686548223351, 43.09138513513513], [6.193686548223351, 43.09268822393821], [6.195637690355331, 43.09724903474903], [6.2001903553299496, 43.09920366795366], [6.219051395939087, 43.10115830115829], [6.251245241116752, 43.10213561776061], [6.2548223350253815, 43.103112934362926], [6.2567734771573615, 43.106044884169876], [6.26457804568528, 43.10734797297296], [6.2671795685279195, 43.111257239382226], [6.271732233502538, 43.111583011583], [6.274984137055839, 43.110605694980684], [6.277585659898478, 43.10669642857142], [6.285390228426396, 43.10539333976833], [6.2876665609137055, 43.10213561776061], [6.302300126903554, 43.10115830115829], [6.312381027918782, 43.09822635135134], [6.31855964467005, 43.09138513513513], [6.32961611675127, 43.086498552123544], [6.338071065989848, 43.08552123552123], [6.361484771573604, 43.086498552123544], [6.364086294416244, 43.08747586872586], [6.365061865482233, 43.09040781853281], [6.368313769035533, 43.09105936293435], [6.369072494282086, 43.0923261675884], [6.373209955770666, 43.092335913669885], [6.368914176790327, 43.103814785665776], [6.368313769035533, 43.11093146718146], [6.3665999413023275, 43.111446535439086], [6.365361069922854, 43.11572484955524], [6.368313769035533, 43.117772683397675], [6.3694843244538575, 43.12598123220462], [6.377320432888271, 43.13695090362184], [6.388874113690733, 43.1425854586462], [6.404084708121827, 43.14383445945945], [6.407661802030456, 43.14806949806949], [6.410588515228427, 43.14709218146717], [6.411564086294417, 43.14383445945945], [6.414815989847716, 43.14285714285713], [6.420669416243656, 43.14383445945945], [6.422620558375636, 43.1467664092664], [6.438554885786802, 43.14448600386099], [6.441806789340102, 43.14513754826254], [6.448310596446701, 43.151327220077214], [6.459041878172589, 43.15328185328185], [6.472699873096447, 43.15295608108107], [6.478553299492386, 43.15132722007721], [6.479528870558376, 43.149046814671806], [6.481480012690356, 43.14839527027026], [6.491235723350254, 43.14839527027026], [6.498064720812183, 43.15393339768339], [6.505495706750162, 43.152534307753754], [6.525770846988584, 43.16178542494875], [6.527414833981344, 43.1638126083331], [6.536111992385787, 43.16468388030887], [6.539363895939087, 43.166638513513504], [6.540989847715736, 43.169570463320454], [6.541965418781727, 43.1783663127413], [6.545217322335026, 43.17966940154439], [6.546192893401016, 43.18260135135134], [6.553997461928934, 43.1842302123552], [6.572208121827412, 43.18455598455598], [6.586191307106601, 43.182601351351344], [6.589768401015229, 43.18064671814671], [6.594646256345179, 43.17380550193049], [6.6014752538071075, 43.169570463320454], [6.604076776649746, 43.16468388030887], [6.613182106598986, 43.16272924710424], [6.615783629441625, 43.15881998069497], [6.622612626903553, 43.15914575289574], [6.631392766497462, 43.16891891891891], [6.633669098984773, 43.16859314671814], [6.634644670050762, 43.16566119691119], [6.637571383248732, 43.16403233590732], [6.64440038071066, 43.163706563706555], [6.647001903553299, 43.16500965250964], [6.6483026649746195, 43.17152509652509], [6.6463515228426395, 43.18325289575289], [6.649928616751269, 43.185533301158294], [6.650622543933529, 43.187850530453225], [6.6587087563451774, 43.1900941119691], [6.660122367507002, 43.191982299248444], [6.66506258560085, 43.19481921331388], [6.675293464467005, 43.195958011583], [6.677244606598985, 43.19986727799227], [6.681146890862944, 43.20117036679536], [6.6808217005076145, 43.20442808880308], [6.675579296496571, 43.205303386129714], [6.671716370558377, 43.21224662162161], [6.671065989847716, 43.22820945945945], [6.673017131979696, 43.24189189189188], [6.675293464467005, 43.24221766409265], [6.676925628670267, 43.24548783318471], [6.678593546030321, 43.24631998093269], [6.690902601522843, 43.248081563706556], [6.6928537436548226, 43.25133928571427], [6.706511738578681, 43.25329391891891], [6.708462880710661, 43.25720318532817], [6.71171478426396, 43.257854729729715], [6.712365164974619, 43.26176399613898], [6.708462880710661, 43.26306708494208], [6.70748730964467, 43.26599903474902], [6.712365164974619, 43.26990830115829], [6.712365164974619, 43.27642374517374], [6.70943845177665, 43.27837837837837], [6.707812500000001, 43.27740106177605], [6.70748730964467, 43.275120656370646], [6.704560596446701, 43.27349179536678], [6.6948048857868026, 43.27349179536678], [6.6928537436548226, 43.27414333976833], [6.690902601522843, 43.27740106177605], [6.679195748730965, 43.278704150579145], [6.676269035532996, 43.280333011583004], [6.675618654822335, 43.282613416988404], [6.669765228426396, 43.28359073359072], [6.6645621827411174, 43.28065878378377], [6.656669220859865, 43.27158889293546], [6.64969497281969, 43.27022038379559], [6.64505076142132, 43.27642374517374], [6.639197335025381, 43.27837837837837], [6.632368337563452, 43.27772683397683], [6.629441624365483, 43.274469111969104], [6.629441624365483, 43.27186293436292], [6.622612626903554, 43.2686052123552], [6.606678299492386, 43.267953667953655], [6.593020304568529, 43.26990830115829], [6.593995875634518, 43.27284025096524], [6.597247779187818, 43.273817567567555], [6.598223350253807, 43.279681467181454], [6.600174492385787, 43.28293918918918], [6.607979060913706, 43.28456805019304], [6.6099302030456855, 43.28782577220076], [6.625539340101524, 43.289780405405395], [6.629441624365483, 43.29466698841698], [6.630742385786802, 43.301508204633194], [6.633343908629442, 43.30346283783783], [6.648953045685279, 43.30541747104246], [6.652204949238579, 43.30867519305018], [6.675618654822335, 43.309978281853276], [6.681472081218274, 43.311607142857135], [6.6808217005076145, 43.313887548262535], [6.674968274111675, 43.31486486486485], [6.671716370558377, 43.31877413127412], [6.671065989847716, 43.32789575289574], [6.673667512690356, 43.33245656370655], [6.678870558375635, 43.33636583011582], [6.6866751269035545, 43.33962355212354], [6.704885786802031, 43.34483590733589], [6.71269035532995, 43.350048262548256], [6.71295764744496, 43.35165488474591], [6.716333461998053, 43.351970056791025], [6.716317747533357, 43.35670913193125], [6.717893401015229, 43.35851833976833], [6.717568210659899, 43.36079874517374], [6.716301481559111, 43.361614528053266], [6.71639581673373, 43.36745728445276], [6.731283321849313, 43.38265488102413], [6.730971049804365, 43.387450248160135], [6.733177347715737, 43.391747104247095], [6.734478109137056, 43.40738416988416], [6.738380393401016, 43.40966457528956], [6.739681154822335, 43.412922297297285], [6.751388007614214, 43.41422538610037], [6.754314720812183, 43.415854247104235], [6.754965101522844, 43.418134652509636], [6.760818527918781, 43.41911196911196], [6.764070431472081, 43.418134652509636], [6.766671954314721, 43.41422538610037], [6.77447652284264, 43.412922297297285], [6.776427664974619, 43.40966457528956], [6.792036802030458, 43.40901303088802], [6.795939086294417, 43.41064189189188], [6.795939086294417, 43.41194498069497], [6.799841370558376, 43.412922297297285], [6.8349619289340104, 43.4138996138996], [6.843063507417259, 43.41511702502925], [6.846692745497889, 43.41412623016577], [6.8582255925041835, 43.416945199231264], [6.8575382572631876, 43.41913435686733], [6.858375634517767, 43.4197635135135], [6.85876262425973, 43.42660472972972], [6.860697572969544, 43.42953667953667], [6.863406501163284, 43.42921090733589], [6.864567470389172, 43.42627895752894], [6.866456813134519, 43.42530164092663], [6.8759035268612525, 43.42432432432432], [6.889515915820644, 43.4256274131274], [6.894068580795262, 43.428233590733576], [6.897118892766498, 43.43214285714284], [6.900643978578596, 43.44086982292436], [6.90859285930289, 43.44482558539236], [6.915622356175974, 43.44615106177605], [6.917065156981767, 43.449041826437885], [6.919849830795265, 43.45038610038609], [6.923947079239707, 43.47374410251291], [6.92706777054662, 43.476675702248706], [6.931556683587141, 43.47742519305018], [6.933182635363791, 43.4806829150579], [6.9448894881556695, 43.48263754826254], [6.9468406302876495, 43.48459218146717], [6.949767343485619, 43.49631998069497], [6.955945960236888, 43.49794884169883], [6.956271150592219, 43.501206563706546], [6.953344437394248, 43.50576737451736], [6.944502856834228, 43.50885320157205], [6.942613155668361, 43.513585907335894], [6.94293834602369, 43.52042712355211], [6.94358872673435, 43.522381756756744], [6.947491010998309, 43.52531370656369], [6.94809235781372, 43.53133793428979], [6.958140854996012, 43.538987980652095], [6.961474196277496, 43.53932191119689], [6.963425338409477, 43.54225386100384], [6.970254335871406, 43.544860038610025], [6.993017660744503, 43.54811776061775], [6.999846658206431, 43.54746621621621], [6.999846658206431, 43.54616312741312], [7.002773371404402, 43.54453426640926], [7.014480224196278, 43.54323117760616], [7.016106175972928, 43.53997345559844], [7.023910744500848, 43.537693050193035], [7.0258618866328275, 43.53117760617759], [7.026512267343487, 43.52205598455597], [7.0278130287648075, 43.519449806949794], [7.033991645516076, 43.51749517374516], [7.034642026226735, 43.51619208494207], [7.032365693739425, 43.50837355212354], [7.035942787648055, 43.50674469111968], [7.036918358714045, 43.503486969111954], [7.044722927241965, 43.50218388030887], [7.047324450084605, 43.49860038610038], [7.048625211505923, 43.49860038610038], [7.055129018612522, 43.502509652509644], [7.059031302876481, 43.51716940154439], [7.067885405784208, 43.51624989837788], [7.062875209402198, 43.518132097599114], [7.066835871404401, 43.51912403474902], [7.067486252115061, 43.52140444015443], [7.063583967851102, 43.523033301158286], [7.050576353637904, 43.524662162162144], [7.0479748307952645, 43.52726833976833], [7.046674069373944, 43.53117760617759], [7.047324450084605, 43.54029922779921], [7.050576353637903, 43.54420849420848], [7.053177876480543, 43.54420849420848], [7.058380922165822, 43.54714044401543], [7.063583967851102, 43.55398166023165], [7.069762584602371, 43.55886824324323], [7.080168675972928, 43.55951978764478], [7.083095389170898, 43.557890926640916], [7.083745769881558, 43.555610521235515], [7.0869976734348565, 43.5546332046332], [7.0928510998307965, 43.555610521235515], [7.093501480541456, 43.557890926640916], [7.096428193739426, 43.55951978764478], [7.103257191201355, 43.55984555984555], [7.106509094754655, 43.55854247104246], [7.111061759729274, 43.55202702702701], [7.113663282571913, 43.54290540540539], [7.116264805414552, 43.538996138996126], [7.118541137901863, 43.53932191119689], [7.120492280033843, 43.54323117760616], [7.134150274957699, 43.5451858108108], [7.13545103637902, 43.548443532818524], [7.13935332064298, 43.5510497104247], [7.140328891708969, 43.56570945945945], [7.13935332064298, 43.573853764478756], [7.136101417089679, 43.57613416988416], [7.134800655668359, 43.583952702702696], [7.13187394247039, 43.58590733590733], [7.130898371404401, 43.588513513513504], [7.129922800338411, 43.6119691119691], [7.13187394247039, 43.62597731660231], [7.133825084602369, 43.6295608108108], [7.139678510998309, 43.634447393822384], [7.14097927241963, 43.6412886100386], [7.148783840947548, 43.643894787644776], [7.1513853637901885, 43.65171332046331], [7.154637267343487, 43.65366795366794], [7.160490693739426, 43.65464527027026], [7.1622829704922975, 43.657338495634754], [7.167572248530965, 43.658554536679524], [7.169596023688665, 43.658554536679524], [7.172522736886634, 43.65464527027026], [7.177400592216584, 43.65366795366794], [7.186180731810492, 43.65464527027026], [7.188131873942472, 43.658554536679524], [7.191383777495772, 43.658554536679524], [7.192684538917091, 43.65464527027026], [7.196586823181051, 43.6530164092664], [7.198212774957701, 43.64519787644787], [7.201464678511, 43.643243243243234], [7.206017343485619, 43.64356901544401], [7.208618866328258, 43.647478281853274], [7.2144722927241975, 43.64845559845559], [7.217724196277498, 43.650410231660224], [7.218495835305046, 43.65446858497683], [7.230084157694379, 43.66399006903452], [7.228570334086089, 43.66890301064497], [7.230302861469003, 43.67758114714531], [7.240955352898992, 43.686185095760194], [7.257163760814182, 43.69314401697861], [7.278112546803958, 43.694673697696224], [7.285038599830797, 43.693412162162154], [7.291217216582066, 43.686896718146706], [7.300972927241964, 43.68494208494207], [7.30595848182879, 43.688521386492866], [7.317837888161013, 43.686920443181776], [7.318208016074451, 43.68135859073358], [7.3221103003384105, 43.678752413127405], [7.323085871404401, 43.67549469111968], [7.33089043993232, 43.67484314671814], [7.33479272419628, 43.680381274131264], [7.341296531302877, 43.68429054054053], [7.343247673434858, 43.686896718146706], [7.342922483079527, 43.68917712355211], [7.339995769881558, 43.69015444015443], [7.338369818104908, 43.694063706563696], [7.338085087120733, 43.70205043882384], [7.340997049697238, 43.70858115205856], [7.344784780664599, 43.71147765349704], [7.348775909475465, 43.712958494208486], [7.352306025204222, 43.71690720732524], [7.360290673939167, 43.72139119597232], [7.366336188663283, 43.721102799227786], [7.369262901861253, 43.71947393822393], [7.370238472927243, 43.71654198841698], [7.3725148054145535, 43.7162162162162], [7.376091899323182, 43.720451254826244], [7.38089740097171, 43.72077219481769], [7.399323656273163, 43.71974734950081], [7.401456747038919, 43.71654198841698], [7.403733079526228, 43.7162162162162], [7.410562076988157, 43.724686293436285], [7.420642978003386, 43.727618243243235], [7.422268929780035, 43.7315275096525], [7.425520833333335, 43.73250482625482], [7.4263888806785285, 43.73772242922581], [7.446587804860585, 43.75236517591277], [7.450560490693741, 43.753028474903466], [7.453162013536381, 43.75693774131273], [7.45641391708968, 43.75791505791505], [7.463242914551608, 43.755960424710416], [7.466169627749579, 43.7513996138996], [7.470722292724198, 43.74814189189188], [7.477876480541457, 43.747490347490334], [7.480803193739426, 43.74846766409265], [7.483729906937396, 43.753354247104234], [7.484705478003385, 43.76215009652508], [7.488607762267344, 43.764104729729716], [7.489908523688665, 43.76736245173744], [7.503566518612523, 43.769317084942074], [7.505192470389172, 43.7725748069498], [7.512997038917091, 43.77387789575289], [7.516899323181051, 43.778438706563705], [7.524703891708969, 43.77974179536679], [7.527305414551609, 43.783651061776055], [7.533809221658208, 43.783651061776055], [7.535760363790188, 43.780719111969105], [7.539662648054147, 43.77909025096525], [7.552670262267345, 43.77909025096525], [7.556572546531305, 43.780719111969105], [7.558523688663284, 43.783651061776055], [7.566328257191203, 43.78495415057914], [7.568279399323183, 43.788211872586864], [7.57998625211506, 43.78918918918918], [7.58649005922166, 43.788211872586864], [7.587790820642979, 43.785931467181456], [7.590717533840949, 43.78495415057914], [7.631691518612523, 43.78299951737451], [7.637544945008462, 43.77909025096525], [7.64925179780034, 43.777787162162156], [7.65022736886633, 43.775506756756755], [7.654129653130289, 43.77387789575289], [7.667462457698817, 43.77420366795366], [7.672990693739425, 43.77746138996138], [7.677868549069374, 43.78332528957528], [7.684697546531304, 43.7843026061776], [7.687624259729274, 43.788211872586864], [7.689575401861253, 43.788863416988406], [7.701282254653131, 43.790166505791504], [7.703233396785111, 43.79342422779922], [7.705184538917091, 43.79407577220077], [7.71494024957699, 43.79407577220077], [7.7194929145516085, 43.790166505791504], [7.722744818104908, 43.789514961389955], [7.739654716582066, 43.7901665057915], [7.744207381556685, 43.79212113899613], [7.756564615059223, 43.80384893822393], [7.768921848561761, 43.80580357142857], [7.771523371404401, 43.80906129343629], [7.791034792724197, 43.81036438223938], [7.798514170896786, 43.81394787644787], [7.821927876480542, 43.811993243243236], [7.8349354906937405, 43.81231901544401], [7.83753701353638, 43.81394787644787], [7.83851258460237, 43.81981177606177], [7.84176448815567, 43.820789092664086], [7.843715630287649, 43.82469835907335], [7.855422483079528, 43.82600144787644], [7.858349196277497, 43.8276303088803], [7.858349196277497, 43.82893339768339], [7.861926290186126, 43.82991071428571], [7.894120135363792, 43.83088803088802], [7.912981175972929, 43.83284266409266], [7.917533840947548, 43.83479729729729], [7.918834602368868, 43.83740347490347], [7.922411696277497, 43.839683880308876], [7.928265122673436, 43.84163851351351], [7.954605541455162, 43.84587355212355], [7.962410109983081, 43.84847972972972], [7.962410109983081, 43.84978281853281], [7.965336823181049, 43.85141167953667], [7.975417724196279, 43.852388996138984], [7.978019247038919, 43.853692084942075], [7.983547483079528, 43.86020752895752], [7.986799386632827, 43.86151061776061], [8.002733714043995, 43.86313947876447], [8.004034475465314, 43.865419884169874], [8.009887901861251, 43.86802606177606], [8.033301607445008, 43.873238416988414], [8.035903130287648, 43.876821911196906], [8.043707698815568, 43.87812499999999], [8.047284792724199, 43.882034266409256], [8.070048117597295, 43.8839888996139], [8.073625211505924, 43.88789816602316], [8.08142978003384, 43.88920125482625], [8.082405351099831, 43.89245897683397], [8.086307635363791, 43.89408783783783], [8.08923434856176, 43.90418677606177], [8.09573815566836, 43.90842181467181], [8.09768929780034, 43.91233108108107], [8.102567153130288, 43.91395994208493], [8.122078574450086, 43.91526303088803], [8.125655668358714, 43.92014961389961], [8.135411379018613, 43.927316602316594], [8.145817470389172, 43.93937017374516], [8.154272419627752, 43.941324806949794], [8.155898371404401, 43.94458252895752], [8.16467851099831, 43.945559845559835], [8.16760522419628, 43.94751447876447], [8.169556366328258, 43.951423745173734], [8.170531937394248, 43.96510617760617], [8.169556366328258, 43.97487934362933], [8.1656540820643, 43.979765926640916], [8.1656540820643, 43.98953909266408], [8.16728003384095, 43.99247104247103], [8.172157889170897, 43.99540299227798], [8.179637267343487, 44.00517615830115], [8.184840313028765, 44.0081081081081], [8.190043358714046, 44.00908542471041], [8.200449450084605, 44.02081322393821], [8.205652495769883, 44.02374517374516], [8.211505922165822, 44.022767857142846], [8.213457064297803, 44.01951013513513], [8.2199608714044, 44.01853281853281], [8.22516391708968, 44.01853281853281], [8.229066201353639, 44.02309362934362], [8.23166772419628, 44.032215250965244], [8.232968485617599, 44.045897683397676], [8.23329367597293, 44.07782335907335], [8.23491962774958, 44.09150579150578], [8.237195960236889, 44.09215733590733], [8.238171531302878, 44.09802123552123], [8.240122673434858, 44.10127895752895], [8.247927241962774, 44.10290781853281], [8.249553193739425, 44.10681708494208], [8.252805097292725, 44.107794401544396], [8.254105858714045, 44.11561293436293], [8.258658523688664, 44.11854488416988], [8.259634094754656, 44.121802606177596], [8.268739424703892, 44.12375723938223], [8.269714995769883, 44.12701496138995], [8.273617280033843, 44.12896959459459], [8.275893612521152, 44.140697393822386], [8.282397419627753, 44.143629343629335], [8.291502749576988, 44.14428088803088], [8.294104272419627, 44.14558397683397], [8.296380604906938, 44.15209942084941], [8.298331747038919, 44.1534025096525], [8.310038599830797, 44.15503137065636], [8.312640122673436, 44.158289092664084], [8.335403447546533, 44.16024372586872], [8.338004970389171, 44.163501447876435], [8.34971182318105, 44.164804536679526], [8.353939297800341, 44.16871380308879], [8.35654082064298, 44.16936534749034], [8.372149957698817, 44.170668436293425], [8.374426290186125, 44.17392615830115], [8.386133142978004, 44.17522924710424], [8.388084285109983, 44.17588079150578], [8.390035427241964, 44.1791385135135], [8.401742280033844, 44.18044160231659], [8.403693422165823, 44.18109314671814], [8.405644564297802, 44.18435086872586], [8.414424703891711, 44.185328185328174], [8.41735141708968, 44.18793436293436], [8.41930255922166, 44.19314671814671], [8.420603320642979, 44.21920849420849], [8.422229272419628, 44.22702702702702], [8.424505604906939, 44.22735279922779], [8.42743231810491, 44.2319136100386], [8.435236886632826, 44.23321669884169], [8.436212457698817, 44.23647442084941], [8.440114741962777, 44.23810328185327], [8.441740693739426, 44.2459218146718], [8.449545262267346, 44.248527992277985], [8.451496404399325, 44.2517857142857], [8.452471975465315, 44.2576496138996], [8.456374259729273, 44.260255791505784], [8.456049069373943, 44.267097007722], [8.448244500846027, 44.27361245173744], [8.446293358714046, 44.27784749034748], [8.447268929780037, 44.28371138996138], [8.450520833333336, 44.2846887065637], [8.451496404399325, 44.28762065637065], [8.453447546531304, 44.28892374517373], [8.47686125211506, 44.29413610038609], [8.482714678511, 44.296742277992266], [8.482714678511, 44.29804536679536], [8.64253166549882, 44.299674227799215], [9.015437968470403, 44.29999999999999], [9.335071942446044, 44.29804536679536], [9.335071942446044, 44.296742277992266], [9.34191771582734, 44.29413610038609], [9.36506294964029, 44.28990106177605], [9.371606310678525, 44.28663155918299], [9.375728327583333, 44.272989588665965], [9.39375, 44.26579391891891], [9.404181654676261, 44.25406611969111], [9.411353417266188, 44.25341457528957], [9.414287320143886, 44.25797538610038], [9.416569244604316, 44.25830115830115], [9.423741007194247, 44.24983108108107], [9.43057291000286, 44.24801045311386], [9.437474036327112, 44.24092330277136], [9.440023135128579, 44.24065631114733], [9.442322392086332, 44.23810328185327], [9.454058003597122, 44.23647442084941], [9.45568794964029, 44.23321669884169], [9.463511690647483, 44.2319136100386], [9.467097571942446, 44.22800434362934], [9.490894784172664, 44.22507239382239], [9.496436600719424, 44.21855694980694], [9.50556429856115, 44.21595077220076], [9.51371402877698, 44.207806467181456], [9.546638938848922, 44.19933638996138], [9.548920863309354, 44.19705598455597], [9.549898830935252, 44.191192084942074], [9.553810701438852, 44.189563223938215], [9.55478866906475, 44.18630550193049], [9.562938399280577, 44.18467664092663], [9.570110161870506, 44.176532335907325], [9.573370053956836, 44.17457770270269], [9.589343525179856, 44.16903957528957], [9.592603417266188, 44.16382722007721], [9.60140512589928, 44.15763754826254], [9.607924910071944, 44.14851592664091], [9.61607464028777, 44.14297779922779], [9.617378597122304, 44.139394305019295], [9.625528327338131, 44.137765444015436], [9.634004046762591, 44.12864382239381], [9.640849820143886, 44.128318050193045], [9.643457733812951, 44.132227316602304], [9.652585431654677, 44.134181949806944], [9.655193345323742, 44.13809121621621], [9.661713129496402, 44.13809121621621], [9.664321043165469, 44.134181949806944], [9.674426708633096, 44.131249999999994], [9.67931654676259, 44.124734555984546], [9.69398606115108, 44.12082528957528], [9.69496402877698, 44.11626447876447], [9.698875899280576, 44.11202944015443], [9.711915467625902, 44.107794401544396], [9.71713129496403, 44.10290781853281], [9.728866906474822, 44.10193050193049], [9.735386690647484, 44.09997586872586], [9.737342625899283, 44.093460424710415], [9.740602517985613, 44.09150579150578], [9.746470323741008, 44.090528474903465], [9.747774280575541, 44.08727075289575], [9.755598021582735, 44.08596766409265], [9.758531924460431, 44.08205839768339], [9.760487859712232, 44.08140685328185], [9.770593525179859, 44.08042953667953], [9.775157374100722, 44.07717181467181], [9.778743255395685, 44.07228523166022], [9.797976618705036, 44.064792471042466], [9.800584532374103, 44.06120897683397], [9.818839928057555, 44.059254343629334], [9.820795863309353, 44.05567084942084], [9.829271582733814, 44.04980694980694], [9.833307166346966, 44.04369971231022], [9.834760442872344, 44.04353814265556], [9.842963129496406, 44.03416988416988], [9.845245053956836, 44.03449565637065], [9.848178956834534, 44.03905646718145], [9.856002697841728, 44.04035955598455], [9.857632643884894, 44.04426882239382], [9.860892535971225, 44.045246138996134], [9.862848471223021, 44.05306467181467], [9.871650179856116, 44.05501930501929], [9.876540017985612, 44.05404198841698], [9.877517985611512, 44.051761583011576], [9.88045188848921, 44.05078426640926], [9.92152652877698, 44.048829633204626], [9.924460431654678, 44.04785231660231], [9.925438399280576, 44.0455719111969], [9.93717401079137, 44.04426882239382], [9.939129946043167, 44.04361727799227], [9.942063848920865, 44.039708011583], [9.94890962230216, 44.038730694980686], [9.953799460431657, 44.032866795366786], [9.959341276978419, 44.02960907335907], [9.97531474820144, 44.0279802123552], [9.977596672661871, 44.024722490347486], [9.989332284172665, 44.02341940154439], [9.993896133093527, 44.01951013513513], [10.017693345323742, 44.01657818532818], [10.024213129496406, 44.00875965250964], [10.027799010791368, 44.007456563706555], [10.028776978417268, 44.001592664092655], [10.030732913669066, 43.99833494208494], [10.03855665467626, 43.99670608108107], [10.041164568345327, 43.99181949806949], [10.047684352517987, 43.987584459459455], [10.050618255395685, 43.9787886100386], [10.055508093525182, 43.976833976833966], [10.064309802158274, 43.97585666023165], [10.06593974820144, 43.972598938223925], [10.073763489208634, 43.97129584942084], [10.076697392086333, 43.96673503861003], [10.079957284172663, 43.965757722007716], [10.080935251798563, 43.96249999999999], [10.079957284172663, 43.95663610038609], [10.076045413669066, 43.95500723938223], [10.075067446043168, 43.95174951737451], [10.06691771582734, 43.95012065637065], [10.063331834532374, 43.946862934362926], [10.062027877697844, 43.94425675675675], [10.063005845323742, 43.94230212355212], [10.066265737410072, 43.94099903474903], [10.079631294964031, 43.94034749034748], [10.090388938848923, 43.94230212355212], [10.093322841726621, 43.94425675675675], [10.098212679856116, 43.95109797297297], [10.105058453237412, 43.955658783783775], [10.108970323741008, 43.965757722007716], [10.115816097122302, 43.965757722007716], [10.119401978417269, 43.96249999999999], [10.121031924460432, 43.95793918918918], [10.120379946043167, 43.95663610038609], [10.111904226618709, 43.95402992277991], [10.108970323741008, 43.9494691119691], [10.110274280575542, 43.94621138996138], [10.121683902877699, 43.94458252895752], [10.122661870503599, 43.94230212355211], [10.125595773381296, 43.94067326254825], [10.13733138489209, 43.93937017374517], [10.139613309352521, 43.93611245173744], [10.155260791366908, 43.93415781853281], [10.159172661870505, 43.92927123552123], [10.161128597122303, 43.91949806949806], [10.167648381294963, 43.91395994208494], [10.170582284172664, 43.89473938223937], [10.172864208633094, 43.89343629343628], [10.173842176258994, 43.890830115830106], [10.175798111510792, 43.85434362934362], [10.17677607913669, 43.85173745173744], [10.17970998201439, 43.850760135135125], [10.180361960431656, 43.8475024131274], [10.181991906474822, 43.846525096525085], [10.184273830935252, 43.84685086872586], [10.18720773381295, 43.85141167953667], [10.19372751798561, 43.85141167953667], [10.195683453237411, 43.84978281853281], [10.195357464028778, 43.8475024131274], [10.19144559352518, 43.844896235521226], [10.190467625899283, 43.83023648648648], [10.192423561151081, 43.82209218146717], [10.19437949640288, 43.82046332046331], [10.200247302158274, 43.819486003860995], [10.201225269784175, 43.81622828185327], [10.205137140287771, 43.813622104247095], [10.206441097122303, 43.79407577220076], [10.20807104316547, 43.78918918918918], [10.2103529676259, 43.78788610038609], [10.2113309352518, 43.78137065637065], [10.2103529676259, 43.76964285714285], [10.206441097122303, 43.76736245173744], [10.20611510791367, 43.76508204633203], [10.20709307553957, 43.763453185328174], [10.211004946043166, 43.76215009652508], [10.211982913669065, 43.758892374517366], [10.219806654676258, 43.7572635135135], [10.221762589928058, 43.75400579150578], [10.221110611510792, 43.74944498069497], [10.215242805755397, 43.747490347490334], [10.211982913669065, 43.741626447876435], [10.211656924460431, 43.7220801158301], [10.216220773381298, 43.710352316602304], [10.217524730215828, 43.686896718146706], [10.221436600719425, 43.68201013513512], [10.222414568345325, 43.67223696911196], [10.223718525179859, 43.670282335907324], [10.22828237410072, 43.66930501930501], [10.230238309352519, 43.667350386100374], [10.231542266187052, 43.66344111969111], [10.232194244604317, 43.649758687258675], [10.230238309352519, 43.638030888030876], [10.227956384892087, 43.63770511583011], [10.22502248201439, 43.63314430501929], [10.217198741007197, 43.63184121621621], [10.21654676258993, 43.6295608108108], [10.23349820143885, 43.61815878378378], [10.237410071942447, 43.61131756756756], [10.237410071942447, 43.607408301158294], [10.23349820143885, 43.60252171814671], [10.229586330935254, 43.601544401544395], [10.220458633093527, 43.60219594594594], [10.217850719424463, 43.60349903474903], [10.215568794964032, 43.61131756756756], [10.211656924460431, 43.61294642857142], [10.210678956834533, 43.616204150579144], [10.204811151079138, 43.61718146718146], [10.19959532374101, 43.613272200772194], [10.190793615107916, 43.6002413127413], [10.186229766187052, 43.59763513513513], [10.1660184352518, 43.594377413127404], [10.164388489208635, 43.59242277992277], [10.165366456834535, 43.58721042471041], [10.179058003597124, 43.57417953667953], [10.181013938848922, 43.56570945945945], [10.184925809352519, 43.56408059845559], [10.185903776978417, 43.560822876447865], [10.19372751798561, 43.55951978764478], [10.195683453237411, 43.557890926640916], [10.19372751798561, 43.554958976833966], [10.18720773381295, 43.55398166023165], [10.184599820143886, 43.54616312741312], [10.181339928057556, 43.54420849420848], [10.17547212230216, 43.54323117760616], [10.175146133093527, 43.53997345559844], [10.179058003597124, 43.53867036679535], [10.180687949640289, 43.534761100386085], [10.190793615107914, 43.531829150579135], [10.196009442446044, 43.52531370656369], [10.208723021582736, 43.52335907335906], [10.217198741007197, 43.52629102316601], [10.226652428057555, 43.536064189189176], [10.231216276978419, 43.53801882239381], [10.25240557553957, 43.54095077220076], [10.257947392086333, 43.5474662162162], [10.264793165467626, 43.54942084942084], [10.26805305755396, 43.548443532818524], [10.270660971223023, 43.54453426640926], [10.277506744604318, 43.54355694980694], [10.28402652877698, 43.53573841698841], [10.294132194244607, 43.53280646718146], [10.295110161870506, 43.529548745173734], [10.298044064748202, 43.52857142857142], [10.299674010791367, 43.396261160714275], [10.3, 43.08753720238094], [10.297066097122304, 42.8670200892857], [10.294218130571979, 42.82420849067123], [10.28505021485379, 42.824546254662984], [10.284352517985614, 42.82617187499999], [10.281418615107917, 42.82779947916666], [10.269683003597125, 42.8291015625], [10.266749100719426, 42.8330078125], [10.260229316546763, 42.832682291666664], [10.258273381294964, 42.82942708333333], [10.258925359712231, 42.824869791666664], [10.268705035971225, 42.820963541666664], [10.268379046762593, 42.81868489583333], [10.264467176258993, 42.81673177083333], [10.263669964081613, 42.8126377132229], [10.262461957370682, 42.81200743281716], [10.26351883298251, 42.81186158430262], [10.262185251798561, 42.80501302083333], [10.259577338129498, 42.80305989583333], [10.255766486645955, 42.80238835887059], [10.2420921318039, 42.80167174068923], [10.224119529403652, 42.80295108835406], [10.21160398653987, 42.806457482173606], [10.20807104316547, 42.80859375], [10.189532363522936, 42.81543236817689], [10.17945254760356, 42.81724280645904], [10.158422617813352, 42.81579879270673], [10.133093525179858, 42.81054687499999], [10.119029802506892, 42.80326153627504], [10.113534172661874, 42.801432291666664], [10.110274280575542, 42.79622395833333], [10.105710431654678, 42.79361979166666], [10.102450539568347, 42.78613281249999], [10.10179856115108, 42.77213541666666], [10.103754496402878, 42.76236979166666], [10.105710431654678, 42.76041666666666], [10.107790606147475, 42.75997155543744], [10.108142570884086, 42.75822772121552], [10.111886929276386, 42.75526759109335], [10.113208183453239, 42.74576822916666], [10.117120053956835, 42.743815104166664], [10.118098021582735, 42.74055989583333], [10.126247751798562, 42.738932291666664], [10.131137589928057, 42.733072916666664], [10.136679406474821, 42.72981770833333], [10.152652877697843, 42.728190104166664], [10.155912769784175, 42.72395833333333], [10.158846672661872, 42.72493489583333], [10.15982464028777, 42.728190104166664], [10.167648381294963, 42.72949218749999], [10.171886241007195, 42.73339843749999], [10.183295863309354, 42.73437499999999], [10.203833183453238, 42.73339843749999], [10.209049010791368, 42.72949218749999], [10.220784622302158, 42.728190104166664], [10.223066546762592, 42.72493489583333], [10.23871402877698, 42.724283854166664], [10.242625899280577, 42.72591145833333], [10.243603866906476, 42.72884114583333], [10.246863758992806, 42.72981770833333], [10.247841726618706, 42.73567708333333], [10.249797661870504, 42.73763020833333], [10.253709532374101, 42.738932291666664], [10.273268884892088, 42.7392578125], [10.279136690647483, 42.73763020833333], [10.281092625899282, 42.73470052083333], [10.287612410071944, 42.73470052083333], [10.29054631294964, 42.7392578125], [10.293806205035974, 42.740234375], [10.295110161870506, 42.748046875], [10.298044064748202, 42.74999999999999], [10.299674010791367, 42.67578124999999], [10.3, 42.50260416666666], [10.2980440647482, 42.37792968749999], [10.296088129496404, 42.35221354166666], [10.290220323741007, 42.34733072916666], [10.289242356115109, 42.34049479166666], [10.285330485611514, 42.33756510416666], [10.284678507194247, 42.33561197916666], [10.284352517985614, 42.32877604166666], [10.28728642086331, 42.32194010416666], [10.294132194244606, 42.31640624999999], [10.297066097122304, 42.23242187499999], [10.3, 41.82031249999999], [10.3, 41.49218749999999], [10.260229316546763, 41.24609374999999], [10.180687949640287, 41.08203124999999], [10.061375899280575, 40.99999999999999], [9.782981115107916, 41.00032552083333], [9.663669064748202, 41.00195312499999], [9.661713129496402, 41.00488281249999], [9.653889388489208, 41.00618489583333], [9.65291142086331, 41.00944010416666], [9.651281474820145, 41.01041666666666], [9.648999550359715, 41.01009114583333], [9.648306176563004, 41.00801401312336], [9.64376073988884, 41.0102564450992], [9.615499326090418, 41.01810711264656], [9.612160965115208, 41.01823997912295], [9.611510791366907, 41.02213541666666], [9.608902877697842, 41.02408854166666], [9.572392086330938, 41.02799479166666], [9.569784172661873, 41.02994791666666], [9.568806205035973, 41.03580729166666], [9.565546312949643, 41.03678385416666], [9.563264388489209, 41.04101562499999], [9.551528776978419, 41.04492187499999], [9.547616906474822, 41.04752604166666], [9.545008992805759, 41.05143229166666], [9.543705035971225, 41.06315104166666], [9.545660971223025, 41.07128906249999], [9.554462679856115, 41.07486979166666], [9.559026528776979, 41.08170572916666], [9.565872302158274, 41.08658854166666], [9.567828237410072, 41.09049479166666], [9.569784172661873, 41.10611979166666], [9.56945818345324, 41.12662760416666], [9.567828237410072, 41.13541666666666], [9.565546312949643, 41.13476562499999], [9.564568345323742, 41.12890624999999], [9.562612410071944, 41.12565104166666], [9.553266041236128, 41.124625], [9.54973834116389, 41.121837945695354], [9.54859487410072, 41.13248697916666], [9.547942895683455, 41.13444010416666], [9.544031025179859, 41.13736979166666], [9.543053057553958, 41.14388020833333], [9.535229316546765, 41.14648437499999], [9.533273381294965, 41.15234374999999], [9.531317446043166, 41.15429687499999], [9.521537769784175, 41.15624999999999], [9.508172212230217, 41.15559895833333], [9.504912320143887, 41.15429687499999], [9.503934352517987, 41.15234374999999], [9.505238309352519, 41.14973958333333], [9.50328237410072, 41.14778645833333], [9.498066546762592, 41.14648437499999], [9.46220773381295, 41.14388020833333], [9.458295863309353, 41.14192708333333], [9.453406025179856, 41.13606770833333], [9.446560251798562, 41.13606770833333], [9.442648381294966, 41.14615885416666], [9.436128597122304, 41.15039062499999], [9.433520683453239, 41.15527343749999], [9.425696942446045, 41.15755208333333], [9.423741007194247, 41.16406249999999], [9.423741007194247, 41.16927083333333], [9.422437050359715, 41.17317708333333], [9.420464877486319, 41.175146422625005], [9.420874, 41.179232], [9.403760146202437, 41.18023889157061], [9.389694, 41.185283641525935], [9.389694, 41.18304551005747], [9.38527428057554, 41.18619791666666], [9.38201438848921, 41.19075520833333], [9.36930080935252, 41.19368489583333], [9.36734487410072, 41.19563802083333], [9.366366906474822, 41.20247395833333], [9.364410971223023, 41.20540364583333], [9.360499100719425, 41.20735677083333], [9.343595895699357, 41.207919401460195], [9.33654904676528, 41.20975798270479], [9.336266917320108, 41.20666598261164], [9.333441996402879, 41.20410156249999], [9.310622751798562, 41.20214843749999], [9.308014838129498, 41.19824218749999], [9.304754946043166, 41.19824218749999], [9.303450989208635, 41.20214843749999], [9.299539118705038, 41.20410156249999], [9.297909172661871, 41.21582031249999], [9.294649280575541, 41.21874999999999], [9.288781474820144, 41.21972656249999], [9.287803507194246, 41.22298177083333], [9.283565647482018, 41.22526041666666], [9.279653776978417, 41.23697916666666], [9.277045863309354, 41.24088541666666], [9.273133992805757, 41.24348958333333], [9.25954768459827, 41.24504642781772], [9.257199183590497, 41.24802866222597], [9.252147651221176, 41.247142501618676], [9.250640737410073, 41.24902343749999], [9.239231115107916, 41.25065104166666], [9.237927158273383, 41.25195312499999], [9.23857913669065, 41.25846354166666], [9.229555402562331, 41.26063151419599], [9.21673785971223, 41.25944010416666], [9.214455935251799, 41.25618489583333], [9.206632194244605, 41.25488281249999], [9.205016493883322, 41.252731640563034], [9.193188837104797, 41.25026721628435], [9.189028776978418, 41.25195312499999], [9.188376798561151, 41.25423177083333], [9.182508992805756, 41.25520833333333], [9.178271133093528, 41.25325520833333], [9.173055305755398, 41.24674479166666], [9.165557553956836, 41.24479166666666], [9.153821942446045, 41.24576822916666], [9.150562050359714, 41.24967447916666], [9.14273830935252, 41.24902343749999], [9.141434352517987, 41.24544270833333], [9.133936600719426, 41.23990885416666], [9.13328462230216, 41.23795572916666], [9.134914568345327, 41.23307291666666], [9.139478417266188, 41.22981770833333], [9.146650179856117, 41.22916666666666], [9.151540017985614, 41.23014322916666], [9.152843974820145, 41.23339843749999], [9.155777877697842, 41.23437499999999], [9.157733812949642, 41.22656249999999], [9.157407823741009, 41.21744791666666], [9.155777877697842, 41.21354166666666], [9.154473920863312, 41.21354166666666], [9.152843974820145, 41.20572916666666], [9.151540017985614, 41.17447916666666], [9.150562050359714, 41.17187499999999], [9.147628147482017, 41.17089843749999], [9.147302158273384, 41.16861979166666], [9.113073291366907, 41.16471354166666], [9.110791366906476, 41.16276041666666], [9.109813399280577, 41.15690104166666], [9.105901528776979, 41.15527343749999], [9.10492356115108, 41.15201822916666], [9.096773830935252, 41.15039062499999], [9.091883992805757, 41.14453124999999], [9.084386241007197, 41.14127604166666], [9.06058902877698, 41.14160156249999], [9.056677158273382, 41.14550781249999], [9.048853417266189, 41.14680989583333], [9.04787544964029, 41.15006510416666], [9.04494154676259, 41.15104166666666], [9.043311600719424, 41.15006510416666], [9.042333633093525, 41.14680989583333], [9.034509892086332, 41.14550781249999], [9.031901978417267, 41.14160156249999], [9.022774280575542, 41.13964843749999], [9.021144334532377, 41.13639322916666], [9.007452787769786, 41.13444010416666], [9.006148830935253, 41.13118489583333], [9.00158498201439, 41.12923177083333], [8.992131294964029, 41.11751302083333], [8.980069694244607, 41.11263020833333], [8.975505845323742, 41.10579427083333], [8.966378147482015, 41.09863281249999], [8.957902428057555, 41.07942708333333], [8.947796762589931, 41.07519531249999], [8.93736510791367, 41.06347656249999], [8.930193345323742, 41.06184895833333], [8.926281474820145, 41.05273437499999], [8.919761690647483, 41.05175781249999], [8.916827787769787, 41.04785156249999], [8.914871852517987, 41.04720052083333], [8.903136241007196, 41.04589843749999], [8.902158273381296, 41.04361979166666], [8.8982464028777, 41.04101562499999], [8.882598920863312, 41.03580729166666], [8.879339028776979, 41.03157552083333], [8.871515287769785, 41.03027343749999], [8.869885341726619, 41.02636718749999], [8.855215827338132, 41.01367187499999], [8.856193794964032, 41.01074218749999], [8.859453687050362, 41.00976562499999], [8.86043165467626, 41.00390624999999], [8.823166348742074, 41.00195312499999], [8.7486357368737, 41.00065104166666], [8.487778595334394, 40.99999999999999], [8.375982677531834, 41.00065104166666], [8.30145206566346, 41.00195312499999], [8.264186759729274, 41.00390624999999], [8.263536379018614, 41.00846354166666], [8.257682952622673, 41.01041666666666], [8.254431049069375, 41.01627604166666], [8.254431049069375, 41.03580729166666], [8.257682952622673, 41.04166666666666], [8.263536379018614, 41.04264322916666], [8.266137901861253, 41.04654947916666], [8.273942470389173, 41.04785156249999], [8.275893612521152, 41.05110677083333], [8.282397419627753, 41.05208333333333], [8.294104272419627, 41.05110677083333], [8.297356175972928, 41.04622395833333], [8.303859983079528, 41.04329427083333], [8.305160744500848, 41.04394531249999], [8.305811125211507, 41.04817708333333], [8.307437076988158, 41.05013020833333], [8.315566835871405, 41.05208333333333], [8.330200401861253, 41.05305989583333], [8.336053828257192, 41.05924479166666], [8.336913933380876, 41.071642892351946], [8.339975281264607, 41.07488480230925], [8.343187401624801, 41.08628040543615], [8.342582173191479, 41.088817027821854], [8.346785109983081, 41.08951822916666], [8.34711030033841, 41.09277343749999], [8.34288282571912, 41.09440104166666], [8.335403447546533, 41.10351562499999], [8.33119764025132, 41.10471853324797], [8.32655601031806, 41.112001922525124], [8.324455164524196, 41.11812772814648], [8.324597563034871, 41.123459364373375], [8.315330021334871, 41.11803419822188], [8.299307318104908, 41.11523437499999], [8.293779082064297, 41.11035156249999], [8.27914551607445, 41.10937499999999], [8.274592851099833, 41.10742187499999], [8.271991328257192, 41.10351562499999], [8.272316518612524, 41.08365885416666], [8.270365376480543, 41.07910156249999], [8.266788282571913, 41.07617187499999], [8.257682952622675, 41.07291666666666], [8.255081429780034, 41.07031249999999], [8.252805097292725, 41.05826822916666], [8.249553193739425, 41.05696614583333], [8.248531488121081, 41.05492065795921], [8.245117973693649, 41.05270466692144], [8.23394405668359, 41.05110677083333], [8.23199291455161, 41.04785156249999], [8.21833491962775, 41.04589843749999], [8.216383777495771, 41.04199218749999], [8.212481493231813, 41.04069010416666], [8.212481493231813, 41.03743489583333], [8.216058587140441, 41.03580729166666], [8.214107445008462, 41.02994791666666], [8.214432635363792, 41.02669270833333], [8.22061125211506, 41.02571614583333], [8.22256239424704, 41.02278645833333], [8.209879970389172, 41.01171874999999], [8.207928828257192, 41.00911458333333], [8.206953257191202, 41.00390624999999], [7.875268678616752, 41.00195312499999], [7.2118995214678545, 41.00065104166666], [4.890107471446709, 40.99999999999999], [3.8950537357233608, 41.04427083333333], [3.2316845785744617, 41.13281249999999], [2.9000000000000123, 41.26562499999999], [2.9000000000000123, 41.44270833333333], [2.9029296875000123, 41.66406249999999], [2.9058593750000123, 41.70833333333333], [2.9126953125000123, 41.70865885416666], [2.9158981699171167, 41.71092385480657]], [[9.854698741007194, 44.02407094594594], [9.856654676258994, 44.02700289575289], [9.852742805755398, 44.03091216216215], [9.848178956834534, 44.03254102316602], [9.846223021582736, 44.03026061776061], [9.846223021582736, 44.02765444015443], [9.848178956834534, 44.024396718146704], [9.854698741007194, 44.02407094594594]], [[10.20187724820144, 43.7843026061776], [10.205789118705038, 43.78495415057914], [10.205137140287771, 43.788863416988406], [10.20187724820144, 43.788863416988406], [10.200899280575541, 43.78723455598455], [10.20187724820144, 43.7843026061776]], [[8.872819244604319, 42.62239583333333], [8.86741859922595, 42.61816406249999], [8.857921265303748, 42.61490885416666], [8.813368498570433, 42.61002604166666], [8.80010046531303, 42.60742187499999], [8.7997752749577, 42.60514322916666], [8.79587299069374, 42.60384114583333], [8.79489741962775, 42.60221354166666], [8.79587299069374, 42.59928385416666], [8.7997752749577, 42.59798177083333], [8.80010046531303, 42.59570312499999], [8.79587299069374, 42.59244791666666], [8.793596658206429, 42.57649739583333], [8.787092851099832, 42.57096354166666], [8.775385998307954, 42.56705729166666], [8.772134094754655, 42.56282552083333], [8.765305097292725, 42.56315104166666], [8.757825719120138, 42.57096354166666], [8.748720389170899, 42.57291666666666], [8.734086823181052, 42.57194010416666], [8.731485300338411, 42.56803385416666], [8.7292089678511, 42.56770833333333], [8.727583016074451, 42.56966145833333], [8.726282254653132, 42.57747395833333], [8.722379970389172, 42.58007812499999], [8.72107920896785, 42.58789062499999], [8.717502115059222, 42.58789062499999], [8.712299069373945, 42.58007812499999], [8.706770833333335, 42.57617187499999], [8.706770833333335, 42.56966145833333], [8.709697546531304, 42.56770833333333], [8.711323498307953, 42.56282552083333], [8.711648688663283, 42.55143229166666], [8.710673117597294, 42.54329427083333], [8.707421214043995, 42.54101562499999], [8.705470071912016, 42.53320312499999], [8.693763219120136, 42.53059895833333], [8.691812076988157, 42.52929687499999], [8.689210554145518, 42.52278645833333], [8.68595865059222, 42.52148437499999], [8.66969913282572, 42.52050781249999], [8.664821277495772, 42.51888020833333], [8.664496087140442, 42.51660156249999], [8.660593802876484, 42.51432291666666], [8.659618231810493, 42.50260416666666], [8.656691518612522, 42.49414062499999], [8.644984665820644, 42.48307291666666], [8.644009094754654, 42.47786458333333], [8.645635046531304, 42.47591145833333], [8.648886950084602, 42.47460937499999], [8.664821277495772, 42.47330729166666], [8.66742280033841, 42.47200520833333], [8.66807318104907, 42.47005208333333], [8.665471658206432, 42.46549479166666], [8.660593802876484, 42.46256510416666], [8.658642660744503, 42.45084635416666], [8.653764805414554, 42.44791666666666], [8.646935807952623, 42.44759114583333], [8.644009094754654, 42.44596354166666], [8.644334285109984, 42.44368489583333], [8.647260998307953, 42.44270833333333], [8.648886950084602, 42.43880208333333], [8.649212140439934, 42.42968749999999], [8.647911379018613, 42.42578124999999], [8.645309856175974, 42.42317708333333], [8.641407571912016, 42.42187499999999], [8.636204526226734, 42.42187499999999], [8.629700719120136, 42.42285156249999], [8.627749576988155, 42.42610677083333], [8.621896150592217, 42.42708333333333], [8.618644247038919, 42.42610677083333], [8.61701829526227, 42.42285156249999], [8.60823815566836, 42.42187499999999], [8.60336030033841, 42.41992187499999], [8.60205953891709, 42.41341145833333], [8.598157254653131, 42.41048177083333], [8.597181683587142, 42.40559895833333], [8.598157254653131, 42.39680989583333], [8.60205953891709, 42.39485677083333], [8.602384729272421, 42.39257812499999], [8.60140915820643, 42.39095052083333], [8.598157254653131, 42.39029947916666], [8.596357328091344, 42.38695719503893], [8.586639892971457, 42.39117680406383], [8.581178167950162, 42.38541637816858], [8.571816835871406, 42.38476562499999], [8.565963409475467, 42.38151041666666], [8.56559488271439, 42.38021926218615], [8.560344309168627, 42.38023053260349], [8.55296430102247, 42.38446704848696], [8.550659297497598, 42.37562559707809], [8.54645198815567, 42.37597656249999], [8.54417565566836, 42.37988281249999], [8.54189932318105, 42.38020833333333], [8.540273371404401, 42.37923177083333], [8.539297800338412, 42.37597656249999], [8.533444373942471, 42.37499999999999], [8.531168041455162, 42.37304687499999], [8.534745135363792, 42.36653645833333], [8.54059856175973, 42.36458333333333], [8.54742755922166, 42.36425781249999], [8.550354272419629, 42.36263020833333], [8.550029082064299, 42.36035156249999], [8.54710236886633, 42.35937499999999], [8.54547641708968, 42.35644531249999], [8.54547641708968, 42.34667968749999], [8.54612679780034, 42.34472656249999], [8.550354272419629, 42.34179687499999], [8.549378701353639, 42.33886718749999], [8.54547641708968, 42.33756510416666], [8.54515122673435, 42.33528645833333], [8.54645198815567, 42.33430989583333], [8.558158840947549, 42.33333333333333], [8.565638219120139, 42.33528645833333], [8.572792406937396, 42.34309895833333], [8.581897736886635, 42.34570312499999], [8.58621965511057, 42.35105950932611], [8.591293592912965, 42.352617608288625], [8.592954208967853, 42.34993489583333], [8.60531144247039, 42.34798177083333], [8.611490059221659, 42.34309895833333], [8.61636791455161, 42.33430989583333], [8.612140439932322, 42.33138020833333], [8.607932106028919, 42.3253621930969], [8.60173434856176, 42.32291666666666], [8.594905351099833, 42.32259114583333], [8.591978637901862, 42.32096354166666], [8.592954208967853, 42.31803385416666], [8.596206112521152, 42.31705729166666], [8.598482445008461, 42.30924479166666], [8.60498625211506, 42.30729166666666], [8.614091582064301, 42.30761718749999], [8.61799386632826, 42.30924479166666], [8.618969437394249, 42.31217447916666], [8.621245769881558, 42.31249999999999], [8.622871721658207, 42.31054687499999], [8.623196912013539, 42.30598958333333], [8.625148054145518, 42.30403645833333], [8.634903764805417, 42.30208333333333], [8.648732379065356, 42.30131429623723], [8.654295191270933, 42.2992737626336], [8.656366328257192, 42.29720052083333], [8.66425414886518, 42.29562064854719], [8.665146467851102, 42.29264322916666], [8.66904875211506, 42.29101562499999], [8.67099989424704, 42.28320312499999], [8.682706747038917, 42.28027343749999], [8.685633460236888, 42.27539062499999], [8.684701540572133, 42.270493074627666], [8.680960586284854, 42.27122083706581], [8.664592311516277, 42.26325636295287], [8.658324690614402, 42.26119206043949], [8.635228955160745, 42.26009114583333], [8.628399957698816, 42.25846354166666], [8.627099196277495, 42.25651041666666], [8.60888853637902, 42.25911458333333], [8.60661220389171, 42.25618489583333], [8.591978637901864, 42.25325520833333], [8.588726734348562, 42.24869791666666], [8.583198498307953, 42.24544270833333], [8.569865693739427, 42.24446614583333], [8.566051787963495, 42.24260148913689], [8.560026424249974, 42.242824515342306], [8.550540614252679, 42.24093482105041], [8.54992565293901, 42.23956903149767], [8.540598561759731, 42.23925781249999], [8.534745135363792, 42.23763020833333], [8.535395516074452, 42.23535156249999], [8.541248942470391, 42.23437499999999], [8.54450084602369, 42.23242187499999], [8.54547641708968, 42.22591145833333], [8.54710236886633, 42.22395833333333], [8.549378701353639, 42.22428385416666], [8.550354272419629, 42.22721354166666], [8.553280985617597, 42.22884114583333], [8.55836634918782, 42.229083552101066], [8.563036696277496, 42.22753906249999], [8.564987838409477, 42.22428385416666], [8.567914551607448, 42.20475260416666], [8.576369500846026, 42.20117187499999], [8.576044310490694, 42.19889322916666], [8.572142026226736, 42.19694010416666], [8.570190884094757, 42.18326822916666], [8.566288599830798, 42.18131510416666], [8.565313028764807, 42.17805989583333], [8.557508460236887, 42.17675781249999], [8.555557318104908, 42.17513020833333], [8.557508460236887, 42.17220052083333], [8.565313028764807, 42.17089843749999], [8.567914551607448, 42.16699218749999], [8.575719120135364, 42.16569010416666], [8.576044310490694, 42.16243489583333], [8.572142026226736, 42.16113281249999], [8.570190884094757, 42.15722656249999], [8.555557318104906, 42.15429687499999], [8.552305414551608, 42.14973958333333], [8.553280985617597, 42.14811197916666], [8.580596975465316, 42.14876302083333], [8.583523688663284, 42.14713541666666], [8.585474830795263, 42.14127604166666], [8.580922165820645, 42.13867187499999], [8.578320642978005, 42.13411458333333], [8.578971023688664, 42.13216145833333], [8.586125211505923, 42.13020833333333], [8.597506873942471, 42.13053385416666], [8.602384729272421, 42.13216145833333], [8.60336030033841, 42.13509114583333], [8.605714287721318, 42.13522233213372], [8.60953891708968, 42.12565104166666], [8.6173434856176, 42.12402343749999], [8.619945008460238, 42.12011718749999], [8.627749576988155, 42.11881510416666], [8.629375528764806, 42.11555989583333], [8.643033523688665, 42.11360677083333], [8.644984665820644, 42.10970052083333], [8.648236569373942, 42.10872395833333], [8.649212140439934, 42.10286458333333], [8.651813663282573, 42.10156249999999], [8.688234983079528, 42.10677083333333], [8.690836505922167, 42.10546874999999], [8.691812076988157, 42.09960937499999], [8.695063980541455, 42.09830729166666], [8.696039551607447, 42.09505208333333], [8.695063980541455, 42.08919270833333], [8.691812076988157, 42.08821614583333], [8.690836505922167, 42.08528645833333], [8.693763219120136, 42.08365885416666], [8.705470071912016, 42.08235677083333], [8.706770833333335, 42.07910156249999], [8.710673117597294, 42.07714843749999], [8.712949450084604, 42.06542968749999], [8.719453257191201, 42.06249999999999], [8.731160109983081, 42.06152343749999], [8.733436442470392, 42.05761718749999], [8.73636315566836, 42.05664062499999], [8.734412013536382, 42.05078124999999], [8.732135681049073, 42.04882812499999], [8.724656302876483, 42.04687499999999], [8.715550972927243, 42.04654947916666], [8.711648688663283, 42.04492187499999], [8.711973879018615, 42.04264322916666], [8.714900592216583, 42.04166666666666], [8.715550972927243, 42.03971354166666], [8.713599830795264, 42.03515624999999], [8.710347927241965, 42.03320312499999], [8.677503701353638, 42.03027343749999], [8.673276226734348, 42.02636718749999], [8.665471658206432, 42.02506510416666], [8.663845706429782, 42.02115885416666], [8.659943422165824, 42.01985677083333], [8.658967851099833, 42.01660156249999], [8.653114424703892, 42.01562499999999], [8.651163282571913, 42.01399739583333], [8.649212140439934, 42.00585937499999], [8.649862521150594, 41.99446614583333], [8.653114424703892, 41.98958333333333], [8.657016708967854, 41.98860677083333], [8.653114424703892, 41.97981770833333], [8.648236569373942, 41.97688802083333], [8.641082381556686, 41.97493489583333], [8.60531144247039, 41.97298177083333], [8.602384729272421, 41.97200520833333], [8.60140915820643, 41.96972656249999], [8.592629018612524, 41.96874999999999], [8.587751163282572, 41.96582031249999], [8.586775592216583, 41.96289062499999], [8.587751163282572, 41.95410156249999], [8.591653447546532, 41.95214843749999], [8.592954208967853, 41.94824218749999], [8.60173434856176, 41.94140624999999], [8.60661220389171, 41.93424479166666], [8.60726258460237, 41.92057291666666], [8.605636632825721, 41.91666666666666], [8.60336030033841, 41.91536458333333], [8.60140915820643, 41.89713541666666], [8.596531302876482, 41.89388020833333], [8.590352686125215, 41.88606770833333], [8.582222927241965, 41.88444010416666], [8.580596975465316, 41.88053385416666], [8.577345071912015, 41.87955729166666], [8.576369500846026, 41.87369791666666], [8.579296214043994, 41.87044270833333], [8.589051924703893, 41.87044270833333], [8.591978637901862, 41.87369791666666], [8.592954208967853, 41.87955729166666], [8.596206112521152, 41.88053385416666], [8.597832064297801, 41.88444010416666], [8.603685490693742, 41.88541666666666], [8.60693739424704, 41.88736979166666], [8.60856334602369, 41.89518229166666], [8.61181524957699, 41.89615885416666], [8.613766391708971, 41.90006510416666], [8.625473244500846, 41.90136718749999], [8.630676290186125, 41.90527343749999], [8.657992280033842, 41.90592447916666], [8.664821277495772, 41.90429687499999], [8.665146467851102, 41.90201822916666], [8.66807318104907, 41.90104166666666], [8.66969913282572, 41.90201822916666], [8.67002432318105, 41.90429687499999], [8.673276226734348, 41.90527343749999], [8.702543358714044, 41.90624999999999], [8.719778447546531, 41.90820312499999], [8.724005922165821, 41.91015624999999], [8.72888377749577, 41.91601562499999], [8.735712774957701, 41.91731770833333], [8.73766391708968, 41.92057291666666], [8.73863948815567, 41.92643229166666], [8.741891391708968, 41.92740885416666], [8.74351734348562, 41.93098958333333], [8.751321912013537, 41.92773437499999], [8.754573815566836, 41.92317708333333], [8.770508142978004, 41.92545572916666], [8.776036379018613, 41.92317708333333], [8.779288282571915, 41.91796874999999], [8.79197070642978, 41.90722656249999], [8.79489741962775, 41.90039062499999], [8.79489741962775, 41.89648437499999], [8.79099513536379, 41.89062499999999], [8.781889805414554, 41.88736979166666], [8.775385998307954, 41.88183593749999], [8.774085236886634, 41.87760416666666], [8.774410427241964, 41.86848958333333], [8.776036379018613, 41.86458333333333], [8.778963092216584, 41.86263020833333], [8.779288282571914, 41.85807291666666], [8.778312711505924, 41.85481770833333], [8.774410427241964, 41.85319010416666], [8.773760046531304, 41.84993489583333], [8.769857762267344, 41.84928385416666], [8.768557000846023, 41.85319010416666], [8.765630287648055, 41.85416666666666], [8.762703574450086, 41.84993489583333], [8.750996721658208, 41.84863281249999], [8.748070008460239, 41.84700520833333], [8.750021150592218, 41.84407552083333], [8.757825719120136, 41.84277343749999], [8.758801290186128, 41.83951822916666], [8.762703574450086, 41.83821614583333], [8.764329526226735, 41.83430989583333], [8.773434856175975, 41.83235677083333], [8.773760046531304, 41.82910156249999], [8.769532571912013, 41.82747395833333], [8.765630287648055, 41.82161458333333], [8.761077622673437, 41.81835937499999], [8.749045579526229, 41.81673177083333], [8.74741962774958, 41.81380208333333], [8.741566201353638, 41.81575520833333], [8.73831429780034, 41.81542968749999], [8.73668834602369, 41.80794270833333], [8.733436442470392, 41.80696614583333], [8.7324608714044, 41.80403645833333], [8.730564052530038, 41.80308708506542], [8.710658, 41.803016322744035], [8.710658, 41.801955901178104], [8.701242597292726, 41.80013020833333], [8.701892978003386, 41.79785156249999], [8.707746404399325, 41.79687499999999], [8.710998307952623, 41.79492187499999], [8.711973879018615, 41.78841145833333], [8.715550972927243, 41.78515624999999], [8.712299069373945, 41.76953124999999], [8.709697546531304, 41.76562499999999], [8.706770833333335, 41.76464843749999], [8.705470071912016, 41.76139322916666], [8.693763219120136, 41.76009114583333], [8.688234983079528, 41.75618489583333], [8.657016708967852, 41.75423177083333], [8.651813663282573, 41.75227864583333], [8.649212140439934, 41.74934895833333], [8.649212140439934, 41.74544270833333], [8.652138853637902, 41.74251302083333], [8.657992280033843, 41.74055989583333], [8.687259412013539, 41.73828124999999], [8.693112838409476, 41.73567708333333], [8.696039551607447, 41.73177083333333], [8.696039551607447, 41.72656249999999], [8.697990693739426, 41.72298177083333], [8.701892978003386, 41.72102864583333], [8.707746404399325, 41.72070312499999], [8.725306683587142, 41.72460937499999], [8.7292089678511, 41.72884114583333], [8.73701353637902, 41.73014322916666], [8.73863948815567, 41.73339843749999], [8.750346340947548, 41.73470052083333], [8.754573815566836, 41.73860677083333], [8.766280668358714, 41.73958333333333], [8.772784475465315, 41.73665364583333], [8.774085236886634, 41.72981770833333], [8.772134094754655, 41.72395833333333], [8.765955478003384, 41.71907552083333], [8.765630287648055, 41.71484374999999], [8.770508142978002, 41.70898437499999], [8.777011950084605, 41.70768229166666], [8.777337140439935, 41.70442708333333], [8.776036379018613, 41.70182291666666], [8.776361569373943, 41.69986979166666], [8.778312711505924, 41.69856770833333], [8.79099513536379, 41.69856770833333], [8.793596658206429, 41.69986979166666], [8.79619818104907, 41.70670572916666], [8.79879970389171, 41.70865885416666], [8.80974730879042, 41.71117022990933], [8.815766876821861, 41.71074422574205], [8.817660744500847, 41.70865885416666], [8.824164551607447, 41.70768229166666], [8.826115693739427, 41.70182291666666], [8.829564398132511, 41.69986979166666], [8.846807920097934, 41.69791666666666], [8.877846259635694, 41.69694010416666], [8.881294964028779, 41.69596354166666], [8.88325089928058, 41.69303385416666], [8.891074640287773, 41.69173177083333], [8.892704586330938, 41.68847656249999], [8.904114208633096, 41.68684895833333], [8.905418165467626, 41.68359374999999], [8.904114208633096, 41.68098958333333], [8.897594424460433, 41.67773437499999], [8.877709082733814, 41.67610677083333], [8.875101169064749, 41.67220052083333], [8.871841276978419, 41.67089843749999], [8.870863309352519, 41.66210937499999], [8.868907374100718, 41.65722656249999], [8.861083633093525, 41.65527343749999], [8.859262478183698, 41.65201822916666], [8.841918436221835, 41.64908854166666], [8.836521785109984, 41.64257812499999], [8.833920262267345, 41.64127604166666], [8.823839361252116, 41.64029947916666], [8.820912648054147, 41.63867187499999], [8.820262267343487, 41.63639322916666], [8.814408840947547, 41.63541666666666], [8.811156937394248, 41.63639322916666], [8.809856175972929, 41.63997395833333], [8.80660427241963, 41.64257812499999], [8.804002749576988, 41.64388020833333], [8.7997752749577, 41.64355468749999], [8.794897419627748, 41.63671874999999], [8.781889805414554, 41.62499999999999], [8.779288282571915, 41.61979166666666], [8.772459285109985, 41.59570312499999], [8.770182952622676, 41.59374999999999], [8.765630287648055, 41.59342447916666], [8.763679145516075, 41.59179687499999], [8.765630287648055, 41.58886718749999], [8.773434856175975, 41.58756510416666], [8.776036379018613, 41.58365885416666], [8.783840947546533, 41.58235677083333], [8.784816518612523, 41.57910156249999], [8.788393612521151, 41.57747395833333], [8.784816518612523, 41.56966145833333], [8.774735617597294, 41.56575520833333], [8.775060807952624, 41.55794270833333], [8.778312711505924, 41.55696614583333], [8.779288282571914, 41.55403645833333], [8.781239424703895, 41.55305989583333], [8.804653130287651, 41.55175781249999], [8.810506556683588, 41.55013020833333], [8.812132508460238, 41.54785156249999], [8.826766074450086, 41.54687499999999], [8.834895833333334, 41.54492187499999], [8.836521785109984, 41.54296874999999], [8.837497356175973, 41.53710937499999], [8.840749259729272, 41.53613281249999], [8.841724830795263, 41.53450520833333], [8.841399640439931, 41.53222656249999], [8.838472927241963, 41.53124999999999], [8.836846975465313, 41.52832031249999], [8.836521785109984, 41.52148437499999], [8.839448498307952, 41.51660156249999], [8.849204208967851, 41.51595052083333], [8.851155351099832, 41.51660156249999], [8.852130922165822, 41.51888020833333], [8.857599180015127, 41.52050781249999], [8.875826706179474, 41.51985677083333], [8.879472211412345, 41.51790364583333], [8.881294964028779, 41.51497395833333], [8.881680132575415, 41.50716145833333], [8.884791573467115, 41.51009114583333], [8.88858508529471, 41.51041666666666], [8.891203029803318, 41.50944010416666], [8.893030575539571, 41.50618489583333], [8.911285971223021, 41.50423177083333], [8.913567895683453, 41.50032552083333], [8.916827787769787, 41.49934895833333], [8.917805755395685, 41.49348958333333], [8.92041366906475, 41.49153645833333], [8.959532374100721, 41.48763020833333], [8.960510341726621, 41.48470052083333], [8.963770233812951, 41.48372395833333], [8.965074190647481, 41.47591145833333], [8.966704136690648, 41.47395833333333], [8.968986061151082, 41.47428385416666], [8.970290017985613, 41.47819010416666], [8.97191996402878, 41.47916666666666], [8.97420188848921, 41.47884114583333], [8.976483812949642, 41.47526041666666], [8.994739208633096, 41.47786458333333], [8.997999100719426, 41.47428385416666], [9.00582284172662, 41.47298177083333], [9.008430755395684, 41.46907552083333], [9.014950539568346, 41.46809895833333], [9.01755845323741, 41.46028645833333], [9.020818345323743, 41.45833333333333], [9.026686151079138, 41.46028645833333], [9.027664118705037, 41.46679687499999], [9.030598021582737, 41.46874999999999], [9.0322279676259, 41.46582031249999], [9.033531924460434, 41.45605468749999], [9.038421762589929, 41.45312499999999], [9.047223471223024, 41.45410156249999], [9.05015737410072, 41.45898437499999], [9.056677158273382, 41.46158854166666], [9.05863309352518, 41.45768229166666], [9.059611061151081, 41.44889322916666], [9.063522931654678, 41.44694010416666], [9.064500899280578, 41.44368489583333], [9.073628597122305, 41.44173177083333], [9.07525854316547, 41.43782552083333], [9.0785184352518, 41.43782552083333], [9.081452338129498, 41.44238281249999], [9.086016187050362, 41.44270833333333], [9.089276079136692, 41.44173177083333], [9.090254046762592, 41.43847656249999], [9.093187949640289, 41.43749999999999], [9.094817895683454, 41.43847656249999], [9.096121852517985, 41.44238281249999], [9.099381744604319, 41.44238281249999], [9.10068570143885, 41.43847656249999], [9.104597571942447, 41.43717447916666], [9.105575539568347, 41.43424479166666], [9.103619604316549, 41.43261718749999], [9.097099820143885, 41.43131510416666], [9.095143884892087, 41.42643229166666], [9.094165917266189, 41.41764322916666], [9.090906025179859, 41.41503906249999], [9.089928057553958, 41.40039062499999], [9.092861960431655, 41.39225260416666], [9.095795863309354, 41.39062499999999], [9.102641636690649, 41.39095052083333], [9.107205485611512, 41.39485677083333], [9.121875000000003, 41.39583333333333], [9.131002697841728, 41.39388020833333], [9.134914568345327, 41.38932291666666], [9.142412320143885, 41.38606770833333], [9.166209532374102, 41.38444010416666], [9.1681654676259, 41.38346354166666], [9.1691434352518, 41.38053385416666], [9.172403327338131, 41.37923177083333], [9.173381294964031, 41.37044270833333], [9.176967176258994, 41.36751302083333], [9.184138938848923, 41.36555989583333], [9.219997751798562, 41.36490885416666], [9.230755395683454, 41.36653645833333], [9.232711330935253, 41.36946614583333], [9.239231115107915, 41.36946614583333], [9.24183902877698, 41.36555989583333], [9.247706834532377, 41.36458333333333], [9.250966726618707, 41.36263020833333], [9.25129271582734, 41.35611979166666], [9.247380845323743, 41.35286458333333], [9.246402877697843, 41.34114583333333], [9.24933678057554, 41.33463541666666], [9.256182553956835, 41.33333333333333], [9.259116456834533, 41.33496093749999], [9.261072392086332, 41.33821614583333], [9.26400629496403, 41.35774739583333], [9.265962230215829, 41.35937499999999], [9.271830035971224, 41.36035156249999], [9.272808003597124, 41.36360677083333], [9.27671987410072, 41.36523437499999], [9.27769784172662, 41.37109374999999], [9.275741906474822, 41.37434895833333], [9.267918165467627, 41.37597656249999], [9.26628821942446, 41.37923177083333], [9.252596672661873, 41.38118489583333], [9.250640737410073, 41.38509114583333], [9.247706834532377, 41.38606770833333], [9.25129271582734, 41.39420572916666], [9.262050359712232, 41.40299479166666], [9.261724370503599, 41.40527343749999], [9.258138489208635, 41.40755208333333], [9.259768435251798, 41.42317708333333], [9.257812500000002, 41.42578124999999], [9.254226618705037, 41.42708333333333], [9.244772931654678, 41.42643229166666], [9.239231115107916, 41.42317708333333], [9.236884269877992, 41.419661873344545], [9.23270507170093, 41.41669791787251], [9.230755395683454, 41.42643229166666], [9.231733363309354, 41.44108072916666], [9.235645233812951, 41.44368489583333], [9.236949190647483, 41.44694010416666], [9.245750899280578, 41.44791666666666], [9.252596672661873, 41.45084635416666], [9.263354316546764, 41.46256510416666], [9.27052607913669, 41.46321614583333], [9.27345998201439, 41.45865885416666], [9.27671987410072, 41.45930989583333], [9.278349820143887, 41.47135416666666], [9.286173561151081, 41.47981770833333], [9.287477517985613, 41.48372395833333], [9.287477517985613, 41.50032552083333], [9.286173561151081, 41.50358072916666], [9.284217625899283, 41.50520833333333], [9.279979766187052, 41.50585937499999], [9.279327787769786, 41.50716145833333], [9.282261690647484, 41.51367187499999], [9.28715152877698, 41.51660156249999], [9.289433453237411, 41.52864583333333], [9.292041366906476, 41.53124999999999], [9.309644784172663, 41.53906249999999], [9.318772482014388, 41.54915364583333], [9.322684352517987, 41.55110677083333], [9.33996178057554, 41.55403645833333], [9.34615557553957, 41.56184895833333], [9.349741456834533, 41.56315104166666], [9.3513714028777, 41.57128906249999], [9.360499100719426, 41.57975260416666], [9.36310701438849, 41.58886718749999], [9.371582733812952, 41.59570312499999], [9.369626798561153, 41.59798177083333], [9.347622757694854, 41.599812806322085], [9.344523782067315, 41.60289818100326], [9.341798585457841, 41.60255474089109], [9.340287769784174, 41.60481770833333], [9.340287769784174, 41.60872395833333], [9.344199640287771, 41.61360677083333], [9.353327338129498, 41.61458333333333], [9.35984712230216, 41.61751302083333], [9.36310701438849, 41.62923177083333], [9.370930755395687, 41.63118489583333], [9.371908723021585, 41.63444010416666], [9.37582059352518, 41.63574218749999], [9.377450539568347, 41.63997395833333], [9.38527428057554, 41.64615885416666], [9.389186151079137, 41.66536458333333], [9.3957059352518, 41.66731770833333], [9.3976618705036, 41.67057291666666], [9.3957059352518, 41.67643229166666], [9.389186151079137, 41.67740885416666], [9.387230215827339, 41.68033854166666], [9.390164118705037, 41.68196614583333], [9.397009892086333, 41.68229166666666], [9.399943794964031, 41.68391927083333], [9.401899730215828, 41.68717447916666], [9.403855665467628, 41.70670572916666], [9.406137589928058, 41.70833333333333], [9.407115557553958, 41.71256510416666], [9.408093525179858, 41.73372395833333], [9.407115557553958, 41.77180989583333], [9.406137589928058, 41.77604166666666], [9.404833633093528, 41.77604166666666], [9.403855665467628, 41.77897135416666], [9.402877697841728, 41.79361979166666], [9.403855665467628, 41.81998697916666], [9.404833633093528, 41.82291666666666], [9.407767535971225, 41.82389322916666], [9.408093525179858, 41.82617187499999], [9.403855665467628, 41.82975260416666], [9.402877697841728, 41.84440104166666], [9.403855665467628, 41.85253906249999], [9.407767535971225, 41.85611979166666], [9.408419514388491, 41.86263020833333], [9.412983363309355, 41.86653645833333], [9.412983363309355, 41.87304687499999], [9.409071492805756, 41.87565104166666], [9.408093525179858, 41.88151041666666], [9.409071492805756, 41.88476562499999], [9.411353417266188, 41.88541666666666], [9.412983363309355, 41.88834635416666], [9.414287320143886, 41.90006510416666], [9.418199190647483, 41.90201822916666], [9.419177158273381, 41.90527343749999], [9.425044964028778, 41.90624999999999], [9.427326888489208, 41.90917968749999], [9.43580260791367, 41.95117187499999], [9.438084532374102, 41.95507812499999], [9.443952338129497, 41.95996093749999], [9.445256294964029, 41.96679687499999], [9.44851618705036, 41.96874999999999], [9.454383992805756, 41.96972656249999], [9.45568794964029, 41.97330729166666], [9.464815647482016, 41.98079427083333], [9.466119604316548, 41.98763020833333], [9.476225269784173, 41.99153645833333], [9.481767086330937, 41.99934895833333], [9.4853529676259, 42.00065104166666], [9.487308902877698, 42.00976562499999], [9.490894784172664, 42.01106770833333], [9.496436600719424, 42.01920572916666], [9.505238309352517, 42.02604166666666], [9.508172212230217, 42.04069010416666], [9.513062050359714, 42.04361979166666], [9.519255845323745, 42.05240885416666], [9.526101618705038, 42.05696614583333], [9.529035521582735, 42.06705729166666], [9.532295413669065, 42.06803385416666], [9.533925359712232, 42.07194010416666], [9.541749100719425, 42.07324218749999], [9.544683003597125, 42.07779947916666], [9.547942895683455, 42.07877604166666], [9.549898830935252, 42.08789062499999], [9.553484712230219, 42.08919270833333], [9.558700539568346, 42.09700520833333], [9.563590377697842, 42.09960937499999], [9.564894334532376, 42.10742187499999], [9.567828237410072, 42.10937499999999], [9.568806205035973, 42.11653645833333], [9.56945818345324, 42.20247395833333], [9.567828237410072, 42.22395833333333], [9.565546312949643, 42.22493489583333], [9.564568345323742, 42.22981770833333], [9.564894334532376, 42.23665364583333], [9.565546312949643, 42.23860677083333], [9.567828237410072, 42.23958333333333], [9.56945818345324, 42.25032552083333], [9.568806205035973, 42.29329427083333], [9.567828237410072, 42.29687499999999], [9.565546312949643, 42.29785156249999], [9.564894334532376, 42.29980468749999], [9.563590377697842, 42.31152343749999], [9.560330485611512, 42.31315104166666], [9.558700539568346, 42.32128906249999], [9.55283273381295, 42.32617187499999], [9.550876798561152, 42.32975260416666], [9.548920863309354, 42.34374999999999], [9.547942895683455, 42.36718749999999], [9.546964928057555, 42.36979166666666], [9.544683003597125, 42.37076822916666], [9.543705035971225, 42.37565104166666], [9.544031025179859, 42.38248697916666], [9.545660971223024, 42.38541666666666], [9.546964928057555, 42.38541666666666], [9.54859487410072, 42.39225260416666], [9.549898830935252, 42.41959635416666], [9.553810701438852, 42.42382812499999], [9.555114658273382, 42.43164062499999], [9.557396582733814, 42.43229166666666], [9.558374550359712, 42.43424479166666], [9.559352517985612, 42.44401041666666], [9.557396582733812, 42.46256510416666], [9.550876798561152, 42.46907552083333], [9.547942895683455, 42.48828124999999], [9.544683003597125, 42.49023437499999], [9.543705035971225, 42.49348958333333], [9.544031025179859, 42.49804687499999], [9.546964928057555, 42.49999999999999], [9.547942895683455, 42.50325520833333], [9.54859487410072, 42.50976562499999], [9.547942895683455, 42.54882812499999], [9.546964928057555, 42.55208333333333], [9.544683003597125, 42.55338541666666], [9.542727068345325, 42.56966145833333], [9.53783723021583, 42.57682291666666], [9.529035521582736, 42.58463541666666], [9.526753597122305, 42.59244791666666], [9.511106115107914, 42.60286458333333], [9.50849820143885, 42.60546874999999], [9.505890287769784, 42.61295572916666], [9.50328237410072, 42.61490885416666], [9.487634892086334, 42.62141927083333], [9.4853529676259, 42.62955729166666], [9.48209307553957, 42.63053385416666], [9.480463129496403, 42.63444010416666], [9.474595323741008, 42.63541666666666], [9.471335431654676, 42.63736979166666], [9.469705485611511, 42.64518229166666], [9.465793615107915, 42.64778645833333], [9.464815647482016, 42.65462239583333], [9.456991906474823, 42.66145833333333], [9.45568794964029, 42.66406249999999], [9.454058003597122, 42.67610677083333], [9.450798111510792, 42.67805989583333], [9.450146133093527, 42.68001302083333], [9.450146133093527, 42.68977864583333], [9.454058003597122, 42.6943359375], [9.45470998201439, 42.69759114583333], [9.456013938848923, 42.71712239583333], [9.459273830935253, 42.71940104166666], [9.460577787769786, 42.72721354166666], [9.464489658273383, 42.73079427083333], [9.465793615107915, 42.75032552083333], [9.466445593525181, 42.753580729166664], [9.470357464028778, 42.75813802083333], [9.47166142086331, 42.7685546875], [9.476551258992806, 42.77473958333333], [9.483723021582735, 42.78059895833333], [9.488286870503597, 42.7890625], [9.492198741007197, 42.80078125], [9.495784622302159, 42.802734375], [9.496762589928059, 42.80598958333333], [9.496436600719425, 42.810546875], [9.492524730215829, 42.81315104166666], [9.491220773381297, 42.82096354166666], [9.488286870503597, 42.82291666666666], [9.487308902877698, 42.82584635416666], [9.4853529676259, 42.86686197916666], [9.484375, 42.86979166666666], [9.48209307553957, 42.87076822916666], [9.48111510791367, 42.87565104166666], [9.48209307553957, 42.88444010416666], [9.486004946043167, 42.88639322916666], [9.4863309352518, 42.88867187499999], [9.481767086330937, 42.89290364583333], [9.475247302158277, 42.9248046875], [9.47166142086331, 42.92805989583333], [9.470357464028778, 42.93977864583333], [9.466445593525181, 42.944986979166664], [9.465793615107915, 42.972330729166664], [9.467423561151081, 42.97916666666666], [9.470357464028778, 42.981119791666664], [9.469705485611511, 42.988932291666664], [9.466445593525181, 42.989908854166664], [9.46416366906475, 42.993947574806946], [9.44851618705036, 42.99683955719111], [9.445908273381296, 42.99775604287322], [9.442648381294966, 43.00179777992277], [9.435476618705037, 43.00310086872586], [9.424718974820147, 43.01482866795366], [9.421459082733815, 43.01678330115829], [9.409071492805758, 43.01971525096524], [9.407767535971225, 43.02623069498068], [9.406137589928058, 43.028185328185316], [9.403855665467628, 43.027208011583], [9.402877697841728, 43.01841216216215], [9.401247751798563, 43.0154802123552], [9.39798785971223, 43.01352557915057], [9.378428507194245, 43.011570945945934], [9.376939640182451, 43.0100830700585], [9.3633898967459, 43.010043004407386], [9.356214025026508, 43.00661606285757], [9.352349370503598, 43.00635859073358], [9.350677732467092, 43.00397212610038], [9.344199640287771, 43.00212355212354], [9.342243705035973, 42.99919160231659], [9.340287769784174, 42.984531853281844], [9.341265737410072, 42.958144305019296], [9.342243705035973, 42.955212355212346], [9.345177607913673, 42.95384441361003], [9.346155575539571, 42.949284608268975], [9.353979316546765, 42.94759114583333], [9.355935251798563, 42.94466145833333], [9.346155575539571, 42.93587239583333], [9.345829586330938, 42.92903645833333], [9.349415467625901, 42.926432291666664], [9.349415467625901, 42.92513020833333], [9.345829586330936, 42.91829427083333], [9.337027877697842, 42.912109375], [9.334093974820146, 42.9072265625], [9.32529226618705, 42.90624999999999], [9.322684352517985, 42.90397135416666], [9.321380395683455, 42.89257812499999], [9.324314298561152, 42.87662760416666], [9.328552158273382, 42.86979166666666], [9.334419964028779, 42.868815104166664], [9.334493783558289, 42.86686455468139], [9.322358363309352, 42.85546875], [9.320580229608185, 42.85231216526868], [9.307812069698901, 42.83929651515159], [9.309819099071202, 42.837385770375874], [9.308992805755397, 42.83463541666666], [9.310948741007195, 42.82779947916666], [9.318772482014388, 42.82128906249999], [9.320728417266189, 42.81380208333333], [9.332464028776979, 42.80598958333333], [9.336375899280577, 42.80208333333333], [9.33898381294964, 42.796875], [9.340287769784174, 42.79036458333333], [9.340139585354832, 42.78414977946477], [9.334648342378753, 42.77095454841167], [9.33653331373197, 42.766629131055254], [9.338839410808655, 42.73842003049973], [9.336284408721724, 42.73335275794655], [9.334419964028779, 42.732421875], [9.330182104316547, 42.72591145833333], [9.319098471223024, 42.72200520833333], [9.313556654676258, 42.71419270833333], [9.309970773381297, 42.71289062499999], [9.308340827338132, 42.70507812499999], [9.298235161870505, 42.701171875], [9.293345323741008, 42.69466145833333], [9.287477517985613, 42.69270833333333], [9.27769784172662, 42.69466145833333], [9.272808003597124, 42.701171875], [9.268340844327636, 42.70271006153007], [9.26365473043973, 42.70776591245553], [9.25836963661727, 42.71166710956321], [9.252596672661873, 42.72005208333333], [9.249336780575542, 42.72265625], [9.238253147482016, 42.72493489583333], [9.234993255395684, 42.72688802083333], [9.226191546762593, 42.73665364583333], [9.222279676258994, 42.73860677083333], [9.208588129496404, 42.7392578125], [9.204676258992807, 42.73763020833333], [9.204024280575542, 42.7353515625], [9.20076438848921, 42.73437499999999], [9.196200539568348, 42.73470052083333], [9.194244604316548, 42.73763020833333], [9.180553057553958, 42.7392578125], [9.125786870503596, 42.73860677083333], [9.121223021582734, 42.73763020833333], [9.119267086330936, 42.73470052083333], [9.111443345323742, 42.73339843749999], [9.108835431654677, 42.72949218749999], [9.101011690647484, 42.728190104166664], [9.098403776978419, 42.724283854166664], [9.090580035971225, 42.72298177083333], [9.087972122302158, 42.71907552083333], [9.080800359712232, 42.71744791666666], [9.07004271582734, 42.70182291666666], [9.066782823741008, 42.69921874999999], [9.05439523381295, 42.69596354166666], [9.052439298561152, 42.68815104166666], [9.049179406474822, 42.68587239583333], [9.047223471223024, 42.66308593749999], [9.043311600719424, 42.66048177083333], [9.042985611510792, 42.65820312499999], [9.041653599317076, 42.65740506597014], [9.021470323741008, 42.65559895833333], [9.017558453237411, 42.65429687499999], [9.013646582733815, 42.64973958333333], [9.010060701438851, 42.64778645833333], [9.004192895683454, 42.64648437499999], [8.972571942446045, 42.64485677083333], [8.968008093525182, 42.64160156249999], [8.964096223021585, 42.64095052083333], [8.940625, 42.64160156249999], [8.938669064748202, 42.64257812499999], [8.936713129496404, 42.64648437499999], [8.930193345323742, 42.64941406249999], [8.92888938848921, 42.64876302083333], [8.927259442446044, 42.64257812499999], [8.925303507194247, 42.64127604166666], [8.915523830935253, 42.64029947916666], [8.910308003597123, 42.63639322916666], [8.88259892086331, 42.63411458333333], [8.87738309352518, 42.63151041666666], [8.874123201438849, 42.62760416666666], [8.872819244604319, 42.62239583333333]], [[8.68660903130288, 42.07845052083333], [8.690511315566837, 42.07910156249999], [8.689860934856178, 42.08300781249999], [8.68660903130288, 42.08300781249999], [8.685633460236888, 42.08138020833333], [8.68660903130288, 42.07845052083333]], [[9.261398381294963, 41.38606770833333], [9.265310251798564, 41.39192708333333], [9.264984262589929, 41.39518229166666], [9.260746402877698, 41.39583333333333], [9.257486510791368, 41.39388020833333], [9.256834532374102, 41.38932291666666], [9.258790467625902, 41.38541666666666], [9.261398381294963, 41.38606770833333]], [[6.38880076142132, 42.99593388030887], [6.392052664974619, 42.9920246138996], [6.39888166243655, 42.99235038610038], [6.407336611675127, 43.001472007722], [6.415466370558375, 43.00310086872586], [6.416441941624366, 43.00635859073358], [6.420344225888326, 43.00798745173744], [6.421319796954315, 43.01385135135134], [6.413515228426396, 43.017109073359066], [6.387174809644669, 43.017109073359066], [6.377744289340102, 43.01385135135134], [6.372866434010152, 43.00798745173744], [6.367988578680203, 43.0073359073359], [6.364736675126904, 43.00929054054053], [6.363761104060914, 43.015805984555975], [6.360834390862944, 43.01776061776061], [6.359208439086295, 43.01482866795366], [6.358883248730965, 43.00798745173744], [6.360834390862945, 43.00212355212354], [6.365387055837563, 42.99886583011582], [6.38880076142132, 42.99593388030887]], [[3.2180338541666793, 42.05110677083333], [3.218684895833346, 42.04720052083333], [3.222591145833346, 42.04785156249999], [3.222591145833346, 42.05110677083333], [3.2209635416666793, 42.05208333333333], [3.2180338541666793, 42.05110677083333]], [[5.322826776649746, 43.280333011583], [5.323477157360407, 43.28489382239381], [5.321851205583757, 43.286848455598445], [5.313721446700508, 43.28880308880308], [5.29908788071066, 43.28782577220076], [5.296486357868021, 43.283916505791495], [5.293234454314721, 43.283264961389946], [5.292258883248731, 43.28163610038609], [5.292584073604061, 43.27935569498069], [5.296161167512691, 43.27772683397683], [5.2942100253807105, 43.26990830115829], [5.2981123096446705, 43.267953667953655], [5.30786802030457, 43.26990830115829], [5.312745875634517, 43.27642374517374], [5.322826776649746, 43.280333011583]], [[5.282503172588834, 43.26371862934362], [5.285755076142133, 43.262741312741305], [5.290307741116751, 43.26306708494208], [5.292258883248731, 43.26469594594594], [5.291608502538072, 43.26697635135134], [5.288356598984771, 43.267953667953655], [5.2838039340101535, 43.26762789575288], [5.2818527918781735, 43.26599903474902], [5.282503172588834, 43.26371862934362]], [[6.71854378172589, 43.25329391891891], [6.721795685279188, 43.25231660231659], [6.726348350253807, 43.252642374517364], [6.728299492385787, 43.25427123552122], [6.727649111675127, 43.25655164092663], [6.724397208121827, 43.25752895752895], [6.719844543147208, 43.25720318532817], [6.717893401015229, 43.255574324324314], [6.71854378172589, 43.25329391891891]], [[5.225594860406092, 43.19530646718145], [5.2294971446700504, 43.195958011583], [5.228846763959391, 43.19986727799227], [5.225594860406092, 43.19986727799227], [5.224619289340102, 43.1982384169884], [5.225594860406092, 43.19530646718145]], [[5.376808375634518, 43.17510859073358], [5.3833121827411174, 43.17413127413126], [5.392417512690356, 43.17445704633204], [5.396319796954315, 43.176085907335896], [5.3956694162436545, 43.1783663127413], [5.389815989847717, 43.17934362934362], [5.386564086294417, 43.18129826254825], [5.385588515228427, 43.187813706563695], [5.383962563451778, 43.18976833976833], [5.381686230964467, 43.18944256756755], [5.378759517766499, 43.18488175675675], [5.370954949238579, 43.183578667953654], [5.370629758883249, 43.18032094594594], [5.374532043147209, 43.179017857142846], [5.376808375634518, 43.17510859073358]], [[6.454489213197969, 43.03209459459458], [6.452036474730913, 43.03033950386688], [6.435801412331497, 43.0259616683575], [6.431075507614214, 43.01841216216215], [6.4274984137055835, 43.017109073359066], [6.426848032994925, 43.00929054054053], [6.4314006979695435, 43.00635859073358], [6.432376269035533, 43.00310086872586], [6.440180837563452, 43.002775096525085], [6.442131979695432, 43.00603281853281], [6.443107550761422, 43.01189671814671], [6.446359454314721, 43.012874034749025], [6.448319906065077, 43.016240822429374], [6.466846446700508, 43.018737934362925], [6.468797588832487, 43.022321428571416], [6.476927347715736, 43.02785955598455], [6.4840815355329955, 43.0366554054054], [6.5042433375634525, 43.040564671814664], [6.5065196700507615, 43.0425193050193], [6.508470812182741, 43.0483832046332], [6.504893718274113, 43.050012065637056], [6.503592956852793, 43.05326978764478], [6.501162041337452, 43.05426290766124], [6.489934961928934, 43.05326978764478], [6.489193984658372, 43.05153774716923], [6.4678220177664985, 43.0483832046332], [6.462944162436549, 43.04512548262547], [6.462033035093926, 43.0396489371857], [6.458391497461929, 43.03795849420848], [6.454489213197969, 43.03209459459458]], [[10.064309802158274, 42.59993489583333], [10.055508093525182, 42.59895833333333], [10.050618255395685, 42.59700520833333], [10.04898830935252, 42.59049479166666], [10.038882643884893, 42.58658854166666], [10.03529676258993, 42.57877604166666], [10.038230665467626, 42.57779947916666], [10.040838579136691, 42.57389322916666], [10.063657823741009, 42.57194010416666], [10.067243705035974, 42.56770833333333], [10.069525629496404, 42.56803385416666], [10.071481564748204, 42.57194010416666], [10.0763714028777, 42.57291666666666], [10.085173111510791, 42.57194010416666], [10.087129046762591, 42.56803385416666], [10.089410971223021, 42.56770833333333], [10.092344874100721, 42.57194010416666], [10.101146582733813, 42.57291666666666], [10.10603642086331, 42.57682291666666], [10.10701438848921, 42.58072916666666], [10.106362410071943, 42.58984374999999], [10.105058453237412, 42.59244791666666], [10.09853866906475, 42.59537760416666], [10.097234712230218, 42.59863281249999], [10.095604766187051, 42.61816406249999], [10.089736960431654, 42.62272135416666], [10.082239208633094, 42.63216145833333], [10.077023381294966, 42.63346354166666], [10.072459532374102, 42.62955729166666], [10.069525629496404, 42.60579427083333], [10.064309802158274, 42.59993489583333]], [[10.06072392086331, 42.35514322916666], [10.06398381294964, 42.35416666666666], [10.068547661870506, 42.35449218749999], [10.070503597122304, 42.35611979166666], [10.069851618705037, 42.35839843749999], [10.066591726618707, 42.35937499999999], [10.062027877697842, 42.35904947916666], [10.060071942446044, 42.35742187499999], [10.06072392086331, 42.35514322916666]], [[9.353979316546765, 41.55240885416666], [9.347459532374103, 41.55143229166666], [9.345503597122304, 41.54817708333333], [9.346481564748203, 41.54231770833333], [9.349741456834533, 41.54134114583333], [9.3513714028777, 41.53776041666666], [9.359195143884893, 41.54134114583333], [9.36310701438849, 41.55143229166666], [9.370930755395687, 41.55305989583333], [9.37256070143885, 41.55696614583333], [9.37582059352518, 41.55794270833333], [9.376146582733814, 41.56575520833333], [9.372886690647483, 41.56770833333333], [9.367018884892087, 41.56673177083333], [9.365714928057555, 41.56315104166666], [9.353979316546765, 41.55240885416666]], [[8.903136241007196, 41.45345052083333], [8.907048111510793, 41.45410156249999], [8.906396133093526, 41.45800781249999], [8.903136241007196, 41.45800781249999], [8.902158273381296, 41.45638020833333], [8.903136241007196, 41.45345052083333]], [[9.299539118705038, 41.36523437499999], [9.301821043165468, 41.36458333333333], [9.303776978417268, 41.36848958333333], [9.302799010791368, 41.37434895833333], [9.299539118705038, 41.37434895833333], [9.298561151079138, 41.37109374999999], [9.299539118705038, 41.36523437499999]], [[9.34387365107914, 41.31184895833333], [9.338983812949643, 41.31249999999999], [9.33572392086331, 41.31152343749999], [9.334745953237412, 41.30826822916666], [9.330182104316549, 41.30533854166666], [9.330834082733816, 41.29882812499999], [9.338144645460828, 41.29689575642927], [9.338303513307382, 41.29589492802985], [9.34202576957524, 41.2955747420052], [9.342569694244606, 41.29394531249999], [9.338735224732993, 41.28481471506103], [9.335774075411324, 41.284220969088246], [9.333480722922646, 41.28154607600125], [9.34482993677063, 41.276370332990695], [9.349683046451677, 41.27732888104966], [9.349639402738099, 41.278174536661155], [9.35463129496403, 41.27734374999999], [9.357891187050361, 41.28092447916666], [9.366692895683453, 41.28320312499999], [9.37125674460432, 41.28971354166666], [9.378102517985614, 41.29166666666666], [9.381362410071944, 41.29654947916666], [9.38201438848921, 41.30794270833333], [9.38103642086331, 41.31282552083333], [9.379080485611514, 41.31608072916666], [9.376146582733815, 41.31770833333333], [9.36930080935252, 41.31705729166666], [9.366366906474822, 41.31380208333333], [9.36734487410072, 41.30794270833333], [9.37125674460432, 41.30631510416666], [9.371582733812952, 41.30403645833333], [9.37027877697842, 41.30305989583333], [9.358543165467628, 41.30208333333333], [9.354305305755398, 41.30273437499999], [9.348763489208634, 41.30598958333333], [9.34387365107914, 41.31184895833333]], [[9.397987859712233, 41.29361979166666], [9.40092176258993, 41.29166666666666], [9.402877697841728, 41.29557291666666], [9.401899730215828, 41.30143229166666], [9.398639838129498, 41.30143229166666], [9.397987859712233, 41.29361979166666]], [[9.398639838129498, 41.28157552083333], [9.402551708633094, 41.28222656249999], [9.401899730215828, 41.28613281249999], [9.398639838129498, 41.28613281249999], [9.3976618705036, 41.28450520833333], [9.398639838129498, 41.28157552083333]], [[9.386578237410074, 41.24055989583333], [9.380710431654677, 41.23958333333333], [9.377450539568347, 41.23763020833333], [9.376472571942447, 41.23111979166666], [9.371908723021585, 41.22819010416666], [9.371582733812952, 41.22591145833333], [9.374557, 41.223512617981875], [9.377991520725766, 41.214687555226476], [9.381901895859826, 41.21410537703885], [9.383318345323744, 41.21028645833333], [9.398313848920864, 41.20735677083333], [9.399617805755396, 41.20540364583333], [9.398965827338131, 41.20247395833333], [9.395053956834534, 41.19563802083333], [9.396715482559111, 41.19121481564196], [9.401421206062205, 41.19163472367837], [9.402877697841728, 41.18945312499999], [9.407643783074937, 41.187672834616485], [9.415917266187053, 41.18749999999999], [9.41982913669065, 41.18912760416666], [9.422437050359715, 41.19238281249999], [9.423741007194247, 41.19726562499999], [9.424718974820147, 41.20865885416666], [9.426674910071943, 41.21191406249999], [9.429608812949642, 41.21354166666666], [9.433520683453239, 41.21354166666666], [9.438410521582735, 41.21061197916666], [9.439388489208634, 41.20377604166666], [9.437432553956835, 41.19791666666666], [9.430912769784175, 41.19335937499999], [9.428956834532375, 41.18945312499999], [9.429934802158275, 41.18782552083333], [9.433194694244605, 41.18684895833333], [9.434172661870505, 41.18098958333333], [9.436128597122304, 41.17773437499999], [9.442648381294966, 41.17773437499999], [9.446028063644377, 41.18617144120991], [9.448366874030821, 41.18698456385409], [9.449820143884894, 41.18098958333333], [9.451776079136692, 41.17773437499999], [9.459599820143886, 41.17610677083333], [9.462207733812951, 41.17220052083333], [9.468727517985613, 41.17220052083333], [9.47166142086331, 41.17610677083333], [9.480463129496405, 41.17708333333333], [9.4853529676259, 41.17903645833333], [9.4863309352518, 41.18098958333333], [9.4853529676259, 41.18554687499999], [9.47361735611511, 41.18815104166666], [9.470683453237411, 41.19140624999999], [9.471390577935379, 41.19598189734917], [9.477203237410073, 41.19791666666666], [9.481441097122303, 41.20572916666666], [9.484700989208633, 41.23177083333333], [9.482419064748203, 41.23958333333333], [9.476551258992808, 41.24055989583333], [9.473943345323743, 41.24446614583333], [9.466119604316548, 41.24576822916666], [9.46514163669065, 41.24902343749999], [9.463511690647483, 41.24999999999999], [9.460577787769786, 41.24804687499999], [9.458295863309354, 41.23925781249999], [9.45373201438849, 41.23632812499999], [9.45047212230216, 41.23567708333333], [9.44916816546763, 41.23860677083333], [9.441344424460432, 41.24023437499999], [9.439388489208634, 41.24348958333333], [9.438410521582735, 41.24934895833333], [9.434498651079139, 41.25195312499999], [9.433194694244605, 41.25976562499999], [9.429608812949642, 41.26106770833333], [9.424066996402878, 41.26888020833333], [9.419829136690648, 41.27083333333333], [9.413961330935253, 41.26888020833333], [9.413309352517986, 41.26432291666666], [9.410375449640288, 41.26106770833333], [9.400595773381296, 41.25944010416666], [9.3986398381295, 41.25748697916666], [9.3957059352518, 41.24576822916666], [9.389186151079137, 41.24446614583333], [9.386578237410074, 41.24055989583333]], [[9.320402428057555, 41.25032552083333], [9.324314298561152, 41.25097656249999], [9.323662320143885, 41.25488281249999], [9.320402428057555, 41.25488281249999], [9.319424460431655, 41.25325520833333], [9.320402428057555, 41.25032552083333]], [[9.335071942446044, 41.23111979166666], [9.338005845323742, 41.22949218749999], [9.347785521582736, 41.22949218749999], [9.350719424460433, 41.23111979166666], [9.3513714028777, 41.23339843749999], [9.359195143884893, 41.23535156249999], [9.361151079136691, 41.24023437499999], [9.360173111510793, 41.24902343749999], [9.356913219424461, 41.25032552083333], [9.35463129496403, 41.25423177083333], [9.352023381294966, 41.25488281249999], [9.336375899280577, 41.25423177083333], [9.334093974820146, 41.25032552083333], [9.330834082733814, 41.24902343749999], [9.329856115107916, 41.24414062499999], [9.330834082733814, 41.23535156249999], [9.335071942446044, 41.23242187499999], [9.335071942446044, 41.23111979166666]], [[9.513388039568348, 41.16341145833333], [9.518277877697843, 41.16145833333333], [9.525123651079138, 41.16210937499999], [9.528057553956836, 41.16536458333333], [9.527079586330938, 41.16992187499999], [9.522189748201441, 41.17187499999999], [9.515343974820144, 41.17122395833333], [9.512410071942448, 41.16796874999999], [9.513388039568348, 41.16341145833333]], [[9.585105665467626, 41.09472656249999], [9.58445368705036, 41.09863281249999], [9.580541816546765, 41.09798177083333], [9.580541816546765, 41.09472656249999], [9.58217176258993, 41.09374999999999], [9.585105665467626, 41.09472656249999]], [[9.5759779676259, 41.08886718749999], [9.5798898381295, 41.08951822916666], [9.579237859712233, 41.09342447916666], [9.5759779676259, 41.09342447916666], [9.575000000000001, 41.09179687499999], [9.5759779676259, 41.08886718749999]], [[9.59684127697842, 41.07486979166666], [9.59862553858917, 41.07172745384256], [9.602442526924483, 41.07066530967656], [9.603856594415818, 41.073118802424595], [9.60857688848921, 41.07356770833333], [9.611510791366907, 41.07682291666666], [9.610532823741007, 41.08138020833333], [9.605642985611512, 41.08333333333333], [9.598797212230217, 41.08268229166666], [9.59586330935252, 41.07942708333333], [9.59684127697842, 41.07486979166666]], [[9.580867805755398, 41.06673177083333], [9.586735611510793, 41.06770833333333], [9.589995503597123, 41.06966145833333], [9.58966951438849, 41.07747395833333], [9.58640962230216, 41.07779947916666], [9.58445368705036, 41.07389322916666], [9.575651978417268, 41.07291666666666], [9.570762140287773, 41.07096354166666], [9.569784172661873, 41.06640624999999], [9.571740107913673, 41.06315104166666], [9.576303956834535, 41.06249999999999], [9.580215827338131, 41.06445312499999], [9.580867805755398, 41.06673177083333]], [[10.196009442446044, 43.79733349420849], [10.196661420863311, 43.795378861003854], [10.198943345323741, 43.79440154440154], [10.200899280575541, 43.80026544401544], [10.200573291366908, 43.80710666023165], [10.198943345323741, 43.8100386100386], [10.196661420863311, 43.80906129343629], [10.196009442446044, 43.79733349420849]], [[10.152978866906476, 43.59014237451736], [10.139287320143888, 43.592097007721996], [10.13635341726619, 43.59633204633204], [10.135049460431656, 43.59633204633204], [10.133419514388489, 43.59340009652509], [10.133093525179858, 43.58655888030887], [10.134723471223023, 43.58362693050192], [10.137983363309354, 43.58167229729729], [10.149392985611513, 43.58069498069497], [10.159172661870505, 43.582649613899605], [10.158846672661872, 43.58493001930501], [10.154934802158275, 43.5862331081081], [10.152978866906476, 43.59014237451736]], [[9.908576550563154, 43.42942231808842], [9.913897856929918, 43.43593297527823], [9.914161515113197, 43.442054535981406], [9.908146166704253, 43.444946289551716], [9.903507338578265, 43.44274561542644], [9.898780429544962, 43.44206937737042], [9.89647038943865, 43.4346992815953], [9.889253597122302, 43.431817084942075], [9.88794964028777, 43.42497586872586], [9.890883543165469, 43.420089285714276], [9.900663219424462, 43.419437741312734], [9.903597122302159, 43.42106660231659], [9.90457508992806, 43.42399855212354], [9.90783498201439, 43.42497586872586], [9.908576550563154, 43.42942231808842]], [[9.804746659887272, 43.05971832266261], [9.801236510791368, 43.05783059845559], [9.799583345585829, 43.050946995499494], [9.786418530243665, 43.02858289065003], [9.790904038970547, 43.02310649926408], [9.789174910071944, 43.02199565637065], [9.78884892086331, 43.01971525096524], [9.790804856115109, 43.01808638996138], [9.795605198737439, 43.01736681789927], [9.799484095677437, 43.012631043412455], [9.80025854316547, 43.00798745173744], [9.8035184352518, 43.007010135135125], [9.8054743705036, 43.00310086872586], [9.814276079136691, 43.00212355212354], [9.819165917266188, 43.00505550193049], [9.820130183573186, 43.00987362395174], [9.822377902070762, 43.00994213662407], [9.832069292967496, 43.01828088776492], [9.834813399280575, 43.018737934362925], [9.836556747701518, 43.02214202273321], [9.839051258992807, 43.022972972972966], [9.853078487480275, 43.0443692717804], [9.846366180554018, 43.05751003414254], [9.842829906700878, 43.05966879649562], [9.840029226618707, 43.06402027027026], [9.835606939167237, 43.06634091482694], [9.82894559352518, 43.07444498069497], [9.821773830935253, 43.07444498069497], [9.817672100284238, 43.06945489353317], [9.807989921023287, 43.06522790484929], [9.804746659887272, 43.05971832266261]]], [[[10.212308902877698, 43.76801399613898], [10.216220773381298, 43.76736245173744], [10.215568794964032, 43.763453185328174], [10.212308902877698, 43.763453185328174], [10.2113309352518, 43.76508204633203], [10.212308902877698, 43.76801399613898]]], [[[10.143199190647483, 43.94458252895752], [10.142547212230216, 43.94067326254825], [10.138635341726621, 43.941324806949794], [10.138635341726621, 43.94458252895752], [10.140265287769786, 43.945559845559835], [10.143199190647483, 43.94458252895752]]], [[[10.133419514388489, 43.95402992277991], [10.13635341726619, 43.9494691119691], [10.136027428057556, 43.94621138996138], [10.131789568345326, 43.945559845559835], [10.127551708633096, 43.94751447876447], [10.124291816546764, 43.95402992277991], [10.126573741007196, 43.95598455598454], [10.133419514388489, 43.95402992277991]]]]}}, {"type": "Feature", "properties": {"t": "b20", "lvl": 20}, "geometry": {"type": "MultiPolygon", "coordinates": [[[[9.235645233812951, 41.42610677083333], [9.234993255395684, 41.42220052083333], [9.231081384892088, 41.42285156249999], [9.231081384892088, 41.42610677083333], [9.232711330935254, 41.42708333333333], [9.235645233812951, 41.42610677083333]]], [[[8.896942446043166, 41.04361979166666], [8.89303057553957, 41.04101562499999], [8.877383093525182, 41.03580729166666], [8.87412320143885, 41.03157552083333], [8.866299460431657, 41.03027343749999], [8.864995503597125, 41.02669270833333], [8.857497751798563, 41.02050781249999], [8.856845773381297, 41.01725260416666], [8.858475719424462, 41.00781249999999], [8.822513571471504, 41.00390624999999], [8.749285318731058, 41.00130208333333], [8.63879096120312, 40.99999999999999], [8.380210152151124, 41.00032552083333], [8.269389805414553, 41.00195312499999], [8.268739424703892, 41.00455729166666], [8.260934856175975, 41.01074218749999], [8.258008142978005, 41.02994791666666], [8.255406620135364, 41.03222656249999], [8.262885998307954, 41.04394531249999], [8.268089043993232, 41.04687499999999], [8.270690566835874, 41.04687499999999], [8.273942470389173, 41.04589843749999], [8.274918041455162, 41.04264322916666], [8.277844754653133, 41.04166666666666], [8.280771467851103, 41.04589843749999], [8.28955160744501, 41.04687499999999], [8.295405033840947, 41.04492187499999], [8.302234031302877, 41.03710937499999], [8.307111886632828, 41.03645833333333], [8.310363790186127, 41.03841145833333], [8.311014170896787, 41.04296874999999], [8.310038599830797, 41.04622395833333], [8.306136315566839, 41.04785156249999], [8.306461505922169, 41.05110677083333], [8.314266074450085, 41.05175781249999], [8.317192787648056, 41.04785156249999], [8.325972927241965, 41.04687499999999], [8.330850782571913, 41.04785156249999], [8.332151543993234, 41.05110677083333], [8.335078257191203, 41.05208333333333], [8.336053828257192, 41.05403645833333], [8.337991232475549, 41.072783731875795], [8.339975281264607, 41.07488480230925], [8.343082144764823, 41.086721556070465], [8.346785109983081, 41.08919270833333], [8.34743549069374, 41.09179687499999], [8.3415820642978, 41.09570312499999], [8.337354589678512, 41.10221354166666], [8.33119764025132, 41.10471853324797], [8.32655601031806, 41.112001922525124], [8.324455164524196, 41.11812772814648], [8.324597563034871, 41.123459364373375], [8.31620751105003, 41.11854787570562], [8.315241645516075, 41.12434895833333], [8.312965313028766, 41.12499999999999], [8.311339361252116, 41.12402343749999], [8.310688980541457, 41.12076822916666], [8.306786696277499, 41.11946614583333], [8.303859983079528, 41.11490885416666], [8.297356175972928, 41.11425781249999], [8.293779082064297, 41.11035156249999], [8.27914551607445, 41.10937499999999], [8.274592851099833, 41.10742187499999], [8.271991328257192, 41.10351562499999], [8.272316518612524, 41.08365885416666], [8.270365376480543, 41.07910156249999], [8.266788282571913, 41.07617187499999], [8.257357762267345, 41.07259114583333], [8.254105858714045, 41.06933593749999], [8.250528764805415, 41.05989583333333], [8.247276861252114, 41.05566406249999], [8.234919627749578, 41.05013020833333], [8.21898530033841, 41.04720052083333], [8.212156302876481, 41.04296874999999], [8.213131873942473, 41.03710937499999], [8.216383777495771, 41.03613281249999], [8.21735934856176, 41.03450520833333], [8.217034158206431, 41.03222656249999], [8.213131873942473, 41.03092447916666], [8.212156302876481, 41.02929687499999], [8.213131873942473, 41.02636718749999], [8.216383777495771, 41.02539062499999], [8.21735934856176, 41.01953124999999], [8.215408206429782, 41.01529947916666], [8.208904399323181, 41.01074218749999], [8.206953257191202, 41.00390624999999], [7.875268678616752, 41.00195312499999], [7.2118995214678545, 41.00065104166666], [4.890107471446709, 40.99999999999999], [3.8950537357233608, 41.04394531249999], [3.2316845785744617, 41.13183593749999], [2.9000000000000123, 41.26367187499999], [2.900325520833346, 41.57128906249999], [2.901953125000013, 41.70312499999999], [2.904882812500013, 41.70410156249999], [2.906184895833346, 41.70735677083333], [2.919856770833346, 41.70930989583333], [2.921132942098227, 41.71186223836309], [2.9321831750686034, 41.71384309952692], [2.9363888526836988, 41.71895543378061], [2.9410156250000123, 41.71972656249999], [2.942317708333346, 41.72330729166666], [2.9504557291666793, 41.72884114583333], [2.956966145833346, 41.73763020833333], [2.9670572916666793, 41.74055989583333], [2.968684895833346, 41.74446614583333], [2.9719401041666793, 41.74544270833333], [2.972482761252707, 41.7486986508495], [2.9931413946197996, 41.76085540958738], [2.997981770833346, 41.76139322916666], [2.999609375000013, 41.76464843749999], [3.007421875000013, 41.76595052083333], [3.011002604166679, 41.76985677083333], [3.025651041666679, 41.77083333333333], [3.0337890625000123, 41.77278645833333], [3.0367187500000123, 41.77929687499999], [3.039322916666679, 41.78059895833333], [3.0523437500000123, 41.78190104166666], [3.054947916666679, 41.78320312499999], [3.0591796875000123, 41.79296874999999], [3.0660156250000123, 41.79817708333333], [3.071875000000013, 41.80533854166666], [3.075130208333346, 41.81510416666666], [3.079687500000013, 41.82161458333333], [3.090429687500013, 41.82421874999999], [3.103450520833346, 41.83984374999999], [3.109309895833346, 41.84244791666666], [3.116796875000013, 41.84374999999999], [3.137304687500013, 41.84472656249999], [3.139583333333346, 41.84570312499999], [3.140481087083978, 41.84749863250126], [3.1495624239424838, 41.8468944086846], [3.166043524402973, 41.86423746710042], [3.1773437500000123, 41.86588541666666], [3.179947916666679, 41.86848958333333], [3.1822059222705965, 41.8800618620534], [3.1930136599900374, 41.88869245874542], [3.200781250000013, 41.89225260416666], [3.204036458333346, 41.90136718749999], [3.210546875000013, 41.90592447916666], [3.213151041666679, 41.91503906249999], [3.220963541666679, 41.92252604166666], [3.22269617136904, 41.93617050057275], [3.230776331896128, 41.94665651673032], [3.2326822916666793, 41.95182291666666], [3.2341029291246364, 41.96518186146771], [3.2295021134027753, 41.97190047026614], [3.217708333333346, 41.98046874999999], [3.211848958333346, 41.98893229166666], [3.209244791666679, 41.98958333333333], [3.2100708448097985, 42.05566758478286], [3.211596712591212, 42.05680435569979], [3.212925138383286, 42.06783556059591], [3.202196447311512, 42.07971943352386], [3.201106770833346, 42.08756510416666], [3.196223958333346, 42.09049479166666], [3.1900390625000123, 42.09928385416666], [3.180924479166679, 42.10579427083333], [3.1763671875000123, 42.11263020833333], [3.1643229166666793, 42.11751302083333], [3.156184895833346, 42.12792968749999], [3.142513020833346, 42.14029947916666], [3.139583333333346, 42.15039062499999], [3.138606770833346, 42.16503906249999], [3.136328125000013, 42.16666666666666], [3.133723958333346, 42.17447916666666], [3.1304687500000123, 42.20052083333333], [3.131119791666679, 42.20833333333333], [3.134049479166679, 42.21028645833333], [3.135351562500013, 42.21809895833333], [3.138606770833346, 42.21940104166666], [3.1399088541666793, 42.22721354166666], [3.1438151041666793, 42.22981770833333], [3.145768229166679, 42.23763020833333], [3.160416666666679, 42.24153645833333], [3.165299479166679, 42.24804687499999], [3.1695312500000123, 42.24999999999999], [3.1753906250000123, 42.24902343749999], [3.1779947916666793, 42.24511718749999], [3.1858072916666793, 42.24381510416666], [3.188085937500013, 42.24055989583333], [3.210872395833346, 42.23860677083333], [3.213151041666679, 42.23535156249999], [3.2164062500000123, 42.23437499999999], [3.2222656250000123, 42.23535156249999], [3.2232421875000123, 42.23860677083333], [3.2271484375000123, 42.23990885416666], [3.228776041666679, 42.24381510416666], [3.243231844149986, 42.24659851843349], [3.2437500000000123, 42.24348958333333], [3.247656250000013, 42.24023437499999], [3.260351562500013, 42.24023437499999], [3.26247619493367, 42.24165787959646], [3.2693334516614847, 42.2512054492678], [3.2768479239964603, 42.2558443462852], [3.279231770833346, 42.25618489583333], [3.280122425753283, 42.25841153313317], [3.2844401041666793, 42.26171874999999], [3.285672784809811, 42.26369634559954], [3.2897217593257797, 42.2806339072339], [3.2951822916666793, 42.28222656249999], [3.296809895833346, 42.28613281249999], [3.300716145833346, 42.28743489583333], [3.300716145833346, 42.29069010416666], [3.2961448248017042, 42.29381620277631], [3.311132812500013, 42.31575520833333], [3.319921875000013, 42.31803385416666], [3.3218750000000123, 42.31966145833333], [3.3218750000000123, 42.32096354166666], [3.3189453125000123, 42.32259114583333], [3.3140665642970446, 42.32313322896699], [3.293258922021862, 42.333537483470735], [3.278906250000013, 42.33789062499999], [3.2730468750000123, 42.34244791666666], [3.2554687500000123, 42.34049479166666], [3.243750000000013, 42.34179687499999], [3.233984375000013, 42.35123697916666], [3.225520833333346, 42.35416666666666], [3.213802083333346, 42.35319010416666], [3.210546875000013, 42.34928385416666], [3.202734375000013, 42.34798177083333], [3.200130208333346, 42.34407552083333], [3.1922633341547884, 42.344876091491024], [3.1910156250000123, 42.34830729166666], [3.182877604166679, 42.35384114583333], [3.1763671875000123, 42.36295572916666], [3.17299, 42.365368005952384], [3.17299, 42.38068379902824], [3.168684828064147, 42.39674604546335], [3.1772689815789046, 42.41840204259951], [3.180037167581803, 42.43501213059233], [3.174509697912639, 42.455778223857045], [3.168880208333346, 42.46354166666666], [3.1607101323839406, 42.472165483913685], [3.1594401041666793, 42.47851562499999], [3.156184895833346, 42.47949218749999], [3.154231770833346, 42.48339843749999], [3.1469208724802864, 42.48421075953922], [3.1417135878986615, 42.491507614165556], [3.144425, 42.50371064271424], [3.144425, 42.514405106842204], [3.136552299329769, 42.523589770737054], [3.1142936330946, 42.529154925724406], [3.0871381619239573, 42.533481818040315], [3.078059895833346, 42.53710937499999], [3.0764322916666793, 42.54524739583333], [3.0705729166666793, 42.55013020833333], [3.066341145833346, 42.55859374999999], [3.062109375000013, 42.58170572916666], [3.0608072916666793, 42.58626302083333], [3.059505208333346, 42.58854166666666], [3.058203125000013, 42.58854166666666], [3.057226562500013, 42.59765624999999], [3.0552734375000123, 42.72526041666666], [3.0542968750000123, 42.73437499999999], [3.052018229166679, 42.73502604166666], [3.051041666666679, 42.74088541666666], [3.052018229166679, 42.74414062499999], [3.0542968750000123, 42.74479166666666], [3.0552734375000123, 42.74999999999999], [3.057226562500013, 42.82291666666666], [3.061132812500013, 42.8349609375], [3.062434895833346, 42.8623046875], [3.066341145833346, 42.86751302083333], [3.067643229166679, 42.87923177083333], [3.0708984375000123, 42.880859375], [3.072200520833346, 42.888671875], [3.076106770833346, 42.89160156249999], [3.077083333333346, 42.89648437499999], [3.076757812500013, 42.90332031249999], [3.076106770833346, 42.90527343749999], [3.073828125000013, 42.90624999999999], [3.072851562500013, 42.91028746380308], [3.0718750000000123, 42.94662463803088], [3.072851562500013, 42.96681195704632], [3.076757812500013, 42.97631515444015], [3.078059895833346, 42.99817808880308], [3.081966145833346, 43.00235279922779], [3.083268229166679, 43.01176399613898], [3.087174479166679, 43.01352557915057], [3.088476562500013, 43.01743484555983], [3.091731770833346, 43.01841216216215], [3.0930338541666793, 43.02623069498068], [3.0969401041666793, 43.02916264478763], [3.0982421875000123, 43.04089044401543], [3.098893229166679, 43.042845077220065], [3.102799479166679, 43.045777027027015], [3.1041015625000123, 43.052944015444005], [3.1177734375000123, 43.065974903474896], [3.119726562500013, 43.07444498069497], [3.1233072916666793, 43.07574806949806], [3.128841145833346, 43.08389237451736], [3.137630208333346, 43.09040781853281], [3.141536458333346, 43.10148407335906], [3.148046875000013, 43.1057191119691], [3.1509765625000123, 43.111257239382226], [3.1646484375000123, 43.12233349420848], [3.166601562500013, 43.12689430501929], [3.172460937500013, 43.130152027027016], [3.1799479166666793, 43.13992519305018], [3.1851562500000123, 43.14285714285713], [3.1910156250000123, 43.14383445945945], [3.192643229166679, 43.147743725868715], [3.204361979166679, 43.15686534749034], [3.208268229166679, 43.16272924710424], [3.219986979166679, 43.1643581081081], [3.222916666666679, 43.16761583011582], [3.223893229166679, 43.17347972972972], [3.227799479166679, 43.17510859073358], [3.228776041666679, 43.1783663127413], [3.236588541666679, 43.17966940154439], [3.2398437500000123, 43.18390444015443], [3.256119791666679, 43.18976833976833], [3.2720703125000123, 43.20442808880308], [3.284440104166679, 43.20638272200771], [3.286067708333346, 43.209640444015434], [3.293880208333346, 43.21094353281852], [3.297786458333346, 43.215504343629334], [3.305598958333346, 43.216807432432425], [3.3072265625000123, 43.22006515444014], [3.3189453125000123, 43.221368243243234], [3.324153645833346, 43.2252775096525], [3.351497395833346, 43.226580598455584], [3.364192708333346, 43.23048986486485], [3.446223958333346, 43.23244449806949], [3.452083333333346, 43.23342181467181], [3.453710937500013, 43.23570222007721], [3.456966145833346, 43.23635376447875], [3.473567708333346, 43.23733108108107], [3.477473958333346, 43.23863416988416], [3.484309895833346, 43.245149613899606], [3.488867187500013, 43.2464527027027], [3.509375000000013, 43.24840733590733], [3.514583333333346, 43.251013513513506], [3.518489583333346, 43.25492277992277], [3.526302083333346, 43.266650579150564], [3.536718750000013, 43.270885617760605], [3.5471354166666793, 43.282613416988404], [3.552343750000013, 43.28359073359072], [3.557552083333346, 43.28652268339767], [3.567968750000013, 43.29825048262547], [3.575130208333346, 43.29987934362933], [3.579036458333346, 43.30900096525096], [3.586848958333346, 43.31062982625482], [3.587825520833346, 43.313887548262535], [3.592382812500013, 43.31584218146717], [3.6018229166666793, 43.32756998069497], [3.6138671875000123, 43.33245656370655], [3.620377604166679, 43.34027509652509], [3.6294921875000123, 43.34288127413126], [3.6343750000000123, 43.34939671814671], [3.6490234375000123, 43.35232866795366], [3.650651041666679, 43.355586389961374], [3.658463541666679, 43.35688947876447], [3.6617187500000123, 43.361124517374506], [3.6773437500000123, 43.36633687258686], [3.682552083333346, 43.37122345559844], [3.698177083333346, 43.37252654440154], [3.700781250000013, 43.37317808880308], [3.705013020833346, 43.377087355212346], [3.716731770833346, 43.37839044401543], [3.718359375000013, 43.381648166023155], [3.726171875000013, 43.38295125482624], [3.7291015625000123, 43.386860521235505], [3.7310546875000123, 43.387512065637054], [3.7408203125000123, 43.3881636100386], [3.746354166666679, 43.39207287644787], [3.7828125000000123, 43.394027509652496], [3.785416666666679, 43.39500482625481], [3.7873697916666793, 43.39793677606176], [3.793880208333346, 43.398588320463304], [3.796484375000013, 43.40249758687257], [3.804296875000013, 43.40380067567567], [3.807552083333346, 43.4080357142857], [3.823828125000013, 43.4138996138996], [3.840755208333346, 43.42953667953667], [3.857031250000013, 43.43540057915057], [3.860286458333346, 43.44061293436292], [3.869075520833346, 43.44680260617759], [3.873632812500013, 43.45364382239381], [3.883723958333346, 43.45657577220076], [3.884700520833346, 43.45983349420848], [3.8889322916666793, 43.46146235521234], [3.8928385416666793, 43.46732625482624], [3.898372395833346, 43.47156129343628], [3.9117187500000123, 43.475796332046315], [3.9175781250000123, 43.48133445945945], [3.9253906250000123, 43.48263754826254], [3.927018229166679, 43.48589527027026], [3.938736979166679, 43.487198359073346], [3.940690104166679, 43.48784990347489], [3.9436197916666793, 43.491759169884155], [3.950130208333346, 43.49273648648647], [3.952083333333346, 43.49860038610037], [3.955989583333346, 43.501858108108095], [3.971614583333346, 43.503486969111954], [3.973893229166679, 43.50674469111968], [3.985611979166679, 43.50804777992276], [3.991471354166679, 43.51260859073358], [4.003190104166679, 43.51391167953667], [4.004492187500012, 43.51716940154439], [4.007421875000012, 43.51814671814671], [4.010677083333345, 43.513585907335894], [4.029882812500013, 43.50609314671813], [4.036718750000013, 43.498926158301146], [4.065690104166679, 43.49208494208493], [4.075781250000012, 43.48622104247103], [4.081315104166679, 43.479379826254814], [4.084570312500012, 43.47742519305018], [4.096940104166679, 43.47547055984555], [4.098567708333346, 43.47221283783782], [4.106380208333346, 43.47090974903474], [4.108984375000013, 43.46700048262547], [4.116796875000012, 43.46569739382238], [4.119401041666679, 43.461788127413115], [4.127213541666679, 43.460485038610024], [4.131119791666679, 43.45624999999998], [4.158463541666679, 43.44973455598454], [4.162369791666679, 43.4454995173745], [4.170182291666679, 43.444196428571416], [4.171809895833346, 43.44093870656369], [4.183528645833346, 43.43963561776061], [4.188736979166679, 43.43572635135134], [4.220638020833346, 43.4337717181467], [4.222916666666679, 43.432794401544385], [4.223893229166679, 43.430513996138984], [4.235611979166679, 43.42921090733589], [4.237565104166679, 43.42855936293435], [4.238541666666679, 43.42627895752894], [4.242122395833346, 43.42497586872585], [4.285091145833346, 43.4197635135135], [4.292252604166679, 43.41846042471041], [4.299088541666679, 43.41487693050192], [4.344661458333346, 43.412922297297285], [4.351822916666679, 43.40901303088802], [4.367447916666679, 43.407709942084935], [4.370052083333345, 43.40445222007721], [4.372656250000012, 43.40380067567567], [4.388281250000013, 43.40249758687257], [4.390885416666679, 43.39923986486485], [4.393489583333346, 43.398588320463304], [4.409114583333346, 43.39728523166022], [4.412369791666679, 43.394027509652496], [4.439713541666679, 43.39207287644787], [4.443619791666679, 43.3881636100386], [4.451432291666679, 43.386860521235505], [4.453385416666679, 43.38360279922779], [4.472591145833345, 43.38067084942084], [4.479427083333345, 43.37415540540539], [4.512304687500013, 43.37122345559844], [4.517513020833346, 43.36731418918917], [4.527604166666679, 43.36633687258686], [4.538997395833345, 43.35623793436292], [4.555924479166679, 43.349722490347474], [4.561458333333346, 43.34288127413126], [4.574153645833346, 43.34027509652509], [4.576106770833346, 43.338972007722], [4.578385416666679, 43.33245656370655], [4.597591145833345, 43.328547297297284], [4.604752604166679, 43.32072876447875], [4.611588541666679, 43.319751447876435], [4.614192708333346, 43.31584218146717], [4.622005208333346, 43.31453909266408], [4.623958333333346, 43.311607142857135], [4.626888020833346, 43.31062982625482], [4.662044270833346, 43.30932673745173], [4.670833333333346, 43.30769787644786], [4.672135416666679, 43.30541747104246], [4.674739583333346, 43.30476592664091], [4.687760416666679, 43.30476592664091], [4.694270833333346, 43.30867519305018], [4.730729166666679, 43.31062982625482], [4.733333333333346, 43.311607142857135], [4.735286458333346, 43.31453909266408], [4.743098958333345, 43.31584218146717], [4.743750000000012, 43.318122586872576], [4.746679687500012, 43.319751447876435], [4.756445312500012, 43.32040299227798], [4.762304687500012, 43.32431225868724], [4.776953125000012, 43.32528957528957], [4.803320312500012, 43.32431225868724], [4.806250000000012, 43.32333494208493], [4.807552083333345, 43.321054536679526], [4.823177083333346, 43.319751447876435], [4.825781250000013, 43.31909990347489], [4.829036458333346, 43.31584218146717], [4.832942708333346, 43.315190637065626], [4.852603505710672, 43.315516409266394], [4.859110617597302, 43.31877413127412], [4.8618410268612555, 43.324638030888025], [4.86718551713199, 43.32561534749034], [4.868750000000012, 43.328547297297284], [4.8711552189086404, 43.3295246138996], [4.904828283629443, 43.331479247104234], [4.907233502538071, 43.33245656370655], [4.9091846446700504, 43.3353885135135], [4.91698921319797, 43.33669160231659], [4.91796478426396, 43.33994932432431], [4.92186706852792, 43.34190395752895], [4.923167829949239, 43.35363175675675], [4.924793781725889, 43.3565637065637], [4.9270701142131985, 43.357541023166014], [4.928696065989849, 43.36926882239381], [4.931947969543147, 43.37220077220076], [4.937801395939087, 43.37317808880308], [4.938776967005078, 43.376435810810804], [4.9433296319796955, 43.379367760617754], [4.9433296319796955, 43.385883204633195], [4.938451776649747, 43.38979247104246], [4.9391021573604075, 43.39207287644787], [4.942354060913706, 43.393050193050186], [4.948207487309645, 43.39207287644787], [4.948857868020305, 43.38979247104246], [4.951784581218275, 43.3881636100386], [4.9634914340101535, 43.386860521235505], [4.965767766497462, 43.38360279922779], [4.9774746192893415, 43.38262548262547], [4.98397842639594, 43.38067084942084], [4.98723032994924, 43.372852316602305], [4.995034898477158, 43.37122345559844], [4.997636421319798, 43.36633687258686], [5.0041402284263965, 43.36210183397682], [5.007066941624366, 43.35200289575288], [5.010969225888325, 43.34939671814671], [5.0122699873096455, 43.341578185328174], [5.016172271573604, 43.338972007722], [5.017147842639594, 43.33245656370655], [5.0203997461928935, 43.33050193050192], [5.026253172588833, 43.3295246138996], [5.026903553299493, 43.3272442084942], [5.054219543147209, 43.32561534749034], [5.145272842639595, 43.32561534749034], [5.17258883248731, 43.3272442084942], [5.17258883248731, 43.328547297297284], [5.17746668781726, 43.3295246138996], [5.187222398477157, 43.33017615830114], [5.237942822256836, 43.329546918676506], [5.241695977788242, 43.33138884821066], [5.250634517766498, 43.33245656370655], [5.250634517766498, 43.33375965250964], [5.254536802030458, 43.33636583011582], [5.267869606598985, 43.34060086872586], [5.273397842639595, 43.34483590733589], [5.274698604060914, 43.347442084942074], [5.278600888324873, 43.34939671814671], [5.294210025380711, 43.35135135135134], [5.30655293349426, 43.35126639223388], [5.325133894169238, 43.342462981587985], [5.325428299492387, 43.341578185328174], [5.334175170581596, 43.33817934575164], [5.335834390862946, 43.335062741312726], [5.341515412691406, 43.33136347004074], [5.351186103960799, 43.3041697912509], [5.348842005076142, 43.29531853281853], [5.3446145304568535, 43.29303812741311], [5.343638959390863, 43.289780405405395], [5.335834390862946, 43.28815154440153], [5.333883248730965, 43.28228764478763], [5.334858819796954, 43.27902992277991], [5.339736675126904, 43.27642374517374], [5.343964149746194, 43.269582528957514], [5.352744289340102, 43.262741312741305], [5.354695431472082, 43.256877413127405], [5.354370241116752, 43.25003619691119], [5.3527442893401025, 43.24710424710424], [5.350467956852792, 43.2464527027027], [5.347541243654822, 43.23635376447875], [5.339736675126904, 43.229838320463315], [5.338110723350255, 43.221694015444], [5.334208439086296, 43.22006515444014], [5.333232868020305, 43.216807432432425], [5.325753489847717, 43.21517857142857], [5.325428299492386, 43.21192084942084], [5.329005393401015, 43.2076858108108], [5.346240482233503, 43.20866312741312], [5.350142766497462, 43.20736003861003], [5.3589229060913715, 43.197912644787635], [5.3657519035533, 43.194980694980686], [5.374532043147209, 43.19693532818532], [5.377458756345178, 43.20475386100385], [5.3852633248730974, 43.20638272200771], [5.387214467005077, 43.209640444015434], [5.393718274111675, 43.21061776061775], [5.402823604060915, 43.21029198841698], [5.406725888324874, 43.20866312741312], [5.406725888324874, 43.20736003861003], [5.411928934010152, 43.20638272200771], [5.484771573604061, 43.20442808880308], [5.489974619289341, 43.20345077220076], [5.49127538071066, 43.20117036679536], [5.497779187817259, 43.20019305019304], [5.509486040609137, 43.20117036679536], [5.510786802030458, 43.20345077220076], [5.516640228426397, 43.20507963320462], [5.540053934010153, 43.20442808880308], [5.542005076142132, 43.20345077220076], [5.542980647208122, 43.20051882239382], [5.5450059648882295, 43.1997072458054], [5.546562383713815, 43.197469211466505], [5.548508883248732, 43.18716216216215], [5.551110406091372, 43.18455598455597], [5.5643107668985685, 43.178770493526514], [5.567255050287593, 43.17610537245707], [5.568995875634519, 43.17087355212354], [5.570947017766498, 43.169570463320454], [5.580702728426395, 43.16859314671814], [5.585255393401015, 43.16468388030887], [5.588507296954315, 43.16403233590732], [5.608018718274112, 43.16272924710424], [5.6102950507614215, 43.159471525096514], [5.613546954314721, 43.1584942084942], [5.6180996192893415, 43.15881998069497], [5.620050761421321, 43.16044884169883], [5.619075190355331, 43.16338079150578], [5.615823286802032, 43.1643581081081], [5.615276745889261, 43.16764322096056], [5.622850474822545, 43.17872517580377], [5.6285057106598995, 43.17966940154439], [5.630456852791879, 43.18260135135134], [5.634359137055837, 43.1842302123552], [5.649968274111676, 43.183578667953654], [5.652244606598986, 43.18032094594594], [5.663951459390864, 43.179017857142846], [5.666878172588833, 43.17738899613899], [5.667528553299493, 43.17510859073358], [5.675333121827411, 43.17282818532817], [5.679235406091371, 43.15458494208494], [5.68801554568528, 43.151327220077214], [5.6935437817258885, 43.144811776061765], [5.717282677664976, 43.1409025096525], [5.7198842005076145, 43.13438706563706], [5.7218353426395945, 43.133083976833966], [5.733542195431473, 43.13145511583011], [5.735168147208123, 43.12819739382238], [5.742972715736041, 43.12689430501929], [5.7458994289340115, 43.122985038610025], [5.74785057106599, 43.12233349420848], [5.75760628172589, 43.12135617760617], [5.759557423857869, 43.120053088803076], [5.760858185279189, 43.113537644787634], [5.762484137055838, 43.111583011583], [5.765410850253808, 43.11256032818532], [5.765736040609138, 43.114840733590725], [5.769638324873097, 43.11549227799227], [5.785247461928934, 43.11093146718146], [5.786873413705584, 43.10734797297296], [5.791426078680203, 43.10441602316601], [5.7907756979695435, 43.09659749034748], [5.787198604060913, 43.09529440154439], [5.781019987309646, 43.08747586872586], [5.761833756345179, 43.08454391891891], [5.760532994923858, 43.083566602316594], [5.761183375634519, 43.081286196911186], [5.770288705583757, 43.07933156370655], [5.771264276649747, 43.07607384169883], [5.775166560913705, 43.074770752895745], [5.776792512690355, 43.07086148648648], [5.784597081218275, 43.06955839768339], [5.788499365482234, 43.065323359073346], [5.806059644670051, 43.06141409266408], [5.811784268160932, 43.059311308372855], [5.816357669779134, 43.05668970041134], [5.8190672588832495, 43.05098938223937], [5.821668781725888, 43.04968629343628], [5.8372779187817265, 43.04805743243242], [5.839879441624365, 43.0447997104247], [5.842480964467005, 43.044148166023156], [5.858090101522842, 43.0447997104247], [5.860366434010152, 43.048708976833964], [5.8636183375634525, 43.04968629343628], [5.864593908629442, 43.05555019305018], [5.866545050761421, 43.058807915057905], [5.873374048223351, 43.060111003860996], [5.8782519035533, 43.065974903474896], [5.8837801395939096, 43.06923262548261], [5.897112944162437, 43.06955839768339], [5.899714467005077, 43.068906853281845], [5.902315989847716, 43.06564913127412], [5.914022842639594, 43.064671814671804], [5.9205266497461935, 43.06564913127412], [5.922477791878173, 43.068906853281845], [5.928331218274112, 43.06988416988416], [5.931583121827412, 43.068906853281845], [5.932233502538072, 43.06662644787644], [5.935160215736041, 43.06499758687258], [5.9449159263959395, 43.065323359073346], [5.947842639593909, 43.06858108108107], [5.9488182106598995, 43.07444498069497], [5.952720494923858, 43.07607384169883], [5.952395304568528, 43.07933156370655], [5.94459073604061, 43.080634652509644], [5.9410136421319795, 43.08454391891891], [5.928693629617391, 43.085572423589234], [5.916624365482234, 43.0895963611139], [5.916624365482234, 43.09203667953667], [5.917599936548224, 43.09529440154439], [5.919876269035534, 43.095945945945935], [5.921502220812183, 43.09496862934362], [5.922477791878173, 43.091710907335894], [5.928331218274112, 43.09073359073358], [5.9325586928934015, 43.09268822393821], [5.935485406091371, 43.09724903474903], [5.949793781725888, 43.100506756756744], [5.979711294416243, 43.10115830115829], [6.00507614213198, 43.09920366795366], [6.00540133248731, 43.09692326254825], [6.00930361675127, 43.09496862934362], [6.010279187817259, 43.08617277992277], [6.015807423857868, 43.08324083011582], [6.0271289168795725, 43.081279949967], [6.027930024516646, 43.07969568475909], [6.053940586612763, 43.080647958381164], [6.082146256345178, 43.079983108108095], [6.098730964467006, 43.07835424710424], [6.099056154822335, 43.07607384169883], [6.101982868020305, 43.07509652509651], [6.103608819796954, 43.071187258687246], [6.103608819796954, 43.05815637065636], [6.101982868020305, 43.054247104247096], [6.098080583756346, 43.05229247104246], [6.093853109137056, 43.045777027027015], [6.085072969543148, 43.043496621621614], [6.083121827411168, 43.04186776061775], [6.084097398477158, 43.0389358108108], [6.087349302030457, 43.03795849420848], [6.088324873096447, 43.03209459459458], [6.096129441624366, 43.02981418918918], [6.12734771573604, 43.03209459459458], [6.12994923857868, 43.03144305019304], [6.13092480964467, 43.02851110038609], [6.13417671319797, 43.027533783783774], [6.13515228426396, 43.021669884169874], [6.138078997461929, 43.01841216216215], [6.147834708121827, 43.01808638996138], [6.150761421319797, 43.01971525096524], [6.1517369923857865, 43.02264720077219], [6.154013324873096, 43.022972972972966], [6.156940038071066, 43.018737934362925], [6.170598032994924, 43.01678330115829], [6.171573604060914, 43.015805984555975], [6.170598032994924, 43.01352557915057], [6.1618178934010155, 43.01254826254825], [6.1559644670050755, 43.01019546332046], [6.152712563451777, 43.00470559845559], [6.154013324873096, 43.000784266409255], [6.172874365482234, 42.99806949806949], [6.1761262690355325, 42.996126930501916], [6.177752220812183, 42.99267615830115], [6.191410215736042, 42.99032562138031], [6.192385786802031, 42.987121440637054], [6.195312500000001, 42.98483274010617], [6.205393401015229, 42.98483274010617], [6.215799492385788, 42.99124110159265], [6.227831535532996, 42.99267615830115], [6.230433058375635, 42.99593388030887], [6.249944479695432, 42.9978885135135], [6.253196383248732, 42.999843146718135], [6.2548223350253815, 43.002775096525085], [6.2528711928934015, 43.01254826254825], [6.249692925708172, 43.01493622796282], [6.2495571942332475, 43.01658809690869], [6.2455486735373285, 43.02025990010783], [6.243440672588833, 43.027533783783774], [6.239538388324873, 43.02916264478763], [6.238237626903554, 43.0330719111969], [6.234985723350254, 43.03274613899613], [6.234010152284265, 43.02688223938223], [6.232059010152286, 43.0249276061776], [6.222303299492387, 43.022972972972966], [6.204743020304569, 43.02395028957528], [6.200840736040609, 43.02785955598455], [6.194336928934011, 43.02851110038609], [6.192385786802031, 43.03013996138995], [6.192710977157361, 43.03242036679536], [6.19661326142132, 43.03372345559845], [6.19758883248731, 43.03535231660231], [6.19661326142132, 43.038284266409256], [6.193361357868021, 43.03926158301157], [6.192385786802031, 43.04512548262547], [6.193361357868021, 43.0483832046332], [6.19661326142132, 43.050012065637056], [6.19823921319797, 43.061739864864855], [6.201491116751269, 43.064671814671804], [6.207344543147209, 43.06564913127412], [6.208320114213199, 43.068906853281845], [6.2122223984771585, 43.07086148648648], [6.212872779187817, 43.08258928571428], [6.209295685279189, 43.08747586872586], [6.211246827411168, 43.09203667953667], [6.214173540609138, 43.0939913127413], [6.224904822335026, 43.095945945945935], [6.238562817258884, 43.09562017374516], [6.244416243654823, 43.0939913127413], [6.246367385786802, 43.09105936293435], [6.250920050761422, 43.09073359073358], [6.254171954314722, 43.09268822393821], [6.2548223350253815, 43.09724903474903], [6.258074238578681, 43.09920366795366], [6.274333756345179, 43.10115830115829], [6.2873413705583765, 43.10115830115829], [6.3055520304568535, 43.09822635135134], [6.310755076142133, 43.09529440154439], [6.313356598984772, 43.09138513513513], [6.32051078680203, 43.086498552123544], [6.336770304568529, 43.08454391891891], [6.339371827411169, 43.08161196911196], [6.357582487309646, 43.084218146718136], [6.359858819796955, 43.080634652509644], [6.362135152284265, 43.08030888030887], [6.363761104060914, 43.081286196911186], [6.3644114847715745, 43.08454391891891], [6.368313769035533, 43.086498552123544], [6.3689600960092045, 43.09232590282637], [6.373209955770666, 43.092335913669885], [6.370578467398365, 43.09936758786043], [6.373191624365483, 43.10246138996138], [6.371240482233502, 43.114189189189176], [6.371565672588833, 43.120704633204625], [6.377744289340103, 43.122985038610025], [6.379695431472082, 43.12787162162161], [6.3806710025380715, 43.136667471042465], [6.383922906091371, 43.137970559845556], [6.384826367050315, 43.14068579226327], [6.387392725854387, 43.14189022178412], [6.414490799492386, 43.143182915057906], [6.421319796954315, 43.144811776061765], [6.422620558375636, 43.1467664092664], [6.438554885786802, 43.14448600386099], [6.441806789340102, 43.14513754826254], [6.448310596446701, 43.151327220077214], [6.459041878172589, 43.15328185328185], [6.476602157360406, 43.15230453667952], [6.479854060913706, 43.149046814671806], [6.482455583756345, 43.14839527027026], [6.495463197969544, 43.14839527027026], [6.499365482233503, 43.15002413127412], [6.501316624365483, 43.15295608108107], [6.505495706750162, 43.152534307753754], [6.525770846988584, 43.16178542494875], [6.527557787077391, 43.16398888231966], [6.536437182741118, 43.16500965250964], [6.540339467005078, 43.16761583011582], [6.542940989847716, 43.17152509652509], [6.544241751269036, 43.17673745173744], [6.547818845177666, 43.180646718146704], [6.553672271573603, 43.18325289575289], [6.561802030456853, 43.18455598455598], [6.58001269035533, 43.1842302123552], [6.587817258883249, 43.18260135135134], [6.590743972081219, 43.177714768339754], [6.600824873096446, 43.170222007721996], [6.606678299492387, 43.16240347490346], [6.611230964467006, 43.15914575289574], [6.621311865482234, 43.15881998069497], [6.6258645304568535, 43.16272924710424], [6.6404980964467, 43.163706563706555], [6.64537595177665, 43.16533542471041], [6.648627855329949, 43.16859314671814], [6.651229378172589, 43.184881756756745], [6.653180520304568, 43.18813947876447], [6.656107233502539, 43.18976833976833], [6.664887373096446, 43.190745656370645], [6.666838515228426, 43.19400337837837], [6.668789657360406, 43.19465492277991], [6.680496510152285, 43.195958011583], [6.682447652284264, 43.19986727799227], [6.686349936548224, 43.20117036679536], [6.686024746192894, 43.20442808880308], [6.680171319796955, 43.20540540540539], [6.675943845177665, 43.21126930501929], [6.673017131979696, 43.224951737451725], [6.673017131979696, 43.236679536679524], [6.6769194162436545, 43.23863416988416], [6.681146890862944, 43.245149613899606], [6.689927030456853, 43.247430019305014], [6.693829314720812, 43.25133928571427], [6.7172430203045685, 43.251990830115815], [6.723096446700508, 43.25036196911196], [6.7234216370558375, 43.248081563706556], [6.726348350253808, 43.24710424710424], [6.730250634517766, 43.2510135135135], [6.732201776649747, 43.2568774131274], [6.729275063451777, 43.257854729729715], [6.7273239213197975, 43.26176399613898], [6.718543781725889, 43.262741312741305], [6.713665926395939, 43.265673262548255], [6.712365164974619, 43.27544642857142], [6.71073921319797, 43.27837837837837], [6.707812500000001, 43.27740106177605], [6.706836928934011, 43.27414333976833], [6.700983502538071, 43.27316602316601], [6.6967560279187826, 43.275120656370646], [6.689927030456854, 43.28359073359072], [6.687000317258884, 43.282613416988404], [6.686349936548224, 43.27935569498069], [6.6847239847715745, 43.27837837837837], [6.682447652284264, 43.278704150579145], [6.681472081218274, 43.28163610038609], [6.677569796954314, 43.283264961389946], [6.664562182741117, 43.28293918918918], [6.6606598984771574, 43.279681467181454], [6.6587087563451774, 43.273817567567555], [6.654156091370558, 43.27316602316601], [6.647652284263959, 43.27707528957528], [6.624238578680204, 43.275120656370646], [6.611230964467006, 43.27642374517373], [6.608629441624366, 43.27902992277991], [6.6099302030456855, 43.28587113899613], [6.616434010152285, 43.28880308880308], [6.625539340101524, 43.289780405405395], [6.629441624365483, 43.29466698841698], [6.630742385786802, 43.301508204633194], [6.633343908629442, 43.30346283783783], [6.648953045685279, 43.30541747104246], [6.6525301395939085, 43.30867519305018], [6.679846129441625, 43.309978281853276], [6.686675126903554, 43.311607142857135], [6.686024746192894, 43.313887548262535], [6.678220177664976, 43.315190637065626], [6.675293464467005, 43.319751447876435], [6.672041560913706, 43.32072876447875], [6.671065989847716, 43.323986486486476], [6.672041560913706, 43.329850386100375], [6.675618654822335, 43.33115347490346], [6.682122461928934, 43.338972007722], [6.705861357868021, 43.34190395752895], [6.708137690355331, 43.34516167953667], [6.71399111675127, 43.34613899613899], [6.715942258883249, 43.34776785714285], [6.71886897208122, 43.36796573359072], [6.720489256746209, 43.371753162346195], [6.731283321849313, 43.38265488102413], [6.732526967005077, 43.38588320463319], [6.734478109137056, 43.4021718146718], [6.739355964467006, 43.40542953667952], [6.743583439086295, 43.41194498069497], [6.7536643401015235, 43.41487693050192], [6.756265862944163, 43.418786196911185], [6.762769670050761, 43.418786196911185], [6.765371192893401, 43.41487693050192], [6.77317576142132, 43.41357384169883], [6.777078045685279, 43.40966457528956], [6.794638324873096, 43.40868725868725], [6.8043940355329955, 43.40966457528956], [6.806345177664975, 43.41194498069497], [6.809597081218275, 43.412922297297285], [6.846692745497889, 43.41412623016577], [6.8582255925041835, 43.416945199231264], [6.858375634517767, 43.420415057915044], [6.86103895674704, 43.42236969111968], [6.866365601205584, 43.42367277992277], [6.89299882349831, 43.424650096525085], [6.900988790186127, 43.42627895752894], [6.900601800444164, 43.42855936293435], [6.895957923540609, 43.429862451737435], [6.894796954314721, 43.432794401544385], [6.895957923540609, 43.43442326254825], [6.899827820960239, 43.43540057915057], [6.901429157312891, 43.441260567316625], [6.909998417124434, 43.445525061591574], [6.915622356175974, 43.44615106177605], [6.917065156981767, 43.449041826437885], [6.920825401861254, 43.45136341698841], [6.922126163282574, 43.463091216216206], [6.922776543993233, 43.46504584942084], [6.9266788282571925, 43.46797779922778], [6.927979589678513, 43.475796332046315], [6.931231493231812, 43.47677364864863], [6.933182635363791, 43.4806829150579], [6.9448894881556695, 43.48263754826254], [6.9468406302876495, 43.48459218146717], [6.949767343485619, 43.49631998069497], [6.955945960236888, 43.49794884169883], [6.956596340947549, 43.49925193050191], [6.953344437394248, 43.50576737451736], [6.944502856834228, 43.50885320157205], [6.942613155668361, 43.513585907335894], [6.94293834602369, 43.52042712355211], [6.94358872673435, 43.522381756756744], [6.947491010998309, 43.52531370656369], [6.94809235781372, 43.53133793428979], [6.958140854996012, 43.538987980652095], [6.961474196277496, 43.53932191119689], [6.963425338409477, 43.54225386100384], [6.970254335871406, 43.544860038610025], [6.997570325719122, 43.54811776061775], [6.999846658206431, 43.54746621621621], [7.0017978003384105, 43.54453426640926], [7.008301607445009, 43.54388272200771], [7.01122832064298, 43.53997345559844], [7.020008460236888, 43.538996138996126], [7.023260363790188, 43.53671573359072], [7.025861886632827, 43.53215492277991], [7.032690884094756, 43.504790057915045], [7.034967216582066, 43.502509652509644], [7.040820642978005, 43.50153233590733], [7.043422165820645, 43.49762306949806], [7.047974830795264, 43.49729729729729], [7.051226734348562, 43.4982746138996], [7.052202305414553, 43.50153233590733], [7.056104589678513, 43.50348696911196], [7.057080160744502, 43.51228281853281], [7.059031302876481, 43.51716940154439], [7.067885405784208, 43.51624989837788], [7.0632478108172565, 43.51801421200628], [7.067486252115061, 43.520101351351336], [7.066185490693742, 43.522381756756744], [7.050576353637904, 43.52433638996138], [7.046674069373944, 43.52922297297296], [7.046674069373944, 43.533132239382226], [7.049600782571915, 43.53997345559844], [7.059356493231812, 43.547791988416975], [7.063583967851101, 43.55365588803088], [7.0700877749577, 43.5546332046332], [7.081794627749578, 43.55365588803088], [7.084070960236888, 43.549746621621615], [7.087322863790188, 43.54876930501929], [7.088948815566837, 43.54095077220076], [7.092200719120138, 43.538996138996126], [7.0967533840947565, 43.53964768339767], [7.098704526226736, 43.54290540540539], [7.097728955160746, 43.54876930501929], [7.094477051607447, 43.549746621621615], [7.093501480541456, 43.551375482625474], [7.093501480541456, 43.552678571428565], [7.096428193739426, 43.554307432432424], [7.108135046531304, 43.55365588803088], [7.110086188663284, 43.549746621621615], [7.113338092216583, 43.54876930501929], [7.114313663282573, 43.54290540540539], [7.118215947546533, 43.540624999999984], [7.127321277495771, 43.54225386100384], [7.135776226734349, 43.54681467181466], [7.139028130287649, 43.55007239382238], [7.143905985617598, 43.55886824324323], [7.14130446277496, 43.56114864864864], [7.1406540820643, 43.563754826254815], [7.13935332064298, 43.57939189189188], [7.136101417089679, 43.581346525096514], [7.134800655668359, 43.58916505791505], [7.130898371404401, 43.59307432432431], [7.129922800338411, 43.60284749034748], [7.130898371404401, 43.62043918918918], [7.134800655668359, 43.624348455598444], [7.13707698815567, 43.63314430501929], [7.143580795262269, 43.637379343629334], [7.146507508460238, 43.64291747104246], [7.158214361252116, 43.65203909266408], [7.162173678515002, 43.657327627936404], [7.169596023688665, 43.658554536679524], [7.172522736886634, 43.65464527027026], [7.181302876480543, 43.65366795366794], [7.186180731810492, 43.65464527027026], [7.187481493231813, 43.65790299227798], [7.190408206429781, 43.6588803088803], [7.192034158206431, 43.65790299227798], [7.193334919627751, 43.653993725868716], [7.196586823181051, 43.6530164092664], [7.197562394247041, 43.6471525096525], [7.19951353637902, 43.643894787644776], [7.206017343485619, 43.64356901544401], [7.208618866328258, 43.6471525096525], [7.2164234348561775, 43.64487210424709], [7.217724196277498, 43.64552364864864], [7.2203257191201375, 43.653993725868716], [7.2268295262267355, 43.659206081081074], [7.2273140710318815, 43.661714041917804], [7.230084157694379, 43.66399006903452], [7.2286518729329625, 43.66863838563088], [7.230393896458007, 43.677654944535384], [7.240955352898992, 43.686185095760194], [7.257163760814182, 43.69314401697861], [7.277226933995954, 43.694609030233565], [7.280811125211508, 43.693412162162154], [7.282762267343488, 43.690480212355205], [7.290566835871406, 43.68917712355211], [7.292192787648055, 43.68591940154439], [7.300972927241964, 43.68494208494207], [7.30595848182879, 43.688521386492866], [7.317306606070642, 43.68699204208875], [7.319183587140442, 43.67972972972972], [7.321459919627751, 43.67940395752895], [7.324386632825721, 43.67484314671814], [7.331215630287651, 43.67516891891891], [7.337719437394249, 43.68298745173744], [7.3464995769881565, 43.68526785714285], [7.3484507191201365, 43.686896718146706], [7.347800338409476, 43.68917712355211], [7.3419469120135386, 43.69015444015443], [7.338695008460238, 43.694063706563696], [7.338119953553649, 43.70212888005914], [7.340997049697238, 43.70858115205856], [7.347685552680703, 43.71357170824048], [7.357556049069375, 43.71686776061775], [7.359832381556685, 43.721102799227786], [7.363084285109985, 43.721102799227786], [7.364710236886635, 43.71719353281852], [7.367962140439934, 43.7162162162162], [7.373815566835873, 43.71719353281852], [7.375766708967852, 43.720451254826244], [7.379716658319524, 43.721044807343475], [7.393905816138081, 43.72004675887257], [7.395278130287649, 43.71947393822393], [7.397229272419629, 43.71654198841698], [7.403733079526229, 43.71654198841698], [7.406334602368868, 43.720451254826244], [7.4154399323181055, 43.72240588803088], [7.416740693739426, 43.72598938223937], [7.425846023688665, 43.733482142857135], [7.4266862394173065, 43.73790116803245], [7.437227686125213, 43.74423262548262], [7.445511955722989, 43.75143057133403], [7.45673910744501, 43.75368001930501], [7.458039868866329, 43.75693774131273], [7.460966582064299, 43.75791505791505], [7.468120769881558, 43.74944498069497], [7.470722292724198, 43.74814189189188], [7.477876480541457, 43.747490347490334], [7.480803193739426, 43.74846766409265], [7.483729906937396, 43.753354247104234], [7.484705478003385, 43.76215009652508], [7.487957381556685, 43.763453185328174], [7.4902337140439945, 43.76736245173744], [7.506168041455162, 43.768991312741306], [7.509419945008461, 43.7702944015444], [7.5162489424703915, 43.77680984555984], [7.52145198815567, 43.77811293436293], [7.544540503384097, 43.778438706563705], [7.551369500846025, 43.77680984555984], [7.552345071912015, 43.77387789575289], [7.554621404399325, 43.773552123552115], [7.559824450084603, 43.780067567567556], [7.563726734348562, 43.78202220077219], [7.591042724196279, 43.78397683397682], [7.605676290186127, 43.78299951737451], [7.612505287648055, 43.77941602316602], [7.632016708967853, 43.77680984555984], [7.659657889170898, 43.77518098455598], [7.668112838409477, 43.77583252895752], [7.672990693739425, 43.77746138996138], [7.674291455160746, 43.780067567567556], [7.6788441201353645, 43.78332528957528], [7.688925021150594, 43.7843026061776], [7.691851734348563, 43.785931467181456], [7.691851734348563, 43.78723455598455], [7.6951036379018625, 43.788211872586864], [7.740630287648056, 43.790166505791504], [7.743882191201355, 43.79114382239382], [7.7458333333333345, 43.79407577220077], [7.753637901861254, 43.795378861003854], [7.754613472927243, 43.79863658301158], [7.758515757191203, 43.79993967181466], [7.759491328257193, 43.80287162162161], [7.761767660744503, 43.804174710424704], [7.793636315566836, 43.81069015444015], [7.798839361252115, 43.814925193050186], [7.808595071912015, 43.814925193050186], [7.813147736886633, 43.81101592664092], [7.816399640439934, 43.81036438223938], [7.833309538917091, 43.81101592664092], [7.84143929780034, 43.8159025096525], [7.849243866328259, 43.82469835907335], [7.856398054145518, 43.82600144787644], [7.858349196277497, 43.82893339768339], [7.860950719120137, 43.82991071428571], [7.892168993231811, 43.83056225868725], [7.89997356175973, 43.82893339768339], [7.900298752115061, 43.826652992277985], [7.90322546531303, 43.82567567567567], [7.906152178510999, 43.82991071428571], [7.920785744500847, 43.83284266409266], [7.926639170896787, 43.8393581081081], [7.950378066835873, 43.84229005791505], [7.953955160744503, 43.84619932432432], [7.96175972927242, 43.8475024131274], [7.9637108714044, 43.850760135135125], [7.981921531302878, 43.852714768339766], [7.983872673434858, 43.85597249034748], [7.991677241962776, 43.857275579150574], [7.995579526226736, 43.86118484555984], [8.018993231810494, 43.8628137065637], [8.022895516074453, 43.86411679536679], [8.02679780033841, 43.87095801158301], [8.030700084602369, 43.87291264478764], [8.054113790186125, 43.878450772200765], [8.057365693739426, 43.882034266409256], [8.059967216582066, 43.8826858108108], [8.075576353637903, 43.8839888996139], [8.077527495769882, 43.88757239382239], [8.085982445008462, 43.89343629343629], [8.09899005922166, 43.90809604247103], [8.107445008460239, 43.91005067567566], [8.109396150592218, 43.91330839768339], [8.127606810490693, 43.91526303088803], [8.130858714043994, 43.92014961389961], [8.140614424703895, 43.927316602316594], [8.148418993231811, 43.93741554054053], [8.15362203891709, 43.94034749034748], [8.15947546531303, 43.941324806949794], [8.162076988155668, 43.94523407335906], [8.169881556683588, 43.94653716216216], [8.171507508460238, 43.950446428571425], [8.174759412013536, 43.95142374517374], [8.175409792724196, 43.959242277992274], [8.171507508460238, 43.96217422779922], [8.169556366328258, 43.97585666023165], [8.16630446277496, 43.97748552123551], [8.165328891708969, 43.98074324324323], [8.16630446277496, 43.98660714285714], [8.170206747038918, 43.989213320463314], [8.171507508460238, 43.99703185328185], [8.175409792724196, 43.998660714285705], [8.176385363790187, 44.00191843629343], [8.184840313028769, 44.00387306949806], [8.192644881556685, 44.01266891891891], [8.196872356175973, 44.01560086872586], [8.210205160744502, 44.01853281853281], [8.219310490693742, 44.01853281853281], [8.22613948815567, 44.02276785714285], [8.23069215313029, 44.03123793436293], [8.232968485617599, 44.04394305019304], [8.23394405668359, 44.08205839768338], [8.23491962774958, 44.086293436293424], [8.237846340947549, 44.08824806949806], [8.238496721658208, 44.094763513513506], [8.243049386632826, 44.097695463320456], [8.244024957698818, 44.10095318532817], [8.251829526226736, 44.102907818532806], [8.253780668358715, 44.10779440154439], [8.254756239424704, 44.11659025096524], [8.258008142978005, 44.11789333976833], [8.259959285109986, 44.121802606177596], [8.268739424703892, 44.12277992277991], [8.273617280033843, 44.12571187258686], [8.275568422165822, 44.13743967181466], [8.279470706429782, 44.139394305019295], [8.280771467851103, 44.14265202702702], [8.292803510998308, 44.14428088803088], [8.297356175972928, 44.1475386100386], [8.300608079526228, 44.15209942084941], [8.315241645516075, 44.15503137065636], [8.316217216582066, 44.15731177606177], [8.318818739424705, 44.15861486486486], [8.35003701353638, 44.16382722007721], [8.35524005922166, 44.1651303088803], [8.359142343485619, 44.16871380308879], [8.361743866328258, 44.16936534749034], [8.377353003384096, 44.170668436293425], [8.378653764805415, 44.17294884169883], [8.382556049069375, 44.17457770270269], [8.398165186125214, 44.17588079150578], [8.400116328257194, 44.1791385135135], [8.407920896785111, 44.18044160231659], [8.410522419627751, 44.18435086872586], [8.41637584602369, 44.185328185328174], [8.41962774957699, 44.19314671814671], [8.420603320642979, 44.21920849420849], [8.422229272419628, 44.22702702702702], [8.424505604906939, 44.22735279922779], [8.42645674703892, 44.231262065637054], [8.438163599830796, 44.23321669884169], [8.440114741962777, 44.23517133204632], [8.443041455160746, 44.24689913127412], [8.450846023688666, 44.24983108108107], [8.451821594754655, 44.25634652509652], [8.455723879018613, 44.25895270270269], [8.456699450084603, 44.26221042471042], [8.455723879018613, 44.26807432432432], [8.453447546531304, 44.26872586872586], [8.451821594754655, 44.27165781853281], [8.451821594754655, 44.281430984555975], [8.453447546531304, 44.284362934362925], [8.456374259729273, 44.28534025096524], [8.457675021150592, 44.288597972972966], [8.471333016074452, 44.2905526061776], [8.472958967851103, 44.293810328185316], [8.480763536379019, 44.29511341698841], [8.482714678511, 44.29804536679536], [8.800392717234843, 44.29999999999999], [9.276909775320608, 44.29902268339767], [9.329856115107916, 44.29804536679536], [9.329856115107916, 44.296742277992266], [9.33670188848921, 44.29413610038609], [9.35984712230216, 44.28990106177605], [9.36832284172662, 44.285666023166016], [9.3741596083328, 44.27818132423122], [9.375728327583333, 44.272989588665965], [9.382210652854779, 44.27095556471815], [9.382666366906477, 44.269703185328176], [9.391142086330937, 44.26774855212354], [9.398965827338131, 44.25895270270269], [9.40613758992806, 44.25406611969111], [9.422437050359715, 44.25211148648648], [9.424392985611513, 44.24885376447875], [9.431861769923998, 44.24668685119696], [9.441018435251799, 44.23810328185327], [9.447864208633096, 44.237125965250954], [9.45047212230216, 44.23321669884169], [9.458295863309354, 44.2319136100386], [9.462207733812951, 44.22800434362934], [9.48959082733813, 44.226049710424704], [9.50947616906475, 44.20682915057914], [9.530013489208635, 44.20291988416987], [9.543379046762592, 44.198359073359065], [9.547616906474822, 44.19510135135134], [9.554462679856115, 44.18630550193049], [9.559026528776979, 44.18435086872586], [9.560330485611512, 44.18044160231659], [9.564242356115109, 44.1791385135135], [9.56522032374101, 44.17588079150578], [9.573044064748203, 44.17457770270269], [9.575651978417266, 44.170668436293425], [9.58347571942446, 44.16936534749034], [9.58738758992806, 44.164804536679526], [9.595211330935253, 44.163501447876435], [9.596189298561153, 44.16024372586872], [9.60010116906475, 44.15861486486486], [9.601731115107913, 44.15079633204632], [9.61281474820144, 44.145909749034736], [9.623246402877701, 44.13418194980694], [9.630418165467628, 44.132878861003846], [9.632374100719426, 44.1299469111969], [9.634656025179858, 44.12929536679536], [9.655193345323742, 44.13124999999999], [9.6675809352518, 44.13092422779922], [9.676708633093526, 44.12343146718146], [9.683880395683454, 44.12277992277991], [9.69072616906475, 44.11984797297296], [9.700505845323743, 44.10974903474903], [9.706373651079138, 44.10714285714285], [9.734408723021584, 44.10030164092663], [9.736690647482016, 44.09802123552123], [9.738646582733814, 44.09215733590733], [9.746470323741008, 44.090528474903465], [9.749078237410073, 44.0866192084942], [9.756901978417266, 44.08531611969111], [9.758531924460431, 44.08205839768339], [9.770593525179859, 44.08042953667953], [9.775157374100722, 44.07717181467181], [9.778743255395685, 44.07228523166022], [9.797976618705036, 44.064792471042466], [9.800584532374103, 44.06120897683397], [9.818839928057555, 44.059254343629334], [9.823077787769787, 44.053390444015434], [9.832125834722268, 44.0463577588725], [9.833307166346966, 44.04369971231022], [9.835228026773269, 44.04348615848869], [9.837747302158274, 44.038730694980686], [9.844267086330937, 44.03449565637065], [9.848178956834534, 44.024396718146704], [9.854698741007194, 44.024396718146704], [9.856654676258994, 44.02765444015443], [9.855676708633094, 44.033518339768335], [9.851764838129498, 44.035147200772194], [9.851438848920864, 44.037427606177594], [9.852742805755398, 44.03807915057914], [9.868716276978418, 44.03449565637065], [9.874258093525182, 44.03026061776061], [9.878169964028778, 44.024396718146704], [9.881755845323742, 44.02309362934362], [9.883711780575542, 44.013972007722], [9.886971672661872, 44.01299469111969], [9.889905575539569, 44.007456563706555], [9.897729316546764, 44.002244208494204], [9.899033273381296, 43.998660714285705], [9.907183003597122, 43.99703185328185], [9.913702787769786, 43.989213320463314], [9.922830485611513, 43.98660714285714], [9.930328237410073, 43.9787886100386], [9.954125449640289, 43.97585666023165], [9.95640737410072, 43.972598938223925], [9.966513039568346, 43.969666988416975], [9.973032823741008, 43.96184845559844], [9.979878597122303, 43.960219594594584], [9.981834532374101, 43.955333011583], [9.981508543165468, 43.948491795366785], [9.979878597122305, 43.945559845559835], [9.977596672661871, 43.94490830115829], [9.976618705035973, 43.941650579150576], [9.976618705035973, 43.93904440154439], [9.978900629496405, 43.93708976833976], [10.011825539568347, 43.933180501930494], [10.019975269784174, 43.92536196911196], [10.02682104316547, 43.92405888030887], [10.030732913669066, 43.914937258687246], [10.03855665467626, 43.91330839768339], [10.041164568345327, 43.90939913127412], [10.04898830935252, 43.90809604247104], [10.051596223021583, 43.90418677606177], [10.059419964028777, 43.90288368725868], [10.060397931654677, 43.89962596525096], [10.064309802158274, 43.898322876447864], [10.065287769784174, 43.895390926640914], [10.063331834532374, 43.893762065637056], [10.057138039568347, 43.89278474903474], [10.05648606115108, 43.89148166023165], [10.058116007194247, 43.88692084942084], [10.062679856115109, 43.883663127413115], [10.075719424460434, 43.88105694980695], [10.08093525179856, 43.8745415057915], [10.083543165467628, 43.873238416988414], [10.093648830935255, 43.87160955598455], [10.096582733812951, 43.866722972972966], [10.09853866906475, 43.8569498069498], [10.106362410071943, 43.8510859073359], [10.107992356115108, 43.84685086872586], [10.111252248201442, 43.84685086872586], [10.11223021582734, 43.84978281853281], [10.115164118705037, 43.85141167953667], [10.122009892086332, 43.85173745173744], [10.124943794964029, 43.85043436293435], [10.127877697841727, 43.84391891891891], [10.127551708633096, 43.834797297297285], [10.125921762589929, 43.83088803088802], [10.122987859712232, 43.82991071428571], [10.122661870503599, 43.8276303088803], [10.124617805755397, 43.82600144787644], [10.130811600719426, 43.82502413127413], [10.13146357913669, 43.823721042471036], [10.129833633093527, 43.81916023166023], [10.13015962230216, 43.817205598455594], [10.132115557553957, 43.8159025096525], [10.140917266187051, 43.815250965250954], [10.14482913669065, 43.81394787644787], [10.147437050359713, 43.811341698841694], [10.14906699640288, 43.798310810810804], [10.149718974820145, 43.79570463320463], [10.15330485611511, 43.79212113899614], [10.154608812949643, 43.78756032818532], [10.15982464028777, 43.76019546332046], [10.164062500000004, 43.7549831081081], [10.165366456834533, 43.7432553088803], [10.168626348920863, 43.74097490347489], [10.170582284172664, 43.72273166023165], [10.173842176258994, 43.71947393822393], [10.175798111510792, 43.69210907335906], [10.18068794964029, 43.686245173745164], [10.185903776978417, 43.6706081081081], [10.190141636690651, 43.667350386100374], [10.19144559352518, 43.65953185328184], [10.194705485611511, 43.65757722007721], [10.195031474820144, 43.641614382239375], [10.191771582733814, 43.63607625482624], [10.185903776978417, 43.63216698841698], [10.185251798561152, 43.6295608108108], [10.19372751798561, 43.62206805019304], [10.195683453237411, 43.60936293436293], [10.194379496402878, 43.60545366795366], [10.191771582733814, 43.60284749034748], [10.176124100719427, 43.60056708494208], [10.172864208633094, 43.59633204633204], [10.170582284172664, 43.59665781853281], [10.167648381294963, 43.60121862934362], [10.161128597122303, 43.600892857142846], [10.158194694244605, 43.59307432432431], [10.153304856115108, 43.59111969111968], [10.143525179856116, 43.59307432432431], [10.137657374100723, 43.600892857142846], [10.134071492805756, 43.60121862934362], [10.13244154676259, 43.59698359073358], [10.124617805755397, 43.59111969111968], [10.122661870503599, 43.581346525096514], [10.124291816546764, 43.578414575289564], [10.127551708633096, 43.57645994208493], [10.14808902877698, 43.57352799227798], [10.154282823741008, 43.56701254826254], [10.15754271582734, 43.56570945945945], [10.170908273381297, 43.56473214285713], [10.174820143884894, 43.56310328185327], [10.174168165467627, 43.5604971042471], [10.168300359712232, 43.55658783783783], [10.165040467625902, 43.55202702702701], [10.165366456834533, 43.53997345559844], [10.16927832733813, 43.53801882239381], [10.17025629496403, 43.534761100386085], [10.178080035971224, 43.533458011583], [10.180687949640289, 43.529548745173734], [10.188837679856118, 43.527919884169876], [10.193727517985613, 43.522055984555976], [10.199269334532376, 43.51879826254825], [10.215242805755398, 43.51912403474902], [10.217198741007197, 43.522381756756744], [10.223066546762592, 43.52335907335906], [10.226326438848922, 43.52531370656369], [10.228934352517987, 43.533132239382226], [10.235454136690649, 43.53410955598454], [10.238062050359712, 43.53801882239381], [10.241321942446044, 43.538996138996126], [10.24718974820144, 43.53801882239381], [10.248493705035973, 43.534761100386085], [10.251753597122303, 43.533783783783775], [10.256317446043166, 43.53410955598454], [10.258273381294964, 43.53704150579149], [10.262185251798561, 43.53867036679535], [10.275224820143887, 43.53801882239381], [10.279136690647483, 43.533132239382226], [10.280440647482017, 43.525965250965235], [10.28304856115108, 43.52335907335906], [10.292176258992807, 43.520101351351336], [10.296088129496404, 43.475672156531516], [10.298696043165467, 43.388116855694975], [10.3, 43.25743544884169], [10.2990220323741, 42.95327230131917], [10.297066097122304, 42.86636854488416], [10.294219420570764, 42.8242085116457], [10.28505021485379, 42.824546254662984], [10.284352517985614, 42.82617187499999], [10.281418615107917, 42.82779947916666], [10.269683003597125, 42.8291015625], [10.266749100719426, 42.8330078125], [10.260229316546763, 42.832682291666664], [10.258273381294964, 42.82942708333333], [10.258925359712231, 42.824869791666664], [10.262185251798563, 42.82291666666666], [10.26805305755396, 42.821940104166664], [10.26805305755396, 42.818359375], [10.260229316546763, 42.81282552083333], [10.258273381294964, 42.80598958333333], [10.255339478417266, 42.802734375], [10.247427871410347, 42.80194435102445], [10.224119529403652, 42.80295108835406], [10.21160398653987, 42.806457482173606], [10.20807104316547, 42.80859375], [10.189532363522936, 42.81543236817689], [10.17945254760356, 42.81724280645904], [10.158422617813352, 42.81579879270673], [10.133093525179858, 42.81054687499999], [10.126047506529465, 42.8067700591566], [10.123313848920866, 42.806315104166664], [10.12270487093301, 42.8050988981277], [10.117754443392833, 42.80262391653225], [10.112882194244605, 42.80208333333333], [10.107992356115108, 42.80013020833333], [10.10603642086331, 42.79231770833333], [10.10375449640288, 42.79166666666666], [10.10277652877698, 42.78971354166666], [10.10179856115108, 42.77213541666666], [10.103754496402878, 42.76236979166666], [10.105710431654678, 42.76041666666666], [10.107822382100235, 42.75981411922837], [10.108142570884086, 42.75822772121552], [10.111653964313453, 42.7554517632617], [10.11223021582734, 42.74739583333333], [10.115164118705037, 42.740885416666664], [10.127877697841729, 42.73763020833333], [10.131137589928057, 42.733072916666664], [10.136679406474821, 42.72981770833333], [10.152652877697843, 42.728190104166664], [10.155912769784175, 42.72395833333333], [10.158846672661872, 42.72493489583333], [10.15982464028777, 42.728190104166664], [10.167648381294963, 42.72949218749999], [10.171886241007195, 42.73339843749999], [10.183295863309354, 42.73437499999999], [10.203833183453238, 42.73339843749999], [10.208071043165468, 42.72949218749999], [10.215894784172665, 42.728190104166664], [10.218176708633095, 42.72493489583333], [10.232846223021586, 42.72395833333333], [10.24295188848921, 42.72688802083333], [10.252079586330936, 42.73665364583333], [10.258925359712231, 42.73958333333333], [10.267727068345327, 42.73860677083333], [10.270660971223023, 42.73437499999999], [10.272942895683453, 42.73470052083333], [10.274246852517987, 42.73860677083333], [10.275876798561153, 42.73958333333333], [10.278158723021583, 42.7392578125], [10.279136690647483, 42.736328125], [10.28207059352518, 42.73470052083333], [10.291850269784174, 42.73502604166666], [10.294784172661872, 42.73828124999999], [10.29576214028777, 42.74414062499999], [10.298044064748202, 42.74479166666666], [10.3, 42.59830729166666], [10.2990220323741, 42.42675781249999], [10.297066097122304, 42.37662760416666], [10.294132194244606, 42.35026041666666], [10.28728642086331, 42.34440104166666], [10.284352517985614, 42.33593749999999], [10.284352517985614, 42.33072916666666], [10.28728642086331, 42.32226562499999], [10.294132194244606, 42.31640624999999], [10.297066097122304, 42.23242187499999], [10.3, 41.82031249999999], [10.3, 41.49218749999999], [10.260229316546763, 41.24609374999999], [10.180687949640287, 41.08203124999999], [10.061375899280575, 40.99999999999999], [9.70343974820144, 41.00097656249999], [9.663669064748202, 41.00195312499999], [9.663017086330935, 41.00423177083333], [9.655193345323742, 41.00553385416666], [9.65193345323741, 41.00911458333333], [9.647389285753976, 41.00846634926088], [9.64376073988884, 41.0102564450992], [9.617017407900892, 41.01768540849231], [9.612488758992807, 41.02311197916666], [9.605642985611512, 41.02604166666666], [9.59684127697842, 41.02701822916666], [9.59488534172662, 41.03092447916666], [9.59162544964029, 41.03092447916666], [9.59064748201439, 41.02799479166666], [9.586735611510793, 41.02636718749999], [9.57369604316547, 41.02701822916666], [9.569784172661873, 41.03190104166666], [9.56848021582734, 41.03906249999999], [9.565872302158276, 41.04166666666666], [9.55283273381295, 41.04752604166666], [9.550224820143885, 41.05143229166666], [9.548920863309354, 41.06315104166666], [9.550876798561152, 41.07291666666666], [9.553484712230219, 41.07356770833333], [9.560982464028779, 41.08268229166666], [9.567828237410072, 41.08365885416666], [9.570762140287773, 41.08756510416666], [9.57271807553957, 41.08821614583333], [9.579563848920865, 41.08854166666666], [9.58543165467626, 41.09049479166666], [9.58738758992806, 41.09244791666666], [9.58869154676259, 41.09700520833333], [9.584779676258995, 41.09895833333333], [9.5759779676259, 41.09993489583333], [9.574022032374103, 41.10384114583333], [9.571740107913671, 41.10416666666666], [9.567828237410072, 41.13248697916666], [9.565872302158274, 41.13346354166666], [9.561308453237412, 41.13085937499999], [9.557396582733812, 41.12532552083333], [9.55283273381295, 41.12499999999999], [9.549572841726619, 41.12695312499999], [9.547942895683455, 41.13476562499999], [9.545008992805757, 41.13606770833333], [9.546638938848922, 41.14453124999999], [9.544683003597124, 41.14713541666666], [9.531969424460433, 41.15559895833333], [9.52936151079137, 41.15950520833333], [9.527731564748205, 41.17317708333333], [9.526101618705038, 41.17708333333333], [9.523167715827338, 41.17610677083333], [9.521863758992806, 41.17285156249999], [9.510128147482014, 41.17154947916666], [9.507194244604317, 41.16992187499999], [9.507846223021584, 41.16731770833333], [9.515669964028778, 41.16210937499999], [9.517625899280578, 41.15820312499999], [9.514691996402881, 41.15657552083333], [9.50523830935252, 41.15559895833333], [9.503934352517987, 41.15429687499999], [9.504912320143886, 41.14778645833333], [9.502956384892087, 41.14648437499999], [9.490242805755397, 41.14615885416666], [9.4863309352518, 41.14778645833333], [9.4853529676259, 41.15071614583333], [9.48307104316547, 41.15104166666666], [9.479159172661872, 41.14680989583333], [9.451776079136692, 41.14485677083333], [9.449820143884894, 41.14388020833333], [9.448842176258996, 41.14095052083333], [9.446560251798562, 41.14062499999999], [9.444930305755395, 41.14257812499999], [9.443626348920864, 41.15039062499999], [9.440366456834534, 41.15136718749999], [9.437432553956835, 41.15592447916666], [9.429608812949642, 41.15722656249999], [9.428630845323742, 41.16048177083333], [9.424718974820145, 41.16276041666666], [9.423415017985615, 41.17838541666666], [9.421785071942448, 41.18229166666666], [9.419503147482015, 41.18196614583333], [9.418590454196645, 41.179232], [9.412283, 41.179232], [9.403636345180361, 41.18026995769712], [9.389694, 41.185283641525935], [9.389694, 41.18405829536124], [9.383318345323742, 41.18815104166666], [9.375494604316547, 41.19694010416666], [9.36832284172662, 41.19856770833333], [9.365388938848922, 41.20638020833333], [9.360499100719425, 41.20833333333333], [9.351697392086333, 41.20930989583333], [9.348763489208634, 41.21354166666666], [9.346481564748203, 41.21321614583333], [9.344525629496406, 41.20930989583333], [9.340478972410882, 41.20873263255861], [9.33654904676528, 41.20975798270479], [9.336402427327085, 41.208151105704495], [9.330834082733816, 41.20735677083333], [9.327900179856117, 41.20345052083333], [9.321380395683454, 41.20345052083333], [9.317468525179859, 41.20833333333333], [9.315186600719425, 41.20800781249999], [9.312252697841728, 41.20345052083333], [9.305732913669067, 41.20345052083333], [9.302799010791368, 41.20800781249999], [9.299539118705038, 41.20898437499999], [9.297583183453238, 41.21809895833333], [9.294323291366908, 41.21907552083333], [9.292367356115108, 41.22363281249999], [9.280631744604317, 41.23307291666666], [9.276067895683456, 41.24283854166666], [9.267918165467627, 41.24479166666666], [9.259296313026093, 41.24536563098149], [9.257199183590497, 41.24802866222597], [9.252009358897348, 41.24711824180983], [9.249662769784175, 41.24967447916666], [9.243142985611511, 41.25065104166666], [9.239557104316548, 41.25846354166666], [9.229555402562331, 41.26063151419599], [9.21673785971223, 41.25944010416666], [9.214129946043165, 41.25618489583333], [9.202394334532375, 41.25488281249999], [9.198155952646545, 41.25130217023722], [9.186420863309355, 41.25325520833333], [9.178923111510793, 41.25292968749999], [9.175337230215828, 41.24869791666666], [9.172077338129498, 41.24707031249999], [9.136870503597123, 41.24804687499999], [9.13654451438849, 41.24576822916666], [9.131980665467626, 41.24283854166666], [9.132632643884893, 41.23502604166666], [9.135892535971225, 41.23404947916666], [9.138174460431657, 41.23014322916666], [9.153821942446045, 41.22851562499999], [9.157733812949642, 41.22526041666666], [9.157407823741009, 41.22070312499999], [9.153495953237412, 41.21647135416666], [9.151540017985614, 41.18457031249999], [9.150562050359714, 41.18229166666666], [9.148280125899282, 41.18164062499999], [9.147302158273384, 41.17578124999999], [9.145020233812952, 41.17350260416666], [9.11209532374101, 41.16503906249999], [9.103945593525182, 41.15690104166666], [9.094817895683455, 41.15429687499999], [9.089928057553958, 41.14778645833333], [9.07525854316547, 41.14485677083333], [9.072324640287771, 41.14062499999999], [9.070042715827338, 41.14095052083333], [9.067108812949641, 41.14550781249999], [9.059285071942448, 41.14680989583333], [9.057003147482016, 41.15006510416666], [9.042333633093527, 41.15104166666666], [9.0332059352518, 41.14908854166666], [9.027664118705037, 41.14257812499999], [9.01755845323741, 41.13964843749999], [9.015928507194245, 41.13639322916666], [9.002236960431656, 41.13444010416666], [9.000933003597124, 41.13118489583333], [8.996369154676263, 41.12923177083333], [8.986589478417269, 41.11751302083333], [8.979743705035974, 41.11458333333333], [8.97094199640288, 41.11360677083333], [8.969638039568348, 41.11035156249999], [8.965726169064748, 41.10839843749999], [8.964422212230216, 41.09667968749999], [8.963770233812951, 41.09472656249999], [8.959858363309355, 41.09179687499999], [8.959206384892088, 41.08528645833333], [8.953664568345326, 41.08138020833333], [8.949426708633094, 41.07486979166666], [8.939321043165467, 41.07194010416666], [8.938343075539569, 41.06868489583333], [8.933779226618707, 41.06673177083333], [8.92171762589928, 41.05305989583333], [8.914545863309353, 41.05175781249999], [8.911611960431655, 41.04785156249999], [8.909656025179856, 41.04720052083333], [8.899876348920863, 41.04654947916666], [8.896942446043166, 41.04492187499999], [8.896942446043166, 41.04361979166666]], [[3.186132812500013, 41.86035156249999], [3.185481770833346, 41.86425781249999], [3.181575520833346, 41.86360677083333], [3.181575520833346, 41.86035156249999], [3.183203125000013, 41.85937499999999], [3.186132812500013, 41.86035156249999]], [[10.117120053956835, 43.84229005791505], [10.116468075539569, 43.84619932432432], [10.112556205035974, 43.845547779922775], [10.112556205035974, 43.84229005791505], [10.114186151079139, 43.841312741312734], [10.117120053956835, 43.84229005791505]], [[10.122335881294966, 43.8370777027027], [10.121683902877699, 43.84098696911197], [10.117772032374102, 43.84033542471042], [10.117772032374102, 43.8370777027027], [10.119401978417269, 43.83610038610038], [10.122335881294966, 43.8370777027027]], [[10.144503147482016, 43.789514961389955], [10.148415017985613, 43.790166505791504], [10.147763039568346, 43.79407577220077], [10.144503147482016, 43.79407577220077], [10.143525179856116, 43.792446911196905], [10.144503147482016, 43.789514961389955]], [[8.900202338129498, 41.68261718749999], [8.892378597122304, 41.68131510416666], [8.89074865107914, 41.67805989583333], [8.877057104316549, 41.67610677083333], [8.875101169064749, 41.67220052083333], [8.871841276978419, 41.67122395833333], [8.868907374100718, 41.66113281249999], [8.862387589928058, 41.65690104166666], [8.859262478183698, 41.65201822916666], [8.844907169917619, 41.65039062499999], [8.839773688663282, 41.64713541666666], [8.836521785109984, 41.64257812499999], [8.821888219120137, 41.63964843749999], [8.820262267343487, 41.63639322916666], [8.817010363790189, 41.63541666666666], [8.812457698815567, 41.63606770833333], [8.809856175972929, 41.64388020833333], [8.804002749576988, 41.64583333333333], [8.7997752749577, 41.64388020833333], [8.793271467851099, 41.63606770833333], [8.788393612521151, 41.63541666666666], [8.785141708967853, 41.63346354166666], [8.784166137901863, 41.62695312499999], [8.780263853637905, 41.62402343749999], [8.779613472927245, 41.62207031249999], [8.778312711505924, 41.61035156249999], [8.776036379018613, 41.60937499999999], [8.774410427241964, 41.60644531249999], [8.773109665820645, 41.59667968749999], [8.771158523688664, 41.59472656249999], [8.761402813028766, 41.59342447916666], [8.758476099830796, 41.59179687499999], [8.758476099830796, 41.59049479166666], [8.761402813028766, 41.58886718749999], [8.771483714043994, 41.58789062499999], [8.774085236886634, 41.58658854166666], [8.780914234348565, 41.57877604166666], [8.787743231810492, 41.57779947916666], [8.789694373942472, 41.57617187499999], [8.787743231810492, 41.57324218749999], [8.779938663282575, 41.57194010416666], [8.778963092216584, 41.56868489583333], [8.775060807952624, 41.56673177083333], [8.774085236886634, 41.55794270833333], [8.776361569373943, 41.55501302083333], [8.787743231810492, 41.55208333333333], [8.80823022419628, 41.55110677083333], [8.814408840947547, 41.54720052083333], [8.830017978003387, 41.54589843749999], [8.833269881556685, 41.54101562499999], [8.839773688663282, 41.53710937499999], [8.841724830795263, 41.53450520833333], [8.841399640439931, 41.53222656249999], [8.838472927241963, 41.53124999999999], [8.836846975465313, 41.52832031249999], [8.836521785109984, 41.52148437499999], [8.838994119583775, 41.51888020833333], [8.843938788531359, 41.51757812499999], [8.868662133269273, 41.51953124999999], [8.876079136690649, 41.51888020833333], [8.877057104316549, 41.51595052083333], [8.880316996402879, 41.51497395833333], [8.881294964028779, 41.50911458333333], [8.882924910071944, 41.50716145833333], [8.891074640287771, 41.50520833333333], [8.905744154676261, 41.50423177083333], [8.908352068345327, 41.50032552083333], [8.911611960431657, 41.49934895833333], [8.912589928057555, 41.49348958333333], [8.915523830935253, 41.49153645833333], [8.956598471223023, 41.48763020833333], [8.959532374100721, 41.48567708333333], [8.960510341726621, 41.47981770833333], [8.963770233812951, 41.47884114583333], [8.965726169064748, 41.47493489583333], [8.979417715827338, 41.47298177083333], [8.982351618705039, 41.46874999999999], [8.984633543165469, 41.46940104166666], [8.985937500000002, 41.47721354166666], [8.988871402877699, 41.47916666666666], [8.991805305755395, 41.47493489583333], [9.00060701438849, 41.47395833333333], [9.007452787769786, 41.47102864583333], [9.015602517985613, 41.46126302083333], [9.020818345323743, 41.45833333333333], [9.026686151079138, 41.46028645833333], [9.027664118705037, 41.46679687499999], [9.030598021582737, 41.46874999999999], [9.0322279676259, 41.46582031249999], [9.032553956834533, 41.45898437499999], [9.03548785971223, 41.45410156249999], [9.045267535971224, 41.45345052083333], [9.048201438848922, 41.45507812499999], [9.049179406474822, 41.45800781249999], [9.052439298561152, 41.45800781249999], [9.05439523381295, 41.45345052083333], [9.066130845323743, 41.44433593749999], [9.070042715827338, 41.43847656249999], [9.081778327338132, 41.43782552083333], [9.084712230215828, 41.43945312499999], [9.085690197841728, 41.44238281249999], [9.088950089928058, 41.44238281249999], [9.090580035971225, 41.43847656249999], [9.098403776978419, 41.43717447916666], [9.100359712230217, 41.43554687499999], [9.099381744604319, 41.43261718749999], [9.096121852517985, 41.43164062499999], [9.094817895683454, 41.42382812499999], [9.091883992805757, 41.42187499999999], [9.090254046762592, 41.41601562499999], [9.089928057553958, 41.40234374999999], [9.09220998201439, 41.39680989583333], [9.096773830935254, 41.39355468749999], [9.103619604316549, 41.39257812499999], [9.124156924460433, 41.39453124999999], [9.126438848920865, 41.39388020833333], [9.128394784172663, 41.39095052083333], [9.136218525179856, 41.38964843749999], [9.136870503597123, 41.38736979166666], [9.138826438848922, 41.38639322916666], [9.166209532374102, 41.38444010416666], [9.1681654676259, 41.38346354166666], [9.1691434352518, 41.38053385416666], [9.172403327338131, 41.37923177083333], [9.173381294964031, 41.37044270833333], [9.176967176258994, 41.36751302083333], [9.184138938848923, 41.36555989583333], [9.219997751798562, 41.36490885416666], [9.230755395683454, 41.36653645833333], [9.231733363309354, 41.36946614583333], [9.234993255395684, 41.36946614583333], [9.236949190647483, 41.36555989583333], [9.248684802158277, 41.36393229166666], [9.251618705035973, 41.36067708333333], [9.25129271582734, 41.35611979166666], [9.247380845323743, 41.35351562499999], [9.24607688848921, 41.34570312499999], [9.241513039568346, 41.34277343749999], [9.241513039568346, 41.33951822916666], [9.245424910071943, 41.33821614583333], [9.246402877697843, 41.33528645833333], [9.24933678057554, 41.33365885416666], [9.256182553956835, 41.33333333333333], [9.259116456834533, 41.33463541666666], [9.262050359712232, 41.34114583333333], [9.26302832733813, 41.35091145833333], [9.267918165467627, 41.35807291666666], [9.27671987410072, 41.36588541666666], [9.277371852517987, 41.37304687499999], [9.272808003597124, 41.37597656249999], [9.27150404676259, 41.37923177083333], [9.262702338129499, 41.38020833333333], [9.258790467625902, 41.38216145833333], [9.261398381294963, 41.38867187499999], [9.266288219424462, 41.39127604166666], [9.26726618705036, 41.39453124999999], [9.266288219424462, 41.40039062499999], [9.26302832733813, 41.40136718749999], [9.261724370503599, 41.40527343749999], [9.257812500000002, 41.40657552083333], [9.256834532374102, 41.40820312499999], [9.257160521582735, 41.41048177083333], [9.260094424460432, 41.41145833333333], [9.261724370503599, 41.41536458333333], [9.261072392086332, 41.43098958333333], [9.260094424460432, 41.43229166666666], [9.257812500000002, 41.43196614583333], [9.256834532374102, 41.42903645833333], [9.252922661870505, 41.42740885416666], [9.243794964028778, 41.42708333333333], [9.239883093525181, 41.42838541666666], [9.237275179856116, 41.43098958333333], [9.235971223021584, 41.43489583333333], [9.237275179856116, 41.44401041666666], [9.239883093525181, 41.44661458333333], [9.243794964028778, 41.44791666666666], [9.249010791366908, 41.44791666666666], [9.25553057553957, 41.44986979166666], [9.256834532374102, 41.45442708333333], [9.260746402877698, 41.45768229166666], [9.269874100719425, 41.45833333333333], [9.276393884892087, 41.46126302083333], [9.279653776978419, 41.47395833333333], [9.284217625899283, 41.47721354166666], [9.286173561151081, 41.48079427083333], [9.28812949640288, 41.49479166666666], [9.289107464028778, 41.51822916666666], [9.290085431654678, 41.52083333333333], [9.29236735611511, 41.52148437499999], [9.293345323741008, 41.52734374999999], [9.295301258992806, 41.53059895833333], [9.302147032374103, 41.53190104166666], [9.310622751798562, 41.54101562499999], [9.31779451438849, 41.54231770833333], [9.324966276978419, 41.55013020833333], [9.33246402877698, 41.55208333333333], [9.341265737410076, 41.55143229166666], [9.343221672661873, 41.55013020833333], [9.342569694244606, 41.54329427083333], [9.344525629496403, 41.54134114583333], [9.353327338129498, 41.53841145833333], [9.357239208633095, 41.53841145833333], [9.35984712230216, 41.53971354166666], [9.361151079136691, 41.54231770833333], [9.36310701438849, 41.55110677083333], [9.370930755395687, 41.55305989583333], [9.371908723021585, 41.55631510416666], [9.374842625899282, 41.55729166666666], [9.376472571942447, 41.56022135416666], [9.376146582733814, 41.56998697916666], [9.372886690647483, 41.57291666666666], [9.366040917266186, 41.57096354166666], [9.359195143884893, 41.56249999999999], [9.35789118705036, 41.56249999999999], [9.356261241007196, 41.56542968749999], [9.356913219424461, 41.57714843749999], [9.36082508992806, 41.58007812499999], [9.362129046762591, 41.58789062499999], [9.366040917266188, 41.58951822916666], [9.36734487410072, 41.59342447916666], [9.370604766187054, 41.59440104166666], [9.371582733812952, 41.60026041666666], [9.367670863309355, 41.60253906249999], [9.352023381294966, 41.60026041666666], [9.349741456834533, 41.60384114583333], [9.346481564748203, 41.60481770833333], [9.345503597122304, 41.61067708333333], [9.350393435251801, 41.61393229166666], [9.36180305755396, 41.61458333333333], [9.369952787769787, 41.61751302083333], [9.371582733812952, 41.62044270833333], [9.372234712230219, 41.62760416666666], [9.37353866906475, 41.63020833333333], [9.381362410071944, 41.63704427083333], [9.382992356115109, 41.64518229166666], [9.386904226618707, 41.64778645833333], [9.388208183453239, 41.65559895833333], [9.392120053956836, 41.65820312499999], [9.393424010791367, 41.66601562499999], [9.396683902877701, 41.66764322916666], [9.398639838129498, 41.68131510416666], [9.401899730215828, 41.68359374999999], [9.403203687050361, 41.69921874999999], [9.404833633093528, 41.70312499999999], [9.406137589928058, 41.70312499999999], [9.407115557553958, 41.70768229166666], [9.408093525179858, 41.73046874999999], [9.407115557553958, 41.77148437499999], [9.406137589928058, 41.77604166666666], [9.404833633093528, 41.77604166666666], [9.403855665467628, 41.77864583333333], [9.402877697841728, 41.79166666666666], [9.403203687050361, 41.80989583333333], [9.404833633093528, 41.81770833333333], [9.407115557553958, 41.81933593749999], [9.408093525179858, 41.83398437499999], [9.407115557553958, 41.84212239583333], [9.403203687050361, 41.84472656249999], [9.402877697841728, 41.84700520833333], [9.403855665467628, 41.84863281249999], [9.407115557553958, 41.84960937499999], [9.408419514388491, 41.85742187499999], [9.412331384892088, 41.86100260416666], [9.415265287769785, 41.88476562499999], [9.421785071942448, 41.89062499999999], [9.425696942446045, 41.90527343749999], [9.430260791366909, 41.90624999999999], [9.433520683453239, 41.91015624999999], [9.434824640287772, 41.92350260416666], [9.438084532374102, 41.92903645833333], [9.442648381294966, 41.93261718749999], [9.445582284172662, 41.94986979166666], [9.447538219424462, 41.95377604166666], [9.461229766187053, 41.96582031249999], [9.46937949640288, 41.97623697916666], [9.474595323741008, 41.97916666666666], [9.480463129496403, 41.98014322916666], [9.481441097122303, 41.98339843749999], [9.485678956834533, 41.98567708333333], [9.49154676258993, 42.00195312499999], [9.506216276978417, 42.01790364583333], [9.509150179856118, 42.03027343749999], [9.516973920863311, 42.03222656249999], [9.519581834532378, 42.03710937499999], [9.526101618705038, 42.04134114583333], [9.529035521582736, 42.05078124999999], [9.542727068345325, 42.06380208333333], [9.544683003597125, 42.07226562499999], [9.548594874100722, 42.07389322916666], [9.557722571942445, 42.08561197916666], [9.563590377697842, 42.08919270833333], [9.564894334532376, 42.09700520833333], [9.567828237410072, 42.09895833333333], [9.56945818345324, 42.13020833333333], [9.570762140287773, 42.25520833333333], [9.571740107913671, 42.26562499999999], [9.573044064748203, 42.26562499999999], [9.574674010791368, 42.26953124999999], [9.575000000000001, 42.27864583333333], [9.574022032374103, 42.28515624999999], [9.570762140287773, 42.28808593749999], [9.568806205035973, 42.30826822916666], [9.566850269784176, 42.31282552083333], [9.555114658273384, 42.32519531249999], [9.553810701438852, 42.33561197916666], [9.553158723021586, 42.33756510416666], [9.550876798561152, 42.33854166666666], [9.549898830935252, 42.34277343749999], [9.548920863309354, 42.36393229166666], [9.549898830935252, 42.40201822916666], [9.550876798561152, 42.40624999999999], [9.552180755395685, 42.40624999999999], [9.553810701438852, 42.40917968749999], [9.555114658273382, 42.42089843749999], [9.558374550359712, 42.42252604166666], [9.559678507194246, 42.43033854166666], [9.562612410071942, 42.43229166666666], [9.563264388489209, 42.44303385416666], [9.561308453237412, 42.46809895833333], [9.557722571942445, 42.48600260416666], [9.555440647482015, 42.48958333333333], [9.550876798561152, 42.48990885416666], [9.548920863309354, 42.49153645833333], [9.549898830935252, 42.49446614583333], [9.552180755395685, 42.49479166666666], [9.553810701438852, 42.49967447916666], [9.553810701438852, 42.51595052083333], [9.552180755395685, 42.52083333333333], [9.549898830935252, 42.52213541666666], [9.548920863309354, 42.53385416666666], [9.549898830935252, 42.54036458333333], [9.553158723021586, 42.54231770833333], [9.554136690647484, 42.54817708333333], [9.553158723021586, 42.55143229166666], [9.550876798561152, 42.55208333333333], [9.549898830935252, 42.55403645833333], [9.548268884892087, 42.57779947916666], [9.545008992805757, 42.58528645833333], [9.539141187050362, 42.58919270833333], [9.537837230215828, 42.59277343749999], [9.531969424460433, 42.59374999999999], [9.528709532374103, 42.59570312499999], [9.527079586330938, 42.60351562499999], [9.523819694244605, 42.60449218749999], [9.521537769784173, 42.60872395833333], [9.509802158273382, 42.61263020833333], [9.501326438848922, 42.61718749999999], [9.489264838129497, 42.63118489583333], [9.476877248201442, 42.64095052083333], [9.475247302158277, 42.64485677083333], [9.467097571942446, 42.64713541666666], [9.459599820143886, 42.66536458333333], [9.455361960431656, 42.668619791666664], [9.454058003597122, 42.676432291666664], [9.450798111510792, 42.67805989583333], [9.449820143884894, 42.68294270833333], [9.45047212230216, 42.690104166666664], [9.451776079136692, 42.69270833333333], [9.456339928057556, 42.695963541666664], [9.460577787769784, 42.70833333333333], [9.464815647482016, 42.74446614583333], [9.467423561151081, 42.75520833333333], [9.470357464028778, 42.75716145833333], [9.47166142086331, 42.76497395833333], [9.474921312949643, 42.76595052083333], [9.476551258992808, 42.770182291666664], [9.484375000000002, 42.776041666666664], [9.4863309352518, 42.78190104166666], [9.486656924460434, 42.78873697916666], [9.487308902877698, 42.79069010416666], [9.491220773381297, 42.793619791666664], [9.492198741007195, 42.800455729166664], [9.501978417266189, 42.80924479166666], [9.50002248201439, 42.813151041666664], [9.493502697841727, 42.8173828125], [9.49056879496403, 42.82747395833333], [9.487308902877698, 42.82845052083333], [9.4863309352518, 42.830078125], [9.487308902877698, 42.8330078125], [9.49056879496403, 42.833984375], [9.491546762589929, 42.83984375], [9.487308902877698, 42.84700520833333], [9.4853529676259, 42.892578125], [9.481441097122303, 42.89973958333333], [9.48013714028777, 42.91536458333333], [9.47785521582734, 42.91666666666666], [9.476225269784175, 42.92057291666666], [9.474921312949643, 42.93619791666666], [9.47166142086331, 42.93815104166666], [9.470357464028778, 42.94596354166666], [9.467423561151081, 42.94791666666666], [9.465793615107915, 42.952216558075925], [9.466445593525181, 42.96941612371299], [9.469705485611511, 42.97169476954632], [9.471009442446043, 42.98183895390926], [9.47557329136691, 42.98770285352316], [9.475247302158277, 42.99879569860038], [9.471987410071943, 43.00212355212354], [9.466119604316548, 43.001146235521226], [9.465467625899281, 42.99886583011582], [9.462533723021583, 42.99723696911196], [9.450798111510794, 42.9978885135135], [9.447864208633096, 43.00179777992277], [9.4400404676259, 43.00310086872586], [9.439062500000002, 43.00635859073358], [9.435150629496404, 43.00766167953667], [9.433520683453239, 43.011570945945934], [9.425696942446045, 43.012874034749025], [9.422763039568348, 43.01678330115829], [9.413961330935253, 43.01776061776061], [9.409071492805758, 43.01971525096524], [9.407767535971225, 43.02623069498068], [9.406137589928058, 43.028185328185316], [9.403855665467628, 43.027533783783774], [9.402551708633094, 43.01971525096524], [9.397987859712233, 43.01678330115829], [9.396683902877701, 43.012874034749025], [9.393424010791367, 43.012874034749025], [9.392120053956836, 43.01678330115829], [9.389186151079139, 43.01776061776061], [9.38625224820144, 43.01352557915057], [9.374516636690648, 43.01222249034748], [9.371432106490351, 43.01006678466354], [9.3633898967459, 43.010043004407386], [9.361547860818177, 43.00916331345083], [9.36082508992806, 43.011570945945934], [9.35789118705036, 43.01254826254825], [9.356261241007196, 43.011570945945934], [9.355283273381296, 43.00831322393822], [9.347459532374103, 43.007010135135125], [9.344525629496406, 43.00244932432432], [9.342243705035973, 43.00212355212354], [9.340287769784174, 42.984531853281844], [9.34093974820144, 42.96355222409909], [9.344199640287771, 42.95247647200771], [9.348763489208633, 42.94863356660231], [9.350719424460433, 42.94401041666666], [9.349741456834533, 42.93815104166666], [9.346481564748203, 42.93684895833333], [9.345503597122304, 42.93359375], [9.346481564748203, 42.927734375], [9.349741456834533, 42.9267578125], [9.350719424460433, 42.923828125], [9.338005845323742, 42.9130859375], [9.334093974820146, 42.9072265625], [9.32529226618705, 42.90624999999999], [9.320402428057555, 42.90234374999999], [9.319424460431655, 42.89843749999999], [9.320402428057555, 42.88671874999999], [9.324314298561152, 42.88248697916666], [9.325618255395685, 42.87076822916666], [9.329530125899282, 42.868815104166664], [9.329856115107916, 42.86653645833333], [9.325292266187052, 42.86328125], [9.32186703991489, 42.85362391831987], [9.307812069698901, 42.83929651515159], [9.30907452352245, 42.838094625891166], [9.309644784172663, 42.83072916666666], [9.310948741007195, 42.82812499999999], [9.318772482014388, 42.82128906249999], [9.320402428057555, 42.81315104166666], [9.325292266187052, 42.810546875], [9.329530125899282, 42.80403645833333], [9.336375899280577, 42.80208333333333], [9.339635791366907, 42.79915364583333], [9.33996178057554, 42.78938802083333], [9.339309802158274, 42.78743489583333], [9.337027877697844, 42.78645833333333], [9.334648342378753, 42.77095454841167], [9.336049910071944, 42.75227864583333], [9.33996178057554, 42.748046875], [9.340287769784174, 42.74348958333333], [9.339309802158274, 42.740234375], [9.335723920863312, 42.738932291666664], [9.32822616906475, 42.72884114583333], [9.321380395683454, 42.724609375], [9.318772482014388, 42.7197265625], [9.309644784172663, 42.71777343749999], [9.308340827338132, 42.71419270833333], [9.300517086330938, 42.708658854166664], [9.296931205035973, 42.699869791666664], [9.288781474820146, 42.69791666666666], [9.273133992805755, 42.699869791666664], [9.265636241007195, 42.707682291666664], [9.262880367381568, 42.70833750929454], [9.258074048798614, 42.711885297996936], [9.25553057553957, 42.72102864583333], [9.252922661870505, 42.72298177083333], [9.237275179856116, 42.72591145833333], [9.235319244604318, 42.732421875], [9.232059352517988, 42.73437499999999], [9.226191546762593, 42.7353515625], [9.225539568345326, 42.73763020833333], [9.184464928057555, 42.73958333333333], [9.136544514388492, 42.7392578125], [9.116007194244606, 42.73763020833333], [9.114051258992806, 42.73470052083333], [9.106227517985612, 42.73339843749999], [9.103619604316549, 42.72949218749999], [9.096773830935252, 42.72851562499999], [9.089928057553958, 42.72070312499999], [9.076888489208635, 42.71744791666666], [9.072324640287771, 42.71093749999999], [9.06906474820144, 42.70182291666666], [9.066456834532374, 42.69921874999999], [9.05439523381295, 42.696940104166664], [9.053091276978419, 42.69368489583333], [9.050157374100722, 42.69270833333333], [9.049179406474822, 42.69075520833333], [9.048201438848922, 42.67317708333333], [9.045267535971224, 42.66341145833333], [9.042333633093527, 42.66145833333333], [9.033531924460434, 42.66048177083333], [9.031575989208633, 42.65722656249999], [9.019840377697843, 42.65592447916666], [9.017884442446043, 42.65527343749999], [9.015928507194245, 42.65201822916666], [9.004192895683456, 42.65071614583333], [8.998977068345326, 42.64680989583333], [8.967030125899282, 42.64485677083333], [8.963444244604316, 42.64160156249999], [8.956924460431656, 42.64062499999999], [8.945188848920866, 42.64160156249999], [8.943232913669068, 42.64485677083333], [8.935409172661874, 42.64615885416666], [8.932475269784174, 42.65071614583333], [8.930193345323744, 42.65104166666666], [8.924977517985614, 42.64453124999999], [8.92041366906475, 42.64127604166666], [8.910308003597123, 42.64029947916666], [8.905418165467628, 42.63639322916666], [8.88781474820144, 42.63541666666666], [8.876079136690649, 42.63151041666666], [8.865783061209664, 42.61848958333333], [8.86083839226208, 42.61588541666666], [8.838342141166509, 42.61360677083333], [8.835221023688664, 42.61067708333333], [8.817010363790187, 42.61328124999999], [8.814408840947547, 42.61035156249999], [8.79879970389171, 42.60807291666666], [8.79619818104907, 42.60546874999999], [8.79489741962775, 42.60156249999999], [8.79392184856176, 42.58984374999999], [8.789694373942472, 42.58658854166666], [8.790019564297802, 42.58430989583333], [8.79457222927242, 42.58138020833333], [8.793921848561759, 42.57486979166666], [8.789043993231811, 42.57291666666666], [8.780263853637905, 42.57194010416666], [8.779288282571914, 42.56966145833333], [8.775385998307954, 42.56803385416666], [8.762378384094756, 42.56803385416666], [8.759776861252117, 42.56868489583333], [8.756524957698817, 42.57194010416666], [8.752622673434857, 42.57259114583333], [8.7292089678511, 42.57389322916666], [8.727257825719121, 42.57486979166666], [8.726282254653132, 42.57779947916666], [8.723030351099831, 42.57877604166666], [8.72172958967851, 42.58658854166666], [8.718802876480542, 42.58854166666666], [8.716201353637903, 42.58658854166666], [8.712299069373945, 42.58007812499999], [8.706770833333335, 42.57617187499999], [8.706770833333335, 42.56966145833333], [8.709697546531304, 42.56770833333333], [8.711323498307953, 42.56282552083333], [8.711648688663283, 42.55143229166666], [8.710673117597294, 42.54329427083333], [8.707421214043995, 42.54101562499999], [8.705470071912016, 42.53320312499999], [8.700592216582066, 42.53124999999999], [8.693438028764806, 42.53059895833333], [8.690836505922167, 42.52929687499999], [8.68530826988156, 42.52278645833333], [8.682056366328258, 42.52148437499999], [8.66872356175973, 42.52050781249999], [8.664821277495772, 42.51888020833333], [8.664496087140442, 42.51660156249999], [8.660593802876484, 42.51432291666666], [8.659618231810493, 42.50260416666666], [8.656691518612522, 42.49414062499999], [8.646935807952623, 42.48535156249999], [8.644984665820644, 42.48209635416666], [8.644009094754654, 42.47460937499999], [8.645960236886634, 42.46874999999999], [8.648236569373942, 42.46907552083333], [8.650512901861253, 42.47298177083333], [8.657016708967852, 42.47395833333333], [8.665796848561762, 42.47330729166666], [8.66774799069374, 42.47200520833333], [8.66807318104907, 42.47005208333333], [8.665471658206432, 42.46549479166666], [8.660593802876484, 42.46256510416666], [8.658642660744503, 42.45084635416666], [8.653764805414554, 42.44791666666666], [8.646935807952623, 42.44759114583333], [8.644009094754654, 42.44596354166666], [8.644334285109984, 42.44368489583333], [8.647260998307953, 42.44270833333333], [8.648886950084602, 42.43977864583333], [8.648236569373942, 42.42805989583333], [8.644334285109984, 42.42610677083333], [8.643033523688665, 42.42285156249999], [8.638155668358715, 42.42187499999999], [8.629375528764806, 42.42285156249999], [8.628399957698816, 42.42513020833333], [8.625473244500846, 42.42675781249999], [8.613766391708971, 42.42610677083333], [8.61214043993232, 42.42285156249999], [8.6043358714044, 42.42154947916666], [8.60140915820643, 42.41699218749999], [8.59913282571912, 42.41666666666666], [8.597506873942471, 42.41080729166666], [8.597181683587142, 42.39713541666666], [8.595230541455162, 42.39127604166666], [8.59256231693387, 42.38860510553508], [8.586639892971457, 42.39117680406383], [8.58097507174856, 42.38520217466797], [8.571816835871406, 42.38476562499999], [8.567914551607448, 42.38346354166666], [8.565687263542092, 42.38022042600905], [8.560344309168627, 42.38023053260349], [8.55296430102247, 42.38446704848696], [8.550736595569578, 42.37736221439061], [8.550354272419629, 42.37825520833333], [8.54645198815567, 42.37890624999999], [8.537346658206431, 42.37695312499999], [8.531818422165822, 42.37337239583333], [8.531493231810492, 42.37109374999999], [8.534745135363792, 42.36653645833333], [8.54059856175973, 42.36458333333333], [8.54742755922166, 42.36425781249999], [8.550354272419629, 42.36263020833333], [8.550029082064299, 42.36035156249999], [8.54710236886633, 42.35937499999999], [8.54547641708968, 42.35644531249999], [8.54547641708968, 42.34667968749999], [8.54612679780034, 42.34472656249999], [8.550354272419629, 42.34179687499999], [8.549378701353639, 42.33886718749999], [8.54547641708968, 42.33756510416666], [8.54515122673435, 42.33528645833333], [8.54645198815567, 42.33430989583333], [8.562386315566837, 42.33398437499999], [8.567914551607448, 42.33723958333333], [8.570841264805416, 42.34179687499999], [8.580922165820645, 42.34472656249999], [8.583198498307954, 42.34798177083333], [8.591328257191204, 42.34895833333333], [8.60336030033841, 42.34798177083333], [8.611490059221659, 42.34309895833333], [8.61636791455161, 42.33430989583333], [8.612140439932322, 42.33138020833333], [8.607932106028919, 42.3253621930969], [8.60173434856176, 42.32291666666666], [8.594905351099833, 42.32259114583333], [8.591978637901862, 42.32096354166666], [8.592954208967853, 42.31803385416666], [8.596206112521152, 42.31705729166666], [8.597181683587142, 42.31119791666666], [8.60791296531303, 42.30696614583333], [8.647095286238113, 42.30191480957524], [8.655208749100929, 42.298938654170094], [8.656366328257192, 42.29720052083333], [8.66425414886518, 42.29562064854719], [8.665146467851102, 42.29264322916666], [8.66904875211506, 42.29101562499999], [8.67002432318105, 42.28515624999999], [8.672951036379018, 42.28190104166666], [8.682706747038917, 42.28092447916666], [8.685633460236888, 42.27929687499999], [8.684657889170898, 42.27636718749999], [8.681405985617598, 42.27539062499999], [8.680304599612834, 42.27098060380205], [8.665796848561762, 42.26464843749999], [8.665303721201502, 42.26349663765277], [8.658324690614402, 42.26119206043949], [8.635228955160745, 42.26009114583333], [8.628399957698816, 42.25846354166666], [8.627099196277495, 42.25651041666666], [8.60888853637902, 42.25911458333333], [8.60466106175973, 42.25553385416666], [8.592954208967853, 42.25423177083333], [8.590027495769883, 42.25032552083333], [8.582222927241965, 42.24902343749999], [8.580596975465316, 42.24576822916666], [8.566938980541458, 42.24381510416666], [8.565854404676433, 42.24260879519303], [8.560026424249974, 42.242824515342306], [8.550540614252679, 42.24093482105041], [8.550021472021632, 42.239781839521676], [8.540598561759731, 42.23925781249999], [8.534745135363792, 42.23763020833333], [8.535395516074452, 42.23535156249999], [8.541248942470391, 42.23437499999999], [8.54450084602369, 42.23242187499999], [8.54547641708968, 42.22591145833333], [8.54710236886633, 42.22395833333333], [8.549378701353639, 42.22428385416666], [8.550354272419629, 42.22721354166666], [8.553280985617597, 42.22884114583333], [8.55836634918782, 42.229083552101066], [8.563036696277496, 42.22786458333333], [8.565963409475467, 42.22135416666666], [8.565638219120137, 42.21223958333333], [8.564012267343488, 42.20833333333333], [8.561085554145517, 42.20735677083333], [8.560760363790187, 42.20507812499999], [8.562711505922167, 42.20345052083333], [8.567264170896788, 42.20312499999999], [8.570516074450087, 42.19921874999999], [8.570190884094757, 42.18359374999999], [8.566288599830798, 42.18131510416666], [8.565313028764807, 42.17805989583333], [8.557508460236887, 42.17675781249999], [8.555557318104908, 42.17382812499999], [8.557508460236887, 42.17220052083333], [8.565313028764807, 42.17089843749999], [8.567914551607448, 42.16699218749999], [8.575719120135364, 42.16569010416666], [8.576044310490694, 42.16243489583333], [8.572142026226736, 42.16113281249999], [8.570190884094757, 42.15722656249999], [8.555557318104906, 42.15429687499999], [8.552305414551608, 42.14973958333333], [8.552305414551608, 42.14778645833333], [8.553606175972927, 42.14648437499999], [8.560109983079528, 42.14583333333333], [8.564987838409477, 42.14680989583333], [8.567914551607448, 42.15071614583333], [8.575719120135364, 42.15006510416666], [8.577345071912015, 42.14615885416666], [8.580596975465316, 42.14518229166666], [8.581572546531305, 42.14192708333333], [8.580596975465316, 42.13606770833333], [8.577345071912015, 42.13509114583333], [8.576369500846026, 42.13216145833333], [8.582222927241965, 42.13053385416666], [8.602384729272421, 42.12923177083333], [8.6075877749577, 42.12727864583333], [8.6173434856176, 42.11751302083333], [8.621245769881558, 42.11555989583333], [8.637505287648056, 42.11263020833333], [8.640757191201356, 42.10481770833333], [8.648561759729272, 42.10221354166666], [8.649537330795264, 42.09570312499999], [8.651163282571913, 42.09374999999999], [8.653439615059224, 42.09407552083333], [8.656366328257192, 42.09863281249999], [8.664170896785112, 42.09993489583333], [8.665796848561762, 42.10319010416666], [8.679454843485619, 42.10514322916666], [8.682381556683588, 42.10904947916666], [8.688885363790188, 42.10839843749999], [8.690836505922167, 42.10351562499999], [8.691812076988157, 42.09472656249999], [8.694738790186125, 42.09309895833333], [8.692787648054146, 42.08528645833333], [8.696689932318106, 42.08333333333333], [8.705470071912016, 42.08235677083333], [8.706770833333335, 42.07910156249999], [8.710673117597294, 42.07714843749999], [8.712949450084604, 42.06542968749999], [8.719453257191201, 42.06249999999999], [8.72855858714044, 42.06152343749999], [8.7324608714044, 42.05664062499999], [8.731160109983081, 42.04980468749999], [8.72855858714044, 42.04785156249999], [8.715550972927243, 42.04654947916666], [8.711648688663283, 42.04492187499999], [8.711973879018615, 42.04264322916666], [8.714900592216583, 42.04166666666666], [8.715550972927243, 42.03971354166666], [8.713599830795264, 42.03515624999999], [8.710347927241965, 42.03320312499999], [8.677503701353638, 42.03027343749999], [8.675227368866329, 42.02929687499999], [8.674251797800338, 42.02701822916666], [8.659618231810494, 42.02408854166666], [8.653764805414554, 42.01627604166666], [8.651163282571913, 42.01562499999999], [8.649537330795264, 42.01074218749999], [8.649862521150594, 41.99446614583333], [8.651163282571913, 41.99121093749999], [8.653114424703892, 41.98958333333333], [8.657341899323184, 41.98893229166666], [8.657992280033843, 41.98763020833333], [8.656366328257192, 41.98307291666666], [8.652789234348564, 41.97981770833333], [8.645960236886634, 41.97884114583333], [8.644009094754654, 41.97591145833333], [8.641082381556686, 41.97493489583333], [8.60010839678511, 41.97298177083333], [8.597181683587142, 41.97200520833333], [8.595230541455162, 41.96907552083333], [8.588726734348562, 41.96744791666666], [8.586775592216583, 41.96093749999999], [8.588726734348562, 41.94824218749999], [8.598482445008461, 41.94010416666666], [8.605961823181051, 41.92805989583333], [8.60336030033841, 41.92643229166666], [8.60205953891709, 41.91861979166666], [8.598157254653131, 41.91601562499999], [8.597181683587142, 41.91276041666666], [8.598157254653131, 41.90690104166666], [8.60140915820643, 41.90592447916666], [8.602384729272421, 41.90299479166666], [8.60140915820643, 41.90136718749999], [8.598157254653131, 41.90039062499999], [8.596206112521152, 41.89127604166666], [8.592954208967853, 41.89029947916666], [8.591003066835873, 41.88639322916666], [8.582222927241963, 41.88541666666666], [8.577345071912015, 41.88346354166666], [8.575393929780034, 41.87565104166666], [8.572142026226736, 41.87467447916666], [8.571166455160746, 41.87174479166666], [8.574093168358715, 41.87011718749999], [8.585800021150593, 41.86881510416666], [8.587751163282572, 41.86490885416666], [8.591003066835873, 41.86490885416666], [8.592303828257194, 41.86881510416666], [8.595880922165822, 41.87044270833333], [8.593279399323183, 41.87955729166666], [8.596856493231812, 41.88118489583333], [8.597832064297801, 41.88444010416666], [8.605636632825721, 41.88606770833333], [8.6075877749577, 41.88932291666666], [8.60856334602369, 41.89518229166666], [8.61181524957699, 41.89615885416666], [8.613766391708971, 41.90006510416666], [8.625473244500846, 41.90136718749999], [8.630351099830795, 41.90527343749999], [8.653764805414554, 41.90592447916666], [8.659618231810493, 41.90429687499999], [8.661569373942474, 41.90136718749999], [8.666122038917091, 41.90104166666666], [8.673276226734348, 41.90527343749999], [8.702543358714044, 41.90624999999999], [8.719778447546531, 41.90820312499999], [8.724005922165821, 41.91015624999999], [8.726932635363791, 41.91438802083333], [8.72888377749577, 41.91503906249999], [8.735712774957701, 41.91341145833333], [8.73766391708968, 41.91731770833333], [8.73863948815567, 41.92610677083333], [8.741891391708968, 41.92740885416666], [8.74351734348562, 41.93098958333333], [8.751321912013537, 41.92773437499999], [8.754573815566836, 41.92317708333333], [8.770182952622674, 41.92578124999999], [8.774085236886634, 41.92513020833333], [8.776036379018613, 41.92122395833333], [8.782540186125214, 41.91699218749999], [8.785141708967853, 41.90787760416666], [8.79294627749577, 41.90136718749999], [8.79489741962775, 41.89453124999999], [8.79197070642978, 41.89127604166666], [8.780263853637905, 41.88964843749999], [8.777337140439935, 41.88476562499999], [8.769532571912015, 41.87955729166666], [8.769207381556685, 41.87597656249999], [8.772134094754655, 41.87499999999999], [8.773760046531304, 41.87109374999999], [8.774085236886634, 41.86197916666666], [8.772784475465315, 41.85807291666666], [8.770182952622674, 41.85546874999999], [8.766280668358714, 41.85416666666666], [8.754573815566836, 41.85319010416666], [8.752297483079527, 41.84928385416666], [8.748395198815569, 41.84798177083333], [8.748720389170899, 41.84472656249999], [8.757825719120136, 41.84277343749999], [8.760427241962777, 41.83789062499999], [8.768231810490693, 41.83268229166666], [8.768557000846023, 41.82910156249999], [8.764654716582065, 41.82747395833333], [8.763679145516075, 41.82161458333333], [8.761728003384096, 41.81966145833333], [8.73831429780034, 41.81673177083333], [8.734412013536382, 41.81477864583333], [8.7324608714044, 41.81184895833333], [8.731485300338411, 41.80501302083333], [8.729557746234878, 41.80308350783335], [8.718635123077366, 41.8030446799357], [8.716851734348563, 41.80403645833333], [8.715876163282573, 41.80696614583333], [8.713599830795264, 41.80729166666666], [8.710673117597294, 41.80305989583333], [8.697015122673436, 41.80110677083333], [8.696039551607447, 41.80013020833333], [8.697015122673436, 41.79785156249999], [8.705795262267346, 41.79687499999999], [8.710673117597294, 41.79492187499999], [8.712624259729274, 41.78710937499999], [8.715550972927243, 41.78515624999999], [8.713599830795264, 41.77343749999999], [8.710998307952625, 41.76692708333333], [8.706770833333335, 41.76464843749999], [8.705470071912016, 41.76139322916666], [8.693763219120136, 41.76009114583333], [8.689535744500848, 41.75618489583333], [8.687297516768849, 41.75562477024491], [8.673926607445008, 41.75553385416666], [8.671325084602369, 41.75618489583333], [8.66872356175973, 41.75911458333333], [8.657016708967852, 41.75716145833333], [8.653114424703894, 41.75488281249999], [8.649212140439934, 41.74739583333333], [8.649212140439934, 41.74218749999999], [8.651163282571913, 41.73567708333333], [8.653114424703892, 41.73437499999999], [8.657667089678514, 41.73470052083333], [8.659618231810493, 41.73763020833333], [8.665471658206432, 41.73925781249999], [8.688885363790188, 41.73860677083333], [8.690836505922167, 41.73763020833333], [8.691812076988157, 41.73470052083333], [8.695063980541455, 41.73404947916666], [8.696039551607447, 41.73242187499999], [8.695714361252115, 41.73014322916666], [8.692137267343487, 41.72851562499999], [8.694088409475466, 41.72265624999999], [8.700592216582066, 41.71940104166666], [8.712299069373945, 41.71874999999999], [8.720428828257191, 41.71972656249999], [8.723030351099831, 41.72363281249999], [8.726932635363791, 41.72493489583333], [8.727908206429781, 41.72819010416666], [8.735712774957701, 41.72949218749999], [8.73994024957699, 41.73372395833333], [8.760427241962777, 41.73763020833333], [8.767256239424704, 41.73763020833333], [8.771808904399325, 41.73632812499999], [8.774085236886634, 41.73372395833333], [8.774085236886634, 41.72981770833333], [8.772134094754655, 41.72395833333333], [8.764329526226735, 41.71809895833333], [8.763679145516075, 41.71549479166666], [8.772134094754655, 41.70865885416666], [8.774085236886634, 41.70182291666666], [8.777987521150594, 41.69856770833333], [8.79099513536379, 41.69856770833333], [8.793596658206429, 41.69986979166666], [8.79619818104907, 41.70670572916666], [8.79879970389171, 41.70865885416666], [8.807550058692804, 41.71147432655747], [8.814950919141909, 41.710756623637714], [8.816359983079526, 41.71028645833333], [8.822213409475468, 41.70377604166666], [8.827613256000532, 41.70084635416666], [8.83581142620802, 41.69889322916666], [8.877846259635694, 41.69596354166666], [8.881294964028779, 41.69401041666666], [8.881294964028779, 41.69140624999999], [8.885206834532376, 41.68815104166666], [8.8982464028777, 41.68717447916666], [8.902158273381296, 41.68554687499999], [8.900202338129498, 41.68261718749999]], [[8.68595865059222, 42.07486979166666], [8.688885363790188, 42.07291666666666], [8.690836505922167, 42.07682291666666], [8.689860934856178, 42.08268229166666], [8.68660903130288, 42.08268229166666], [8.68595865059222, 42.07486979166666]], [[6.392052664974619, 42.99043798262548], [6.39855647208122, 42.99162795608107], [6.401483185279189, 42.99625965250964], [6.413515228426396, 43.00179777992277], [6.4209946065989865, 43.01026785714285], [6.422945748730966, 43.01091940154439], [6.429774746192893, 43.00798745173744], [6.433677030456853, 43.00244932432432], [6.440180837563452, 43.002775096525085], [6.442131979695432, 43.00603281853281], [6.443107550761422, 43.01189671814671], [6.447009835025381, 43.01352557915057], [6.447779604918815, 43.01609606982023], [6.4557899746192895, 43.01743484555983], [6.458716687817259, 43.012874034749025], [6.4619685913705585, 43.012874034749025], [6.4639197335025385, 43.01743484555983], [6.4759517766497465, 43.02688223938223], [6.4840815355329955, 43.0366554054054], [6.5042433375634525, 43.040564671814664], [6.5065196700507615, 43.0425193050193], [6.508470812182741, 43.0483832046332], [6.504893718274113, 43.050012065637056], [6.503592956852793, 43.05326978764478], [6.501162041337452, 43.05426290766124], [6.489934961928934, 43.05326978764478], [6.489193984658372, 43.05153774716923], [6.4678220177664985, 43.0483832046332], [6.464570114213198, 43.047080115830106], [6.462944162436549, 43.04512548262547], [6.461685840162887, 43.03915858042283], [6.458391497461929, 43.03795849420848], [6.452852122491715, 43.03055944584446], [6.435801412331497, 43.0259616683575], [6.4336770304568525, 43.021669884169874], [6.4294495558375635, 43.01971525096524], [6.412214467005077, 43.01776061776061], [6.382947335025381, 43.01678330115829], [6.379695431472082, 43.015805984555975], [6.3787198604060915, 43.01352557915057], [6.373842005076143, 43.01254826254825], [6.367013007614213, 43.012874034749025], [6.364086294416244, 43.014502895752884], [6.363110723350254, 43.01743484555983], [6.359858819796955, 43.01678330115829], [6.359208439086295, 43.00505550193049], [6.360834390862944, 43.00212355212354], [6.363761104060914, 43.001146235521226], [6.364086294416244, 42.99886583011582], [6.368964149746193, 42.99723696911196], [6.38522366751269, 42.99645320543757], [6.39010152284264, 42.99416324806948], [6.392052664974619, 42.99043798262548]], [[3.218684895833346, 42.04720052083333], [3.222591145833346, 42.04785156249999], [3.2219401041666793, 42.05175781249999], [3.218684895833346, 42.05175781249999], [3.217708333333346, 42.05013020833333], [3.218684895833346, 42.04720052083333]], [[8.690511315566837, 42.03743489583333], [8.689860934856178, 42.04134114583333], [8.68595865059222, 42.04069010416666], [8.68595865059222, 42.03743489583333], [8.687584602368869, 42.03645833333333], [8.690511315566837, 42.03743489583333]], [[5.327704631979696, 43.27935569498069], [5.328355012690356, 43.282613416988404], [5.3244527284263965, 43.283916505791495], [5.321851205583757, 43.28782577220076], [5.307217639593909, 43.28880308880308], [5.29908788071066, 43.28782577220076], [5.296486357868021, 43.283916505791495], [5.293234454314721, 43.283264961389946], [5.292258883248731, 43.28163610038609], [5.292584073604061, 43.27935569498069], [5.296161167512691, 43.27772683397683], [5.2942100253807105, 43.26990830115829], [5.2981123096446705, 43.267953667953655], [5.305266497461929, 43.2686052123552], [5.309819162436549, 43.27186293436292], [5.313071065989847, 43.27642374517374], [5.327704631979696, 43.27935569498069]], [[5.282503172588834, 43.26371862934362], [5.285755076142133, 43.262741312741305], [5.290307741116751, 43.26306708494208], [5.292258883248731, 43.26469594594594], [5.291608502538072, 43.26697635135134], [5.288356598984771, 43.267953667953655], [5.2838039340101535, 43.26762789575288], [5.2818527918781735, 43.26599903474902], [5.282503172588834, 43.26371862934362]], [[5.225269670050762, 43.195958011583], [5.228521573604061, 43.194980694980686], [5.233074238578681, 43.19530646718145], [5.235025380710661, 43.19693532818532], [5.234375000000001, 43.19921573359072], [5.2311230964467015, 43.20019305019304], [5.226570431472082, 43.19986727799227], [5.224619289340102, 43.1982384169884], [5.225269670050762, 43.195958011583]], [[5.377133565989848, 43.17510859073358], [5.3852633248730974, 43.17413127413126], [5.396644987309645, 43.17445704633204], [5.4015228426395945, 43.176085907335896], [5.3995717005076145, 43.179017857142846], [5.390791560913707, 43.18129826254825], [5.383962563451778, 43.18976833976833], [5.381686230964467, 43.18944256756755], [5.378759517766499, 43.18488175675675], [5.370954949238579, 43.183578667953654], [5.370629758883249, 43.18032094594594], [5.374532043147209, 43.179017857142846], [5.377133565989848, 43.17510859073358]], [[10.043120503597125, 42.58951822916666], [10.034644784172663, 42.58658854166666], [10.03431879496403, 42.58007812499999], [10.038882643884893, 42.57714843749999], [10.04051258992806, 42.57389322916666], [10.056160071942447, 42.57259114583333], [10.062353866906475, 42.56868489583333], [10.082891187050361, 42.56770833333333], [10.09430080935252, 42.56868489583333], [10.096582733812951, 42.56966145833333], [10.097234712230218, 42.57194010416666], [10.105058453237412, 42.57421874999999], [10.106362410071943, 42.57682291666666], [10.106362410071943, 42.59016927083333], [10.103102517985613, 42.59570312499999], [10.09853866906475, 42.59928385416666], [10.095604766187051, 42.61848958333333], [10.091692895683455, 42.62174479166666], [10.090388938848921, 42.62955729166666], [10.087129046762591, 42.63053385416666], [10.085173111510791, 42.63444010416666], [10.0763714028777, 42.63541666666666], [10.0734375, 42.63378906249999], [10.070503597122304, 42.62565104166666], [10.07017760791367, 42.61425781249999], [10.068547661870504, 42.60937499999999], [10.065613758992807, 42.60839843749999], [10.064635791366907, 42.60514322916666], [10.056160071942447, 42.60319010416666], [10.043120503597125, 42.58951822916666]], [[10.099842625899282, 42.40071614583333], [10.093322841726621, 42.40039062499999], [10.091366906474821, 42.39713541666666], [10.092018884892088, 42.39290364583333], [10.095278776978418, 42.39257812499999], [10.10179856115108, 42.39778645833333], [10.099842625899282, 42.40071614583333]], [[10.092344874100721, 42.37565104166666], [10.094626798561151, 42.37499999999999], [10.096582733812951, 42.37890624999999], [10.095604766187051, 42.38476562499999], [10.092344874100721, 42.38476562499999], [10.091366906474821, 42.38151041666666], [10.092344874100721, 42.37565104166666]], [[10.065613758992807, 42.35319010416666], [10.07017760791367, 42.35611979166666], [10.070503597122304, 42.36067708333333], [10.068547661870506, 42.36295572916666], [10.062027877697842, 42.35970052083333], [10.060071942446044, 42.35546874999999], [10.061049910071944, 42.34960937499999], [10.063331834532374, 42.34895833333333], [10.065613758992807, 42.35319010416666]], [[8.909330035971227, 41.45898437499999], [8.91715377697842, 41.46419270833333], [8.91715377697842, 41.46777343749999], [8.909330035971227, 41.46842447916666], [8.906396133093526, 41.46386718749999], [8.903136241007196, 41.46289062499999], [8.902158273381296, 41.45963541666666], [8.903136241007196, 41.45377604166666], [8.905418165467626, 41.45312499999999], [8.909330035971227, 41.45898437499999]], [[8.944862859712233, 41.45377604166666], [8.947144784172663, 41.45312499999999], [8.949100719424463, 41.45703124999999], [8.948122751798563, 41.46289062499999], [8.944862859712233, 41.46289062499999], [8.943884892086333, 41.45963541666666], [8.944862859712233, 41.45377604166666]], [[9.302799010791368, 41.37467447916666], [9.299539118705038, 41.37434895833333], [9.299213129496405, 41.36653645833333], [9.302473021582735, 41.36458333333333], [9.308340827338132, 41.36555989583333], [9.308666816546765, 41.36881510416666], [9.304754946043166, 41.37011718749999], [9.302799010791368, 41.37467447916666]], [[9.252596672661872, 41.31803385416666], [9.25650854316547, 41.31868489583333], [9.255856564748203, 41.32259114583333], [9.252596672661872, 41.32259114583333], [9.251618705035973, 41.32096354166666], [9.252596672661872, 41.31803385416666]], [[9.343547661870506, 41.31217447916666], [9.337027877697842, 41.31217447916666], [9.334093974820146, 41.30761718749999], [9.330834082733814, 41.30664062499999], [9.329856115107916, 41.30338541666666], [9.331812050359714, 41.29752604166666], [9.339635791366907, 41.29492187499999], [9.33996178057554, 41.28841145833333], [9.336375899280577, 41.28580729166666], [9.336440537415346, 41.2843546027176], [9.333480722922646, 41.28154607600125], [9.34482993677063, 41.276370332990695], [9.349683046451677, 41.27732888104966], [9.349644964949675, 41.278066761335765], [9.369626798561153, 41.28190104166666], [9.374516636690648, 41.28808593749999], [9.387230215827339, 41.29882812499999], [9.386904226618707, 41.30110677083333], [9.382992356115109, 41.30305989583333], [9.38103642086331, 41.31477864583333], [9.376146582733815, 41.31770833333333], [9.372234712230217, 41.31770833333333], [9.36734487410072, 41.31477864583333], [9.366366906474822, 41.30794270833333], [9.365062949640288, 41.30533854166666], [9.362455035971225, 41.30403645833333], [9.353327338129498, 41.30533854166666], [9.345503597122304, 41.30924479166666], [9.343547661870506, 41.31217447916666]], [[9.403855665467628, 41.29589843749999], [9.407767535971225, 41.29785156249999], [9.408093525179858, 41.30013020833333], [9.402225719424463, 41.30208333333333], [9.393424010791367, 41.30110677083333], [9.392446043165469, 41.29882812499999], [9.396683902877701, 41.29589843749999], [9.397987859712233, 41.28417968749999], [9.399617805755398, 41.28124999999999], [9.401899730215828, 41.28222656249999], [9.403855665467628, 41.29589843749999]], [[9.391142086330936, 41.24609374999999], [9.375494604316549, 41.23567708333333], [9.371582733812952, 41.23046874999999], [9.371582733812952, 41.22786458333333], [9.37256070143885, 41.22460937499999], [9.374557, 41.22328042145593], [9.37777652877698, 41.21419270833333], [9.38103642086331, 41.21321614583333], [9.38201438848921, 41.21028645833333], [9.385926258992807, 41.20865885416666], [9.398313848920864, 41.20735677083333], [9.399617805755396, 41.20540364583333], [9.398965827338131, 41.20247395833333], [9.395053956834534, 41.19368489583333], [9.396272087447931, 41.19335315571722], [9.396715482559111, 41.19121481564196], [9.402232929713746, 41.191706571079465], [9.402877697841728, 41.18945312499999], [9.407643783074937, 41.187672834616485], [9.415917266187053, 41.18749999999999], [9.41982913669065, 41.18912760416666], [9.422437050359715, 41.19238281249999], [9.423741007194247, 41.19726562499999], [9.423741007194247, 41.20377604166666], [9.425696942446045, 41.21191406249999], [9.427652877697843, 41.21354166666666], [9.430260791366909, 41.21354166666666], [9.433520683453239, 41.20963541666666], [9.434172661870505, 41.20052083333333], [9.433194694244605, 41.19401041666666], [9.429282823741008, 41.19173177083333], [9.428956834532375, 41.18945312499999], [9.429934802158275, 41.18782552083333], [9.433194694244605, 41.18684895833333], [9.434172661870505, 41.18098958333333], [9.436128597122304, 41.17773437499999], [9.442648381294966, 41.17740885416666], [9.445582284172662, 41.18196614583333], [9.447864208633096, 41.18229166666666], [9.45470998201439, 41.17382812499999], [9.464815647482016, 41.17089843749999], [9.465793615107915, 41.16764322916666], [9.468727517985611, 41.16666666666666], [9.47557329136691, 41.17513020833333], [9.485678956834533, 41.17903645833333], [9.4853529676259, 41.18684895833333], [9.481441097122303, 41.18847656249999], [9.480463129496403, 41.19173177083333], [9.47263938848921, 41.19303385416666], [9.470931568432164, 41.19445499274383], [9.47263938848921, 41.19759114583333], [9.477203237410073, 41.19791666666666], [9.481441097122303, 41.20572916666666], [9.484700989208633, 41.23177083333333], [9.482419064748203, 41.23958333333333], [9.477529226618707, 41.24023437499999], [9.471009442446043, 41.24804687499999], [9.466771582733815, 41.24999999999999], [9.46090377697842, 41.24804687499999], [9.459599820143886, 41.24121093749999], [9.45373201438849, 41.23632812499999], [9.45047212230216, 41.23567708333333], [9.44916816546763, 41.23860677083333], [9.441344424460432, 41.24023437499999], [9.439388489208634, 41.24348958333333], [9.438410521582735, 41.24934895833333], [9.434498651079139, 41.25195312499999], [9.433194694244605, 41.25976562499999], [9.429608812949642, 41.26106770833333], [9.424066996402878, 41.26888020833333], [9.419829136690648, 41.27083333333333], [9.413961330935253, 41.26888020833333], [9.413309352517986, 41.26432291666666], [9.410375449640288, 41.26106770833333], [9.3986398381295, 41.25944010416666], [9.396683902877701, 41.25553385416666], [9.393424010791367, 41.25455729166666], [9.391142086330936, 41.24609374999999]], [[9.323662320143885, 41.25488281249999], [9.319750449640289, 41.25423177083333], [9.320402428057555, 41.25032552083333], [9.323662320143885, 41.25032552083333], [9.324640287769785, 41.25195312499999], [9.323662320143885, 41.25488281249999]], [[9.328878147482015, 41.24381510416666], [9.330834082733814, 41.23014322916666], [9.334093974820146, 41.22884114583333], [9.335397931654677, 41.22493489583333], [9.337027877697844, 41.22395833333333], [9.33996178057554, 41.22493489583333], [9.34093974820144, 41.22819010416666], [9.348763489208633, 41.22949218749999], [9.3513714028777, 41.23339843749999], [9.359195143884893, 41.23535156249999], [9.361151079136691, 41.24023437499999], [9.360173111510793, 41.24902343749999], [9.356261241007196, 41.25097656249999], [9.355935251798563, 41.25325520833333], [9.351045413669066, 41.25488281249999], [9.33963579136691, 41.25520833333333], [9.33050809352518, 41.25325520833333], [9.326596223021586, 41.24869791666666], [9.326596223021586, 41.24479166666666], [9.328878147482015, 41.24381510416666]], [[9.58445368705036, 41.07389322916666], [9.575651978417268, 41.07291666666666], [9.570762140287773, 41.07096354166666], [9.569784172661873, 41.06901041666666], [9.57043615107914, 41.06445312499999], [9.57369604316547, 41.06249999999999], [9.578259892086333, 41.06282552083333], [9.580867805755398, 41.06673177083333], [9.588691546762591, 41.06803385416666], [9.591951438848923, 41.07194010416666], [9.598030072464754, 41.072698841660014], [9.59862553858917, 41.07172745384256], [9.602442526924483, 41.07066530967656], [9.603921686672237, 41.07343423531558], [9.60759892086331, 41.07389322916666], [9.611510791366907, 41.07877604166666], [9.610532823741007, 41.08756510416666], [9.607272931654677, 41.08821614583333], [9.605642985611514, 41.08430989583333], [9.59781924460432, 41.08300781249999], [9.595211330935253, 41.07910156249999], [9.58738758992806, 41.07779947916666], [9.58445368705036, 41.07389322916666]], [[9.981508543165468, 43.88920125482625], [9.980856564748203, 43.89311052123551], [9.976944694244605, 43.89245897683397], [9.976944694244605, 43.88920125482625], [9.978574640287771, 43.88822393822393], [9.981508543165468, 43.88920125482625]], [[10.142547212230216, 43.80026544401544], [10.143525179856116, 43.80352316602316], [10.143199190647483, 43.80808397683397], [10.141569244604318, 43.8100386100386], [10.139287320143886, 43.80938706563706], [10.138309352517988, 43.80612934362934], [10.138635341726621, 43.80156853281853], [10.140265287769786, 43.79961389961389], [10.142547212230216, 43.80026544401544]], [[9.896485983778806, 43.434749034749025], [9.889253597122302, 43.431817084942075], [9.88794964028777, 43.42497586872586], [9.890883543165469, 43.420089285714276], [9.900663219424462, 43.419437741312734], [9.903597122302159, 43.42106660231659], [9.90457508992806, 43.42399855212354], [9.90783498201439, 43.42497586872586], [9.908576550563154, 43.42942231808842], [9.913897856929918, 43.43593297527823], [9.914161515113197, 43.442054535981406], [9.908146166704253, 43.444946289551716], [9.903507338578265, 43.44274561542644], [9.898780429544962, 43.44206937737042], [9.896485983778806, 43.434749034749025]], [[9.803192446043166, 43.05945945945945], [9.801236510791368, 43.05783059845559], [9.800306197672578, 43.052174961060615], [9.786418530243665, 43.02858289065003], [9.789685131389177, 43.02459467271002], [9.78884892086331, 43.021669884169874], [9.790804856115109, 43.01841216216215], [9.796228883350793, 43.016605356657735], [9.799224379501416, 43.01294813284773], [9.80025854316547, 43.00798745173744], [9.8035184352518, 43.007010135135125], [9.8054743705036, 43.00310086872586], [9.814276079136691, 43.00212355212354], [9.819165917266188, 43.00505550193049], [9.820130183573186, 43.00987362395174], [9.822377902070762, 43.00994213662407], [9.832069292967496, 43.01828088776492], [9.834813399280575, 43.018737934362925], [9.836556747701518, 43.02214202273321], [9.839051258992807, 43.022972972972966], [9.853078487480275, 43.0443692717804], [9.846366180554018, 43.05751003414254], [9.842829906700878, 43.05966879649562], [9.840029226618707, 43.06402027027026], [9.835823434012251, 43.06619794539221], [9.83090152877698, 43.07314189189188], [9.82666366906475, 43.07509652509651], [9.82144784172662, 43.074119208494196], [9.817062172225919, 43.06918861474086], [9.807989921023287, 43.06522790484929], [9.804594277921103, 43.05945945945945], [9.803192446043166, 43.05945945945945]]], [[[4.91698921319797, 43.394027509652496], [4.913737309644671, 43.393050193050186], [4.9091846446700504, 43.393375965250954], [4.907233502538071, 43.39500482625481], [4.907883883248731, 43.39728523166022], [4.9111357868020304, 43.39826254826254], [4.915688451776651, 43.39793677606176], [4.91763959390863, 43.3963079150579], [4.91698921319797, 43.394027509652496]]], [[[9.25650854316547, 41.39485677083333], [9.255856564748203, 41.39095052083333], [9.251944694244607, 41.39160156249999], [9.251944694244607, 41.39485677083333], [9.25357464028777, 41.39583333333333], [9.25650854316547, 41.39485677083333]]], [[[9.261724370503599, 41.40006510416666], [9.261072392086332, 41.39615885416666], [9.257160521582735, 41.39680989583333], [9.257160521582735, 41.40006510416666], [9.258790467625902, 41.40104166666666], [9.261724370503599, 41.40006510416666]]], [[[9.345829586330938, 41.55305989583333], [9.346481564748203, 41.55696614583333], [9.3503934352518, 41.55631510416666], [9.3503934352518, 41.55305989583333], [9.348763489208634, 41.55208333333333], [9.345829586330938, 41.55305989583333]]], [[[9.35560926258993, 41.56152343749999], [9.354957284172663, 41.55761718749999], [9.351045413669066, 41.55826822916666], [9.351045413669066, 41.56152343749999], [9.352675359712233, 41.56249999999999], [9.35560926258993, 41.56152343749999]]], [[[10.17449415467626, 43.74651303088802], [10.173842176258994, 43.74260376447875], [10.169930305755397, 43.7432553088803], [10.169930305755397, 43.74651303088802], [10.171560251798564, 43.747490347490334], [10.17449415467626, 43.74651303088802]]], [[[10.085825089928058, 43.882034266409256], [10.085173111510793, 43.87812499999999], [10.081261241007194, 43.87877654440153], [10.081261241007194, 43.882034266409256], [10.082891187050361, 43.88301158301157], [10.085825089928058, 43.882034266409256]]], [[[10.079957284172663, 43.88333735521235], [10.076045413669066, 43.8839888996139], [10.076697392086333, 43.88789816602316], [10.079957284172663, 43.88789816602316], [10.080935251798563, 43.8862693050193], [10.079957284172663, 43.88333735521235]]], [[[10.06593974820144, 43.89245897683397], [10.06919964028777, 43.89343629343628], [10.073763489208634, 43.89311052123551], [10.075719424460432, 43.891481660231655], [10.075067446043168, 43.88920125482625], [10.071807553956836, 43.88822393822393], [10.067243705035974, 43.888549710424705], [10.065287769784174, 43.890178571428564], [10.06593974820144, 43.89245897683397]]]]}}]}