{"type": "FeatureCollection", "features": [{"type": "Feature", "properties": {"t": "b0", "lvl": 0}, "geometry": {"type": "MultiPolygon", "coordinates": [[[[0.22797619047619722, 49.43128606585199], [0.22797619047619722, 49.43444288866258], [0.23744047619048292, 49.43444288866258], [0.23744047619048292, 49.43128606585199], [0.22797619047619722, 49.43128606585199]]], [[[0.1617261904761972, 49.437599711473176], [0.19011904761905435, 49.437599711473176], [0.19011904761905435, 49.43444288866258], [0.1617261904761972, 49.43444288866258], [0.1617261904761972, 49.437599711473176]]], [[[0.19958333333334008, 49.437599711473176], [0.2153571428571496, 49.437599711473176], [0.2153571428571496, 49.43444288866258], [0.19958333333334008, 49.43444288866258], [0.19958333333334008, 49.437599711473176]]], [[[0.24375000000000674, 49.43444288866258], [0.24375000000000674, 49.437599711473176], [0.25005952380953056, 49.437599711473176], [0.25005952380953056, 49.43444288866258], [0.24375000000000674, 49.43444288866258]]], [[[0.17119047619048292, 49.45969747114731], [0.17434523809524483, 49.45969747114731], [0.17434523809524483, 49.45654064833672], [0.17119047619048292, 49.45654064833672], [0.17119047619048292, 49.45969747114731]]], [[[0.0923214285714353, 49.49126569925321], [0.09547619047619721, 49.49126569925321], [0.09547619047619721, 49.488108876442624], [0.0923214285714353, 49.488108876442624], [0.0923214285714353, 49.49126569925321]]], [[[0.833690476190483, 49.41234512898845], [0.833690476190483, 49.40918830617786], [0.8273809523809592, 49.40918830617786], [0.8273809523809592, 49.406031483367265], [0.8242261904761973, 49.406031483367265], [0.8210714285714353, 49.41865877460963], [0.8273809523809592, 49.41865877460963], [0.8273809523809592, 49.41234512898845], [0.833690476190483, 49.41234512898845]]], [[[0.8810119047619116, 49.43444288866258], [0.8873214285714354, 49.43444288866258], [0.8873214285714354, 49.43128606585199], [0.8810119047619116, 49.43128606585199], [0.8810119047619116, 49.43444288866258]]], [[[0.27845238095238767, 49.43444288866258], [0.2752976190476258, 49.43444288866258], [0.2752976190476258, 49.44391335709435], [0.2879166666666734, 49.44391335709435], [0.2879166666666734, 49.437599711473176], [0.27845238095238767, 49.437599711473176], [0.27845238095238767, 49.43444288866258]]], [[[0.868392857142864, 49.44391335709435], [0.868392857142864, 49.44707017990495], [0.8747023809523877, 49.44707017990495], [0.8747023809523877, 49.450227002715536], [0.8778571428571497, 49.450227002715536], [0.8778571428571497, 49.44391335709435], [0.868392857142864, 49.44391335709435]]], [[[0.8873214285714354, 49.47863840801085], [0.8904761904761973, 49.47863840801085], [0.8904761904761973, 49.475481585200264], [0.8873214285714354, 49.475481585200264], [0.8873214285714354, 49.47863840801085]]], [[[-0.4250595238095171, 49.35552231839782], [-0.42821428571427905, 49.35552231839782], [-0.42821428571427905, 49.35236549558723], [-0.4345238095238028, 49.35236549558723], [-0.4345238095238028, 49.346051849966045], [-0.43767857142856476, 49.346051849966045], [-0.43767857142856476, 49.34289502715546], [-0.44083333333332664, 49.34289502715546], [-0.44083333333332664, 49.346051849966045], [-0.4786904761904695, 49.346051849966045], [-0.4786904761904695, 49.35236549558723], [-0.4849999999999933, 49.35236549558723], [-0.4849999999999933, 49.35552231839782], [-0.5039285714285647, 49.35552231839782], [-0.5039285714285647, 49.358679141208405], [-0.5197023809523743, 49.358679141208405], [-0.5197023809523743, 49.35552231839782], [-0.5449404761904695, 49.35552231839782], [-0.5449404761904695, 49.358679141208405], [-0.5575595238095171, 49.358679141208405], [-0.5575595238095171, 49.35552231839782], [-0.5764880952380885, 49.35552231839782], [-0.5764880952380885, 49.35236549558723], [-0.5985714285714219, 49.35236549558723], [-0.5985714285714219, 49.346051849966045], [-0.6301190476190409, 49.346051849966045], [-0.6301190476190409, 49.35236549558723], [-0.72791666666666, 49.35236549558723], [-0.72791666666666, 49.35552231839782], [-0.7499999999999933, 49.35552231839782], [-0.7499999999999933, 50.15104166666666], [1.464642857142864, 50.15104166666666], [1.464642857142864, 50.14788484385607], [1.461488095238102, 50.14788484385607], [1.461488095238102, 50.1384143754243], [1.4583333333333401, 50.1384143754243], [1.4583333333333401, 50.128943906992525], [1.4520238095238163, 50.128943906992525], [1.4520238095238163, 50.12578708418193], [1.4488690476190544, 50.12578708418193], [1.4488690476190544, 50.11631661575016], [1.436250000000007, 50.11000297012898], [1.436250000000007, 50.1036893245078], [1.4330952380952449, 50.1036893245078], [1.4330952380952449, 50.10053250169721], [1.4141666666666735, 50.097375678886614], [1.4141666666666735, 50.094218856076026], [1.4078571428571496, 50.094218856076026], [1.4078571428571496, 50.08790521045484], [1.3983928571428639, 50.08790521045484], [1.3983928571428639, 50.084748387644254], [1.3889285714285782, 50.084748387644254], [1.3889285714285782, 50.081591564833666], [1.3826190476190545, 50.081591564833666], [1.3826190476190545, 50.07527791921248], [1.3794642857142925, 50.07527791921248], [1.3794642857142925, 50.072121096401894], [1.3573809523809592, 50.0689642735913], [1.3573809523809592, 50.06265062797012], [1.3447619047619115, 50.06265062797012], [1.3447619047619115, 50.059493805159526], [1.3352976190476258, 50.059493805159526], [1.3352976190476258, 50.05633698234894], [1.3289880952381021, 50.05633698234894], [1.3289880952381021, 50.050023336727754], [1.3195238095238164, 50.050023336727754], [1.3163690476190544, 50.04370969110658], [1.3069047619047687, 50.04370969110658], [1.3069047619047687, 50.037396045485394], [1.297440476190483, 50.037396045485394], [1.297440476190483, 50.034239222674806], [1.291130952380959, 50.034239222674806], [1.291130952380959, 50.03108239986421], [1.2816666666666734, 50.03108239986421], [1.2816666666666734, 50.024768754243034], [1.2785119047619116, 50.024768754243034], [1.2785119047619116, 50.02161193143244], [1.2690476190476259, 50.02161193143244], [1.2690476190476259, 50.01845510862185], [1.265892857142864, 50.01845510862185], [1.265892857142864, 50.01214146300067], [1.2564285714285783, 50.01214146300067], [1.2564285714285783, 50.00898464019008], [1.2438095238095306, 50.00582781737949], [1.2438095238095306, 49.99951417175831], [1.2375000000000067, 49.99951417175831], [1.2375000000000067, 49.99635734894772], [1.228035714285721, 49.99635734894772], [1.228035714285721, 49.99320052613712], [1.2185714285714353, 49.99320052613712], [1.2185714285714353, 49.990043703326535], [1.2122619047619116, 49.990043703326535], [1.2122619047619116, 49.98373005770535], [1.202797619047626, 49.98373005770535], [1.202797619047626, 49.98057323489476], [1.1933333333333402, 49.98057323489476], [1.1933333333333402, 49.977416412084175], [1.1870238095238164, 49.977416412084175], [1.1870238095238164, 49.97110276646299], [1.164940476190483, 49.9679459436524], [1.164940476190483, 49.96478912084181], [1.1586309523809593, 49.96478912084181], [1.1586309523809593, 49.95847547522063], [1.1460119047619115, 49.95847547522063], [1.1460119047619115, 49.955318652410035], [1.133392857142864, 49.955318652410035], [1.133392857142864, 49.95216182959945], [1.1207738095238162, 49.95216182959945], [1.1207738095238162, 49.94584818397826], [1.1081547619047687, 49.94584818397826], [1.1081547619047687, 49.942691361167675], [1.0860714285714355, 49.942691361167675], [1.0860714285714355, 49.93953453835709], [1.0734523809523877, 49.93953453835709], [1.0734523809523877, 49.9332208927359], [1.0671428571428638, 49.9332208927359], [1.0671428571428638, 49.930064069925315], [1.0450595238095306, 49.930064069925315], [1.0450595238095306, 49.92690724711472], [1.032440476190483, 49.92690724711472], [1.032440476190483, 49.92059360149354], [0.9851190476190544, 49.92059360149354], [0.9851190476190544, 49.92690724711472], [0.9504166666666735, 49.92690724711472], [0.9504166666666735, 49.92059360149354], [0.9409523809523878, 49.92059360149354], [0.9409523809523878, 49.91743677868295], [0.931488095238102, 49.91743677868295], [0.931488095238102, 49.91427995587236], [0.9188690476190544, 49.91427995587236], [0.9188690476190544, 49.907966310251176], [0.8778571428571497, 49.90480948744059], [0.8778571428571497, 49.90165266463], [0.8494642857142924, 49.90165266463], [0.8494642857142924, 49.895339019008816], [0.8273809523809592, 49.895339019008816], [0.8273809523809592, 49.89218219619823], [0.8147619047619116, 49.89218219619823], [0.8147619047619116, 49.88902537338763], [0.8021428571428639, 49.88902537338763], [0.8021428571428639, 49.885868550577044], [0.7863690476190544, 49.885868550577044], [0.7863690476190544, 49.87955490495586], [0.7642857142857211, 49.87955490495586], [0.7642857142857211, 49.87639808214527], [0.6791071428571497, 49.87639808214527], [0.6791071428571497, 49.873241259334684], [0.6412500000000068, 49.873241259334684], [0.6412500000000068, 49.8669276137135], [0.6191666666666734, 49.8669276137135], [0.6191666666666734, 49.86377079090291], [0.603392857142864, 49.86377079090291], [0.603392857142864, 49.860613968092316], [0.5781547619047687, 49.860613968092316], [0.5781547619047687, 49.85430032247114], [0.565535714285721, 49.85430032247114], [0.565535714285721, 49.851143499660544], [0.5402976190476259, 49.847986676849956], [0.5402976190476259, 49.84167303122877], [0.533988095238102, 49.84167303122877], [0.533988095238102, 49.838516208418184], [0.5276785714285782, 49.838516208418184], [0.5276785714285782, 49.835359385607596], [0.5213690476190543, 49.835359385607596], [0.5213690476190543, 49.82904573998641], [0.49928571428572105, 49.825888917175824], [0.49928571428572105, 49.82273209436523], [0.48982142857143535, 49.82273209436523], [0.48982142857143535, 49.81641844874405], [0.4866666666666734, 49.81641844874405], [0.4866666666666734, 49.81326162593346], [0.4614285714285782, 49.81010480312287], [0.4614285714285782, 49.803791157501685], [0.4519642857142925, 49.803791157501685], [0.4519642857142925, 49.8006343346911], [0.4425000000000068, 49.8006343346911], [0.4425000000000068, 49.79747751188051], [0.433035714285721, 49.79747751188051], [0.433035714285721, 49.791163866259325], [0.41095238095238773, 49.78800704344874], [0.41095238095238773, 49.78485022063814], [0.3983333333333401, 49.78485022063814], [0.3983333333333401, 49.78169339782755], [0.38571428571429245, 49.78169339782755], [0.38571428571429245, 49.77537975220637], [0.36678571428572104, 49.77537975220637], [0.36678571428572104, 49.77222292939578], [0.3604761904761972, 49.77222292939578], [0.3604761904761972, 49.76275246096401], [0.3541666666666734, 49.76275246096401], [0.3541666666666734, 49.75959563815342], [0.3447023809523877, 49.75959563815342], [0.3447023809523877, 49.756438815342825], [0.33208333333334006, 49.756438815342825], [0.33208333333334006, 49.75012516972165], [0.3257738095238163, 49.75012516972165], [0.3257738095238163, 49.74696834691105], [0.2910714285714353, 49.74696834691105], [0.2910714285714353, 49.743811524100465], [0.2752976190476258, 49.743811524100465], [0.2752976190476258, 49.73749787847928], [0.2658333333333401, 49.73749787847928], [0.2658333333333401, 49.73434105566869], [0.2563690476190544, 49.73434105566869], [0.2563690476190544, 49.731184232858105], [0.24375000000000674, 49.731184232858105], [0.24375000000000674, 49.72487058723692], [0.22797619047619722, 49.72487058723692], [0.22797619047619722, 49.72171376442633], [0.20904761904762578, 49.72171376442633], [0.20904761904762578, 49.71855694161574], [0.19958333333334008, 49.71855694161574], [0.19958333333334008, 49.71224329599456], [0.19011904761905435, 49.71224329599456], [0.19011904761905435, 49.709086473183966], [0.17750000000000674, 49.70592965037338], [0.17750000000000674, 49.699616004752194], [0.17434523809524483, 49.699616004752194], [0.17434523809524483, 49.696459181941606], [0.16488095238095912, 49.696459181941606], [0.16488095238095912, 49.69330235913102], [0.1617261904761972, 49.69330235913102], [0.1617261904761972, 49.686988713509834], [0.1585714285714353, 49.686988713509834], [0.1585714285714353, 49.67751824507806], [0.15226190476191148, 49.67751824507806], [0.15226190476191148, 49.66804777664629], [0.1491071428571496, 49.66804777664629], [0.1459523809523877, 49.64279319416156], [0.13964285714286387, 49.64279319416156], [0.13964285714286387, 49.63332272572979], [0.13333333333334008, 49.6301659029192], [0.13333333333334008, 49.62069543448743], [0.13017857142857817, 49.62069543448743], [0.13017857142857817, 49.61753861167684], [0.12386904761905435, 49.61753861167684], [0.12386904761905435, 49.60806814324507], [0.12071428571429244, 49.60806814324507], [0.11755952380953054, 49.60175449762389], [0.11125000000000673, 49.60175449762389], [0.11125000000000673, 49.5954408520027], [0.10809523809524482, 49.5954408520027], [0.10494047619048291, 49.58912720638153], [0.0986309523809591, 49.58912720638153], [0.0986309523809591, 49.579656737949755], [0.09547619047619721, 49.579656737949755], [0.09547619047619721, 49.57334309232857], [0.0923214285714353, 49.57334309232857], [0.0923214285714353, 49.56702944670739], [0.08601190476191149, 49.56702944670739], [0.08601190476191149, 49.5638726238968], [0.08285714285714958, 49.5638726238968], [0.08285714285714958, 49.55440215546503], [0.07970238095238767, 49.55440215546503], [0.07970238095238767, 49.55124533265444], [0.07339285714286387, 49.55124533265444], [0.07339285714286387, 49.54177486422267], [0.06708333333334006, 49.53861804141207], [0.06708333333334006, 49.5291475729803], [0.060773809523816245, 49.5291475729803], [0.060773809523816245, 49.510206636116756], [0.06708333333334006, 49.510206636116756], [0.06708333333334006, 49.50389299049558], [0.07339285714286387, 49.50389299049558], [0.07339285714286387, 49.500736167684984], [0.08285714285714958, 49.500736167684984], [0.08285714285714958, 49.497579344874396], [0.08601190476191149, 49.497579344874396], [0.08601190476191149, 49.488108876442624], [0.0986309523809591, 49.484952053632036], [0.0986309523809591, 49.47863840801085], [0.10494047619048291, 49.47863840801085], [0.10494047619048291, 49.47232476238967], [0.10809523809524482, 49.47232476238967], [0.10809523809524482, 49.462854293957896], [0.11125000000000673, 49.462854293957896], [0.11125000000000673, 49.46916793957908], [0.13648809523810196, 49.46916793957908], [0.13648809523810196, 49.462854293957896], [0.1491071428571496, 49.462854293957896], [0.1491071428571496, 49.45654064833672], [0.1585714285714353, 49.45654064833672], [0.1585714285714353, 49.44707017990495], [0.1459523809523877, 49.44707017990495], [0.1459523809523877, 49.44391335709435], [0.1617261904761972, 49.44391335709435], [0.1617261904761972, 49.437599711473176], [0.12386904761905435, 49.437599711473176], [0.12386904761905435, 49.43444288866258], [0.0986309523809591, 49.43444288866258], [0.0986309523809591, 49.43128606585199], [0.08601190476191149, 49.43128606585199], [0.08601190476191149, 49.42181559742022], [0.11755952380953054, 49.42181559742022], [0.11755952380953054, 49.42497242023081], [0.13964285714286387, 49.42497242023081], [0.13964285714286387, 49.43128606585199], [0.1617261904761972, 49.43128606585199], [0.1617261904761972, 49.42497242023081], [0.1585714285714353, 49.42497242023081], [0.1585714285714353, 49.42181559742022], [0.1491071428571496, 49.42181559742022], [0.1491071428571496, 49.41865877460963], [0.13648809523810196, 49.41865877460963], [0.13648809523810196, 49.41234512898845], [0.12386904761905435, 49.41234512898845], [0.12386904761905435, 49.40918830617786], [0.11755952380953054, 49.41234512898845], [0.11755952380953054, 49.40918830617786], [0.11125000000000673, 49.40918830617786], [0.10494047619048291, 49.39656101493549], [0.0986309523809591, 49.39656101493549], [0.0986309523809591, 49.393404192124905], [0.09547619047619721, 49.393404192124905], [0.09547619047619721, 49.38709054650372], [0.08601190476191149, 49.38709054650372], [0.08601190476191149, 49.38393372369313], [0.07970238095238767, 49.38393372369313], [0.07970238095238767, 49.380776900882545], [0.07023809523810196, 49.380776900882545], [0.07023809523810196, 49.37446325526136], [0.060773809523816245, 49.37446325526136], [0.05446428571429244, 49.36499278682959], [0.048154761904768625, 49.36499278682959], [0.048154761904768625, 49.358679141208405], [0.035535714285721005, 49.35552231839782], [0.035535714285721005, 49.35236549558723], [0.0292261904761972, 49.35236549558723], [0.0292261904761972, 49.346051849966045], [0.019761904761911482, 49.346051849966045], [0.019761904761911482, 49.34289502715546], [0.013452380952387672, 49.34289502715546], [0.013452380952387672, 49.33973820434486], [0.003988095238101957, 49.33973820434486], [0.003988095238101957, 49.333424558723685], [-0.008630952380945663, 49.333424558723685], [-0.008630952380945663, 49.33026773591309], [-0.018095238095231378, 49.33026773591309], [-0.018095238095231378, 49.3271109131025], [-0.030714285714278998, 49.3271109131025], [-0.030714285714278998, 49.32079726748132], [-0.04648809523808852, 49.32079726748132], [-0.04648809523808852, 49.31764044467073], [-0.05910714285713614, 49.31764044467073], [-0.05910714285713614, 49.31448362186014], [-0.10327380952380281, 49.31448362186014], [-0.10327380952380281, 49.30816997623896], [-0.11589285714285043, 49.30501315342837], [-0.11589285714285043, 49.301856330617774], [-0.13482142857142188, 49.301856330617774], [-0.13482142857142188, 49.2955426849966], [-0.20107142857142188, 49.292385862186], [-0.20107142857142188, 49.2955426849966], [-0.2168452380952314, 49.2955426849966], [-0.2168452380952314, 49.301856330617774], [-0.2862499999999933, 49.301856330617774], [-0.2862499999999933, 49.30501315342837], [-0.29886904761904093, 49.30501315342837], [-0.29886904761904093, 49.30816997623896], [-0.30833333333332663, 49.30816997623896], [-0.30833333333332663, 49.31448362186014], [-0.31779761904761233, 49.31448362186014], [-0.32095238095237427, 49.32079726748132], [-0.3367261904761838, 49.32079726748132], [-0.3367261904761838, 49.3271109131025], [-0.35880952380951714, 49.33026773591309], [-0.35880952380951714, 49.333424558723685], [-0.361964285714279, 49.333424558723685], [-0.361964285714279, 49.33973820434486], [-0.38720238095237425, 49.33973820434486], [-0.38720238095237425, 49.346051849966045], [-0.39666666666665995, 49.346051849966045], [-0.39666666666665995, 49.35236549558723], [-0.4250595238095171, 49.35236549558723], [-0.4250595238095171, 49.35552231839782]], [[-0.3714285714285647, 49.346051849966045], [-0.3714285714285647, 49.35236549558723], [-0.38720238095237425, 49.35236549558723], [-0.38720238095237425, 49.346051849966045], [-0.3714285714285647, 49.346051849966045]], [[0.12386904761905435, 49.462854293957896], [0.12386904761905435, 49.45969747114731], [0.13017857142857817, 49.45969747114731], [0.13017857142857817, 49.462854293957896], [0.12386904761905435, 49.462854293957896]]]]}}, {"type": "Feature", "properties": {"t": "b2", "lvl": 2}, "geometry": {"type": "MultiPolygon", "coordinates": [[[[-0.45029761904761234, 49.346051849966045], [-0.45029761904761234, 49.35236549558723], [-0.44714285714285046, 49.35236549558723], [-0.44714285714285046, 49.346051849966045], [-0.45029761904761234, 49.346051849966045]]], [[[0.08601190476191149, 49.38709054650372], [0.08601190476191149, 49.393404192124905], [0.0923214285714353, 49.393404192124905], [0.0923214285714353, 49.38709054650372], [0.08601190476191149, 49.38709054650372]]], [[[0.0923214285714353, 49.39656101493549], [0.09547619047619721, 49.39656101493549], [0.09547619047619721, 49.393404192124905], [0.0923214285714353, 49.393404192124905], [0.0923214285714353, 49.39656101493549]]], [[[0.0986309523809591, 49.39656101493549], [0.09547619047619721, 49.39656101493549], [0.09547619047619721, 49.39971783774609], [0.0986309523809591, 49.39971783774609], [0.0986309523809591, 49.39656101493549]]], [[[0.0986309523809591, 49.39971783774609], [0.0986309523809591, 49.406031483367265], [0.10494047619048291, 49.406031483367265], [0.10494047619048291, 49.39971783774609], [0.0986309523809591, 49.39971783774609]]], [[[0.8242261904761973, 49.40918830617786], [0.8242261904761973, 49.41234512898845], [0.8273809523809592, 49.41234512898845], [0.8273809523809592, 49.40918830617786], [0.8242261904761973, 49.40918830617786]]], [[[0.10809523809524482, 49.41865877460963], [0.10809523809524482, 49.42181559742022], [0.12386904761905435, 49.42181559742022], [0.12386904761905435, 49.42497242023081], [0.13017857142857817, 49.42497242023081], [0.13017857142857817, 49.42181559742022], [0.13333333333334008, 49.42181559742022], [0.13333333333334008, 49.42497242023081], [0.13648809523810196, 49.42497242023081], [0.13648809523810196, 49.41865877460963], [0.13017857142857817, 49.41865877460963], [0.13017857142857817, 49.41234512898845], [0.11125000000000673, 49.41234512898845], [0.10809523809524482, 49.406031483367265], [0.10494047619048291, 49.406031483367265], [0.10494047619048291, 49.40918830617786], [0.08285714285714958, 49.40918830617786], [0.08285714285714958, 49.41865877460963], [0.07970238095238767, 49.41865877460963], [0.07970238095238767, 49.42181559742022], [0.10494047619048291, 49.42181559742022], [0.10494047619048291, 49.41865877460963], [0.10809523809524482, 49.41865877460963]]], [[[0.8210714285714353, 49.41865877460963], [0.8242261904761973, 49.41865877460963], [0.8242261904761973, 49.41234512898845], [0.8210714285714353, 49.41234512898845], [0.8210714285714353, 49.41865877460963]]], [[[0.060773809523816245, 49.37446325526136], [0.048154761904768625, 49.37130643245077], [0.048154761904768625, 49.36814960964018], [0.04184523809524482, 49.36499278682959], [0.04184523809524482, 49.358679141208405], [0.0323809523809591, 49.358679141208405], [0.0292261904761972, 49.35236549558723], [0.019761904761911482, 49.35236549558723], [0.019761904761911482, 49.346051849966045], [0.013452380952387672, 49.346051849966045], [0.013452380952387672, 49.34289502715546], [0.003988095238101957, 49.34289502715546], [0.003988095238101957, 49.33973820434486], [-0.005476190476183758, 49.33973820434486], [-0.005476190476183758, 49.333424558723685], [-0.011785714285707568, 49.333424558723685], [-0.011785714285707568, 49.33026773591309], [-0.03702380952380281, 49.3271109131025], [-0.03702380952380281, 49.32079726748132], [-0.05595238095237424, 49.32079726748132], [-0.05595238095237424, 49.31764044467073], [-0.09696428571427901, 49.31764044467073], [-0.09696428571427901, 49.31448362186014], [-0.10958333333332662, 49.31448362186014], [-0.10958333333332662, 49.30816997623896], [-0.11589285714285043, 49.30816997623896], [-0.11589285714285043, 49.30501315342837], [-0.12851190476189805, 49.30501315342837], [-0.12851190476189805, 49.301856330617774], [-0.1505952380952314, 49.301856330617774], [-0.1505952380952314, 49.2955426849966], [-0.19160714285713615, 49.2955426849966], [-0.19160714285713615, 49.301856330617774], [-0.20422619047618376, 49.301856330617774], [-0.20422619047618376, 49.30501315342837], [-0.2199999999999933, 49.30501315342837], [-0.2199999999999933, 49.30816997623896], [-0.2263095238095171, 49.30816997623896], [-0.2263095238095171, 49.31448362186014], [-0.23892857142856472, 49.31448362186014], [-0.23892857142856472, 49.30816997623896], [-0.24208333333332663, 49.30816997623896], [-0.24208333333332663, 49.30501315342837], [-0.25154761904761236, 49.30501315342837], [-0.25154761904761236, 49.30816997623896], [-0.2578571428571362, 49.30816997623896], [-0.2578571428571362, 49.30501315342837], [-0.2925595238095171, 49.30501315342837], [-0.2925595238095171, 49.30816997623896], [-0.29571428571427905, 49.30816997623896], [-0.29571428571427905, 49.31448362186014], [-0.30517857142856475, 49.31448362186014], [-0.30517857142856475, 49.31764044467073], [-0.31148809523808857, 49.31764044467073], [-0.31148809523808857, 49.32079726748132], [-0.32095238095237427, 49.32079726748132], [-0.32095238095237427, 49.3271109131025], [-0.3430357142857076, 49.33026773591309], [-0.3430357142857076, 49.333424558723685], [-0.35880952380951714, 49.333424558723685], [-0.35880952380951714, 49.33973820434486], [-0.3714285714285647, 49.33973820434486], [-0.3714285714285647, 49.346051849966045], [-0.36827380952380284, 49.346051849966045], [-0.36827380952380284, 49.35552231839782], [-0.3714285714285647, 49.35552231839782], [-0.3714285714285647, 49.358679141208405], [-0.39666666666665995, 49.358679141208405], [-0.39666666666665995, 49.36499278682959], [-0.4155952380952314, 49.36499278682959], [-0.4155952380952314, 49.358679141208405], [-0.4250595238095171, 49.358679141208405], [-0.4250595238095171, 49.35552231839782], [-0.4345238095238028, 49.35552231839782], [-0.4345238095238028, 49.35236549558723], [-0.44714285714285046, 49.35236549558723], [-0.44714285714285046, 49.35552231839782], [-0.45029761904761234, 49.35552231839782], [-0.45029761904761234, 49.35236549558723], [-0.46607142857142186, 49.35236549558723], [-0.46607142857142186, 49.35552231839782], [-0.4723809523809457, 49.35552231839782], [-0.4723809523809457, 49.358679141208405], [-0.4786904761904695, 49.35552231839782], [-0.4786904761904695, 49.358679141208405], [-0.4881547619047552, 49.358679141208405], [-0.4881547619047552, 49.36499278682959], [-0.5039285714285647, 49.36499278682959], [-0.5039285714285647, 49.36814960964018], [-0.5512499999999934, 49.36814960964018], [-0.5512499999999934, 49.37130643245077], [-0.5670238095238028, 49.37130643245077], [-0.5670238095238028, 49.36814960964018], [-0.6048809523809457, 49.36814960964018], [-0.6048809523809457, 49.358679141208405], [-0.6080357142857076, 49.358679141208405], [-0.6080357142857076, 49.35552231839782], [-0.5985714285714219, 49.35552231839782], [-0.5985714285714219, 49.35236549558723], [-0.6080357142857076, 49.35236549558723], [-0.6080357142857076, 49.346051849966045], [-0.6174999999999933, 49.346051849966045], [-0.6174999999999933, 49.35236549558723], [-0.7089880952380886, 49.35236549558723], [-0.7089880952380886, 49.35552231839782], [-0.7152976190476124, 49.35552231839782], [-0.7152976190476124, 49.35236549558723], [-0.7247619047618981, 49.35236549558723], [-0.7247619047618981, 49.35552231839782], [-0.7499999999999933, 49.35552231839782], [-0.7499999999999933, 50.15104166666666], [1.461488095238102, 50.15104166666666], [1.461488095238102, 50.141571198234885], [1.4583333333333401, 50.141571198234885], [1.4583333333333401, 50.1352575526137], [1.4520238095238163, 50.1352575526137], [1.4520238095238163, 50.128943906992525], [1.4488690476190544, 50.128943906992525], [1.4457142857142926, 50.12263026137134], [1.4394047619047687, 50.12263026137134], [1.4394047619047687, 50.11315979293957], [1.4330952380952449, 50.11000297012898], [1.4330952380952449, 50.1036893245078], [1.4204761904761973, 50.10053250169721], [1.4204761904761973, 50.097375678886614], [1.4110119047619116, 50.097375678886614], [1.4110119047619116, 50.094218856076026], [1.401547619047626, 50.094218856076026], [1.401547619047626, 50.08790521045484], [1.3794642857142925, 50.081591564833666], [1.3794642857142925, 50.07527791921248], [1.3731547619047688, 50.07527791921248], [1.3731547619047688, 50.072121096401894], [1.360535714285721, 50.072121096401894], [1.360535714285721, 50.0689642735913], [1.3542261904761972, 50.0689642735913], [1.3542261904761972, 50.06265062797012], [1.3447619047619115, 50.06265062797012], [1.3447619047619115, 50.059493805159526], [1.3352976190476258, 50.059493805159526], [1.3352976190476258, 50.05633698234894], [1.3226785714285783, 50.05633698234894], [1.3226785714285783, 50.050023336727754], [1.3163690476190544, 50.050023336727754], [1.3163690476190544, 50.046866513917166], [1.3100595238095307, 50.046866513917166], [1.3100595238095307, 50.04370969110658], [1.3037500000000068, 50.04370969110658], [1.3037500000000068, 50.037396045485394], [1.2848214285714354, 50.034239222674806], [1.2785119047619116, 50.02161193143244], [1.2690476190476259, 50.02161193143244], [1.2690476190476259, 50.01845510862185], [1.262738095238102, 50.01845510862185], [1.262738095238102, 50.01214146300067], [1.2501190476190545, 50.00898464019008], [1.2501190476190545, 50.00582781737949], [1.2406547619047688, 50.00582781737949], [1.2406547619047688, 49.99951417175831], [1.231190476190483, 49.99951417175831], [1.231190476190483, 49.99635734894772], [1.2248809523809592, 49.99635734894772], [1.2248809523809592, 49.99320052613712], [1.2059523809523878, 49.990043703326535], [1.2059523809523878, 49.98373005770535], [1.199642857142864, 49.98373005770535], [1.199642857142864, 49.98057323489476], [1.1807142857142925, 49.977416412084175], [1.1807142857142925, 49.97110276646299], [1.1712500000000068, 49.97110276646299], [1.1712500000000068, 49.9679459436524], [1.161785714285721, 49.9679459436524], [1.161785714285721, 49.96478912084181], [1.1523214285714354, 49.96478912084181], [1.1523214285714354, 49.95847547522063], [1.1397023809523879, 49.95847547522063], [1.1397023809523879, 49.955318652410035], [1.1144642857142926, 49.95216182959945], [1.1144642857142926, 49.94584818397826], [1.1018452380952448, 49.94584818397826], [1.1018452380952448, 49.942691361167675], [1.0829166666666734, 49.942691361167675], [1.0829166666666734, 49.93953453835709], [1.0734523809523877, 49.93953453835709], [1.0734523809523877, 49.9332208927359], [1.0608333333333402, 49.9332208927359], [1.0608333333333402, 49.930064069925315], [1.0229761904761974, 49.92690724711472], [1.0229761904761974, 49.92059360149354], [1.0040476190476257, 49.92059360149354], [1.0040476190476257, 49.92690724711472], [0.9661904761904829, 49.92690724711472], [0.9661904761904829, 49.930064069925315], [0.9567261904761972, 49.930064069925315], [0.9567261904761972, 49.92690724711472], [0.9441071428571497, 49.92690724711472], [0.9441071428571497, 49.92059360149354], [0.9377976190476258, 49.92059360149354], [0.9377976190476258, 49.91743677868295], [0.9283333333333401, 49.91743677868295], [0.9283333333333401, 49.91427995587236], [0.9125595238095306, 49.91427995587236], [0.9125595238095306, 49.907966310251176], [0.868392857142864, 49.90480948744059], [0.868392857142864, 49.90165266463], [0.8463095238095306, 49.90165266463], [0.8463095238095306, 49.895339019008816], [0.8242261904761973, 49.895339019008816], [0.8242261904761973, 49.89218219619823], [0.8116071428571496, 49.89218219619823], [0.8116071428571496, 49.88902537338763], [0.798988095238102, 49.88902537338763], [0.798988095238102, 49.885868550577044], [0.7832142857142925, 49.885868550577044], [0.7832142857142925, 49.87955490495586], [0.7232738095238163, 49.87955490495586], [0.7232738095238163, 49.87639808214527], [0.7106547619047687, 49.87639808214527], [0.7106547619047687, 49.87955490495586], [0.7043452380952449, 49.87955490495586], [0.7043452380952449, 49.87639808214527], [0.6696428571428639, 49.87639808214527], [0.6696428571428639, 49.873241259334684], [0.6380952380952448, 49.873241259334684], [0.6380952380952448, 49.8669276137135], [0.6160119047619115, 49.8669276137135], [0.6160119047619115, 49.86377079090291], [0.603392857142864, 49.86377079090291], [0.603392857142864, 49.860613968092316], [0.5750000000000067, 49.860613968092316], [0.5750000000000067, 49.85430032247114], [0.5623809523809591, 49.85430032247114], [0.5623809523809591, 49.851143499660544], [0.5529166666666734, 49.851143499660544], [0.5529166666666734, 49.847986676849956], [0.5402976190476259, 49.847986676849956], [0.5402976190476259, 49.84167303122877], [0.533988095238102, 49.84167303122877], [0.533988095238102, 49.838516208418184], [0.5245238095238163, 49.838516208418184], [0.5245238095238163, 49.835359385607596], [0.5213690476190543, 49.835359385607596], [0.5213690476190543, 49.82904573998641], [0.49928571428572105, 49.825888917175824], [0.49928571428572105, 49.82273209436523], [0.48982142857143535, 49.82273209436523], [0.48982142857143535, 49.81641844874405], [0.4835119047619115, 49.81641844874405], [0.4835119047619115, 49.81326162593346], [0.4614285714285782, 49.81010480312287], [0.4614285714285782, 49.803791157501685], [0.4519642857142925, 49.803791157501685], [0.4519642857142925, 49.8006343346911], [0.4425000000000068, 49.8006343346911], [0.4425000000000068, 49.79747751188051], [0.433035714285721, 49.79747751188051], [0.433035714285721, 49.791163866259325], [0.42041666666667343, 49.791163866259325], [0.42041666666667343, 49.78800704344874], [0.3983333333333401, 49.78485022063814], [0.3983333333333401, 49.78169339782755], [0.38571428571429245, 49.78169339782755], [0.38571428571429245, 49.77537975220637], [0.36678571428572104, 49.77537975220637], [0.36678571428572104, 49.77222292939578], [0.3604761904761972, 49.77222292939578], [0.3604761904761972, 49.76906610658519], [0.35732142857143534, 49.76906610658519], [0.35732142857143534, 49.76275246096401], [0.3541666666666734, 49.76275246096401], [0.3541666666666734, 49.75959563815342], [0.33208333333334006, 49.756438815342825], [0.33208333333334006, 49.75012516972165], [0.2752976190476258, 49.743811524100465], [0.2752976190476258, 49.73749787847928], [0.25321428571429244, 49.73434105566869], [0.25321428571429244, 49.731184232858105], [0.24375000000000674, 49.731184232858105], [0.24375000000000674, 49.72487058723692], [0.22797619047619722, 49.72487058723692], [0.22797619047619722, 49.72171376442633], [0.20904761904762578, 49.72171376442633], [0.20904761904762578, 49.71855694161574], [0.19958333333334008, 49.71855694161574], [0.19958333333334008, 49.71224329599456], [0.19011904761905435, 49.71224329599456], [0.19011904761905435, 49.709086473183966], [0.17750000000000674, 49.70592965037338], [0.17750000000000674, 49.699616004752194], [0.17434523809524483, 49.699616004752194], [0.17434523809524483, 49.696459181941606], [0.16488095238095912, 49.696459181941606], [0.16488095238095912, 49.69330235913102], [0.1585714285714353, 49.69330235913102], [0.1585714285714353, 49.67751824507806], [0.15226190476191148, 49.67751824507806], [0.1491071428571496, 49.65542048540393], [0.1459523809523877, 49.65542048540393], [0.1459523809523877, 49.64279319416156], [0.13964285714286387, 49.64279319416156], [0.13964285714286387, 49.63332272572979], [0.13333333333334008, 49.6301659029192], [0.13333333333334008, 49.62069543448743], [0.13017857142857817, 49.62069543448743], [0.13017857142857817, 49.61753861167684], [0.12386904761905435, 49.61753861167684], [0.11755952380953054, 49.604911320434475], [0.11125000000000673, 49.604911320434475], [0.11125000000000673, 49.5954408520027], [0.10809523809524482, 49.5954408520027], [0.10494047619048291, 49.58912720638153], [0.0986309523809591, 49.58912720638153], [0.09547619047619721, 49.57649991513916], [0.0923214285714353, 49.57649991513916], [0.0923214285714353, 49.57334309232857], [0.08601190476191149, 49.57334309232857], [0.08601190476191149, 49.5638726238968], [0.07970238095238767, 49.56071580108621], [0.07970238095238767, 49.55124533265444], [0.07339285714286387, 49.55124533265444], [0.07339285714286387, 49.54808850984384], [0.07023809523810196, 49.54808850984384], [0.06708333333334006, 49.5291475729803], [0.060773809523816245, 49.5291475729803], [0.060773809523816245, 49.50389299049558], [0.07970238095238767, 49.500736167684984], [0.07970238095238767, 49.497579344874396], [0.08285714285714958, 49.497579344874396], [0.08285714285714958, 49.49126569925321], [0.08601190476191149, 49.49126569925321], [0.08601190476191149, 49.484952053632036], [0.0923214285714353, 49.484952053632036], [0.0923214285714353, 49.47863840801085], [0.09547619047619721, 49.47863840801085], [0.09547619047619721, 49.475481585200264], [0.10494047619048291, 49.475481585200264], [0.10494047619048291, 49.462854293957896], [0.10809523809524482, 49.462854293957896], [0.11125000000000673, 49.45654064833672], [0.1459523809523877, 49.45654064833672], [0.1459523809523877, 49.44707017990495], [0.13648809523810196, 49.44707017990495], [0.13648809523810196, 49.44391335709435], [0.13017857142857817, 49.44707017990495], [0.13017857142857817, 49.437599711473176], [0.08285714285714958, 49.43444288866258], [0.08285714285714958, 49.43128606585199], [0.07970238095238767, 49.43128606585199], [0.07970238095238767, 49.42181559742022], [0.07023809523810196, 49.42181559742022], [0.07023809523810196, 49.42497242023081], [0.06708333333334006, 49.42497242023081], [0.06708333333334006, 49.43444288866258], [0.060773809523816245, 49.43444288866258], [0.060773809523816245, 49.437599711473176], [0.04500000000000672, 49.437599711473176], [0.04500000000000672, 49.42497242023081], [0.048154761904768625, 49.42497242023081], [0.048154761904768625, 49.42181559742022], [0.05446428571429244, 49.42181559742022], [0.05446428571429244, 49.41865877460963], [0.06708333333334006, 49.41865877460963], [0.06708333333334006, 49.41234512898845], [0.07023809523810196, 49.41234512898845], [0.07023809523810196, 49.406031483367265], [0.06708333333334006, 49.406031483367265], [0.06708333333334006, 49.39656101493549], [0.07023809523810196, 49.39656101493549], [0.07023809523810196, 49.38709054650372], [0.07339285714286387, 49.38709054650372], [0.07339285714286387, 49.380776900882545], [0.060773809523816245, 49.380776900882545], [0.060773809523816245, 49.37446325526136]], [[0.06708333333334006, 49.38709054650372], [0.06708333333334006, 49.38393372369313], [0.07023809523810196, 49.38393372369313], [0.07023809523810196, 49.38709054650372], [0.06708333333334006, 49.38709054650372]]]]}}, {"type": "Feature", "properties": {"t": "b5", "lvl": 5}, "geometry": {"type": "MultiPolygon", "coordinates": [[[[-0.46291666666666, 49.35552231839782], [-0.46607142857142186, 49.35552231839782], [-0.46607142857142186, 49.358679141208405], [-0.46291666666666, 49.358679141208405], [-0.46291666666666, 49.35552231839782]]], [[[-0.42821428571427905, 49.35552231839782], [-0.4345238095238028, 49.35552231839782], [-0.4345238095238028, 49.358679141208405], [-0.42821428571427905, 49.358679141208405], [-0.42821428571427905, 49.35552231839782]]], [[[1.4488690476190544, 50.141571198234885], [1.4457142857142926, 50.141571198234885], [1.4457142857142926, 50.1352575526137], [1.4394047619047687, 50.1352575526137], [1.4394047619047687, 50.128943906992525], [1.4267857142857212, 50.12578708418193], [1.4267857142857212, 50.11631661575016], [1.4141666666666735, 50.11315979293957], [1.4141666666666735, 50.10053250169721], [1.4110119047619116, 50.10053250169721], [1.4110119047619116, 50.097375678886614], [1.401547619047626, 50.097375678886614], [1.401547619047626, 50.094218856076026], [1.3983928571428639, 50.094218856076026], [1.3983928571428639, 50.08790521045484], [1.3889285714285782, 50.08790521045484], [1.3889285714285782, 50.084748387644254], [1.3826190476190545, 50.084748387644254], [1.3826190476190545, 50.081591564833666], [1.3731547619047688, 50.081591564833666], [1.3731547619047688, 50.07527791921248], [1.360535714285721, 50.07527791921248], [1.360535714285721, 50.072121096401894], [1.3542261904761972, 50.072121096401894], [1.3542261904761972, 50.0689642735913], [1.3447619047619115, 50.0689642735913], [1.3447619047619115, 50.06265062797012], [1.3352976190476258, 50.06265062797012], [1.3352976190476258, 50.059493805159526], [1.3289880952381021, 50.059493805159526], [1.3289880952381021, 50.05633698234894], [1.3195238095238164, 50.05633698234894], [1.3195238095238164, 50.050023336727754], [1.3100595238095307, 50.050023336727754], [1.3069047619047687, 50.04370969110658], [1.297440476190483, 50.04370969110658], [1.297440476190483, 50.037396045485394], [1.2848214285714354, 50.034239222674806], [1.2848214285714354, 50.03108239986421], [1.2785119047619116, 50.03108239986421], [1.2785119047619116, 50.024768754243034], [1.2753571428571497, 50.024768754243034], [1.2753571428571497, 50.02161193143244], [1.265892857142864, 50.02161193143244], [1.265892857142864, 50.01845510862185], [1.262738095238102, 50.01845510862185], [1.262738095238102, 50.01214146300067], [1.2438095238095306, 50.00898464019008], [1.2438095238095306, 50.00582781737949], [1.2406547619047688, 50.00582781737949], [1.2406547619047688, 49.99951417175831], [1.2185714285714353, 49.99635734894772], [1.2185714285714353, 49.99320052613712], [1.2059523809523878, 49.990043703326535], [1.2059523809523878, 49.98373005770535], [1.1933333333333402, 49.98373005770535], [1.1933333333333402, 49.98057323489476], [1.1870238095238164, 49.98057323489476], [1.1870238095238164, 49.977416412084175], [1.1744047619047686, 49.977416412084175], [1.1744047619047686, 49.97110276646299], [1.164940476190483, 49.97110276646299], [1.164940476190483, 49.9679459436524], [1.1586309523809593, 49.9679459436524], [1.1586309523809593, 49.96478912084181], [1.1491666666666736, 49.96478912084181], [1.1491666666666736, 49.95847547522063], [1.133392857142864, 49.95847547522063], [1.133392857142864, 49.955318652410035], [1.1239285714285783, 49.955318652410035], [1.1239285714285783, 49.95216182959945], [1.1081547619047687, 49.95216182959945], [1.1081547619047687, 49.94584818397826], [1.0734523809523877, 49.942691361167675], [1.0734523809523877, 49.93953453835709], [1.0671428571428638, 49.93953453835709], [1.0671428571428638, 49.9332208927359], [1.0482142857142924, 49.9332208927359], [1.0482142857142924, 49.930064069925315], [1.0229761904761974, 49.930064069925315], [1.0229761904761974, 49.92690724711472], [0.9725000000000068, 49.92690724711472], [0.9725000000000068, 49.930064069925315], [0.9535714285714354, 49.930064069925315], [0.9535714285714354, 49.92690724711472], [0.9409523809523878, 49.92690724711472], [0.9409523809523878, 49.92059360149354], [0.931488095238102, 49.92059360149354], [0.931488095238102, 49.91743677868295], [0.9251785714285782, 49.91743677868295], [0.9251785714285782, 49.91427995587236], [0.9062500000000068, 49.91427995587236], [0.9062500000000068, 49.907966310251176], [0.8810119047619116, 49.907966310251176], [0.8810119047619116, 49.90480948744059], [0.8526190476190544, 49.90480948744059], [0.8526190476190544, 49.90165266463], [0.8368452380952449, 49.90165266463], [0.8368452380952449, 49.895339019008816], [0.8147619047619116, 49.895339019008816], [0.8147619047619116, 49.89218219619823], [0.8084523809523877, 49.89218219619823], [0.8084523809523877, 49.88902537338763], [0.7705952380952449, 49.885868550577044], [0.7705952380952449, 49.87955490495586], [0.6917261904761972, 49.87955490495586], [0.6917261904761972, 49.87639808214527], [0.6570238095238163, 49.87639808214527], [0.6570238095238163, 49.873241259334684], [0.6317857142857211, 49.873241259334684], [0.6317857142857211, 49.8669276137135], [0.5907738095238163, 49.86377079090291], [0.5907738095238163, 49.860613968092316], [0.568690476190483, 49.860613968092316], [0.568690476190483, 49.85430032247114], [0.5560714285714353, 49.85430032247114], [0.5560714285714353, 49.851143499660544], [0.5497619047619116, 49.851143499660544], [0.5497619047619116, 49.847986676849956], [0.5371428571428639, 49.847986676849956], [0.5371428571428639, 49.84167303122877], [0.5276785714285782, 49.84167303122877], [0.5245238095238163, 49.835359385607596], [0.5150595238095306, 49.835359385607596], [0.5150595238095306, 49.82904573998641], [0.5024404761904829, 49.82904573998641], [0.5024404761904829, 49.825888917175824], [0.4961309523809591, 49.825888917175824], [0.4961309523809591, 49.82273209436523], [0.4866666666666734, 49.82273209436523], [0.4866666666666734, 49.81641844874405], [0.4772023809523877, 49.81641844874405], [0.4772023809523877, 49.81326162593346], [0.4708928571428639, 49.81326162593346], [0.4708928571428639, 49.81010480312287], [0.4614285714285782, 49.81010480312287], [0.4614285714285782, 49.803791157501685], [0.44880952380953054, 49.803791157501685], [0.44880952380953054, 49.8006343346911], [0.4425000000000068, 49.8006343346911], [0.4425000000000068, 49.79747751188051], [0.42988095238095914, 49.79747751188051], [0.42988095238095914, 49.791163866259325], [0.42041666666667343, 49.791163866259325], [0.42041666666667343, 49.78800704344874], [0.4077976190476258, 49.78800704344874], [0.4077976190476258, 49.78485022063814], [0.38255952380953057, 49.78169339782755], [0.38255952380953057, 49.77537975220637], [0.36678571428572104, 49.77537975220637], [0.36678571428572104, 49.77222292939578], [0.35732142857143534, 49.77222292939578], [0.35732142857143534, 49.76275246096401], [0.3478571428571496, 49.76275246096401], [0.3478571428571496, 49.75959563815342], [0.3415476190476258, 49.75959563815342], [0.3415476190476258, 49.756438815342825], [0.33208333333334006, 49.756438815342825], [0.33208333333334006, 49.75012516972165], [0.31630952380953054, 49.75012516972165], [0.31630952380953054, 49.74696834691105], [0.2816071428571496, 49.74696834691105], [0.2816071428571496, 49.743811524100465], [0.26898809523810197, 49.743811524100465], [0.26898809523810197, 49.73749787847928], [0.2658333333333401, 49.73749787847928], [0.2658333333333401, 49.73434105566869], [0.24059523809524483, 49.731184232858105], [0.24059523809524483, 49.72487058723692], [0.2248214285714353, 49.72487058723692], [0.2248214285714353, 49.72171376442633], [0.20273809523810196, 49.72171376442633], [0.20273809523810196, 49.71855694161574], [0.19958333333334008, 49.71855694161574], [0.19958333333334008, 49.71224329599456], [0.19011904761905435, 49.71224329599456], [0.19011904761905435, 49.709086473183966], [0.17750000000000674, 49.70592965037338], [0.17750000000000674, 49.699616004752194], [0.17119047619048292, 49.699616004752194], [0.17119047619048292, 49.696459181941606], [0.1617261904761972, 49.696459181941606], [0.1617261904761972, 49.69330235913102], [0.1585714285714353, 49.69330235913102], [0.1585714285714353, 49.68067506788865], [0.15226190476191148, 49.68067506788865], [0.15226190476191148, 49.66804777664629], [0.1459523809523877, 49.66804777664629], [0.1459523809523877, 49.6648909538357], [0.1491071428571496, 49.6648909538357], [0.1491071428571496, 49.65857730821452], [0.1459523809523877, 49.65857730821452], [0.1459523809523877, 49.64595001697216], [0.13964285714286387, 49.64595001697216], [0.13648809523810196, 49.63332272572979], [0.13333333333334008, 49.63332272572979], [0.13333333333334008, 49.627009080108614], [0.13017857142857817, 49.627009080108614], [0.13017857142857817, 49.62069543448743], [0.12386904761905435, 49.62069543448743], [0.12386904761905435, 49.61753861167684], [0.12071428571429244, 49.61753861167684], [0.12071428571429244, 49.60806814324507], [0.10809523809524482, 49.60175449762389], [0.10809523809524482, 49.5954408520027], [0.10494047619048291, 49.5954408520027], [0.10494047619048291, 49.592284029192115], [0.0986309523809591, 49.592284029192115], [0.0986309523809591, 49.58281356076034], [0.0923214285714353, 49.579656737949755], [0.0923214285714353, 49.57649991513916], [0.08601190476191149, 49.57649991513916], [0.08601190476191149, 49.56702944670739], [0.07970238095238767, 49.5638726238968], [0.07970238095238767, 49.55440215546503], [0.07339285714286387, 49.55440215546503], [0.07339285714286387, 49.55124533265444], [0.07023809523810196, 49.55124533265444], [0.07023809523810196, 49.54177486422267], [0.06708333333334006, 49.54177486422267], [0.06708333333334006, 49.53546121860148], [0.060773809523816245, 49.53546121860148], [0.060773809523816245, 49.5291475729803], [0.05761904761905434, 49.5291475729803], [0.05761904761905434, 49.510206636116756], [0.060773809523816245, 49.510206636116756], [0.060773809523816245, 49.50389299049558], [0.06708333333334006, 49.50389299049558], [0.07023809523810196, 49.497579344874396], [0.07970238095238767, 49.497579344874396], [0.07970238095238767, 49.49126569925321], [0.08285714285714958, 49.49126569925321], [0.08285714285714958, 49.488108876442624], [0.060773809523816245, 49.488108876442624], [0.060773809523816245, 49.49126569925321], [0.05446428571429244, 49.49126569925321], [0.05446428571429244, 49.488108876442624], [0.04500000000000672, 49.488108876442624], [0.04500000000000672, 49.484952053632036], [0.05446428571429244, 49.484952053632036], [0.05446428571429244, 49.475481585200264], [0.05761904761905434, 49.475481585200264], [0.05761904761905434, 49.47232476238967], [0.07970238095238767, 49.47232476238967], [0.07970238095238767, 49.46916793957908], [0.07339285714286387, 49.46916793957908], [0.07023809523810196, 49.45654064833672], [0.07339285714286387, 49.45654064833672], [0.07339285714286387, 49.45969747114731], [0.08601190476191149, 49.45969747114731], [0.08601190476191149, 49.46916793957908], [0.0986309523809591, 49.46916793957908], [0.0986309523809591, 49.462854293957896], [0.09547619047619721, 49.462854293957896], [0.09547619047619721, 49.45969747114731], [0.0986309523809591, 49.45969747114731], [0.0986309523809591, 49.45654064833672], [0.10809523809524482, 49.45654064833672], [0.10809523809524482, 49.450227002715536], [0.11755952380953054, 49.450227002715536], [0.11755952380953054, 49.45654064833672], [0.12071428571429244, 49.45654064833672], [0.12071428571429244, 49.450227002715536], [0.13333333333334008, 49.450227002715536], [0.13333333333334008, 49.44707017990495], [0.08601190476191149, 49.44707017990495], [0.08601190476191149, 49.450227002715536], [0.05761904761905434, 49.450227002715536], [0.05761904761905434, 49.44707017990495], [0.04184523809524482, 49.44707017990495], [0.04184523809524482, 49.44391335709435], [0.0323809523809591, 49.44391335709435], [0.0323809523809591, 49.437599711473176], [0.026071428571435292, 49.437599711473176], [0.026071428571435292, 49.43128606585199], [0.019761904761911482, 49.43128606585199], [0.019761904761911482, 49.41865877460963], [0.026071428571435292, 49.41865877460963], [0.026071428571435292, 49.40918830617786], [0.019761904761911482, 49.40918830617786], [0.019761904761911482, 49.406031483367265], [0.01660714285714958, 49.406031483367265], [0.01660714285714958, 49.39656101493549], [0.013452380952387672, 49.39656101493549], [0.013452380952387672, 49.393404192124905], [0.007142857142863862, 49.393404192124905], [0.007142857142863862, 49.38709054650372], [0.0008333333333400521, 49.38709054650372], [0.003988095238101957, 49.380776900882545], [0.0008333333333400521, 49.380776900882545], [0.0008333333333400521, 49.37446325526136], [-0.005476190476183758, 49.37446325526136], [-0.005476190476183758, 49.36814960964018], [-0.008630952380945663, 49.36814960964018], [-0.008630952380945663, 49.358679141208405], [-0.011785714285707568, 49.358679141208405], [-0.011785714285707568, 49.35552231839782], [-0.02124999999999328, 49.35552231839782], [-0.02124999999999328, 49.35236549558723], [-0.024404761904755188, 49.35236549558723], [-0.024404761904755188, 49.346051849966045], [-0.04333333333332662, 49.34289502715546], [-0.04333333333332662, 49.333424558723685], [-0.04648809523808852, 49.333424558723685], [-0.04648809523808852, 49.33026773591309], [-0.05595238095237424, 49.33026773591309], [-0.05595238095237424, 49.3271109131025], [-0.07172619047618377, 49.3271109131025], [-0.07172619047618377, 49.32079726748132], [-0.08749999999999329, 49.32079726748132], [-0.08749999999999329, 49.31764044467073], [-0.11273809523808853, 49.31764044467073], [-0.11273809523808853, 49.31448362186014], [-0.12535714285713614, 49.31448362186014], [-0.12535714285713614, 49.30816997623896], [-0.1474404761904695, 49.30816997623896], [-0.1474404761904695, 49.30501315342837], [-0.17898809523808853, 49.30501315342837], [-0.17898809523808853, 49.30816997623896], [-0.19160714285713615, 49.30816997623896], [-0.19160714285713615, 49.31448362186014], [-0.2168452380952314, 49.31448362186014], [-0.2168452380952314, 49.31764044467073], [-0.2199999999999933, 49.31764044467073], [-0.2199999999999933, 49.3271109131025], [-0.2263095238095171, 49.3271109131025], [-0.2263095238095171, 49.32079726748132], [-0.23261904761904093, 49.32079726748132], [-0.23261904761904093, 49.31764044467073], [-0.24208333333332663, 49.31764044467073], [-0.24208333333332663, 49.31448362186014], [-0.2673214285714219, 49.31448362186014], [-0.2673214285714219, 49.31764044467073], [-0.2767857142857076, 49.31764044467073], [-0.2767857142857076, 49.31448362186014], [-0.27994047619046947, 49.31448362186014], [-0.27994047619046947, 49.31764044467073], [-0.29886904761904093, 49.31764044467073], [-0.29886904761904093, 49.32079726748132], [-0.31148809523808857, 49.32079726748132], [-0.31148809523808857, 49.3271109131025], [-0.33357142857142186, 49.33026773591309], [-0.33357142857142186, 49.333424558723685], [-0.3367261904761838, 49.333424558723685], [-0.3367261904761838, 49.33973820434486], [-0.35880952380951714, 49.33973820434486], [-0.35880952380951714, 49.34289502715546], [-0.361964285714279, 49.34289502715546], [-0.361964285714279, 49.35236549558723], [-0.36827380952380284, 49.35236549558723], [-0.36827380952380284, 49.36499278682959], [-0.3808928571428504, 49.36499278682959], [-0.3808928571428504, 49.36814960964018], [-0.38720238095237425, 49.36814960964018], [-0.38720238095237425, 49.36499278682959], [-0.39666666666665995, 49.36499278682959], [-0.39666666666665995, 49.36814960964018], [-0.40297619047618377, 49.36814960964018], [-0.40297619047618377, 49.36499278682959], [-0.44083333333332664, 49.36499278682959], [-0.44083333333332664, 49.358679141208405], [-0.45029761904761234, 49.358679141208405], [-0.45029761904761234, 49.36499278682959], [-0.46607142857142186, 49.36499278682959], [-0.46607142857142186, 49.358679141208405], [-0.4755357142857076, 49.358679141208405], [-0.4755357142857076, 49.36814960964018], [-0.5386309523809457, 49.37130643245077], [-0.5386309523809457, 49.37446325526136], [-0.59541666666666, 49.37446325526136], [-0.5985714285714219, 49.36814960964018], [-0.6048809523809457, 49.36814960964018], [-0.6048809523809457, 49.36499278682959], [-0.6080357142857076, 49.36499278682959], [-0.6080357142857076, 49.358679141208405], [-0.6174999999999933, 49.358679141208405], [-0.6174999999999933, 49.35552231839782], [-0.6111904761904695, 49.35552231839782], [-0.6111904761904695, 49.35236549558723], [-0.6238095238095172, 49.35236549558723], [-0.6238095238095172, 49.35552231839782], [-0.6585119047618981, 49.35552231839782], [-0.6585119047618981, 49.35236549558723], [-0.6742857142857076, 49.35236549558723], [-0.6742857142857076, 49.35552231839782], [-0.7499999999999933, 49.35552231839782], [-0.7499999999999933, 50.15104166666666], [1.4488690476190544, 50.15104166666666], [1.4488690476190544, 50.141571198234885]], [[0.05446428571429244, 49.50389299049558], [0.05446428571429244, 49.510206636116756], [0.048154761904768625, 49.510206636116756], [0.048154761904768625, 49.50389299049558], [0.05446428571429244, 49.50389299049558]]], [[[1.4236309523809592, 50.1036893245078], [1.4204761904761973, 50.1036893245078], [1.4204761904761973, 50.11000297012898], [1.4236309523809592, 50.11000297012898], [1.4236309523809592, 50.1036893245078]]]]}}, {"type": "Feature", "properties": {"t": "b10", "lvl": 10}, "geometry": {"type": "MultiPolygon", "coordinates": [[[[0.9188690476190544, 49.930064069925315], [0.9188690476190544, 49.92690724711472], [0.9157142857142925, 49.92690724711472], [0.9157142857142925, 49.92059360149354], [0.9030952380952448, 49.92059360149354], [0.9030952380952448, 49.91743677868295], [0.8526190476190544, 49.91427995587236], [0.8526190476190544, 49.907966310251176], [0.8494642857142924, 49.907966310251176], [0.8494642857142924, 49.90480948744059], [0.8400000000000067, 49.90480948744059], [0.8400000000000067, 49.90165266463], [0.8242261904761973, 49.90165266463], [0.8242261904761973, 49.895339019008816], [0.7958333333333402, 49.895339019008816], [0.7958333333333402, 49.89218219619823], [0.7769047619047686, 49.89218219619823], [0.7769047619047686, 49.88902537338763], [0.7453571428571496, 49.88902537338763], [0.7453571428571496, 49.885868550577044], [0.7201190476190544, 49.885868550577044], [0.7201190476190544, 49.88902537338763], [0.7106547619047687, 49.88902537338763], [0.7106547619047687, 49.885868550577044], [0.6980357142857211, 49.885868550577044], [0.6980357142857211, 49.87955490495586], [0.6570238095238163, 49.87955490495586], [0.6570238095238163, 49.87639808214527], [0.6191666666666734, 49.873241259334684], [0.6191666666666734, 49.8669276137135], [0.600238095238102, 49.8669276137135], [0.600238095238102, 49.86377079090291], [0.5781547619047687, 49.86377079090291], [0.5781547619047687, 49.860613968092316], [0.565535714285721, 49.860613968092316], [0.565535714285721, 49.85430032247114], [0.5529166666666734, 49.85430032247114], [0.5529166666666734, 49.851143499660544], [0.5466071428571496, 49.851143499660544], [0.5466071428571496, 49.847986676849956], [0.5371428571428639, 49.847986676849956], [0.5371428571428639, 49.84167303122877], [0.5245238095238163, 49.84167303122877], [0.5245238095238163, 49.838516208418184], [0.5087500000000068, 49.838516208418184], [0.5087500000000068, 49.835359385607596], [0.49928571428572105, 49.835359385607596], [0.49928571428572105, 49.82904573998641], [0.4961309523809591, 49.82904573998641], [0.4961309523809591, 49.825888917175824], [0.48982142857143535, 49.825888917175824], [0.48982142857143535, 49.82273209436523], [0.4740476190476258, 49.82273209436523], [0.4740476190476258, 49.81641844874405], [0.4708928571428639, 49.81641844874405], [0.4708928571428639, 49.81326162593346], [0.4519642857142925, 49.81010480312287], [0.4519642857142925, 49.803791157501685], [0.44565476190476866, 49.803791157501685], [0.44565476190476866, 49.8006343346911], [0.42988095238095914, 49.8006343346911], [0.42988095238095914, 49.79747751188051], [0.4235714285714353, 49.79747751188051], [0.4235714285714353, 49.791163866259325], [0.41095238095238773, 49.791163866259325], [0.41095238095238773, 49.78800704344874], [0.4046428571428639, 49.78800704344874], [0.4046428571428639, 49.78485022063814], [0.39202380952381627, 49.78485022063814], [0.39202380952381627, 49.78169339782755], [0.37309523809524486, 49.78169339782755], [0.37309523809524486, 49.77537975220637], [0.35732142857143534, 49.77537975220637], [0.35732142857143534, 49.77222292939578], [0.3478571428571496, 49.77222292939578], [0.3415476190476258, 49.75959563815342], [0.3194642857142925, 49.756438815342825], [0.3194642857142925, 49.75012516972165], [0.2910714285714353, 49.75012516972165], [0.2910714285714353, 49.74696834691105], [0.26898809523810197, 49.743811524100465], [0.26898809523810197, 49.73749787847928], [0.2563690476190544, 49.73749787847928], [0.2563690476190544, 49.73434105566869], [0.25005952380953056, 49.73434105566869], [0.25005952380953056, 49.731184232858105], [0.23744047619048292, 49.731184232858105], [0.23744047619048292, 49.72487058723692], [0.2153571428571496, 49.72487058723692], [0.2153571428571496, 49.72171376442633], [0.19958333333334008, 49.72171376442633], [0.19958333333334008, 49.71855694161574], [0.19642857142857817, 49.71855694161574], [0.19642857142857817, 49.71224329599456], [0.17750000000000674, 49.709086473183966], [0.17119047619048292, 49.696459181941606], [0.1617261904761972, 49.696459181941606], [0.1617261904761972, 49.69330235913102], [0.1585714285714353, 49.69330235913102], [0.1585714285714353, 49.683831890699246], [0.15226190476191148, 49.683831890699246], [0.15226190476191148, 49.67120459945688], [0.13964285714286387, 49.67120459945688], [0.13964285714286387, 49.6648909538357], [0.1459523809523877, 49.6648909538357], [0.1459523809523877, 49.65542048540393], [0.13964285714286387, 49.65542048540393], [0.13964285714286387, 49.64595001697216], [0.13648809523810196, 49.64595001697216], [0.13648809523810196, 49.639636371350974], [0.13333333333334008, 49.639636371350974], [0.13333333333334008, 49.6301659029192], [0.13017857142857817, 49.6301659029192], [0.13017857142857817, 49.627009080108614], [0.12386904761905435, 49.627009080108614], [0.12386904761905435, 49.62069543448743], [0.12071428571429244, 49.62069543448743], [0.11755952380953054, 49.60806814324507], [0.11125000000000673, 49.60806814324507], [0.11125000000000673, 49.604911320434475], [0.10494047619048291, 49.60175449762389], [0.10494047619048291, 49.5954408520027], [0.0986309523809591, 49.5954408520027], [0.09547619047619721, 49.58281356076034], [0.0923214285714353, 49.58281356076034], [0.0923214285714353, 49.579656737949755], [0.08601190476191149, 49.579656737949755], [0.08601190476191149, 49.57334309232857], [0.08285714285714958, 49.57334309232857], [0.07970238095238767, 49.56071580108621], [0.07339285714286387, 49.56071580108621], [0.07339285714286387, 49.55440215546503], [0.07023809523810196, 49.55440215546503], [0.07023809523810196, 49.54808850984384], [0.06708333333334006, 49.54808850984384], [0.06708333333334006, 49.53861804141207], [0.060773809523816245, 49.53861804141207], [0.060773809523816245, 49.53546121860148], [0.05761904761905434, 49.53546121860148], [0.05761904761905434, 49.5291475729803], [0.05446428571429244, 49.5291475729803], [0.05446428571429244, 49.52599075016971], [0.048154761904768625, 49.52599075016971], [0.048154761904768625, 49.51336345892735], [0.04184523809524482, 49.510206636116756], [0.04184523809524482, 49.49126569925321], [0.0323809523809591, 49.49126569925321], [0.0323809523809591, 49.47863840801085], [0.035535714285721005, 49.47863840801085], [0.035535714285721005, 49.47232476238967], [0.04184523809524482, 49.47232476238967], [0.04184523809524482, 49.46916793957908], [0.035535714285721005, 49.46916793957908], [0.035535714285721005, 49.45969747114731], [0.04184523809524482, 49.45969747114731], [0.04184523809524482, 49.45654064833672], [0.035535714285721005, 49.45654064833672], [0.035535714285721005, 49.450227002715536], [0.0292261904761972, 49.450227002715536], [0.0292261904761972, 49.45654064833672], [-0.005476190476183758, 49.45654064833672], [-0.005476190476183758, 49.45969747114731], [-0.011785714285707568, 49.45969747114731], [-0.011785714285707568, 49.462854293957896], [-0.02124999999999328, 49.462854293957896], [-0.02124999999999328, 49.46916793957908], [-0.0338690476190409, 49.46916793957908], [-0.0338690476190409, 49.47232476238967], [-0.07172619047618377, 49.47232476238967], [-0.07172619047618377, 49.46916793957908], [-0.07488095238094566, 49.46916793957908], [-0.07172619047618377, 49.450227002715536], [-0.05910714285713614, 49.44391335709435], [-0.05595238095237424, 49.42497242023081], [-0.049642857142850425, 49.42497242023081], [-0.049642857142850425, 49.41865877460963], [-0.04648809523808852, 49.41865877460963], [-0.04648809523808852, 49.41234512898845], [-0.049642857142850425, 49.41234512898845], [-0.04648809523808852, 49.39971783774609], [-0.06226190476189805, 49.393404192124905], [-0.06226190476189805, 49.38393372369313], [-0.06857142857142186, 49.38393372369313], [-0.06857142857142186, 49.380776900882545], [-0.07172619047618377, 49.380776900882545], [-0.07172619047618377, 49.37130643245077], [-0.08434523809523138, 49.37130643245077], [-0.08434523809523138, 49.36814960964018], [-0.09696428571427901, 49.36814960964018], [-0.09696428571427901, 49.36499278682959], [-0.10958333333332662, 49.36499278682959], [-0.10958333333332662, 49.358679141208405], [-0.11589285714285043, 49.358679141208405], [-0.11589285714285043, 49.35552231839782], [-0.12851190476189805, 49.35236549558723], [-0.12851190476189805, 49.346051849966045], [-0.1505952380952314, 49.346051849966045], [-0.1505952380952314, 49.34289502715546], [-0.18214285714285045, 49.34289502715546], [-0.18214285714285045, 49.33973820434486], [-0.18845238095237424, 49.33973820434486], [-0.18845238095237424, 49.333424558723685], [-0.2136904761904695, 49.333424558723685], [-0.2136904761904695, 49.33973820434486], [-0.2263095238095171, 49.33973820434486], [-0.2263095238095171, 49.333424558723685], [-0.23892857142856472, 49.333424558723685], [-0.23892857142856472, 49.33973820434486], [-0.25154761904761236, 49.33973820434486], [-0.25154761904761236, 49.34289502715546], [-0.2830952380952314, 49.34289502715546], [-0.2830952380952314, 49.346051849966045], [-0.2925595238095171, 49.346051849966045], [-0.2925595238095171, 49.34289502715546], [-0.29571428571427905, 49.34289502715546], [-0.29571428571427905, 49.346051849966045], [-0.31148809523808857, 49.346051849966045], [-0.31148809523808857, 49.35236549558723], [-0.31779761904761233, 49.35236549558723], [-0.31779761904761233, 49.346051849966045], [-0.3430357142857076, 49.346051849966045], [-0.3430357142857076, 49.35236549558723], [-0.3556547619047552, 49.35552231839782], [-0.361964285714279, 49.36814960964018], [-0.3998214285714219, 49.36814960964018], [-0.3998214285714219, 49.37130643245077], [-0.42190476190475523, 49.37130643245077], [-0.42190476190475523, 49.36814960964018], [-0.4597619047618981, 49.36814960964018], [-0.4597619047618981, 49.37130643245077], [-0.46291666666666, 49.37130643245077], [-0.46291666666666, 49.36814960964018], [-0.46607142857142186, 49.36814960964018], [-0.46607142857142186, 49.37130643245077], [-0.5007738095238028, 49.37130643245077], [-0.5007738095238028, 49.37446325526136], [-0.5386309523809457, 49.37446325526136], [-0.5386309523809457, 49.380776900882545], [-0.5449404761904695, 49.380776900882545], [-0.5449404761904695, 49.38393372369313], [-0.5796428571428505, 49.38393372369313], [-0.5796428571428505, 49.380776900882545], [-0.5985714285714219, 49.380776900882545], [-0.5985714285714219, 49.37130643245077], [-0.6048809523809457, 49.37130643245077], [-0.6048809523809457, 49.36814960964018], [-0.6111904761904695, 49.36814960964018], [-0.6111904761904695, 49.36499278682959], [-0.6206547619047552, 49.36499278682959], [-0.6206547619047552, 49.358679141208405], [-0.6238095238095172, 49.358679141208405], [-0.6238095238095172, 49.36499278682959], [-0.6301190476190409, 49.36499278682959], [-0.6301190476190409, 49.358679141208405], [-0.6490476190476124, 49.358679141208405], [-0.6490476190476124, 49.35552231839782], [-0.7499999999999933, 49.358679141208405], [-0.7499999999999933, 50.15104166666666], [1.395238095238102, 50.15104166666666], [1.395238095238102, 50.141571198234885], [1.3826190476190545, 50.1384143754243], [1.3826190476190545, 50.1352575526137], [1.3794642857142925, 50.1352575526137], [1.3794642857142925, 50.128943906992525], [1.3731547619047688, 50.128943906992525], [1.3731547619047688, 50.12578708418193], [1.366845238095245, 50.12578708418193], [1.366845238095245, 50.12263026137134], [1.3573809523809592, 50.12263026137134], [1.3573809523809592, 50.11631661575016], [1.3479166666666735, 50.11631661575016], [1.3479166666666735, 50.11315979293957], [1.3416071428571497, 50.11315979293957], [1.3416071428571497, 50.11000297012898], [1.360535714285721, 50.11000297012898], [1.360535714285721, 50.1036893245078], [1.3573809523809592, 50.1036893245078], [1.3573809523809592, 50.10053250169721], [1.3479166666666735, 50.10053250169721], [1.3447619047619115, 50.094218856076026], [1.3352976190476258, 50.094218856076026], [1.3352976190476258, 50.08790521045484], [1.332142857142864, 50.08790521045484], [1.332142857142864, 50.081591564833666], [1.3352976190476258, 50.081591564833666], [1.3352976190476258, 50.07527791921248], [1.332142857142864, 50.07527791921248], [1.332142857142864, 50.06265062797012], [1.3226785714285783, 50.06265062797012], [1.3226785714285783, 50.059493805159526], [1.2942857142857211, 50.059493805159526], [1.2942857142857211, 50.05633698234894], [1.2848214285714354, 50.05633698234894], [1.2848214285714354, 50.050023336727754], [1.2816666666666734, 50.050023336727754], [1.2816666666666734, 50.04370969110658], [1.2785119047619116, 50.04370969110658], [1.2785119047619116, 50.037396045485394], [1.2816666666666734, 50.037396045485394], [1.2785119047619116, 50.03108239986421], [1.2690476190476259, 50.03108239986421], [1.2690476190476259, 50.024768754243034], [1.265892857142864, 50.024768754243034], [1.262738095238102, 50.01845510862185], [1.2501190476190545, 50.01845510862185], [1.2501190476190545, 50.01214146300067], [1.2406547619047688, 50.01214146300067], [1.2375000000000067, 50.00582781737949], [1.228035714285721, 50.00582781737949], [1.228035714285721, 49.99951417175831], [1.2185714285714353, 49.99951417175831], [1.2185714285714353, 49.99635734894772], [1.2122619047619116, 49.99635734894772], [1.2122619047619116, 49.99320052613712], [1.202797619047626, 49.99320052613712], [1.202797619047626, 49.990043703326535], [1.1870238095238164, 49.990043703326535], [1.1870238095238164, 49.98373005770535], [1.1775595238095307, 49.98373005770535], [1.1744047619047686, 49.977416412084175], [1.161785714285721, 49.977416412084175], [1.161785714285721, 49.97110276646299], [1.1491666666666736, 49.97110276646299], [1.1491666666666736, 49.977416412084175], [1.1460119047619115, 49.977416412084175], [1.1460119047619115, 49.98057323489476], [1.1397023809523879, 49.98057323489476], [1.1397023809523879, 49.977416412084175], [1.1365476190476258, 49.977416412084175], [1.1365476190476258, 49.97110276646299], [1.133392857142864, 49.97110276646299], [1.133392857142864, 49.977416412084175], [1.1239285714285783, 49.977416412084175], [1.1239285714285783, 49.98057323489476], [1.1207738095238162, 49.98057323489476], [1.1207738095238162, 49.977416412084175], [1.1081547619047687, 49.977416412084175], [1.1081547619047687, 49.9679459436524], [1.0892261904761973, 49.9679459436524], [1.0892261904761973, 49.97110276646299], [1.0829166666666734, 49.97110276646299], [1.0860714285714355, 49.96478912084181], [1.0766071428571498, 49.96478912084181], [1.0766071428571498, 49.95847547522063], [1.0671428571428638, 49.95847547522063], [1.0671428571428638, 49.96478912084181], [1.0450595238095306, 49.96478912084181], [1.0450595238095306, 49.95847547522063], [1.0419047619047688, 49.95847547522063], [1.0419047619047688, 49.94584818397826], [1.035595238095245, 49.94584818397826], [1.035595238095245, 49.942691361167675], [1.0198214285714353, 49.942691361167675], [1.0198214285714353, 49.93953453835709], [0.9914285714285782, 49.93953453835709], [0.9914285714285782, 49.9332208927359], [0.9409523809523878, 49.9332208927359], [0.9409523809523878, 49.930064069925315], [0.931488095238102, 49.930064069925315], [0.931488095238102, 49.9332208927359], [0.9283333333333401, 49.9332208927359], [0.9283333333333401, 49.930064069925315], [0.9188690476190544, 49.930064069925315]], [[1.332142857142864, 50.11000297012898], [1.332142857142864, 50.1036893245078], [1.3416071428571497, 50.1036893245078], [1.3416071428571497, 50.11000297012898], [1.332142857142864, 50.11000297012898]], [[1.3195238095238164, 50.10053250169721], [1.3226785714285783, 50.10053250169721], [1.3226785714285783, 50.1036893245078], [1.3195238095238164, 50.1036893245078], [1.3195238095238164, 50.10053250169721]], [[1.3037500000000068, 50.097375678886614], [1.2942857142857211, 50.097375678886614], [1.2942857142857211, 50.094218856076026], [1.3069047619047687, 50.094218856076026], [1.3100595238095307, 50.10053250169721], [1.3037500000000068, 50.10053250169721], [1.3037500000000068, 50.097375678886614]], [[1.1239285714285783, 49.99320052613712], [1.1207738095238162, 49.99320052613712], [1.1207738095238162, 49.990043703326535], [1.12708333333334, 49.990043703326535], [1.12708333333334, 49.99635734894772], [1.1239285714285783, 49.99635734894772], [1.1239285714285783, 49.99320052613712]], [[1.1365476190476258, 49.98373005770535], [1.1397023809523879, 49.98373005770535], [1.1397023809523879, 49.990043703326535], [1.1365476190476258, 49.990043703326535], [1.1365476190476258, 49.98373005770535]], [[1.0229761904761974, 49.95216182959945], [1.032440476190483, 49.95216182959945], [1.032440476190483, 49.955318652410035], [1.0229761904761974, 49.955318652410035], [1.0229761904761974, 49.95216182959945]], [[0.01660714285714958, 49.54808850984384], [0.0292261904761972, 49.54808850984384], [0.0323809523809591, 49.55440215546503], [0.01660714285714958, 49.55440215546503], [0.01660714285714958, 49.54808850984384]], [[-0.4597619047618981, 49.37446325526136], [-0.4534523809523743, 49.37446325526136], [-0.4534523809523743, 49.380776900882545], [-0.4597619047618981, 49.380776900882545], [-0.4597619047618981, 49.37446325526136]]], [[[0.931488095238102, 49.92690724711472], [0.9283333333333401, 49.92690724711472], [0.9283333333333401, 49.930064069925315], [0.931488095238102, 49.930064069925315], [0.931488095238102, 49.92690724711472]]], [[[1.3479166666666735, 50.081591564833666], [1.3352976190476258, 50.081591564833666], [1.3352976190476258, 50.084748387644254], [1.3479166666666735, 50.084748387644254], [1.3479166666666735, 50.081591564833666]]]]}}, {"type": "Feature", "properties": {"t": "b15", "lvl": 15}, "geometry": {"type": "MultiPolygon", "coordinates": [[[[-0.4345238095238028, 49.38393372369313], [-0.44083333333332664, 49.38393372369313], [-0.44083333333332664, 49.38709054650372], [-0.4345238095238028, 49.38709054650372], [-0.4345238095238028, 49.38393372369313]]], [[[0.0323809523809591, 49.53546121860148], [0.026071428571435292, 49.53546121860148], [0.026071428571435292, 49.510206636116756], [0.0292261904761972, 49.510206636116756], [0.0292261904761972, 49.500736167684984], [-0.008630952380945663, 49.500736167684984], [-0.008630952380945663, 49.50389299049558], [-0.02124999999999328, 49.50389299049558], [-0.02124999999999328, 49.510206636116756], [-0.03702380952380281, 49.510206636116756], [-0.03702380952380281, 49.51336345892735], [-0.07803571428570757, 49.51336345892735], [-0.07803571428570757, 49.510206636116756], [-0.09696428571427901, 49.510206636116756], [-0.09696428571427901, 49.50389299049558], [-0.10327380952380281, 49.50389299049558], [-0.10327380952380281, 49.500736167684984], [-0.12535714285713614, 49.500736167684984], [-0.12535714285713614, 49.497579344874396], [-0.14113095238094567, 49.497579344874396], [-0.14113095238094567, 49.49126569925321], [-0.17583333333332662, 49.49126569925321], [-0.17583333333332662, 49.488108876442624], [-0.18845238095237424, 49.488108876442624], [-0.18845238095237424, 49.49126569925321], [-0.19160714285713615, 49.49126569925321], [-0.19160714285713615, 49.488108876442624], [-0.20107142857142188, 49.488108876442624], [-0.20107142857142188, 49.49126569925321], [-0.20422619047618376, 49.49126569925321], [-0.20422619047618376, 49.484952053632036], [-0.20738095238094567, 49.484952053632036], [-0.20738095238094567, 49.488108876442624], [-0.2168452380952314, 49.488108876442624], [-0.2168452380952314, 49.484952053632036], [-0.23261904761904093, 49.484952053632036], [-0.23261904761904093, 49.475481585200264], [-0.2263095238095171, 49.475481585200264], [-0.2263095238095171, 49.47232476238967], [-0.163214285714279, 49.47232476238967], [-0.163214285714279, 49.46916793957908], [-0.12851190476189805, 49.46916793957908], [-0.12851190476189805, 49.462854293957896], [-0.11273809523808853, 49.462854293957896], [-0.11273809523808853, 49.45654064833672], [-0.10327380952380281, 49.45654064833672], [-0.10327380952380281, 49.450227002715536], [-0.09696428571427901, 49.44707017990495], [-0.09696428571427901, 49.44391335709435], [-0.1001190476190409, 49.44391335709435], [-0.1001190476190409, 49.41865877460963], [-0.10327380952380281, 49.41865877460963], [-0.10327380952380281, 49.40918830617786], [-0.10958333333332662, 49.40918830617786], [-0.10958333333332662, 49.406031483367265], [-0.11273809523808853, 49.406031483367265], [-0.11589285714285043, 49.393404192124905], [-0.12535714285713614, 49.393404192124905], [-0.12535714285713614, 49.38709054650372], [-0.1505952380952314, 49.38709054650372], [-0.1505952380952314, 49.38393372369313], [-0.17583333333332662, 49.38393372369313], [-0.17583333333332662, 49.380776900882545], [-0.18845238095237424, 49.380776900882545], [-0.18845238095237424, 49.37130643245077], [-0.2263095238095171, 49.37130643245077], [-0.2263095238095171, 49.36814960964018], [-0.22946428571427901, 49.36814960964018], [-0.23261904761904093, 49.37446325526136], [-0.23892857142856472, 49.37446325526136], [-0.23892857142856472, 49.380776900882545], [-0.25470238095237424, 49.380776900882545], [-0.25470238095237424, 49.38393372369313], [-0.2578571428571362, 49.38393372369313], [-0.2578571428571362, 49.380776900882545], [-0.2673214285714219, 49.380776900882545], [-0.2673214285714219, 49.37446325526136], [-0.33357142857142186, 49.37446325526136], [-0.33357142857142186, 49.380776900882545], [-0.3367261904761838, 49.380776900882545], [-0.3367261904761838, 49.38393372369313], [-0.3556547619047552, 49.38393372369313], [-0.3556547619047552, 49.38709054650372], [-0.4155952380952314, 49.38709054650372], [-0.4155952380952314, 49.393404192124905], [-0.42190476190475523, 49.393404192124905], [-0.42190476190475523, 49.38709054650372], [-0.4250595238095171, 49.38709054650372], [-0.4250595238095171, 49.393404192124905], [-0.4597619047618981, 49.393404192124905], [-0.4597619047618981, 49.38709054650372], [-0.4534523809523743, 49.38709054650372], [-0.4534523809523743, 49.38393372369313], [-0.46291666666666, 49.38393372369313], [-0.46291666666666, 49.38709054650372], [-0.5070833333333267, 49.38709054650372], [-0.5070833333333267, 49.393404192124905], [-0.5165476190476124, 49.393404192124905], [-0.5165476190476124, 49.38709054650372], [-0.5323214285714218, 49.38709054650372], [-0.5323214285714218, 49.393404192124905], [-0.5417857142857077, 49.393404192124905], [-0.5417857142857077, 49.38709054650372], [-0.5449404761904695, 49.38709054650372], [-0.5449404761904695, 49.393404192124905], [-0.5512499999999934, 49.393404192124905], [-0.5512499999999934, 49.39656101493549], [-0.5796428571428505, 49.39656101493549], [-0.5796428571428505, 49.39971783774609], [-0.6364285714285648, 49.39971783774609], [-0.6364285714285648, 49.406031483367265], [-0.6458928571428505, 49.406031483367265], [-0.6458928571428505, 49.39971783774609], [-0.6490476190476124, 49.39971783774609], [-0.6490476190476124, 49.39656101493549], [-0.6585119047618981, 49.39656101493549], [-0.6585119047618981, 49.393404192124905], [-0.6553571428571362, 49.393404192124905], [-0.6553571428571362, 49.38709054650372], [-0.6585119047618981, 49.38709054650372], [-0.6585119047618981, 49.38393372369313], [-0.6837499999999933, 49.380776900882545], [-0.6837499999999933, 49.37446325526136], [-0.7089880952380886, 49.37446325526136], [-0.7089880952380886, 49.37130643245077], [-0.7499999999999933, 49.37130643245077], [-0.7499999999999933, 50.15104166666666], [1.2690476190476259, 50.15104166666666], [1.2690476190476259, 50.14788484385607], [1.265892857142864, 50.14788484385607], [1.265892857142864, 50.141571198234885], [1.262738095238102, 50.141571198234885], [1.262738095238102, 50.1384143754243], [1.2564285714285783, 50.1384143754243], [1.2564285714285783, 50.1352575526137], [1.2785119047619116, 50.1352575526137], [1.2785119047619116, 50.128943906992525], [1.2532738095238163, 50.128943906992525], [1.2532738095238163, 50.1384143754243], [1.2438095238095306, 50.1384143754243], [1.2438095238095306, 50.1352575526137], [1.2375000000000067, 50.1352575526137], [1.2375000000000067, 50.128943906992525], [1.231190476190483, 50.128943906992525], [1.231190476190483, 50.1352575526137], [1.2154166666666735, 50.1352575526137], [1.2154166666666735, 50.1384143754243], [1.2122619047619116, 50.1384143754243], [1.2122619047619116, 50.128943906992525], [1.202797619047626, 50.128943906992525], [1.202797619047626, 50.11315979293957], [1.199642857142864, 50.11315979293957], [1.199642857142864, 50.11000297012898], [1.1933333333333402, 50.11000297012898], [1.1933333333333402, 50.10053250169721], [1.199642857142864, 50.10053250169721], [1.199642857142864, 50.1036893245078], [1.202797619047626, 50.1036893245078], [1.202797619047626, 50.11000297012898], [1.2122619047619116, 50.11000297012898], [1.2122619047619116, 50.11315979293957], [1.2185714285714353, 50.11315979293957], [1.2185714285714353, 50.11631661575016], [1.2248809523809592, 50.11631661575016], [1.2248809523809592, 50.12263026137134], [1.231190476190483, 50.12263026137134], [1.231190476190483, 50.12578708418193], [1.2406547619047688, 50.12578708418193], [1.2406547619047688, 50.12263026137134], [1.2375000000000067, 50.12263026137134], [1.2375000000000067, 50.11631661575016], [1.2406547619047688, 50.11631661575016], [1.2375000000000067, 50.1036893245078], [1.2532738095238163, 50.1036893245078], [1.2532738095238163, 50.11000297012898], [1.2564285714285783, 50.11000297012898], [1.2564285714285783, 50.11315979293957], [1.262738095238102, 50.11315979293957], [1.262738095238102, 50.11631661575016], [1.2690476190476259, 50.11631661575016], [1.2690476190476259, 50.12263026137134], [1.2753571428571497, 50.12263026137134], [1.2753571428571497, 50.12578708418193], [1.2785119047619116, 50.12578708418193], [1.2785119047619116, 50.11631661575016], [1.2816666666666734, 50.11631661575016], [1.2816666666666734, 50.1384143754243], [1.2848214285714354, 50.1384143754243], [1.2848214285714354, 50.141571198234885], [1.2942857142857211, 50.141571198234885], [1.2942857142857211, 50.14788484385607], [1.297440476190483, 50.14788484385607], [1.297440476190483, 50.141571198234885], [1.3037500000000068, 50.141571198234885], [1.3037500000000068, 50.14788484385607], [1.3069047619047687, 50.14788484385607], [1.3069047619047687, 50.15104166666666], [1.3289880952381021, 50.15104166666666], [1.3289880952381021, 50.14788484385607], [1.332142857142864, 50.14788484385607], [1.332142857142864, 50.1352575526137], [1.3542261904761972, 50.1352575526137], [1.3542261904761972, 50.128943906992525], [1.3479166666666735, 50.128943906992525], [1.3479166666666735, 50.12578708418193], [1.3416071428571497, 50.128943906992525], [1.3416071428571497, 50.12263026137134], [1.3352976190476258, 50.12263026137134], [1.3352976190476258, 50.11631661575016], [1.3289880952381021, 50.11631661575016], [1.3289880952381021, 50.12263026137134], [1.3226785714285783, 50.12263026137134], [1.3226785714285783, 50.11315979293957], [1.3163690476190544, 50.11315979293957], [1.3163690476190544, 50.11000297012898], [1.3069047619047687, 50.11000297012898], [1.3069047619047687, 50.1036893245078], [1.2942857142857211, 50.1036893245078], [1.2942857142857211, 50.11000297012898], [1.2848214285714354, 50.11000297012898], [1.2848214285714354, 50.1036893245078], [1.2816666666666734, 50.1036893245078], [1.2816666666666734, 50.11000297012898], [1.2753571428571497, 50.11000297012898], [1.2753571428571497, 50.10053250169721], [1.265892857142864, 50.10053250169721], [1.265892857142864, 50.097375678886614], [1.2248809523809592, 50.097375678886614], [1.2248809523809592, 50.094218856076026], [1.2059523809523878, 50.094218856076026], [1.2059523809523878, 50.08790521045484], [1.2154166666666735, 50.08790521045484], [1.2154166666666735, 50.084748387644254], [1.2185714285714353, 50.084748387644254], [1.2185714285714353, 50.081591564833666], [1.2122619047619116, 50.081591564833666], [1.2122619047619116, 50.07527791921248], [1.2185714285714353, 50.072121096401894], [1.2185714285714353, 50.0689642735913], [1.2248809523809592, 50.0689642735913], [1.2248809523809592, 50.081591564833666], [1.231190476190483, 50.081591564833666], [1.231190476190483, 50.07527791921248], [1.2375000000000067, 50.07527791921248], [1.2375000000000067, 50.072121096401894], [1.2406547619047688, 50.072121096401894], [1.2406547619047688, 50.07527791921248], [1.2438095238095306, 50.07527791921248], [1.2438095238095306, 50.081591564833666], [1.2532738095238163, 50.081591564833666], [1.2564285714285783, 50.08790521045484], [1.265892857142864, 50.08790521045484], [1.265892857142864, 50.094218856076026], [1.2785119047619116, 50.094218856076026], [1.2785119047619116, 50.084748387644254], [1.2753571428571497, 50.084748387644254], [1.2753571428571497, 50.081591564833666], [1.2816666666666734, 50.081591564833666], [1.2816666666666734, 50.07527791921248], [1.2753571428571497, 50.07527791921248], [1.2753571428571497, 50.072121096401894], [1.265892857142864, 50.072121096401894], [1.265892857142864, 50.0689642735913], [1.2564285714285783, 50.0689642735913], [1.2564285714285783, 50.06265062797012], [1.2501190476190545, 50.06265062797012], [1.2501190476190545, 50.0689642735913], [1.228035714285721, 50.0689642735913], [1.228035714285721, 50.06265062797012], [1.2059523809523878, 50.06265062797012], [1.2059523809523878, 50.0689642735913], [1.1933333333333402, 50.0689642735913], [1.1933333333333402, 50.059493805159526], [1.202797619047626, 50.059493805159526], [1.202797619047626, 50.050023336727754], [1.2059523809523878, 50.050023336727754], [1.2059523809523878, 50.05633698234894], [1.2501190476190545, 50.05633698234894], [1.2501190476190545, 50.059493805159526], [1.2532738095238163, 50.059493805159526], [1.2532738095238163, 50.050023336727754], [1.2375000000000067, 50.050023336727754], [1.2375000000000067, 50.046866513917166], [1.231190476190483, 50.046866513917166], [1.231190476190483, 50.04370969110658], [1.228035714285721, 50.04370969110658], [1.228035714285721, 50.037396045485394], [1.2154166666666735, 50.037396045485394], [1.2154166666666735, 50.034239222674806], [1.1775595238095307, 50.034239222674806], [1.1775595238095307, 50.03108239986421], [1.1807142857142925, 50.03108239986421], [1.1807142857142925, 50.02161193143244], [1.1933333333333402, 50.02161193143244], [1.1933333333333402, 50.01845510862185], [1.1901785714285782, 50.01845510862185], [1.1901785714285782, 50.01214146300067], [1.1807142857142925, 50.01214146300067], [1.1807142857142925, 50.01845510862185], [1.1712500000000068, 50.01845510862185], [1.1712500000000068, 50.01214146300067], [1.1586309523809593, 50.01214146300067], [1.1586309523809593, 50.00898464019008], [1.1081547619047687, 50.01214146300067], [1.1081547619047687, 50.00898464019008], [1.0955357142857212, 50.00582781737949], [1.0955357142857212, 49.99951417175831], [1.098690476190483, 49.99951417175831], [1.098690476190483, 49.99635734894772], [1.1113095238095305, 49.99635734894772], [1.1113095238095305, 49.99320052613712], [1.0892261904761973, 49.99320052613712], [1.0892261904761973, 49.990043703326535], [1.0829166666666734, 49.990043703326535], [1.0860714285714355, 49.99635734894772], [1.0766071428571498, 49.99635734894772], [1.0766071428571498, 49.99320052613712], [1.0702976190476259, 49.99320052613712], [1.0702976190476259, 49.990043703326535], [1.0576785714285781, 49.990043703326535], [1.0576785714285781, 49.98373005770535], [1.0545238095238163, 49.98373005770535], [1.0545238095238163, 49.98057323489476], [1.0450595238095306, 49.98057323489476], [1.0450595238095306, 49.977416412084175], [1.0419047619047688, 49.977416412084175], [1.0419047619047688, 49.97110276646299], [1.0103571428571496, 49.97110276646299], [1.0103571428571496, 49.9679459436524], [1.0040476190476257, 49.9679459436524], [1.0040476190476257, 49.95847547522063], [0.9851190476190544, 49.95847547522063], [0.9851190476190544, 49.955318652410035], [0.9567261904761972, 49.955318652410035], [0.9567261904761972, 49.95216182959945], [0.9504166666666735, 49.95216182959945], [0.9504166666666735, 49.94584818397826], [0.9377976190476258, 49.94584818397826], [0.9377976190476258, 49.942691361167675], [0.9251785714285782, 49.942691361167675], [0.9251785714285782, 49.93953453835709], [0.9125595238095306, 49.93953453835709], [0.9125595238095306, 49.942691361167675], [0.9062500000000068, 49.942691361167675], [0.9062500000000068, 49.93953453835709], [0.8936309523809591, 49.93953453835709], [0.8936309523809591, 49.9332208927359], [0.8589285714285783, 49.930064069925315], [0.8589285714285783, 49.92059360149354], [0.8400000000000067, 49.91743677868295], [0.8400000000000067, 49.91427995587236], [0.833690476190483, 49.91427995587236], [0.833690476190483, 49.907966310251176], [0.8242261904761973, 49.907966310251176], [0.8242261904761973, 49.90480948744059], [0.8147619047619116, 49.90480948744059], [0.8147619047619116, 49.907966310251176], [0.8084523809523877, 49.907966310251176], [0.8084523809523877, 49.91427995587236], [0.8021428571428639, 49.91427995587236], [0.8021428571428639, 49.907966310251176], [0.798988095238102, 49.907966310251176], [0.798988095238102, 49.90480948744059], [0.7548214285714353, 49.90480948744059], [0.7548214285714353, 49.90165266463], [0.7358928571428639, 49.90165266463], [0.7358928571428639, 49.895339019008816], [0.7232738095238163, 49.895339019008816], [0.7232738095238163, 49.90165266463], [0.7201190476190544, 49.90165266463], [0.7201190476190544, 49.895339019008816], [0.7075000000000068, 49.895339019008816], [0.7075000000000068, 49.89218219619823], [0.6980357142857211, 49.89218219619823], [0.6980357142857211, 49.88902537338763], [0.6917261904761972, 49.89218219619823], [0.6917261904761972, 49.88902537338763], [0.6791071428571497, 49.88902537338763], [0.6791071428571497, 49.885868550577044], [0.6601785714285782, 49.885868550577044], [0.6601785714285782, 49.87955490495586], [0.6412500000000068, 49.87955490495586], [0.6412500000000068, 49.87639808214527], [0.5939285714285782, 49.87955490495586], [0.5939285714285782, 49.87639808214527], [0.5813095238095306, 49.87639808214527], [0.5750000000000067, 49.86377079090291], [0.5623809523809591, 49.860613968092316], [0.5623809523809591, 49.85430032247114], [0.5402976190476259, 49.851143499660544], [0.5402976190476259, 49.847986676849956], [0.533988095238102, 49.847986676849956], [0.533988095238102, 49.84167303122877], [0.5024404761904829, 49.84167303122877], [0.5024404761904829, 49.838516208418184], [0.48982142857143535, 49.835359385607596], [0.48982142857143535, 49.825888917175824], [0.4740476190476258, 49.825888917175824], [0.4740476190476258, 49.82273209436523], [0.4708928571428639, 49.82273209436523], [0.4708928571428639, 49.81641844874405], [0.44880952380953054, 49.81326162593346], [0.44880952380953054, 49.81010480312287], [0.43619047619048296, 49.81010480312287], [0.43619047619048296, 49.803791157501685], [0.4235714285714353, 49.803791157501685], [0.4235714285714353, 49.8006343346911], [0.4172619047619115, 49.8006343346911], [0.4172619047619115, 49.79747751188051], [0.39517857142857815, 49.79747751188051], [0.39517857142857815, 49.791163866259325], [0.38255952380953057, 49.791163866259325], [0.38255952380953057, 49.78485022063814], [0.3415476190476258, 49.78485022063814], [0.3415476190476258, 49.78169339782755], [0.33208333333334006, 49.78169339782755], [0.33208333333334006, 49.77537975220637], [0.3289285714285782, 49.77537975220637], [0.3257738095238163, 49.76906610658519], [0.3194642857142925, 49.76906610658519], [0.3194642857142925, 49.75959563815342], [0.2879166666666734, 49.756438815342825], [0.2879166666666734, 49.75012516972165], [0.27845238095238767, 49.75012516972165], [0.27845238095238767, 49.74696834691105], [0.26898809523810197, 49.74696834691105], [0.26898809523810197, 49.743811524100465], [0.26267857142857814, 49.743811524100465], [0.26267857142857814, 49.73749787847928], [0.25321428571429244, 49.73749787847928], [0.25321428571429244, 49.73434105566869], [0.23744047619048292, 49.73434105566869], [0.23744047619048292, 49.731184232858105], [0.2248214285714353, 49.731184232858105], [0.2248214285714353, 49.72487058723692], [0.20273809523810196, 49.72487058723692], [0.20273809523810196, 49.731184232858105], [0.18380952380953053, 49.731184232858105], [0.18380952380953053, 49.72487058723692], [0.17750000000000674, 49.72487058723692], [0.17750000000000674, 49.71855694161574], [0.17434523809524483, 49.71855694161574], [0.17434523809524483, 49.709086473183966], [0.17119047619048292, 49.709086473183966], [0.17119047619048292, 49.70592965037338], [0.16488095238095912, 49.70592965037338], [0.16488095238095912, 49.696459181941606], [0.15226190476191148, 49.69330235913102], [0.15226190476191148, 49.683831890699246], [0.1491071428571496, 49.683831890699246], [0.1491071428571496, 49.67751824507806], [0.1459523809523877, 49.67751824507806], [0.1459523809523877, 49.67120459945688], [0.13964285714286387, 49.67120459945688], [0.13964285714286387, 49.67751824507806], [0.13333333333334008, 49.67751824507806], [0.13333333333334008, 49.67120459945688], [0.13964285714286387, 49.66804777664629], [0.13964285714286387, 49.652263662593334], [0.13648809523810196, 49.652263662593334], [0.13648809523810196, 49.64595001697216], [0.13333333333334008, 49.64595001697216], [0.13017857142857817, 49.63332272572979], [0.12386904761905435, 49.63332272572979], [0.12386904761905435, 49.6301659029192], [0.11755952380953054, 49.627009080108614], [0.11755952380953054, 49.61753861167684], [0.11125000000000673, 49.61753861167684], [0.10494047619048291, 49.604911320434475], [0.0986309523809591, 49.604911320434475], [0.0986309523809591, 49.60175449762389], [0.09547619047619721, 49.60175449762389], [0.09547619047619721, 49.592284029192115], [0.0923214285714353, 49.592284029192115], [0.0923214285714353, 49.58912720638153], [0.08601190476191149, 49.58912720638153], [0.08601190476191149, 49.58281356076034], [0.07970238095238767, 49.579656737949755], [0.07970238095238767, 49.57334309232857], [0.07339285714286387, 49.57334309232857], [0.07339285714286387, 49.56702944670739], [0.07023809523810196, 49.56702944670739], [0.07023809523810196, 49.56071580108621], [0.06708333333334006, 49.56071580108621], [0.06708333333334006, 49.55440215546503], [0.060773809523816245, 49.55440215546503], [0.05761904761905434, 49.54808850984384], [0.05446428571429244, 49.54808850984384], [0.05446428571429244, 49.54177486422267], [0.048154761904768625, 49.54177486422267], [0.048154761904768625, 49.53861804141207], [0.04184523809524482, 49.53546121860148], [0.04184523809524482, 49.52599075016971], [0.0323809523809591, 49.52599075016971], [0.0323809523809591, 49.53546121860148]], [[1.1744047619047686, 50.03108239986421], [1.1744047619047686, 50.034239222674806], [1.161785714285721, 50.034239222674806], [1.161785714285721, 50.03108239986421], [1.1586309523809593, 50.03108239986421], [1.1586309523809593, 50.02161193143244], [1.1460119047619115, 50.02161193143244], [1.1460119047619115, 50.01214146300067], [1.1523214285714354, 50.01214146300067], [1.1523214285714354, 50.01845510862185], [1.161785714285721, 50.01845510862185], [1.164940476190483, 50.024768754243034], [1.1775595238095307, 50.024768754243034], [1.1775595238095307, 50.03108239986421], [1.1744047619047686, 50.03108239986421]], [[0.04184523809524482, 49.53861804141207], [0.035535714285721005, 49.53861804141207], [0.035535714285721005, 49.53546121860148], [0.04184523809524482, 49.53546121860148], [0.04184523809524482, 49.53861804141207]], [[0.035535714285721005, 49.55440215546503], [0.0323809523809591, 49.55440215546503], [0.0323809523809591, 49.56071580108621], [0.0292261904761972, 49.56071580108621], [0.0292261904761972, 49.5638726238968], [0.01660714285714958, 49.5638726238968], [0.01660714285714958, 49.56071580108621], [0.003988095238101957, 49.56071580108621], [0.003988095238101957, 49.55440215546503], [0.0008333333333400521, 49.55440215546503], [0.0008333333333400521, 49.55124533265444], [0.003988095238101957, 49.55124533265444], [0.003988095238101957, 49.54808850984384], [0.013452380952387672, 49.54808850984384], [0.013452380952387672, 49.53861804141207], [0.035535714285721005, 49.53861804141207], [0.035535714285721005, 49.55440215546503]], [[1.3163690476190544, 50.141571198234885], [1.3100595238095307, 50.141571198234885], [1.3100595238095307, 50.1352575526137], [1.3163690476190544, 50.1352575526137], [1.3163690476190544, 50.141571198234885]], [[1.297440476190483, 50.128943906992525], [1.2942857142857211, 50.128943906992525], [1.2942857142857211, 50.1352575526137], [1.291130952380959, 50.1352575526137], [1.291130952380959, 50.12578708418193], [1.297440476190483, 50.12578708418193], [1.297440476190483, 50.128943906992525]], [[1.0860714285714355, 50.11631661575016], [1.0892261904761973, 50.11631661575016], [1.0892261904761973, 50.12578708418193], [1.0860714285714355, 50.12578708418193], [1.0860714285714355, 50.11631661575016]], [[1.0892261904761973, 50.11000297012898], [1.0766071428571498, 50.11000297012898], [1.0766071428571498, 50.1036893245078], [1.0829166666666734, 50.1036893245078], [1.0829166666666734, 50.10053250169721], [1.1144642857142926, 50.10053250169721], [1.1144642857142926, 50.1036893245078], [1.1239285714285783, 50.1036893245078], [1.1239285714285783, 50.11315979293957], [1.1144642857142926, 50.11315979293957], [1.1144642857142926, 50.12263026137134], [1.1113095238095305, 50.12263026137134], [1.1113095238095305, 50.11315979293957], [1.0955357142857212, 50.11315979293957], [1.0955357142857212, 50.11631661575016], [1.0892261904761973, 50.11631661575016], [1.0892261904761973, 50.11000297012898]], [[1.0734523809523877, 50.1036893245078], [1.0734523809523877, 50.11000297012898], [1.0608333333333402, 50.11000297012898], [1.0608333333333402, 50.1036893245078], [1.0576785714285781, 50.1036893245078], [1.0576785714285781, 50.10053250169721], [1.0766071428571498, 50.10053250169721], [1.0766071428571498, 50.1036893245078], [1.0734523809523877, 50.1036893245078]], [[1.1239285714285783, 50.12578708418193], [1.1207738095238162, 50.12578708418193], [1.1207738095238162, 50.12263026137134], [1.1239285714285783, 50.12263026137134], [1.1239285714285783, 50.12578708418193]], [[1.291130952380959, 50.11631661575016], [1.2848214285714354, 50.11631661575016], [1.2848214285714354, 50.11315979293957], [1.291130952380959, 50.11315979293957], [1.291130952380959, 50.11631661575016]], [[1.1744047619047686, 50.094218856076026], [1.1712500000000068, 50.094218856076026], [1.1712500000000068, 50.097375678886614], [1.164940476190483, 50.097375678886614], [1.164940476190483, 50.094218856076026], [1.161785714285721, 50.094218856076026], [1.161785714285721, 50.08790521045484], [1.164940476190483, 50.08790521045484], [1.164940476190483, 50.084748387644254], [1.1712500000000068, 50.084748387644254], [1.1712500000000068, 50.08790521045484], [1.1744047619047686, 50.08790521045484], [1.1744047619047686, 50.084748387644254], [1.1870238095238164, 50.084748387644254], [1.1870238095238164, 50.08790521045484], [1.1933333333333402, 50.08790521045484], [1.1933333333333402, 50.094218856076026], [1.1870238095238164, 50.094218856076026], [1.1901785714285782, 50.10053250169721], [1.1807142857142925, 50.10053250169721], [1.1807142857142925, 50.097375678886614], [1.1744047619047686, 50.097375678886614], [1.1744047619047686, 50.094218856076026]], [[1.1901785714285782, 50.06265062797012], [1.1807142857142925, 50.06265062797012], [1.1807142857142925, 50.059493805159526], [1.1901785714285782, 50.059493805159526], [1.1901785714285782, 50.06265062797012]], [[1.1491666666666736, 50.046866513917166], [1.161785714285721, 50.046866513917166], [1.161785714285721, 50.050023336727754], [1.1397023809523879, 50.050023336727754], [1.1397023809523879, 50.04370969110658], [1.1491666666666736, 50.04370969110658], [1.1491666666666736, 50.046866513917166]], [[0.12071428571429244, 49.67120459945688], [0.11755952380953054, 49.67120459945688], [0.11755952380953054, 49.66804777664629], [0.12071428571429244, 49.66804777664629], [0.12071428571429244, 49.67120459945688]], [[-0.049642857142850425, 49.52283392735912], [-0.05595238095237424, 49.52283392735912], [-0.05595238095237424, 49.51652028173794], [-0.049642857142850425, 49.51652028173794], [-0.049642857142850425, 49.52283392735912]], [[-0.018095238095231378, 49.51652028173794], [-0.024404761904755188, 49.51652028173794], [-0.024404761904755188, 49.52283392735912], [-0.0338690476190409, 49.52283392735912], [-0.0338690476190409, 49.51336345892735], [-0.018095238095231378, 49.51336345892735], [-0.018095238095231378, 49.51652028173794]], [[-0.25470238095237424, 49.484952053632036], [-0.2578571428571362, 49.484952053632036], [-0.2578571428571362, 49.47863840801085], [-0.25470238095237424, 49.47863840801085], [-0.25470238095237424, 49.484952053632036]], [[-0.24208333333332663, 49.484952053632036], [-0.24523809523808854, 49.484952053632036], [-0.24523809523808854, 49.47863840801085], [-0.24208333333332663, 49.47863840801085], [-0.24208333333332663, 49.484952053632036]], [[-0.6679761904761838, 49.406031483367265], [-0.6679761904761838, 49.39971783774609], [-0.66166666666666, 49.39971783774609], [-0.66166666666666, 49.406031483367265], [-0.6679761904761838, 49.406031483367265]], [[-0.6742857142857076, 49.39971783774609], [-0.6711309523809457, 49.393404192124905], [-0.66166666666666, 49.393404192124905], [-0.66166666666666, 49.39656101493549], [-0.6679761904761838, 49.39656101493549], [-0.6679761904761838, 49.39971783774609], [-0.6742857142857076, 49.39971783774609]]], [[[1.0766071428571498, 49.977416412084175], [1.0766071428571498, 49.98057323489476], [1.0829166666666734, 49.98057323489476], [1.0829166666666734, 49.977416412084175], [1.0766071428571498, 49.977416412084175]]], [[[1.1933333333333402, 50.02161193143244], [1.1933333333333402, 50.024768754243034], [1.199642857142864, 50.024768754243034], [1.199642857142864, 50.02161193143244], [1.1933333333333402, 50.02161193143244]]], [[[1.2059523809523878, 50.024768754243034], [1.2059523809523878, 50.03108239986421], [1.2154166666666735, 50.03108239986421], [1.2154166666666735, 50.024768754243034], [1.2059523809523878, 50.024768754243034]]], [[[1.2848214285714354, 50.07527791921248], [1.2848214285714354, 50.081591564833666], [1.291130952380959, 50.081591564833666], [1.291130952380959, 50.07527791921248], [1.2848214285714354, 50.07527791921248]]], [[[1.2501190476190545, 50.12578708418193], [1.2501190476190545, 50.128943906992525], [1.2532738095238163, 50.128943906992525], [1.2532738095238163, 50.12578708418193], [1.2501190476190545, 50.12578708418193]]]]}}, {"type": "Feature", "properties": {"t": "b20", "lvl": 20}, "geometry": {"type": "MultiPolygon", "coordinates": [[[[0.15226190476191148, 49.696459181941606], [0.15226190476191148, 49.69330235913102], [0.1491071428571496, 49.69330235913102], [0.1491071428571496, 49.699616004752194], [0.1585714285714353, 49.699616004752194], [0.1585714285714353, 49.696459181941606], [0.15226190476191148, 49.696459181941606]]], [[[0.9535714285714354, 49.977416412084175], [0.9535714285714354, 49.97110276646299], [0.9441071428571497, 49.97110276646299], [0.9441071428571497, 49.9679459436524], [0.9125595238095306, 49.96478912084181], [0.9125595238095306, 49.95847547522063], [0.9062500000000068, 49.95847547522063], [0.9062500000000068, 49.95216182959945], [0.8904761904761973, 49.95216182959945], [0.8904761904761973, 49.955318652410035], [0.8778571428571497, 49.955318652410035], [0.8778571428571497, 49.95847547522063], [0.8747023809523877, 49.95847547522063], [0.8747023809523877, 49.955318652410035], [0.8620833333333401, 49.95216182959945], [0.8620833333333401, 49.94584818397826], [0.8242261904761973, 49.93953453835709], [0.8242261904761973, 49.9332208927359], [0.8210714285714353, 49.9332208927359], [0.8210714285714353, 49.930064069925315], [0.798988095238102, 49.930064069925315], [0.798988095238102, 49.9332208927359], [0.7958333333333402, 49.9332208927359], [0.7958333333333402, 49.93953453835709], [0.7832142857142925, 49.93953453835709], [0.7832142857142925, 49.9332208927359], [0.7769047619047686, 49.9332208927359], [0.7769047619047686, 49.92690724711472], [0.7705952380952449, 49.92690724711472], [0.7705952380952449, 49.92059360149354], [0.7485119047619115, 49.92059360149354], [0.7485119047619115, 49.91743677868295], [0.7358928571428639, 49.91743677868295], [0.7358928571428639, 49.91427995587236], [0.732738095238102, 49.91427995587236], [0.732738095238102, 49.90480948744059], [0.6980357142857211, 49.90480948744059], [0.6980357142857211, 49.90165266463], [0.6822619047619115, 49.90165266463], [0.6822619047619115, 49.895339019008816], [0.6791071428571497, 49.895339019008816], [0.6791071428571497, 49.89218219619823], [0.6727976190476258, 49.89218219619823], [0.6727976190476258, 49.88902537338763], [0.6507142857142925, 49.88902537338763], [0.6507142857142925, 49.885868550577044], [0.5781547619047687, 49.88902537338763], [0.5781547619047687, 49.885868550577044], [0.568690476190483, 49.885868550577044], [0.568690476190483, 49.87955490495586], [0.565535714285721, 49.87955490495586], [0.565535714285721, 49.873241259334684], [0.5623809523809591, 49.873241259334684], [0.5623809523809591, 49.8669276137135], [0.5560714285714353, 49.8669276137135], [0.5560714285714353, 49.86377079090291], [0.5623809523809591, 49.86377079090291], [0.5623809523809591, 49.860613968092316], [0.5497619047619116, 49.860613968092316], [0.5497619047619116, 49.85430032247114], [0.5402976190476259, 49.85430032247114], [0.5402976190476259, 49.851143499660544], [0.533988095238102, 49.851143499660544], [0.533988095238102, 49.847986676849956], [0.5119047619047686, 49.847986676849956], [0.5119047619047686, 49.851143499660544], [0.49928571428572105, 49.851143499660544], [0.49928571428572105, 49.847986676849956], [0.4961309523809591, 49.847986676849956], [0.4961309523809591, 49.84167303122877], [0.48982142857143535, 49.84167303122877], [0.48982142857143535, 49.838516208418184], [0.4866666666666734, 49.838516208418184], [0.4866666666666734, 49.82904573998641], [0.4708928571428639, 49.82904573998641], [0.4708928571428639, 49.825888917175824], [0.43619047619048296, 49.825888917175824], [0.43619047619048296, 49.82273209436523], [0.433035714285721, 49.82273209436523], [0.433035714285721, 49.81641844874405], [0.4235714285714353, 49.81641844874405], [0.4235714285714353, 49.81326162593346], [0.4172619047619115, 49.81010480312287], [0.4172619047619115, 49.803791157501685], [0.4077976190476258, 49.803791157501685], [0.4077976190476258, 49.8006343346911], [0.4046428571428639, 49.8006343346911], [0.4046428571428639, 49.803791157501685], [0.3983333333333401, 49.803791157501685], [0.3983333333333401, 49.81010480312287], [0.4046428571428639, 49.81010480312287], [0.4046428571428639, 49.81326162593346], [0.38571428571429245, 49.81010480312287], [0.38571428571429245, 49.803791157501685], [0.38255952380953057, 49.803791157501685], [0.38255952380953057, 49.81010480312287], [0.3699404761904829, 49.81010480312287], [0.3699404761904829, 49.8006343346911], [0.3478571428571496, 49.79747751188051], [0.3478571428571496, 49.791163866259325], [0.3257738095238163, 49.791163866259325], [0.3257738095238163, 49.78800704344874], [0.3194642857142925, 49.78800704344874], [0.3194642857142925, 49.78485022063814], [0.30684523809524483, 49.78169339782755], [0.30684523809524483, 49.77537975220637], [0.30369047619048295, 49.77537975220637], [0.30369047619048295, 49.77222292939578], [0.2942261904761972, 49.77222292939578], [0.2942261904761972, 49.76906610658519], [0.27845238095238767, 49.76906610658519], [0.27845238095238767, 49.76275246096401], [0.2752976190476258, 49.76275246096401], [0.2752976190476258, 49.75959563815342], [0.26267857142857814, 49.75959563815342], [0.26267857142857814, 49.756438815342825], [0.2563690476190544, 49.756438815342825], [0.2563690476190544, 49.75959563815342], [0.24059523809524483, 49.75959563815342], [0.24059523809524483, 49.75012516972165], [0.23744047619048292, 49.75012516972165], [0.23744047619048292, 49.756438815342825], [0.23428571428572104, 49.756438815342825], [0.23428571428572104, 49.75959563815342], [0.2248214285714353, 49.75959563815342], [0.2248214285714353, 49.756438815342825], [0.2153571428571496, 49.756438815342825], [0.2153571428571496, 49.74696834691105], [0.20904761904762578, 49.74696834691105], [0.20904761904762578, 49.743811524100465], [0.18696428571429244, 49.743811524100465], [0.18696428571429244, 49.73749787847928], [0.18380952380953053, 49.73749787847928], [0.18380952380953053, 49.743811524100465], [0.17434523809524483, 49.743811524100465], [0.17434523809524483, 49.73749787847928], [0.17119047619048292, 49.73749787847928], [0.17119047619048292, 49.743811524100465], [0.16488095238095912, 49.743811524100465], [0.16488095238095912, 49.73434105566869], [0.17119047619048292, 49.73434105566869], [0.17119047619048292, 49.72487058723692], [0.15226190476191148, 49.72487058723692], [0.15226190476191148, 49.71855694161574], [0.1585714285714353, 49.71855694161574], [0.1585714285714353, 49.709086473183966], [0.15226190476191148, 49.709086473183966], [0.15226190476191148, 49.71224329599456], [0.1459523809523877, 49.71224329599456], [0.1459523809523877, 49.709086473183966], [0.13648809523810196, 49.709086473183966], [0.13648809523810196, 49.699616004752194], [0.13333333333334008, 49.699616004752194], [0.13333333333334008, 49.69330235913102], [0.13648809523810196, 49.69330235913102], [0.13648809523810196, 49.696459181941606], [0.1459523809523877, 49.696459181941606], [0.1459523809523877, 49.69330235913102], [0.13964285714286387, 49.69330235913102], [0.13964285714286387, 49.686988713509834], [0.13333333333334008, 49.683831890699246], [0.13333333333334008, 49.67751824507806], [0.12071428571429244, 49.67751824507806], [0.12071428571429244, 49.67120459945688], [0.11755952380953054, 49.67120459945688], [0.11755952380953054, 49.66804777664629], [0.11125000000000673, 49.66804777664629], [0.11125000000000673, 49.6648909538357], [0.12071428571429244, 49.6648909538357], [0.12386904761905435, 49.67120459945688], [0.13648809523810196, 49.67120459945688], [0.13648809523810196, 49.66804777664629], [0.13964285714286387, 49.66804777664629], [0.13964285714286387, 49.65542048540393], [0.13648809523810196, 49.65542048540393], [0.13648809523810196, 49.652263662593334], [0.12071428571429244, 49.652263662593334], [0.12071428571429244, 49.65542048540393], [0.11125000000000673, 49.65542048540393], [0.11125000000000673, 49.652263662593334], [0.10809523809524482, 49.652263662593334], [0.10809523809524482, 49.64595001697216], [0.10494047619048291, 49.64595001697216], [0.10494047619048291, 49.639636371350974], [0.09547619047619721, 49.639636371350974], [0.09547619047619721, 49.63332272572979], [0.0923214285714353, 49.63332272572979], [0.0923214285714353, 49.6301659029192], [0.08285714285714958, 49.6301659029192], [0.08285714285714958, 49.627009080108614], [0.07970238095238767, 49.627009080108614], [0.07970238095238767, 49.62069543448743], [0.07339285714286387, 49.62069543448743], [0.07339285714286387, 49.61753861167684], [0.060773809523816245, 49.61753861167684], [0.060773809523816245, 49.61438178886625], [0.05761904761905434, 49.61438178886625], [0.05761904761905434, 49.60806814324507], [0.04184523809524482, 49.60806814324507], [0.04184523809524482, 49.604911320434475], [0.035535714285721005, 49.604911320434475], [0.035535714285721005, 49.60175449762389], [0.019761904761911482, 49.60175449762389], [0.019761904761911482, 49.592284029192115], [-0.008630952380945663, 49.58912720638153], [-0.008630952380945663, 49.58281356076034], [-0.018095238095231378, 49.58281356076034], [-0.02124999999999328, 49.57649991513916], [-0.04648809523808852, 49.57649991513916], [-0.04648809523808852, 49.56702944670739], [-0.05910714285713614, 49.56702944670739], [-0.05910714285713614, 49.57334309232857], [-0.07172619047618377, 49.57334309232857], [-0.07172619047618377, 49.56702944670739], [-0.07803571428570757, 49.5638726238968], [-0.07803571428570757, 49.56071580108621], [-0.09065476190475519, 49.56071580108621], [-0.09065476190475519, 49.55440215546503], [-0.10327380952380281, 49.55440215546503], [-0.10327380952380281, 49.55124533265444], [-0.12220238095237425, 49.55124533265444], [-0.12220238095237425, 49.55440215546503], [-0.12851190476189805, 49.55440215546503], [-0.12851190476189805, 49.54808850984384], [-0.14113095238094567, 49.54808850984384], [-0.14113095238094567, 49.54177486422267], [-0.1505952380952314, 49.54177486422267], [-0.1505952380952314, 49.53861804141207], [-0.15374999999999328, 49.53861804141207], [-0.15374999999999328, 49.54177486422267], [-0.16636904761904092, 49.54177486422267], [-0.163214285714279, 49.53546121860148], [-0.18845238095237424, 49.53546121860148], [-0.18845238095237424, 49.53861804141207], [-0.23892857142856472, 49.53546121860148], [-0.23892857142856472, 49.5291475729803], [-0.24523809523808854, 49.5291475729803], [-0.24523809523808854, 49.52599075016971], [-0.25470238095237424, 49.52599075016971], [-0.25470238095237424, 49.5291475729803], [-0.2578571428571362, 49.5291475729803], [-0.2578571428571362, 49.53546121860148], [-0.26416666666665994, 49.53546121860148], [-0.26416666666665994, 49.53861804141207], [-0.2673214285714219, 49.53861804141207], [-0.2673214285714219, 49.54808850984384], [-0.2767857142857076, 49.54808850984384], [-0.2767857142857076, 49.53861804141207], [-0.27047619047618376, 49.53861804141207], [-0.27047619047618376, 49.5291475729803], [-0.2767857142857076, 49.5291475729803], [-0.2767857142857076, 49.52283392735912], [-0.2830952380952314, 49.52283392735912], [-0.2830952380952314, 49.51336345892735], [-0.2925595238095171, 49.51336345892735], [-0.2925595238095171, 49.510206636116756], [-0.29571428571427905, 49.510206636116756], [-0.29571428571427905, 49.50389299049558], [-0.30833333333332663, 49.50389299049558], [-0.30517857142856475, 49.497579344874396], [-0.29886904761904093, 49.497579344874396], [-0.29886904761904093, 49.49126569925321], [-0.2925595238095171, 49.49126569925321], [-0.2925595238095171, 49.488108876442624], [-0.2830952380952314, 49.488108876442624], [-0.2830952380952314, 49.484952053632036], [-0.27047619047618376, 49.484952053632036], [-0.27047619047618376, 49.47863840801085], [-0.24208333333332663, 49.475481585200264], [-0.24208333333332663, 49.47232476238967], [-0.2263095238095171, 49.47232476238967], [-0.2263095238095171, 49.46916793957908], [-0.20738095238094567, 49.46916793957908], [-0.20738095238094567, 49.462854293957896], [-0.17583333333332662, 49.462854293957896], [-0.17583333333332662, 49.45969747114731], [-0.163214285714279, 49.45969747114731], [-0.163214285714279, 49.45654064833672], [-0.1474404761904695, 49.45654064833672], [-0.1474404761904695, 49.450227002715536], [-0.13797619047618376, 49.450227002715536], [-0.13797619047618376, 49.42497242023081], [-0.14113095238094567, 49.42497242023081], [-0.14113095238094567, 49.42181559742022], [-0.1474404761904695, 49.42181559742022], [-0.1474404761904695, 49.41865877460963], [-0.1600595238095171, 49.41865877460963], [-0.1600595238095171, 49.41234512898845], [-0.17267857142856471, 49.41234512898845], [-0.17267857142856471, 49.39971783774609], [-0.18845238095237424, 49.39971783774609], [-0.18845238095237424, 49.39656101493549], [-0.20422619047618376, 49.39656101493549], [-0.20422619047618376, 49.39971783774609], [-0.20738095238094567, 49.39971783774609], [-0.20738095238094567, 49.39656101493549], [-0.2263095238095171, 49.39656101493549], [-0.23261904761904093, 49.40918830617786], [-0.2673214285714219, 49.40918830617786], [-0.2673214285714219, 49.41234512898845], [-0.2830952380952314, 49.41234512898845], [-0.2830952380952314, 49.41865877460963], [-0.2925595238095171, 49.41865877460963], [-0.2925595238095171, 49.42181559742022], [-0.29886904761904093, 49.42497242023081], [-0.29886904761904093, 49.43128606585199], [-0.31779761904761233, 49.43128606585199], [-0.32095238095237427, 49.437599711473176], [-0.33357142857142186, 49.437599711473176], [-0.33357142857142186, 49.43444288866258], [-0.3367261904761838, 49.43444288866258], [-0.3367261904761838, 49.437599711473176], [-0.3493452380952314, 49.437599711473176], [-0.3493452380952314, 49.43444288866258], [-0.36827380952380284, 49.43444288866258], [-0.36827380952380284, 49.437599711473176], [-0.37458333333332666, 49.437599711473176], [-0.37458333333332666, 49.43444288866258], [-0.3808928571428504, 49.43444288866258], [-0.3808928571428504, 49.42497242023081], [-0.38404761904761237, 49.42497242023081], [-0.38404761904761237, 49.42181559742022], [-0.38720238095237425, 49.42181559742022], [-0.38720238095237425, 49.42497242023081], [-0.3903571428571362, 49.42497242023081], [-0.3903571428571362, 49.42181559742022], [-0.4155952380952314, 49.42181559742022], [-0.4155952380952314, 49.41865877460963], [-0.42190476190475523, 49.41865877460963], [-0.42190476190475523, 49.42181559742022], [-0.4250595238095171, 49.42181559742022], [-0.4250595238095171, 49.41865877460963], [-0.42821428571427905, 49.41865877460963], [-0.42821428571427905, 49.41234512898845], [-0.44083333333332664, 49.41234512898845], [-0.44083333333332664, 49.41865877460963], [-0.44714285714285046, 49.41865877460963], [-0.44714285714285046, 49.41234512898845], [-0.46291666666666, 49.41234512898845], [-0.46291666666666, 49.40918830617786], [-0.46607142857142186, 49.40918830617786], [-0.46607142857142186, 49.41234512898845], [-0.5007738095238028, 49.41234512898845], [-0.5007738095238028, 49.41865877460963], [-0.5039285714285647, 49.41865877460963], [-0.5039285714285647, 49.42181559742022], [-0.5386309523809457, 49.42181559742022], [-0.5386309523809457, 49.42497242023081], [-0.5449404761904695, 49.42497242023081], [-0.5449404761904695, 49.41865877460963], [-0.5512499999999934, 49.41865877460963], [-0.5512499999999934, 49.41234512898845], [-0.563869047619041, 49.41234512898845], [-0.563869047619041, 49.41865877460963], [-0.5891071428571362, 49.41865877460963], [-0.5891071428571362, 49.42181559742022], [-0.5922619047618981, 49.42181559742022], [-0.5922619047618981, 49.42497242023081], [-0.5891071428571362, 49.42497242023081], [-0.5891071428571362, 49.43128606585199], [-0.5922619047618981, 49.43128606585199], [-0.5922619047618981, 49.44391335709435], [-0.5985714285714219, 49.44391335709435], [-0.5985714285714219, 49.437599711473176], [-0.6048809523809457, 49.437599711473176], [-0.6048809523809457, 49.43444288866258], [-0.6080357142857076, 49.43444288866258], [-0.6080357142857076, 49.437599711473176], [-0.6174999999999933, 49.437599711473176], [-0.6174999999999933, 49.43444288866258], [-0.6206547619047552, 49.43444288866258], [-0.6206547619047552, 49.44391335709435], [-0.6174999999999933, 49.44391335709435], [-0.6174999999999933, 49.44707017990495], [-0.6301190476190409, 49.44391335709435], [-0.6301190476190409, 49.437599711473176], [-0.6238095238095172, 49.437599711473176], [-0.6238095238095172, 49.43128606585199], [-0.6427380952380886, 49.43128606585199], [-0.6427380952380886, 49.42497242023081], [-0.6458928571428505, 49.42497242023081], [-0.6458928571428505, 49.42181559742022], [-0.6490476190476124, 49.42181559742022], [-0.6490476190476124, 49.42497242023081], [-0.6585119047618981, 49.42497242023081], [-0.6585119047618981, 49.42181559742022], [-0.66166666666666, 49.42181559742022], [-0.66166666666666, 49.43128606585199], [-0.6679761904761838, 49.43128606585199], [-0.6679761904761838, 49.43444288866258], [-0.6711309523809457, 49.43444288866258], [-0.6711309523809457, 49.437599711473176], [-0.66166666666666, 49.437599711473176], [-0.66166666666666, 49.44391335709435], [-0.6837499999999933, 49.44391335709435], [-0.6837499999999933, 49.43444288866258], [-0.6805952380952315, 49.43444288866258], [-0.6805952380952315, 49.43128606585199], [-0.6837499999999933, 49.43128606585199], [-0.6837499999999933, 49.42497242023081], [-0.6869047619047552, 49.42497242023081], [-0.6869047619047552, 49.42181559742022], [-0.693214285714279, 49.42181559742022], [-0.693214285714279, 49.41865877460963], [-0.696369047619041, 49.41865877460963], [-0.696369047619041, 49.42181559742022], [-0.6995238095238029, 49.42181559742022], [-0.6995238095238029, 49.41865877460963], [-0.7121428571428505, 49.41865877460963], [-0.7121428571428505, 49.41234512898845], [-0.7216071428571362, 49.41234512898845], [-0.7247619047618981, 49.39971783774609], [-0.7499999999999933, 49.39971783774609], [-0.7499999999999933, 50.15104166666666], [1.0166666666666735, 50.15104166666666], [1.0166666666666735, 50.14788484385607], [1.0103571428571496, 50.14788484385607], [1.0103571428571496, 50.141571198234885], [1.0072023809523878, 50.141571198234885], [1.0072023809523878, 50.1384143754243], [1.032440476190483, 50.1384143754243], [1.032440476190483, 50.141571198234885], [1.0702976190476259, 50.141571198234885], [1.0702976190476259, 50.14788484385607], [1.0766071428571498, 50.14788484385607], [1.0766071428571498, 50.15104166666666], [1.1523214285714354, 50.15104166666666], [1.1523214285714354, 50.141571198234885], [1.1397023809523879, 50.141571198234885], [1.1397023809523879, 50.1384143754243], [1.133392857142864, 50.1384143754243], [1.133392857142864, 50.1352575526137], [1.1207738095238162, 50.1352575526137], [1.1207738095238162, 50.1384143754243], [1.1144642857142926, 50.1384143754243], [1.1144642857142926, 50.1352575526137], [1.098690476190483, 50.1352575526137], [1.098690476190483, 50.128943906992525], [1.0482142857142924, 50.12578708418193], [1.0482142857142924, 50.12263026137134], [1.0419047619047688, 50.12263026137134], [1.0419047619047688, 50.11631661575016], [1.0450595238095306, 50.11631661575016], [1.0450595238095306, 50.11315979293957], [1.029285714285721, 50.11315979293957], [1.029285714285721, 50.11000297012898], [0.9977380952381021, 50.11000297012898], [0.9977380952381021, 50.1036893245078], [0.9851190476190544, 50.1036893245078], [0.9851190476190544, 50.10053250169721], [0.9567261904761972, 50.10053250169721], [0.9567261904761972, 50.097375678886614], [0.9409523809523878, 50.097375678886614], [0.9409523809523878, 50.094218856076026], [0.931488095238102, 50.094218856076026], [0.931488095238102, 50.084748387644254], [0.9377976190476258, 50.084748387644254], [0.9377976190476258, 50.08790521045484], [0.9819642857142925, 50.08790521045484], [0.9819642857142925, 50.084748387644254], [0.9977380952381021, 50.084748387644254], [0.9977380952381021, 50.08790521045484], [1.0166666666666735, 50.08790521045484], [1.0166666666666735, 50.094218856076026], [1.12708333333334, 50.097375678886614], [1.12708333333334, 50.10053250169721], [1.1397023809523879, 50.1036893245078], [1.1397023809523879, 50.11315979293957], [1.1460119047619115, 50.11315979293957], [1.1460119047619115, 50.11631661575016], [1.161785714285721, 50.11631661575016], [1.161785714285721, 50.12263026137134], [1.1807142857142925, 50.12578708418193], [1.1807142857142925, 50.11315979293957], [1.1870238095238164, 50.11315979293957], [1.1870238095238164, 50.11000297012898], [1.1744047619047686, 50.11000297012898], [1.1744047619047686, 50.1036893245078], [1.1712500000000068, 50.1036893245078], [1.1712500000000068, 50.10053250169721], [1.161785714285721, 50.10053250169721], [1.161785714285721, 50.097375678886614], [1.1523214285714354, 50.097375678886614], [1.1523214285714354, 50.094218856076026], [1.1460119047619115, 50.094218856076026], [1.1460119047619115, 50.08790521045484], [1.12708333333334, 50.084748387644254], [1.12708333333334, 50.081591564833666], [1.1397023809523879, 50.081591564833666], [1.1397023809523879, 50.07527791921248], [1.133392857142864, 50.07527791921248], [1.133392857142864, 50.072121096401894], [1.1239285714285783, 50.072121096401894], [1.1239285714285783, 50.0689642735913], [1.1207738095238162, 50.0689642735913], [1.1207738095238162, 50.072121096401894], [1.1144642857142926, 50.072121096401894], [1.1144642857142926, 50.07527791921248], [1.1113095238095305, 50.07527791921248], [1.1113095238095305, 50.081591564833666], [1.1081547619047687, 50.081591564833666], [1.1081547619047687, 50.07527791921248], [1.0576785714285781, 50.07527791921248], [1.0576785714285781, 50.072121096401894], [1.032440476190483, 50.072121096401894], [1.032440476190483, 50.0689642735913], [1.0671428571428638, 50.0689642735913], [1.0671428571428638, 50.06265062797012], [1.0734523809523877, 50.06265062797012], [1.0702976190476259, 50.05633698234894], [1.0766071428571498, 50.05633698234894], [1.0766071428571498, 50.059493805159526], [1.0829166666666734, 50.059493805159526], [1.0829166666666734, 50.05633698234894], [1.098690476190483, 50.05633698234894], [1.098690476190483, 50.059493805159526], [1.1018452380952448, 50.059493805159526], [1.1018452380952448, 50.050023336727754], [1.098690476190483, 50.050023336727754], [1.098690476190483, 50.046866513917166], [1.0955357142857212, 50.046866513917166], [1.0955357142857212, 50.050023336727754], [1.0860714285714355, 50.050023336727754], [1.0860714285714355, 50.046866513917166], [1.0829166666666734, 50.046866513917166], [1.0829166666666734, 50.050023336727754], [1.0766071428571498, 50.050023336727754], [1.0766071428571498, 50.046866513917166], [1.0734523809523877, 50.046866513917166], [1.0734523809523877, 50.050023336727754], [1.0702976190476259, 50.050023336727754], [1.0702976190476259, 50.046866513917166], [1.0671428571428638, 50.046866513917166], [1.0671428571428638, 50.050023336727754], [1.0545238095238163, 50.050023336727754], [1.0545238095238163, 50.046866513917166], [1.0450595238095306, 50.046866513917166], [1.0450595238095306, 50.037396045485394], [1.0419047619047688, 50.037396045485394], [1.0419047619047688, 50.034239222674806], [1.032440476190483, 50.034239222674806], [1.032440476190483, 50.03108239986421], [1.0766071428571498, 50.03108239986421], [1.0766071428571498, 50.024768754243034], [1.0829166666666734, 50.024768754243034], [1.0829166666666734, 50.02161193143244], [1.0766071428571498, 50.02161193143244], [1.0766071428571498, 50.01845510862185], [1.0734523809523877, 50.01845510862185], [1.0734523809523877, 50.01214146300067], [1.0702976190476259, 50.01214146300067], [1.0702976190476259, 50.00898464019008], [1.0576785714285781, 50.00898464019008], [1.0576785714285781, 50.00582781737949], [1.035595238095245, 50.00898464019008], [1.035595238095245, 50.00582781737949], [1.029285714285721, 50.00582781737949], [1.029285714285721, 49.99951417175831], [1.0072023809523878, 49.99951417175831], [1.0072023809523878, 49.99635734894772], [1.029285714285721, 49.99635734894772], [1.029285714285721, 49.99320052613712], [1.0229761904761974, 49.99320052613712], [1.0229761904761974, 49.990043703326535], [1.0072023809523878, 49.990043703326535], [1.0072023809523878, 49.99320052613712], [0.9977380952381021, 49.99320052613712], [0.9977380952381021, 49.98373005770535], [1.0040476190476257, 49.98373005770535], [1.0040476190476257, 49.98057323489476], [0.9945833333333401, 49.98057323489476], [0.9945833333333401, 49.977416412084175], [0.9788095238095306, 49.977416412084175], [0.9788095238095306, 49.98057323489476], [0.9693452380952449, 49.98057323489476], [0.9693452380952449, 49.977416412084175], [0.9535714285714354, 49.977416412084175]], [[0.9977380952381021, 49.99635734894772], [0.9945833333333401, 49.99635734894772], [0.9945833333333401, 49.99320052613712], [0.9977380952381021, 49.99320052613712], [0.9977380952381021, 49.99635734894772]], [[0.9945833333333401, 49.99951417175831], [0.9851190476190544, 49.99951417175831], [0.9851190476190544, 49.99635734894772], [0.9945833333333401, 49.99635734894772], [0.9945833333333401, 49.99951417175831]], [[0.9851190476190544, 49.98057323489476], [0.9851190476190544, 49.98373005770535], [0.9819642857142925, 49.98373005770535], [0.9819642857142925, 49.990043703326535], [0.9725000000000068, 49.990043703326535], [0.9725000000000068, 49.98373005770535], [0.9851190476190544, 49.98057323489476]], [[0.9661904761904829, 50.084748387644254], [0.9567261904761972, 50.084748387644254], [0.9567261904761972, 50.081591564833666], [0.9661904761904829, 50.081591564833666], [0.9661904761904829, 50.084748387644254]], [[0.9819642857142925, 50.034239222674806], [0.9788095238095306, 50.034239222674806], [0.9788095238095306, 50.03108239986421], [0.9819642857142925, 50.03108239986421], [0.9819642857142925, 50.034239222674806]], [[0.9283333333333401, 49.99635734894772], [0.9251785714285782, 49.99635734894772], [0.9251785714285782, 49.990043703326535], [0.9283333333333401, 49.990043703326535], [0.9283333333333401, 49.99635734894772]], [[0.9535714285714354, 49.99635734894772], [0.9535714285714354, 49.99320052613712], [0.9630357142857211, 49.99320052613712], [0.9630357142857211, 49.99635734894772], [0.9535714285714354, 49.99635734894772]], [[0.9504166666666735, 49.99320052613712], [0.9504166666666735, 49.990043703326535], [0.9535714285714354, 49.990043703326535], [0.9535714285714354, 49.99320052613712], [0.9504166666666735, 49.99320052613712]], [[0.9693452380952449, 49.99635734894772], [0.9661904761904829, 49.99635734894772], [0.9661904761904829, 49.99320052613712], [0.9693452380952449, 49.99320052613712], [0.9693452380952449, 49.99635734894772]], [[0.9788095238095306, 49.99635734894772], [0.9725000000000068, 49.99635734894772], [0.9725000000000068, 49.99320052613712], [0.9788095238095306, 49.99320052613712], [0.9788095238095306, 49.99635734894772]], [[-0.6364285714285648, 49.44391335709435], [-0.6458928571428505, 49.44391335709435], [-0.6458928571428505, 49.437599711473176], [-0.6364285714285648, 49.437599711473176], [-0.6364285714285648, 49.44391335709435]], [[-0.5670238095238028, 49.43128606585199], [-0.5701785714285648, 49.43128606585199], [-0.5701785714285648, 49.42497242023081], [-0.5670238095238028, 49.42497242023081], [-0.5670238095238028, 49.43128606585199]]], [[[1.0040476190476257, 49.98373005770535], [1.0040476190476257, 49.990043703326535], [1.0072023809523878, 49.990043703326535], [1.0072023809523878, 49.98373005770535], [1.0040476190476257, 49.98373005770535]]], [[[1.0892261904761973, 50.04370969110658], [1.0892261904761973, 50.046866513917166], [1.0955357142857212, 50.046866513917166], [1.0955357142857212, 50.04370969110658], [1.0892261904761973, 50.04370969110658]]], [[[1.1144642857142926, 50.059493805159526], [1.1144642857142926, 50.06265062797012], [1.1207738095238162, 50.06265062797012], [1.1207738095238162, 50.059493805159526], [1.1144642857142926, 50.059493805159526]]], [[[1.0892261904761973, 50.06265062797012], [1.0892261904761973, 50.0689642735913], [1.0955357142857212, 50.0689642735913], [1.0955357142857212, 50.06265062797012], [1.0892261904761973, 50.06265062797012]]], [[[1.1397023809523879, 50.081591564833666], [1.1397023809523879, 50.084748387644254], [1.1460119047619115, 50.084748387644254], [1.1460119047619115, 50.081591564833666], [1.1397023809523879, 50.081591564833666]]], [[[1.1775595238095307, 50.14788484385607], [1.1775595238095307, 50.141571198234885], [1.1712500000000068, 50.141571198234885], [1.1712500000000068, 50.14788484385607], [1.1744047619047686, 50.14788484385607], [1.1744047619047686, 50.15104166666666], [1.1901785714285782, 50.15104166666666], [1.1901785714285782, 50.14788484385607], [1.1775595238095307, 50.14788484385607]]]]}}]}