{"type": "FeatureCollection", "features": [{"type": "Feature", "properties": {"t": "b0", "lvl": 0}, "geometry": {"type": "MultiPolygon", "coordinates": [[[[-8.79791666666666, 37.86393229166666], [-8.798465276707951, 37.83266151931312], [-8.808106609104893, 37.79095342637468], [-8.815455995271309, 37.740536280891185], [-8.807762738098463, 37.724395362095585], [-8.797495666140254, 37.724496579122075], [-8.79694010416666, 37.72005208333333], [-8.79303385416666, 37.71777343749999], [-8.792708333333328, 37.71549479166666], [-8.793684895833328, 37.71386718749999], [-8.79596354166666, 37.71354166666666], [-8.79694010416666, 37.71093749999999], [-8.797709038618546, 37.696584056898146], [-8.806800008124924, 37.67164894417429], [-8.811205051553717, 37.64545244406186], [-8.81256510416666, 37.64420572916666], [-8.812875450896382, 37.63955052822084], [-8.824989175763148, 37.6004669076793], [-8.822972818404505, 37.588289268919155], [-8.809940748207834, 37.57579264787984], [-8.79995485198527, 37.559718529141136], [-8.79401230940257, 37.53557576115153], [-8.794731753392782, 37.521100022672705], [-8.79694010416666, 37.51822916666666], [-8.797591145833328, 37.51302083333333], [-8.79889322916666, 37.48177083333333], [-8.79986979166666, 37.47916666666666], [-8.802148437499994, 37.47851562499999], [-8.803124999999994, 37.47526041666666], [-8.802148437499994, 37.46940104166666], [-8.801069175130909, 37.469077262955935], [-8.810506120887036, 37.43270540273301], [-8.81256510416666, 37.43098958333333], [-8.81459059796329, 37.41737134749266], [-8.831561074419305, 37.384800584819], [-8.833723958333328, 37.38444010416666], [-8.834700520833328, 37.38118489583333], [-8.838606770833328, 37.37923177083333], [-8.840234374999994, 37.36718749999999], [-8.841536458333328, 37.36458333333333], [-8.849348958333328, 37.35774739583333], [-8.850976562499994, 37.34960937499999], [-8.85455729166666, 37.34830729166666], [-8.860091145833328, 37.34016927083333], [-8.868880208333328, 37.33365885416666], [-8.871484374999994, 37.32486979166666], [-8.877343749999994, 37.32291666666666], [-8.880598958333328, 37.31803385416666], [-8.880598958333328, 37.30175781249999], [-8.879296874999994, 37.29850260416666], [-8.873885360275747, 37.29541031003851], [-8.87012626291808, 37.28712541114719], [-8.867825890127735, 37.26955892802091], [-8.87715089072437, 37.240656325471136], [-8.879296874999994, 37.23958333333333], [-8.88190104166666, 37.23567708333333], [-8.883992290504116, 37.228357712402236], [-8.920975026596741, 37.19908496837399], [-8.912188580794426, 37.16930948349318], [-8.940540333318838, 37.11788087807816], [-8.956175097426883, 37.09805340727095], [-8.963281249999994, 37.09049479166666], [-8.963527902179838, 37.08873299038206], [-8.984274279337136, 37.06261520685242], [-8.989604770499948, 37.04905192702774], [-8.994100460302608, 37.03061407458371], [-8.99518229166666, 37.02962239583333], [-8.99518229166666, 37.02278645833333], [-8.991927083333328, 37.02083333333333], [-8.98736979166666, 37.02115885416666], [-8.98541666666666, 37.02408854166666], [-8.98151041666666, 37.02571614583333], [-8.978031880972468, 37.02584037925098], [-8.971134718858261, 37.022353899744076], [-8.959329876258565, 37.013412955584116], [-8.958723958333328, 37.01139322916666], [-8.950911458333328, 37.01009114583333], [-8.948958333333328, 37.00846354166666], [-8.94928385416666, 37.00618489583333], [-8.953841145833328, 37.00325520833333], [-8.95416666666666, 36.99869791666666], [-8.95221354166666, 36.99544270833333], [-8.945703124999994, 36.99544270833333], [-8.942773437499994, 37.00325520833333], [-8.940820312499994, 37.00455729166666], [-8.931054687499994, 37.00618489583333], [-8.929101562499994, 37.00813802083333], [-8.926364097651383, 37.01908788022777], [-8.918359374999994, 37.02180989583333], [-8.916731770833328, 37.02506510416666], [-8.907942708333328, 37.02604166666666], [-8.903059895833328, 37.02799479166666], [-8.902239857477376, 37.031274945090466], [-8.888436860378006, 37.04151916829132], [-8.884179687499994, 37.04199218749999], [-8.87994791666666, 37.04557291666666], [-8.86822916666666, 37.04361979166666], [-8.863693958616182, 37.04384655206918], [-8.859417600486122, 37.04245918645146], [-8.837677196058465, 37.0580150160488], [-8.813798535342002, 37.06308838488479], [-8.797145801404815, 37.06459891044056], [-8.79596354166666, 37.06282552083333], [-8.791406249999994, 37.06249999999999], [-8.78717447916666, 37.06445312499999], [-8.78424479166666, 37.06901041666666], [-8.780989583333328, 37.07096354166666], [-8.75201822916666, 37.07389322916666], [-8.74615885416666, 37.07584635416666], [-8.741927083333328, 37.07877604166666], [-8.737331450396809, 37.084453], [-8.718331017361114, 37.084453], [-8.71002604166666, 37.08333333333333], [-8.68766417628205, 37.084453], [-8.67389322916666, 37.08235677083333], [-8.672591145833328, 37.07910156249999], [-8.669661458333328, 37.07812499999999], [-8.66803385416666, 37.08398437499999], [-8.667459891990886, 37.10120324027325], [-8.65551816820083, 37.11152164388615], [-8.642406947818364, 37.11900446736765], [-8.630598958333328, 37.11979166666666], [-8.623437499999994, 37.12174479166666], [-8.623056450621954, 37.12288793980078], [-8.599252745989425, 37.12432133823976], [-8.596993972081208, 37.12076822916666], [-8.583335977157354, 37.11881510416666], [-8.581384835025373, 37.11555989583333], [-8.579433692893392, 37.11490885416666], [-8.569677982233493, 37.11490885416666], [-8.567726840101514, 37.11555989583333], [-8.564800126903545, 37.11946614583333], [-8.558296319796945, 37.11946614583333], [-8.554394035532987, 37.11555989583333], [-8.526102474619279, 37.11263020833333], [-8.518297906091362, 37.10481770833333], [-8.511468908629432, 37.10384114583333], [-8.509517766497453, 37.10091145833333], [-8.505940672588824, 37.09960937499999], [-8.487877521965954, 37.09741767712323], [-8.484474707659983, 37.09590462600239], [-8.483276693585818, 37.09685943421187], [-8.478983895469177, 37.09633856624625], [-8.438688431866108, 37.08425633019366], [-8.395552100072337, 37.088612586447844], [-8.368936840880682, 37.098301893370895], [-8.36152396709568, 37.09847856973264], [-8.327925286409688, 37.089097074001906], [-8.326435596446693, 37.08398437499999], [-8.322533312182735, 37.08235677083333], [-8.321557741116743, 37.07910156249999], [-8.313753172588823, 37.07779947916666], [-8.309525697969534, 37.07389322916666], [-8.289038705583748, 37.07291666666666], [-8.277657043147201, 37.07389322916666], [-8.273429568527911, 37.07779947916666], [-8.265624999999991, 37.07910156249999], [-8.263264612602963, 37.08264574174705], [-8.243156634549107, 37.08495085028146], [-8.239284581218266, 37.08365885416666], [-8.223025063451768, 37.08365885416666], [-8.219773159898468, 37.08430989583333], [-8.216196065989838, 37.08756510416666], [-8.18107963732631, 37.089532008863216], [-8.176638400551669, 37.08877795978038], [-8.172342280276867, 37.08720907638426], [-8.169368654822325, 37.08398437499999], [-8.141590988929327, 37.077011813105074], [-8.138475571065982, 37.07389322916666], [-8.115712246192885, 37.07194010416666], [-8.113110723350246, 37.06868489583333], [-8.099452728426387, 37.06673177083333], [-8.096526015228417, 37.06282552083333], [-8.09002220812182, 37.06217447916666], [-8.08677030456852, 37.05794270833333], [-8.071161167512681, 37.05273437499999], [-8.065307741116744, 37.04720052083333], [-8.058803934010143, 37.04622395833333], [-8.056852791878164, 37.04036458333333], [-8.050023794416234, 37.03515624999999], [-8.02661008883248, 37.02701822916666], [-8.02075666243654, 37.02376302083333], [-8.00774904822334, 37.01139322916666], [-8.000269670050752, 37.01041666666666], [-7.993440672588824, 37.00748697916666], [-7.979071980093678, 36.9917654832275], [-7.979635597820056, 36.99505817143982], [-7.974254441624357, 36.99381510416666], [-7.971652918781717, 36.98990885416666], [-7.963848350253798, 36.98860677083333], [-7.961246827411158, 36.98470052083333], [-7.95441782994923, 36.98372395833333], [-7.948985287206436, 36.978285894713764], [-7.954219, 36.97886186805261], [-7.954219, 36.974237707075865], [-7.9311701046132725, 36.96799358105814], [-7.912839510595955, 36.96758707862783], [-7.909216370558367, 36.96451822916666], [-7.89165609137055, 36.96354166666666], [-7.880924809644662, 36.96549479166666], [-7.877998096446692, 36.96744791666666], [-7.876697335025372, 36.97200520833333], [-7.878424116570654, 36.97258138713485], [-7.868633340628263, 36.977736556459895], [-7.867592005076133, 36.97460937499999], [-7.863039340101514, 36.97395833333333], [-7.859787436548215, 36.97493489583333], [-7.857185913705575, 36.97884114583333], [-7.848405774111668, 36.98111979166666], [-7.843202728426387, 36.98763020833333], [-7.824016497461921, 36.99055989583333], [-7.8207645939086206, 36.99446614583333], [-7.812960025380702, 36.99576822916666], [-7.811334073604052, 36.99902343749999], [-7.799627220812175, 37.00065104166666], [-7.796700507614204, 37.00390624999999], [-7.796050126903545, 37.00813802083333], [-7.788245558375626, 37.00716145833333], [-7.786944796954307, 37.00846354166666], [-7.7843432741116665, 37.02083333333333], [-7.776538705583748, 37.02669270833333], [-7.775237944162428, 37.03027343749999], [-7.767433375634509, 37.03157552083333], [-7.764831852791869, 37.03548177083333], [-7.757027284263952, 37.03678385416666], [-7.754425761421311, 37.04069010416666], [-7.746296002538063, 37.04231770833333], [-7.739467005076134, 37.05013020833333], [-7.736865482233494, 37.05143229166666], [-7.726784581218266, 37.05240885416666], [-7.724833439086286, 37.05305989583333], [-7.721906725888316, 37.05696614583333], [-7.714752538071058, 37.05826822916666], [-7.7069479695431395, 37.06705729166666], [-7.699475616260198, 37.07199418717121], [-7.6825586928933935, 37.07486979166666], [-7.677355647208113, 37.08138020833333], [-7.668250317258875, 37.08398437499999], [-7.661096129441615, 37.09179687499999], [-7.641909898477149, 37.09570312499999], [-7.638657994923849, 37.10351562499999], [-7.629877855329941, 37.10611979166666], [-7.623374048223342, 37.11490885416666], [-7.615244289340093, 37.12044270833333], [-7.614557822225971, 37.12233241137741], [-7.609689929222284, 37.12487502179187], [-7.6058137690355245, 37.12565104166666], [-7.603805414331435, 37.127948636769474], [-7.589680845581588, 37.13532621790693], [-7.584351205583747, 37.13639322916666], [-7.5831909916910725, 37.138716015110326], [-7.580786623466546, 37.13997187091555], [-7.574920685279179, 37.14095052083333], [-7.57123877375457, 37.14495892837449], [-7.559961928934002, 37.14648437499999], [-7.555629138808236, 37.1498253132758], [-7.543194018939404, 37.155993474532366], [-7.532645939086286, 37.15722656249999], [-7.528418464466997, 37.16113281249999], [-7.516711611675119, 37.16243489583333], [-7.51378489847715, 37.16634114583333], [-7.50598032994923, 37.16764322916666], [-7.50435437817258, 37.17089843749999], [-7.492647525380702, 37.17220052083333], [-7.489720812182733, 37.17382812499999], [-7.489720812182733, 37.17513020833333], [-7.464355964466997, 37.17708333333333], [-7.426308692893393, 37.17610677083333], [-7.422081218274103, 37.17513020833333], [-7.422081218274103, 37.17382812499999], [-7.4191545050761345, 37.17220052083333], [-7.416245982529729, 37.17187702323755], [-7.407855040321342, 37.166760374248405], [-7.4059309864690475, 37.168705471627845], [-7.404520939086287, 37.16666666666666], [-7.402244606598976, 37.16699218749999], [-7.399317893401007, 37.17154947916666], [-7.3928140862944085, 37.17154947916666], [-7.3889118020304485, 37.16601562499999], [-7.38240799492385, 37.16308593749999], [-7.381107233502529, 37.16373697916666], [-7.37850571065989, 37.17122395833333], [-7.372001903553292, 37.17220052083333], [-7.367449238578672, 37.17643229166666], [-7.344035532994916, 37.18033854166666], [-7.331027918781718, 37.18391927083333], [-7.328426395939078, 37.18619791666666], [-7.327125634517758, 37.19075520833333], [-7.324524111675119, 37.19205729166666], [-7.311516497461921, 37.19303385416666], [-7.305012690355321, 37.19694010416666], [-7.273794416243646, 37.19824218749999], [-7.268591370558367, 37.19889322916666], [-7.265989847715727, 37.19986979166666], [-7.265989847715727, 37.20117187499999], [-7.235747144670042, 37.20377604166666], [-7.114776332487301, 37.20703124999999], [-7.104695431472073, 37.20638020833333], [-7.104695431472073, 37.20507812499999], [-7.092013007614205, 37.20345052083333], [-7.041283312182733, 37.20214843749999], [-7.0321779822334936, 37.19824218749999], [-7.012666560913697, 37.19694010416666], [-7.009089467005068, 37.19303385416666], [-7.000309327411159, 37.19075520833333], [-6.993805520304561, 37.18294270833333], [-6.985675761421311, 37.18131510416666], [-6.984049809644661, 37.17805989583333], [-6.970391814720804, 37.17610677083333], [-6.968765862944154, 37.17285156249999], [-6.960636104060904, 37.17122395833333], [-6.955758248730955, 37.16536458333333], [-6.947303299492377, 37.16113281249999], [-6.919662119289332, 37.15559895833333], [-6.913483502538062, 37.15039062499999], [-6.897874365482226, 37.14518229166666], [-6.894622461928925, 37.14095052083333], [-6.886817893401007, 37.13964843749999], [-6.885191941624357, 37.13639322916666], [-6.876411802030448, 37.13541666666666], [-6.872509517766488, 37.13736979166666], [-6.872509517766488, 37.13932291666666], [-6.87543623096446, 37.14388020833333], [-6.8842163705583665, 37.14615885416666], [-6.8861675126903465, 37.14908854166666], [-6.880314086294407, 37.15104166666666], [-6.873159898477149, 37.15039062499999], [-6.864379758883239, 37.14225260416666], [-6.835112626903545, 37.13378906249999], [-6.829259200507606, 37.12695312499999], [-6.820479060913698, 37.12467447916666], [-6.815926395939078, 37.12044270833333], [-6.779505076142124, 37.11393229166666], [-6.774952411167504, 37.10970052083333], [-6.766172271573597, 37.10742187499999], [-6.759668464466997, 37.09960937499999], [-6.751538705583748, 37.09798177083333], [-6.749912753807099, 37.09472656249999], [-6.73625475888324, 37.09277343749999], [-6.733978426395931, 37.08919270833333], [-6.714792195431464, 37.08170572916666], [-6.709263959390855, 37.07486979166666], [-6.703410532994916, 37.07291666666666], [-6.696581535532986, 37.07259114583333], [-6.694630393401008, 37.07194010416666], [-6.691703680203037, 37.06803385416666], [-6.684874682741109, 37.06705729166666], [-6.678370875634508, 37.05924479166666], [-6.668289974619281, 37.05631510416666], [-6.666664022842632, 37.05305989583333], [-6.655451309703007, 37.05145645180857], [-6.649893916560904, 37.04720052083333], [-6.647438043394023, 37.04682634680868], [-6.635501406001247, 37.03992929854606], [-6.633481387478841, 37.03678385416666], [-6.629340181981783, 37.03636931276274], [-6.625486435664798, 37.03414259903545], [-6.624050867174272, 37.03222656249999], [-6.621722100870635, 37.031967547729316], [-6.597880171959268, 37.018191563005594], [-6.597060067681886, 37.01627604166666], [-6.593688963902294, 37.01576986221195], [-6.587629547377318, 37.01139322916666], [-6.584925517184606, 37.01070629925281], [-6.557699380852064, 36.99497490270359], [-6.556411273265643, 36.99153645833333], [-6.554460131133663, 36.99023437499999], [-6.546757802523973, 36.988652804501655], [-6.539326963103508, 36.98435922864538], [-6.536899851945845, 36.98111979166666], [-6.530604313371518, 36.979319238386836], [-6.526155422789844, 36.97674864735293], [-6.519339572758028, 36.96940104166666], [-6.511209813874781, 36.96777343749999], [-6.509909052453461, 36.96419270833333], [-6.502104483925541, 36.95898437499999], [-6.499177770727571, 36.95345052083333], [-6.486820537225034, 36.94368489583333], [-6.475438874788485, 36.93001302083333], [-6.470235829103206, 36.92708333333333], [-6.464382402707268, 36.92610677083333], [-6.463406831641278, 36.92285156249999], [-6.459504547377318, 36.92122395833333], [-6.457878595600668, 36.91308593749999], [-6.449748836717419, 36.90592447916666], [-6.442269458544831, 36.88671874999999], [-6.438041983925542, 36.88346354166666], [-6.436741222504222, 36.87565104166666], [-6.4334893189509215, 36.87402343749999], [-6.432188557529601, 36.86230468749999], [-6.4315381768189415, 36.86035156249999], [-6.427635892554983, 36.85742187499999], [-6.426335131133664, 36.84960937499999], [-6.422432846869704, 36.84798177083333], [-6.421132085448384, 36.84407552083333], [-6.417880181895084, 36.84309895833333], [-6.416579420473765, 36.83528645833333], [-6.412677136209805, 36.83203124999999], [-6.410725994077826, 36.81380208333333], [-6.407474090524526, 36.81184895833333], [-6.405522948392546, 36.80403645833333], [-6.4006450930625975, 36.80208333333333], [-6.393816095600668, 36.80175781249999], [-6.390889382402698, 36.80013020833333], [-6.390889382402698, 36.79882812499999], [-6.384060384940769, 36.79720052083333], [-6.356744395093054, 36.79785156249999], [-6.354468062605744, 36.79882812499999], [-6.3541428722504145, 36.80110677083333], [-6.352516920473765, 36.80208333333333], [-6.349590207275795, 36.80013020833333], [-6.349265016920465, 36.79557291666666], [-6.353167301184424, 36.79134114583333], [-6.368776438240262, 36.78580729166666], [-6.371052770727572, 36.78222656249999], [-6.38568633671742, 36.77929687499999], [-6.388547181110999, 36.77575929930169], [-6.413741037762603, 36.766352041208464], [-6.432162758439989, 36.749747087548656], [-6.436741222504222, 36.74902343749999], [-6.438367174280872, 36.74544270833333], [-6.44617174280879, 36.73925781249999], [-6.44747250423011, 36.73600260416666], [-6.44812288494077, 36.72656249999999], [-6.44617174280879, 36.72005208333333], [-6.4393427453468615, 36.71744791666666], [-6.437391603214882, 36.71484374999999], [-6.431863367174271, 36.69921874999999], [-6.427635892554983, 36.69596354166666], [-6.426335131133664, 36.68815104166666], [-6.422432846869704, 36.68554687499999], [-6.421457275803714, 36.67903645833333], [-6.413652707275795, 36.67610677083333], [-6.410725994077826, 36.66373697916666], [-6.408774851945846, 36.66048177083333], [-6.399019141285947, 36.65169270833333], [-6.396092428087978, 36.64322916666666], [-6.395116857021988, 36.63151041666666], [-6.391214572758029, 36.62923177083333], [-6.390239001692039, 36.62597656249999], [-6.38243443316412, 36.62467447916666], [-6.37983291032148, 36.62076822916666], [-6.372028341793563, 36.61946614583333], [-6.370077199661582, 36.61653645833333], [-6.3661749153976235, 36.61490885416666], [-6.353167301184424, 36.61523437499999], [-6.349265016920465, 36.61848958333333], [-6.348789178553863, 36.62134751498639], [-6.342802474923293, 36.62102088411984], [-6.339184115905237, 36.61653645833333], [-6.334956641285947, 36.61458333333333], [-6.330403976311328, 36.61490885416666], [-6.3278024534686885, 36.61881510416666], [-6.32194902707275, 36.61979166666666], [-6.318697123519451, 36.61881510416666], [-6.316420791032141, 36.61555989583333], [-6.293657466159043, 36.61360677083333], [-6.291055943316405, 36.60970052083333], [-6.287804039763104, 36.60872395833333], [-6.286828468697115, 36.60286458333333], [-6.283901755499144, 36.59765624999999], [-6.272194902707268, 36.58723958333333], [-6.270243760575288, 36.58007812499999], [-6.265365905245338, 36.57812499999999], [-6.25658576565143, 36.57714843749999], [-6.253984242808791, 36.57389322916666], [-6.239350676818942, 36.57291666666666], [-6.231220917935693, 36.57096354166666], [-6.229662974826166, 36.56805732772397], [-6.229920156514374, 36.56445312499999], [-6.233822440778334, 36.56184895833333], [-6.235773582910313, 36.55273437499999], [-6.239025486463612, 36.55110677083333], [-6.241301818950921, 36.53906249999999], [-6.24780562605752, 36.53450520833333], [-6.2569109560067595, 36.53157552083333], [-6.260813240270719, 36.52734374999999], [-6.259837669204729, 36.52213541666666], [-6.248130816412851, 36.51171874999999], [-6.245204103214881, 36.50651041666666], [-6.244228532148892, 36.50065104166666], [-6.240326247884932, 36.49902343749999], [-6.239350676818941, 36.49576822916666], [-6.236098773265643, 36.49479166666666], [-6.230245346869704, 36.49576822916666], [-6.229269775803713, 36.49902343749999], [-6.225367491539755, 36.50065104166666], [-6.2243919204737646, 36.50651041666666], [-6.2224407783417846, 36.50976562499999], [-6.215936971235186, 36.51009114583333], [-6.213010258037217, 36.50553385416666], [-6.210733925549906, 36.50520833333333], [-6.206016111829337, 36.51065749669492], [-6.18672279130655, 36.515706885972804], [-6.182986015292788, 36.515396307137024], [-6.183417935702191, 36.51236979166666], [-6.18666983925549, 36.51041666666666], [-6.192523265651429, 36.50944010416666], [-6.1941492174280794, 36.50553385416666], [-6.197401120981379, 36.50488281249999], [-6.198701882402698, 36.50097656249999], [-6.202604166666658, 36.49934895833333], [-6.204880499153968, 36.49153645833333], [-6.207482021996608, 36.49023437499999], [-6.220489636209805, 36.48893229166666], [-6.223091159052445, 36.48763020833333], [-6.225692681895085, 36.48111979166666], [-6.232196489001684, 36.47916666666666], [-6.237399534686962, 36.47916666666666], [-6.242362824129917, 36.48065716669755], [-6.245219144547768, 36.48328370932977], [-6.245529293570211, 36.48763020833333], [-6.249756768189502, 36.49088541666666], [-6.253228301648808, 36.500615588699965], [-6.250847169059418, 36.50454652418594], [-6.258515091384444, 36.51265235711302], [-6.270558308373781, 36.52154264023832], [-6.272194902707268, 36.53483072916666], [-6.276097186971226, 36.53743489583333], [-6.2770727580372165, 36.54036458333333], [-6.282926184433156, 36.53841145833333], [-6.286178087986454, 36.53873697916666], [-6.287153659052445, 36.54492187499999], [-6.290080372250415, 36.54687499999999], [-6.293007085448384, 36.54264322916666], [-6.306665080372242, 36.54069010416666], [-6.308616222504221, 36.53678385416666], [-6.3118681260575205, 36.53613281249999], [-6.312843697123511, 36.53450520833333], [-6.312843697123511, 36.53320312499999], [-6.309916983925541, 36.53157552083333], [-6.304501737396945, 36.53097321529689], [-6.292395268159036, 36.52171599067068], [-6.291706324027064, 36.51757812499999], [-6.287804039763104, 36.51497395833333], [-6.286503278341784, 36.50716145833333], [-6.282600994077825, 36.50455729166666], [-6.280649851945846, 36.49609374999999], [-6.268942999153968, 36.48535156249999], [-6.266991857021988, 36.48209635416666], [-6.264065143824018, 36.46874999999999], [-6.25756133671742, 36.46354166666666], [-6.2562605752961, 36.46093749999999], [-6.25495981387478, 36.45084635416666], [-6.25170791032148, 36.44791666666666], [-6.245854483925541, 36.44694010416666], [-6.244228532148892, 36.44303385416666], [-6.240976628595591, 36.44205729166666], [-6.239350676818941, 36.43391927083333], [-6.230245346869704, 36.42545572916666], [-6.229269775803713, 36.41861979166666], [-6.225367491539755, 36.41471354166666], [-6.2243919204737646, 36.39713541666666], [-6.221465207275795, 36.38736979166666], [-6.218538494077825, 36.38541666666666], [-6.208782783417927, 36.38346354166666], [-6.203254547377318, 36.37662760416666], [-6.190572123519449, 36.37174479166666], [-6.183092745346861, 36.36621093749999], [-6.1759385575296015, 36.34928385416666], [-6.170375043907617, 36.344742227861055], [-6.167357871116176, 36.33648151350475], [-6.164512817315526, 36.31914322869593], [-6.15832642174939, 36.305454284282696], [-6.152850042301177, 36.30208333333333], [-6.146457804040482, 36.30033625735077], [-6.144720283417927, 36.29785156249999], [-6.139959002011964, 36.297533821159554], [-6.112640691063668, 36.28575352335258], [-6.106022631133664, 36.28124999999999], [-6.10286216419888, 36.280722720201425], [-6.093997365513594, 36.26891413040767], [-6.093665397631125, 36.26725260416666], [-6.0843181804933835, 36.25602071573474], [-6.082934115905237, 36.24576822916666], [-6.079357021996607, 36.24348958333333], [-6.073503595600667, 36.22721354166666], [-6.058870029610821, 36.21126302083333], [-6.056918887478841, 36.20084635416666], [-6.0520410321488916, 36.19791666666666], [-6.043260892554983, 36.19694010416666], [-6.041309750423004, 36.19303385416666], [-6.0380578468697035, 36.19205729166666], [-6.036757085448384, 36.18424479166666], [-6.035131133671735, 36.18229166666666], [-6.032204420473764, 36.18326822916666], [-6.030903659052445, 36.18652343749999], [-6.022123519458536, 36.18749999999999], [-6.017217186309283, 36.18645692172625], [-6.016270093062597, 36.18424479166666], [-6.0133433798646285, 36.18261718749999], [-6.001636527072749, 36.18131510416666], [-6.00066095600676, 36.17903645833333], [-5.998384623519449, 36.17805989583333], [-5.977897631133663, 36.17708333333333], [-5.966515968697115, 36.17805989583333], [-5.962549839883954, 36.181724658385825], [-5.9391812713051415, 36.18530668262075], [-5.9362732656514305, 36.18229166666666], [-5.93399693316412, 36.18261718749999], [-5.933073598918091, 36.18539000528151], [-5.91853412481116, 36.18555297242204], [-5.909607656514374, 36.17773437499999], [-5.899322401217487, 36.176343063136194], [-5.8970794749125295, 36.17515298714439], [-5.893673329103207, 36.17024739583333], [-5.881966476311328, 36.16113281249999], [-5.880340524534678, 36.15722656249999], [-5.872187869256353, 36.15547778953633], [-5.86993443316412, 36.15169270833333], [-5.86180467428087, 36.14615885416666], [-5.854975676818943, 36.13671874999999], [-5.842293252961074, 36.12630208333333], [-5.8393665397631045, 36.12109374999999], [-5.838716159052444, 36.11653645833333], [-5.830911590524527, 36.11360677083333], [-5.827009306260567, 36.09993489583333], [-5.8192047377326475, 36.09798177083333], [-5.817578785955998, 36.09407552083333], [-5.80587193316412, 36.08496093749999], [-5.80196964890016, 36.07910156249999], [-5.790262796108282, 36.07877604166666], [-5.788311653976303, 36.08007812499999], [-5.7868646508832455, 36.08490637041551], [-5.765393019696075, 36.079878261310384], [-5.761320854483917, 36.07552083333333], [-5.749614001692039, 36.07096354166666], [-5.731743286534389, 36.06663000841804], [-5.729452199661582, 36.06347656249999], [-5.7216476311336635, 36.06217447916666], [-5.719046108291023, 36.05826822916666], [-5.7157942047377235, 36.05729166666666], [-5.710591159052446, 36.05826822916666], [-5.70452706805287, 36.064120702072046], [-5.688814446389575, 36.06852188193879], [-5.67286907783417, 36.05729166666666], [-5.668812665007718, 36.056303968915984], [-5.642914949595027, 36.04445933952022], [-5.632220283417928, 36.03613281249999], [-5.630594331641277, 36.03222656249999], [-5.624351726359059, 36.030664325151676], [-5.620748287131236, 36.024576794124464], [-5.61986304991539, 36.01660156249999], [-5.616611146362089, 36.01497395833333], [-5.61531038494077, 36.00716145833333], [-5.613684433164121, 36.00520833333333], [-5.61140810067681, 36.00553385416666], [-5.610482289466703, 36.00831411039213], [-5.604806661988382, 36.009702851307196], [-5.581165397631125, 36.01139322916666], [-5.575311971235186, 36.01627604166666], [-5.55872726311336, 36.02246093749999], [-5.554740474883905, 36.02664181733605], [-5.463804109207926, 36.05316407440336], [-5.457267872250414, 36.05403645833333], [-5.454305977187463, 36.056200889046785], [-5.446217195482177, 36.05878709554267], [-5.439622943051474, 36.06393897513222], [-5.433171380041754, 36.07035066679903], [-5.431047800298011, 36.077963154543035], [-5.4296266920473695, 36.07877604166666], [-5.432998018875146, 36.08830662214961], [-5.4386413352674685, 36.09844022989492], [-5.439620924236574, 36.1040112378876], [-5.434179357021988, 36.10611979166666], [-5.433854166666658, 36.11263020833333], [-5.438732021996607, 36.11653645833333], [-5.438406831641277, 36.11881510416666], [-5.435480118443308, 36.11979166666666], [-5.434829737732648, 36.12174479166666], [-5.435480118443308, 36.13151041666666], [-5.438081641285947, 36.14518229166666], [-5.440683164128586, 36.15104166666666], [-5.442959496615897, 36.15006510416666], [-5.443577176285731, 36.144500337628976], [-5.443817718574781, 36.14899649531847], [-5.439189079834666, 36.162245226638035], [-5.430001235316821, 36.1708287479582], [-5.428001666020412, 36.17682807015443], [-5.418895410321481, 36.17805989583333], [-5.416847676236281, 36.18102073988944], [-5.412921627192435, 36.18091350734379], [-5.412066412859552, 36.17805989583333], [-5.408814509306252, 36.17708333333333], [-5.402961082910313, 36.17805989583333], [-5.401950222961829, 36.1795777267011], [-5.381927511643236, 36.17368831268291], [-5.378194709975687, 36.17155223291795], [-5.374669521996608, 36.16731770833333], [-5.368791773065257, 36.16614096388264], [-5.366233688702393, 36.16466881929267], [-5.361176920093834, 36.15288441759771], [-5.364913811336709, 36.15039062499999], [-5.365889382402699, 36.14453124999999], [-5.364913811336709, 36.14127604166666], [-5.361661907783409, 36.13964843749999], [-5.35971076565143, 36.12597656249999], [-5.35645886209813, 36.12434895833333], [-5.35548329103214, 36.11848958333333], [-5.35353214890016, 36.11523437499999], [-5.345727580372243, 36.11555989583333], [-5.345480276922214, 36.11638507841557], [-5.3428766078738175, 36.113601179721364], [-5.339874153976303, 36.12955729166666], [-5.340500116320412, 36.13895626893721], [-5.3359263915107755, 36.18421272957918], [-5.334996298646354, 36.18522135416666], [-5.33467348365929, 36.190068499932785], [-5.3306459834806175, 36.19887591859185], [-5.297869342745199, 36.248212146194966], [-5.287070876120453, 36.261045558396795], [-5.288487141091407, 36.26409808082167], [-5.2878436971235105, 36.27343749999999], [-5.2858925549915305, 36.27994791666666], [-5.274713165712891, 36.28392406286427], [-5.26675646285496, 36.28835720810496], [-5.254826338576862, 36.2980622719561], [-5.246029019493112, 36.31277918134724], [-5.229406916633113, 36.34892742161999], [-5.228434068882036, 36.35866396303124], [-5.209755349363817, 36.38535397026188], [-5.205895727580364, 36.38704427083333], [-5.201809441895738, 36.39670175371908], [-5.196140016920465, 36.40039062499999], [-5.193538494077826, 36.40527343749999], [-5.185733925549906, 36.40690104166666], [-5.182156831641278, 36.41471354166666], [-5.158417935702191, 36.41861979166666], [-5.154515651438231, 36.42317708333333], [-5.1527907844229315, 36.42392778765026], [-5.121320618320645, 36.427043747892526], [-5.109256918314087, 36.43042831584797], [-5.072653335640438, 36.44879424897686], [-5.064763113367166, 36.44791666666666], [-5.0589096869712264, 36.44986979166666], [-5.055082081219505, 36.45424864377519], [-4.994608511199055, 36.45856622459804], [-4.912847936761419, 36.50535707873289], [-4.902897912253387, 36.50801785142239], [-4.880169343079634, 36.507175414986634], [-4.835029083992514, 36.50261857759255], [-4.8335527707275725, 36.50097656249999], [-4.810789445854475, 36.49902343749999], [-4.808187923011836, 36.49576822916666], [-4.796481070219958, 36.49446614583333], [-4.790952834179349, 36.49055989583333], [-4.7545315143823945, 36.48860677083333], [-4.751929991539755, 36.48763020833333], [-4.749978849407775, 36.48470052083333], [-4.745426184433155, 36.48437499999999], [-4.742174280879857, 36.48535156249999], [-4.741523900169196, 36.48763020833333], [-4.7385971869712264, 36.48860677083333], [-4.712256768189501, 36.48958333333333], [-4.695672060067674, 36.49251302083333], [-4.690794204737725, 36.49544270833333], [-4.686091715153171, 36.50125756946775], [-4.663681876490128, 36.507773064053204], [-4.663153024534678, 36.50618489583333], [-4.660226311336709, 36.50520833333333], [-4.65697440778341, 36.50944010416666], [-4.638763747884932, 36.51139322916666], [-4.636487415397623, 36.51529947916666], [-4.6332355118443225, 36.51627604166666], [-4.63208119007928, 36.523209010804266], [-4.616077358623636, 36.53169372342514], [-4.590849843920646, 36.57178750179776], [-4.525641546037392, 36.58213464964904], [-4.502441810210532, 36.61348951568463], [-4.4958597715736035, 36.61588541666666], [-4.4919574873096435, 36.63411458333333], [-4.484152918781726, 36.63639322916666], [-4.482852157360406, 36.63997395833333], [-4.475047588832487, 36.64550781249999], [-4.472120875634517, 36.65559895833333], [-4.468218591370558, 36.65722656249999], [-4.4672430203045685, 36.66048177083333], [-4.459438451776649, 36.66178385416666], [-4.45651173857868, 36.66634114583333], [-4.45325983502538, 36.66731770833333], [-4.45195907360406, 36.67513020833333], [-4.448056789340102, 36.67773437499999], [-4.446756027918782, 36.68554687499999], [-4.442853743654822, 36.68815104166666], [-4.4412277918781715, 36.69596354166666], [-4.433423223350253, 36.69856770833333], [-4.430821700507613, 36.70638020833333], [-4.423017131979695, 36.70898437499999], [-4.421065989847715, 36.71484374999999], [-4.416513324873096, 36.71679687499999], [-4.39375, 36.71874999999999], [-4.361881345177665, 36.71842447916666], [-4.348223350253806, 36.71679687499999], [-4.348223350253806, 36.71549479166666], [-4.341394352791878, 36.71386718749999], [-4.3254600253807105, 36.71354166666666], [-4.314078362944162, 36.71451822916666], [-4.311802030456852, 36.71549479166666], [-4.310826459390862, 36.71842447916666], [-4.308550126903553, 36.71874999999999], [-4.305623413705583, 36.71451822916666], [-4.296843274111675, 36.71354166666666], [-4.291965418781725, 36.71451822916666], [-4.289517730611255, 36.71805737178442], [-4.286111992385786, 36.71777343749999], [-4.285786802030456, 36.71549479166666], [-4.24698681717707, 36.715322736072174], [-4.224754140893096, 36.71389322831803], [-4.1905732191897185, 36.71767569144215], [-4.1492068527918775, 36.71940104166666], [-4.140101522842639, 36.72070312499999], [-4.13847557106599, 36.72298177083333], [-4.135223667512689, 36.72363281249999], [-4.115712246192892, 36.72493489583333], [-4.11401711618374, 36.72678600787215], [-4.110662605971473, 36.72718520072943], [-4.103355012690356, 36.73111979166666], [-4.080487374248853, 36.7449674824205], [-4.058885260756842, 36.74910482354582], [-4.055552030456853, 36.74576822916666], [-4.052950507614213, 36.74511718749999], [-4.037341370558375, 36.74381510416666], [-4.034089467005076, 36.73958333333333], [-4.031162753807106, 36.74055989583333], [-4.030231908591855, 36.74366586648719], [-3.972785187765213, 36.73094719249446], [-3.9723032994923857, 36.73014322916666], [-3.960968787137154, 36.72833104756585], [-3.8927381708547943, 36.744163687495465], [-3.890355329949238, 36.74283854166666], [-3.8897049492385785, 36.74055989583333], [-3.883851522842639, 36.73958333333333], [-3.8805996192893395, 36.74055989583333], [-3.8779980964467002, 36.74446614583333], [-3.870193527918781, 36.74576822916666], [-3.8688876101596312, 36.74837497662233], [-3.8384681754385843, 36.75346823115148], [-3.7766124816313598, 36.73719074550589], [-3.7739371827411166, 36.73567708333333], [-3.768734137055837, 36.72916666666666], [-3.7664578045685273, 36.72981770833333], [-3.7656932600850292, 36.73440963709093], [-3.7415954102735185, 36.72827195295208], [-3.7397921954314715, 36.72265624999999], [-3.7355647208121825, 36.71874999999999], [-3.731012055837563, 36.71940104166666], [-3.7290609137055832, 36.72265624999999], [-3.728528283307213, 36.72585528013654], [-3.680380009612236, 36.73026318774021], [-3.6658980692960133, 36.74085209546941], [-3.6453398834205224, 36.74204024153375], [-3.6438610406091367, 36.74055989583333], [-3.6263007614213194, 36.73958333333333], [-3.6165450507614207, 36.74055989583333], [-3.613871656535793, 36.743533352599634], [-3.602938500046199, 36.74397668301923], [-3.598701690520567, 36.742159062207925], [-3.588253489847715, 36.73014322916666], [-3.5833442746908655, 36.727000395733405], [-3.582725253807106, 36.72493489583333], [-3.5749206852791873, 36.72363281249999], [-3.571018401015228, 36.71972656249999], [-3.5641261579207533, 36.7195349167387], [-3.549866373725344, 36.713995554029374], [-3.5363942747419532, 36.71986827917885], [-3.526401007201792, 36.72118821035001], [-3.525816941624365, 36.71972656249999], [-3.522890228426396, 36.71874999999999], [-3.521264276649746, 36.71972656249999], [-3.5208258637477257, 36.72192085471793], [-3.5159302513971067, 36.72254472857774], [-3.5150856598984768, 36.71972656249999], [-3.5092608430333754, 36.7184771189869], [-3.4965498096446694, 36.70865885416666], [-3.4916719543147208, 36.70182291666666], [-3.4861437182741115, 36.69986979166666], [-3.479857811924616, 36.699352616779066], [-3.4771507512523727, 36.697591873554614], [-3.415505783752741, 36.69701932273313], [-3.3834293339672152, 36.71322286288206], [-3.371351522842639, 36.71451822916666], [-3.3680996192893398, 36.71842447916666], [-3.3602950507614207, 36.71972656249999], [-3.3576935279187814, 36.72460937499999], [-3.351189720812182, 36.72884114583333], [-3.3494850707455255, 36.73481348435447], [-3.3453362944162435, 36.73763020833333], [-3.325824873096446, 36.73958333333333], [-3.2907043147208115, 36.74055989583333], [-3.2868020304568524, 36.74153645833333], [-3.284850888324873, 36.74446614583333], [-3.2783470812182736, 36.74511718749999], [-3.2757455583756343, 36.74902343749999], [-3.267940989847715, 36.75032552083333], [-3.2664453661679373, 36.752571236267144], [-3.241600571065989, 36.75423177083333], [-3.2389990482233495, 36.75097656249999], [-3.2272921954314717, 36.74967447916666], [-3.2230647208121823, 36.74576822916666], [-3.2165609137055835, 36.74479166666666], [-3.2074555837563445, 36.74511718749999], [-3.2048540609137053, 36.74576822916666], [-3.2019273477157357, 36.74902343749999], [-3.1937975888324868, 36.74999999999999], [-3.179164022842639, 36.74902343749999], [-3.1765624999999997, 36.74576822916666], [-3.17168464467005, 36.74479166666666], [-3.1629045050761415, 36.74576822916666], [-3.16216911111378, 36.74683154439792], [-3.1508724619289334, 36.74479166666666], [-3.144043464467005, 36.74511718749999], [-3.1411167512690352, 36.74704537824488], [-3.105743341698353, 36.74935048093937], [-3.0994923857868018, 36.74804687499999], [-3.099167195431472, 36.74576822916666], [-3.0962404822335023, 36.74479166666666], [-3.0946145304568526, 36.74576822916666], [-3.0939641497461925, 36.74902343749999], [-3.0910374365482225, 36.74999999999999], [-3.0894114847715732, 36.74902343749999], [-3.0890862944162434, 36.74674479166666], [-3.0845336294416237, 36.74576822916666], [-3.0250554790322846, 36.743945619094696], [-3.016134128221794, 36.74267408480456], [-3.0142925126903553, 36.73990885416666], [-3.0097398477157356, 36.73958333333333], [-3.006285165977733, 36.741270340743654], [-2.9878103461741, 36.73863717818977], [-2.977588327557649, 36.74136719160811], [-2.971692576142132, 36.74088541666666], [-2.969416243654822, 36.74153645833333], [-2.9677853451218117, 36.74398529225866], [-2.9373645077360573, 36.75210984156506], [-2.936572017766497, 36.75097656249999], [-2.9170605964467002, 36.74934895833333], [-2.9138086928934, 36.74804687499999], [-2.9112071700507607, 36.74153645833333], [-2.909256027918781, 36.74023437499999], [-2.897549175126903, 36.73860677083333], [-2.8955980329949234, 36.73470052083333], [-2.892346129441624, 36.73372395833333], [-2.890069796954314, 36.72558593749999], [-2.8718591370558375, 36.71712239583333], [-2.868607233502538, 36.70800781249999], [-2.8621034263959384, 36.70377604166666], [-2.858851522842639, 36.69889322916666], [-2.8432423857868017, 36.69824218749999], [-2.839340101522842, 36.69986979166666], [-2.8373889593908626, 36.70279947916666], [-2.8295843908629434, 36.70410156249999], [-2.8276332487309634, 36.70735677083333], [-2.8116989213197967, 36.70768229166666], [-2.808447017766497, 36.70638020833333], [-2.8029187817258876, 36.69986979166666], [-2.800317258883249, 36.69856770833333], [-2.79023635786802, 36.69759114583333], [-2.7882852157360403, 36.69694010416666], [-2.785358502538071, 36.69303385416666], [-2.7785295050761416, 36.69205729166666], [-2.771375317258883, 36.68424479166666], [-2.756527766627164, 36.6819977611784], [-2.7429886601830096, 36.68665455761023], [-2.7297939906259385, 36.68705480242157], [-2.7181172297106926, 36.683559713095015], [-2.684692345539978, 36.68745196911571], [-2.659631351711087, 36.69613850784511], [-2.629951643615014, 36.719661203138116], [-2.6271889611923323, 36.71972656249999], [-2.6250396573604053, 36.72363281249999], [-2.621787753807106, 36.72493489583333], [-2.6214096995018226, 36.72682708836739], [-2.61839996544459, 36.72935197129088], [-2.5980737176379067, 36.77372271930021], [-2.588369329851104, 36.792438017179194], [-2.5807078075709766, 36.80240885416666], [-2.5738761829652987, 36.80664062499999], [-2.5712736593059926, 36.81152343749999], [-2.5634660883280747, 36.81282552083333], [-2.5602129337539425, 36.81673177083333], [-2.5445977917981066, 36.81803385416666], [-2.5419952681388, 36.81868489583333], [-2.540694006309147, 36.82096354166666], [-2.5328864353312293, 36.82259114583333], [-2.5016561514195574, 36.82389322916666], [-2.4990536277602513, 36.82486979166666], [-2.4971017350157716, 36.82779947916666], [-2.4892941640378536, 36.82910156249999], [-2.488323724014766, 36.83048878060659], [-2.4813244837306883, 36.831437923177916], [-2.469007211771174, 36.82919533553768], [-2.441922135905169, 36.81975067394021], [-2.4339666513261786, 36.8179980041212], [-2.4307373817034685, 36.81315104166666], [-2.428134858044163, 36.81249999999999], [-2.426508280757097, 36.81347656249999], [-2.425532334384857, 36.81673177083333], [-2.415447555205046, 36.81966145833333], [-2.4142527226776282, 36.82125557412117], [-2.380823010838806, 36.8351482176941], [-2.361652986857764, 36.838277679360736], [-2.3388373144035013, 36.83572393671017], [-2.317911057871519, 36.82934264514501], [-2.2819575881843157, 36.811335493448055], [-2.2802144132612243, 36.80986476329363], [-2.2794656940063085, 36.80761718749999], [-2.276995937552989, 36.80712292437139], [-2.2732847003154566, 36.80240885416666], [-2.270664465721023, 36.80172910522293], [-2.2551612644561945, 36.788521834297], [-2.2306390888759546, 36.76116422151174], [-2.2231485263764488, 36.755032786257026], [-2.2222101735015762, 36.75065104166666], [-2.2189570189274437, 36.74967447916666], [-2.217005126182964, 36.74511718749999], [-2.2052937697160875, 36.73567708333333], [-2.202365930599368, 36.73046874999999], [-2.201389984227128, 36.72460937499999], [-2.198136829652996, 36.72363281249999], [-2.1961849369085167, 36.71972656249999], [-2.1844735804416393, 36.71907552083333], [-2.18154574132492, 36.72070312499999], [-2.1805697949526803, 36.72363281249999], [-2.1782925867507874, 36.72395833333333], [-2.1766660094637214, 36.72298177083333], [-2.1756900630914817, 36.71972656249999], [-2.169834384858043, 36.71874999999999], [-2.1656052839116713, 36.72070312499999], [-2.1626774447949515, 36.72526041666666], [-2.1597496056782326, 36.72721354166666], [-2.1314471608832797, 36.73014322916666], [-2.1294952681388004, 36.73111979166666], [-2.128844637223974, 36.73339843749999], [-2.121037066246056, 36.73535156249999], [-2.119404620248669, 36.74270220711891], [-2.1122044598780976, 36.74718358693355], [-2.10589049421407, 36.758908819445196], [-2.1008675078864343, 36.76041666666666], [-2.089156151419558, 36.76139322916666], [-2.087204258675078, 36.76464843749999], [-2.077119479495267, 36.76757812499999], [-2.070613170347002, 36.77539062499999], [-2.0657334384858035, 36.77604166666666], [-2.062480283911671, 36.78287760416666], [-2.0611695759120074, 36.80491140000949], [-2.0579625649292534, 36.81111700116027], [-2.048164584524618, 36.81963607201404], [-2.039057570977917, 36.82291666666666], [-2.0351537854889576, 36.82552083333333], [-2.0230672623159873, 36.837658417368516], [-2.016936119873816, 36.83821614583333], [-2.0140082807570967, 36.83365885416666], [-2.011731072555204, 36.83333333333333], [-2.0101044952681377, 36.83430989583333], [-2.009128548895898, 36.83756510416666], [-2.0032728706624594, 36.83854166666666], [-2.0000197160883273, 36.84049479166666], [-1.9990437697160872, 36.84700520833333], [-1.9944893533123018, 36.84993489583333], [-1.9941640378548886, 36.85221354166666], [-1.9951399842271285, 36.85384114583333], [-1.998393138801261, 36.85481770833333], [-2.0003450315457405, 36.86393229166666], [-2.004248817034699, 36.86555989583333], [-2.004248817034699, 36.86881510416666], [-2.0003450315457405, 36.87011718749999], [-1.9993690851735006, 36.87304687499999], [-2.0003450315457405, 36.87467447916666], [-2.0035981861198726, 36.87565104166666], [-2.0045741324921127, 36.88151041666666], [-2.002622239747633, 36.88476562499999], [-1.994814668769715, 36.88736979166666], [-1.9935134069400622, 36.89420572916666], [-1.9844045741324912, 36.90169270833333], [-1.982926147102269, 36.90553904532294], [-1.9795248422712923, 36.90592447916666], [-1.976597003154573, 36.90136718749999], [-1.9720425867507876, 36.90104166666666], [-1.9678134858044156, 36.90299479166666], [-1.96325906940063, 36.90983072916666], [-1.9544755520504724, 36.91634114583333], [-1.952404943988678, 36.92301731723908], [-1.9422051692693596, 36.93114003012376], [-1.9355323264179303, 36.933676622576094], [-1.9213475478822994, 36.934533987570376], [-1.9193414826498416, 36.93229166666666], [-1.916413643533122, 36.93326822916666], [-1.9159369860960818, 36.934858090357125], [-1.9060495749142228, 36.93729139551463], [-1.901732346616721, 36.941895967493615], [-1.9002003644453034, 36.95004265925649], [-1.9010351119538418, 36.95401261081539], [-1.9007985015772861, 36.97330729166666], [-1.9024250788643522, 36.97916666666666], [-1.9053529179810715, 36.98111979166666], [-1.9050276025236583, 36.98763020833333], [-1.9017744479495258, 36.98958333333333], [-1.8959187697160873, 36.99055989583333], [-1.8949428233438477, 36.99381510416666], [-1.8910390378548887, 36.99576822916666], [-1.8894124605678224, 37.00748697916666], [-1.8881111987381693, 37.00944010416666], [-1.8816048895899045, 37.01171874999999], [-1.8803036277602514, 37.01432291666666], [-1.8777011041009455, 37.03092447916666], [-1.8711947949526802, 37.03613281249999], [-1.868266955835961, 37.04557291666666], [-1.8565555993690843, 37.05598958333333], [-1.853627760252365, 37.06119791666666], [-1.8526518138801253, 37.06705729166666], [-1.8503746056782324, 37.06770833333333], [-1.8464708201892737, 37.11165364583333], [-1.8445189274447942, 37.11458333333333], [-1.8386632492113555, 37.11555989583333], [-1.8370366719242894, 37.11946614583333], [-1.8337835173501569, 37.12044270833333], [-1.8324822555205036, 37.12825520833333], [-1.8295544164037847, 37.13020833333333], [-1.8279278391167182, 37.13899739583333], [-1.8266265772870651, 37.17415364583333], [-1.8256506309148253, 37.17708333333333], [-1.8230481072555194, 37.17838541666666], [-1.8217468454258667, 37.18098958333333], [-1.8165417981072547, 37.19661458333333], [-1.812963328075709, 37.19921874999999], [-1.812062720609486, 37.210032862378505], [-1.7882498808183507, 37.236307514663956], [-1.7827089905362765, 37.23990885416666], [-1.7785018778701125, 37.24414960458436], [-1.7722988958990529, 37.24544270833333], [-1.7702252925171678, 37.25080289889356], [-1.7295494827055486, 37.28350094070684], [-1.71250804472382, 37.303124467189505], [-1.7088623817034692, 37.30403645833333], [-1.7077097867595352, 37.30864974870236], [-1.7001678095384027, 37.31733447295446], [-1.6871480745147762, 37.33762744435922], [-1.6848766103563277, 37.34468900773409], [-1.6825118296529957, 37.34570312499999], [-1.6808852523659297, 37.35351562499999], [-1.6776320977917971, 37.35449218749999], [-1.6756802050473176, 37.35839843749999], [-1.6708004731861186, 37.35937499999999], [-1.6639688485804407, 37.35904947916666], [-1.6610410094637214, 37.35742187499999], [-1.6600650630914815, 37.35449218749999], [-1.6564865930599357, 37.35481770833333], [-1.6512815457413237, 37.36263020833333], [-1.6464018138801253, 37.36523437499999], [-1.6444499211356458, 37.37304687499999], [-1.6298107255520495, 37.37695312499999], [-1.6249309936908507, 37.38346354166666], [-1.6138702681388002, 37.38736979166666], [-1.6073639589905353, 37.39518229166666], [-1.598255126182964, 37.39778645833333], [-1.5945453488014218, 37.40224100162859], [-1.5847340461908919, 37.40563940516104], [-1.5819893533123017, 37.40136718749999], [-1.5787361987381694, 37.40136718749999], [-1.5777602523659295, 37.40429687499999], [-1.57580835962145, 37.40559895833333], [-1.5582413249211347, 37.40950520833333], [-1.5465299684542577, 37.41406249999999], [-1.5280699890789968, 37.42761165373065], [-1.5244085173501567, 37.42903645833333], [-1.506841482649841, 37.43098958333333], [-1.502937697160882, 37.42740885416666], [-1.4951301261829641, 37.42610677083333], [-1.4941541798107245, 37.42285156249999], [-1.4925276025236585, 37.42187499999999], [-1.4895997634069391, 37.42285156249999], [-1.4886238170346993, 37.42610677083333], [-1.4808162460567815, 37.42773437499999], [-1.4788643533123018, 37.43098958333333], [-1.4795149842271282, 37.43554687499999], [-1.482768138801261, 37.43749999999999], [-1.4886238170346993, 37.43847656249999], [-1.4887217139112328, 37.440225035854766], [-1.487997304570788, 37.44247322864683], [-1.4850453470031537, 37.44335937499999], [-1.4837440851735004, 37.45117187499999], [-1.4798402996845417, 37.45377604166666], [-1.4785390378548886, 37.46158854166666], [-1.4743099369085162, 37.46484374999999], [-1.4691048895899042, 37.48046874999999], [-1.4665023659305985, 37.48437499999999], [-1.4635745268138791, 37.48535156249999], [-1.4625985804416395, 37.48860677083333], [-1.4547910094637215, 37.48990885416666], [-1.4521884858044154, 37.49381510416666], [-1.4443809148264972, 37.49511718749999], [-1.442795379319696, 37.49749699221427], [-1.4308446757889823, 37.49955417919393], [-1.4144939658407736, 37.50780941086052], [-1.4114678482292842, 37.5101772127818], [-1.4020899053627751, 37.51236979166666], [-1.3994090431168054, 37.51961268938233], [-1.3846692467786983, 37.53114592191637], [-1.3770406151419547, 37.53255208333333], [-1.3737874605678224, 37.53515624999999], [-1.367594472285087, 37.54391738165172], [-1.3539707377092198, 37.551234465998085], [-1.3418460884473664, 37.55620306780991], [-1.3350749211356456, 37.55794270833333], [-1.3339613316866918, 37.559428431630124], [-1.3302516372738, 37.560945931092256], [-1.321411671924289, 37.56217447916666], [-1.2701669747518383, 37.55939001154706], [-1.2696865141955826, 37.55826822916666], [-1.267734621451103, 37.55761718749999], [-1.2609029968454248, 37.55729166666666], [-1.256023264984226, 37.56022135416666], [-1.253095425867507, 37.57194010416666], [-1.2452878548895892, 37.57389322916666], [-1.2446372239747625, 37.57617187499999], [-1.2417093848580432, 37.57779947916666], [-1.2319499211356457, 37.57779947916666], [-1.2264195583596202, 37.57389322916666], [-1.216099627485069, 37.57346296058406], [-1.1994028693726069, 37.56803527311043], [-1.1828716412635976, 37.56593867530515], [-1.1805500788643521, 37.56315104166666], [-1.1760628548524086, 37.56255236741927], [-1.172188022712413, 37.55596058711081], [-1.1720918769716078, 37.55403645833333], [-1.1756703470031535, 37.55143229166666], [-1.1756703470031535, 37.55013020833333], [-1.173718454258674, 37.54557291666666], [-1.170790615141955, 37.54361979166666], [-1.1423174117711359, 37.54051923778866], [-1.1392350157728697, 37.53743489583333], [-1.1366324921135638, 37.53678385416666], [-1.1210173501577279, 37.53548177083333], [-1.118740141955835, 37.53157552083333], [-1.1164629337539425, 37.53124999999999], [-1.115897295997768, 37.53555313514109], [-1.1089074869457998, 37.534247539856935], [-1.1181776560118244, 37.54868401155275], [-1.1212918296279155, 37.55819500006022], [-1.1182798723313474, 37.56521219815899], [-1.1102819400630903, 37.57161458333333], [-1.090112381703469, 37.57389322916666], [-1.0865339116719235, 37.57779947916666], [-1.0787263406940055, 37.57910156249999], [-1.0777503943217657, 37.58235677083333], [-1.0761238170346994, 37.58333333333333], [-1.0738466088328065, 37.58300781249999], [-1.0728706624605668, 37.58007812499999], [-1.0699428233438475, 37.57845052083333], [-1.0601833596214503, 37.57845052083333], [-1.057255520504731, 37.58007812499999], [-1.0562795741324913, 37.58300781249999], [-1.0540023659305984, 37.58333333333333], [-1.052375788643532, 37.58235677083333], [-1.0520504731861189, 37.58007812499999], [-1.0452188485804406, 37.57747395833333], [-1.0292783911671917, 37.57486979166666], [-1.0178923501577277, 37.57519531249999], [-1.015615141955835, 37.57682291666666], [-1.0146391955835952, 37.58268229166666], [-1.0037862288224138, 37.5825620968514], [-1.0019518927444786, 37.48925781249999], [-1.0006506309148255, 37.29069010416666], [-0.999999999999999, 36.59570312499999], [-1.5999999999999988, 36.29785156249999], [-2.7999999999999976, 36.09928385416666], [-4.599999999999997, 35.99999999999999], [-6.9999999999999964, 35.99999999999999], [-8.799999999999995, 36.46874999999999], [-9.999999999999995, 37.40624999999999], [-10.599999999999994, 38.81249999999999], [-10.599999999999994, 40.68749999999999], [-10.457638007614207, 42.09374999999999], [-10.172914022842633, 43.03124999999999], [-9.745828045685272, 43.49999999999999], [-8.749294098984764, 43.499674916107374], [-8.322208121827403, 43.498049496644285], [-8.322533312182735, 43.49577390939597], [-8.327085977157353, 43.49284815436241], [-8.328061548223342, 43.486346476510064], [-8.33131345177664, 43.484395973154356], [-8.337166878172578, 43.483420721476506], [-8.3384676395939, 43.47984479865771], [-8.34627220812182, 43.47431837248322], [-8.348223350253798, 43.46749161073825], [-8.347247779187809, 43.46424077181207], [-8.343995875634509, 43.46326552013422], [-8.342695114213189, 43.45936451342281], [-8.34106916243654, 43.45838926174496], [-8.33814244923857, 43.45936451342281], [-8.337166878172578, 43.46261535234899], [-8.329362309644662, 43.46391568791945], [-8.327411167512683, 43.46684144295301], [-8.322533312182735, 43.4684668624161], [-8.306273794416235, 43.4684668624161], [-8.301395939086285, 43.46684144295301], [-8.299444796954306, 43.46391568791945], [-8.291640228426386, 43.46261535234899], [-8.290989847715727, 43.46033976510066], [-8.292290609137046, 43.45936451342281], [-8.303997461928926, 43.45838926174496], [-8.310501269035523, 43.45643875838926], [-8.312777601522834, 43.448636744966436], [-8.316029505076134, 43.447661493288585], [-8.317005076142124, 43.446036073825496], [-8.317005076142124, 43.444735738255034], [-8.314728743654815, 43.443435402684564], [-8.282860088832479, 43.436933724832194], [-8.28058375634517, 43.435633389261724], [-8.27960818527918, 43.43270763422818], [-8.275705901015222, 43.43140729865772], [-8.27473032994923, 43.428156459731525], [-8.26692576142131, 43.42685612416106], [-8.264974619289331, 43.42393036912752], [-8.261072335025371, 43.42230494966442], [-8.248064720812176, 43.42230494966442], [-8.245463197969535, 43.42295511744966], [-8.244021384193601, 43.424756794632835], [-8.224441535726662, 43.425839487263836], [-8.223350253807098, 43.42393036912752], [-8.221073921319789, 43.42328020134228], [-8.198774274423863, 43.42509998471432], [-8.194559967486573, 43.424659907635], [-8.1773405443401, 43.4185988529221], [-8.180425126903545, 43.417103607382536], [-8.196034263959383, 43.41580327181207], [-8.197985406091362, 43.4125524328859], [-8.20578997461928, 43.41125209731543], [-8.208391497461921, 43.40735109060401], [-8.214244923857859, 43.40637583892617], [-8.217496827411157, 43.404425335570465], [-8.218472398477148, 43.39792365771811], [-8.222374682741108, 43.39499790268455], [-8.223350253807098, 43.39012164429529], [-8.222374682741108, 43.38134437919463], [-8.218472398477148, 43.37939387583893], [-8.218147208121819, 43.377118288590594], [-8.219122779187808, 43.375492869127505], [-8.222374682741108, 43.374517617449655], [-8.223350253807098, 43.368666107382545], [-8.220423540609127, 43.36541526845637], [-8.21066782994923, 43.36444001677852], [-8.208716687817251, 43.36378984899328], [-8.20774111675126, 43.36151426174497], [-8.222374682741108, 43.357613255033556], [-8.223350253807098, 43.35566275167785], [-8.222699873096438, 43.3511115771812], [-8.215220494923848, 43.34851090604027], [-8.214570114213188, 43.3472105704698], [-8.216196065989838, 43.34265939597315], [-8.220098350253798, 43.33875838926174], [-8.222374682741108, 43.33908347315436], [-8.224651015228417, 43.34298447986576], [-8.238323266822496, 43.344123461156826], [-8.248477720036547, 43.35151477085594], [-8.249365482233493, 43.362164429530196], [-8.251316624365472, 43.36866610738255], [-8.259121192893392, 43.37094169463087], [-8.260747144670042, 43.374842701342274], [-8.261775840864304, 43.37515120916639], [-8.264666624788912, 43.37982210108294], [-8.264974619289331, 43.38166946308724], [-8.268101486249607, 43.38461359301722], [-8.28206948809133, 43.388181381238375], [-8.296584327203322, 43.39494373073771], [-8.297168464466996, 43.400199244966444], [-8.300420368020296, 43.40149958053691], [-8.301395939086285, 43.40442533557045], [-8.315053934010143, 43.40637583892617], [-8.335540926395929, 43.40540058724831], [-8.33781725888324, 43.40442533557045], [-8.3384676395939, 43.402149748322145], [-8.34432106598984, 43.40117449664429], [-8.347572969543139, 43.39922399328859], [-8.34854854060913, 43.39272231543623], [-8.352450824873088, 43.3901216442953], [-8.353426395939078, 43.38687080536912], [-8.352776015228418, 43.38264471476509], [-8.351475253807099, 43.38199454697987], [-8.344971446700498, 43.383945050335555], [-8.343020304568519, 43.38166946308724], [-8.343995875634509, 43.375817953020125], [-8.347898159898469, 43.37321728187919], [-8.34919892131979, 43.36541526845637], [-8.353101205583748, 43.362814597315435], [-8.353101205583748, 43.35631291946308], [-8.34854854060913, 43.35338716442952], [-8.348255329705497, 43.35133536005577], [-8.350383113199712, 43.34945139896571], [-8.356145094239379, 43.348491383190925], [-8.3766408450332, 43.36179636776151], [-8.385949926730458, 43.37191832327376], [-8.389373676154069, 43.384154723294806], [-8.39607106389135, 43.38286010874882], [-8.39992861675126, 43.38849622483221], [-8.404156091370549, 43.38882130872483], [-8.40870875634517, 43.385570469798644], [-8.410545451199722, 43.38006218915857], [-8.421270462018398, 43.377989029360094], [-8.422691941624358, 43.37971895973154], [-8.429520939086284, 43.38069421140939], [-8.432772842639585, 43.38459521812079], [-8.444479695431465, 43.38557046979865], [-8.450983502538062, 43.38361996644295], [-8.453259835025372, 43.375817953020125], [-8.458137690355322, 43.37321728187919], [-8.46236516497461, 43.36671560402684], [-8.473421637055829, 43.362814597315435], [-8.478612908684411, 43.35658711081962], [-8.48157056900095, 43.35501258389261], [-8.486754441624358, 43.35501258389261], [-8.489355964466998, 43.362489513422815], [-8.490656725888318, 43.36313968120804], [-8.497160532994915, 43.3602139261745], [-8.499436865482226, 43.35533766778522], [-8.503013959390854, 43.35371224832214], [-8.501062817258875, 43.34786073825503], [-8.501388007614205, 43.343634647650994], [-8.507566624365474, 43.33908347315437], [-8.509517766497453, 43.33225671140939], [-8.511468908629432, 43.329981124161066], [-8.521224619289331, 43.326405201342276], [-8.53878489847715, 43.32250419463086], [-8.542687182741108, 43.31827810402684], [-8.550491751269025, 43.31697776845637], [-8.551750543912265, 43.313957655178676], [-8.554273725590223, 43.31307676174496], [-8.555369606598976, 43.31307676174496], [-8.557645939086285, 43.31697776845637], [-8.573255076142123, 43.31827810402684], [-8.580084073604052, 43.32217911073824], [-8.615658708756337, 43.322504194630866], [-8.626709232233495, 43.31925335570469], [-8.631189853003379, 43.31470218120804], [-8.634702173223344, 43.31340184563758], [-8.651757812499994, 43.31080117449663], [-8.65826822916666, 43.30429949664428], [-8.68658854166666, 43.301373741610725], [-8.69049479166666, 43.297797818791935], [-8.70807291666666, 43.29389681208053], [-8.722191086914156, 43.29654062062608], [-8.72467447916666, 43.300398489932874], [-8.728906249999994, 43.30234899328858], [-8.734765624999994, 43.301373741610725], [-8.735245986841202, 43.29969473189998], [-8.750743938518767, 43.303439093356744], [-8.768860094929185, 43.30560768352811], [-8.786004676928252, 43.311014619647615], [-8.817751736028741, 43.334527232917175], [-8.830077546893023, 43.33962753570239], [-8.830468749999994, 43.34103397651006], [-8.83697916666666, 43.34395973154362], [-8.842187499999994, 43.34395973154362], [-8.846093749999994, 43.34265939597314], [-8.84869791666666, 43.340058724832204], [-8.849972080183987, 43.33115155221713], [-8.856036203989182, 43.3254987747004], [-8.881157585667971, 43.32055782705881], [-8.888085937499994, 43.322829278523486], [-8.904036458333328, 43.3231543624161], [-8.91022135416666, 43.32152894295301], [-8.913476562499994, 43.31827810402684], [-8.913802083333328, 43.31340184563758], [-8.912028285612708, 43.30720188689329], [-8.92982637840518, 43.29840527767339], [-8.942150042180256, 43.294363847092626], [-8.950911458333328, 43.295197147651], [-8.963281249999994, 43.294872063758376], [-8.966536458333328, 43.293246644295294], [-8.96979166666666, 43.28869546979865], [-8.98444010416666, 43.285769714765095], [-8.985742187499994, 43.28251887583892], [-8.988671874999994, 43.28154362416107], [-8.98834635416666, 43.27764261744966], [-8.984114583333328, 43.26854026845637], [-8.977929687499994, 43.26203859060402], [-8.974348958333328, 43.26073825503355], [-8.967513020833328, 43.26106333892617], [-8.962630208333328, 43.26463926174496], [-8.95611979166666, 43.26073825503355], [-8.95319010416666, 43.247409815436235], [-8.94830729166666, 43.241233221476506], [-8.93951822916666, 43.234406459731545], [-8.938685953966461, 43.231912985574695], [-8.947005208333328, 43.22985528523489], [-8.949934895833328, 43.23375629194631], [-8.951888020833328, 43.234406459731545], [-8.961653645833328, 43.234406459731545], [-8.96588541666666, 43.23050545302012], [-8.981835937499994, 43.22888003355703], [-8.986958038400267, 43.22587107732347], [-9.00450204902199, 43.237256], [-9.00705426243279, 43.237256], [-9.007226562499994, 43.238632550335566], [-9.009505208333328, 43.239932885906036], [-9.011132812499994, 43.23895763422818], [-9.01178385416666, 43.23570679530201], [-9.015364583333328, 43.234081375838926], [-9.013521853731204, 43.22856060742021], [-9.014859813464868, 43.224735260076486], [-9.021223958333328, 43.22335360738254], [-9.022851562499994, 43.220102768456364], [-9.034570312499994, 43.217827181208044], [-9.036523437499994, 43.215226510067104], [-9.038753496845493, 43.20334882485511], [-9.051946897777304, 43.19492643829749], [-9.06496337660085, 43.190843003186224], [-9.089434035932772, 43.18817611964818], [-9.092513020833328, 43.19247063758388], [-9.102278645833328, 43.1927957214765], [-9.105208333333328, 43.19117030201342], [-9.105717986996579, 43.189643393320296], [-9.111266657140137, 43.1914186542152], [-9.113671874999994, 43.19442114093958], [-9.116927083333328, 43.19637164429529], [-9.130638126162644, 43.197616429635744], [-9.13787429486786, 43.199931594711146], [-9.14458047342895, 43.19726602173012], [-9.149804687499994, 43.19637164429529], [-9.152107885671514, 43.19427402464743], [-9.169489932971867, 43.18732405949609], [-9.175195312499994, 43.18694421140939], [-9.178223186549138, 43.181185460224064], [-9.209234857721484, 43.15938737313103], [-9.209700520833328, 43.160937499999996], [-9.212630208333328, 43.161912751677846], [-9.214257812499994, 43.15898699664429], [-9.214412248793744, 43.15574818771337], [-9.215655851920786, 43.15487405974001], [-9.212630208333328, 43.14630872483221], [-9.210044807937106, 43.14427035899527], [-9.207415694917497, 43.13930188472113], [-9.20587210846955, 43.139155483831324], [-9.207421874999994, 43.132655201342274], [-9.203515624999994, 43.13070469798657], [-9.194726562499994, 43.12972944630872], [-9.193098958333328, 43.126478607382545], [-9.189843749999994, 43.125503355704694], [-9.183984374999994, 43.126478607382545], [-9.18268229166666, 43.13005453020134], [-9.17486979166666, 43.13590604026845], [-9.17291666666666, 43.14175755033557], [-9.172705052919866, 43.14619547406699], [-9.16815507390259, 43.14789959726238], [-9.166731770833328, 43.13200503355704], [-9.163802083333328, 43.1294043624161], [-9.165755208333328, 43.11770134228187], [-9.168359374999994, 43.11119966442952], [-9.172591145833328, 43.1089240771812], [-9.173900488027849, 43.1056040022112], [-9.181380208333328, 43.10404781879193], [-9.181802243645661, 43.10278341232599], [-9.18984563413158, 43.10082244741993], [-9.194773387102419, 43.101819742748106], [-9.195052083333328, 43.10274748322147], [-9.201562499999994, 43.10469798657717], [-9.205637037230968, 43.104988634295275], [-9.215488097155554, 43.111309641411005], [-9.216536458333328, 43.11445050335569], [-9.223046874999994, 43.11477558724831], [-9.224999999999994, 43.11315016778522], [-9.22467447916666, 43.1108745805369], [-9.22076822916666, 43.10957424496643], [-9.21979166666666, 43.10664848993288], [-9.22076822916666, 43.105023070469784], [-9.224023437499994, 43.10404781879193], [-9.224743875396515, 43.09973099359721], [-9.233740504094767, 43.094808457331624], [-9.244531249999994, 43.094295302013414], [-9.250390624999994, 43.09201971476509], [-9.254296874999994, 43.08746854026845], [-9.256249999999994, 43.080641778523486], [-9.257530469465012, 43.059453328870774], [-9.270641061953445, 43.05900570014653], [-9.27775996234755, 43.05436260826042], [-9.277337625558376, 43.053009647650995], [-9.286848958333328, 43.053009647650995], [-9.292708333333328, 43.05463506711409], [-9.29303385416666, 43.05691065436241], [-9.29596354166666, 43.05788590604026], [-9.29791666666666, 43.05398489932885], [-9.297265624999994, 43.04910864093959], [-9.289453124999994, 43.042606963087245], [-9.286523437499994, 43.0325293624161], [-9.28326822916666, 43.0305788590604], [-9.280989583333328, 43.01497483221476], [-9.27838541666666, 43.01237416107382], [-9.265364583333328, 43.00944840604026], [-9.26276041666666, 43.006197567114086], [-9.261458333333328, 43.001321308724826], [-9.262434895833328, 42.98669253355703], [-9.26666666666666, 42.983116610738236], [-9.266341145833328, 42.98084102348993], [-9.263678860108953, 42.97913185137004], [-9.26864346295037, 42.96902649012347], [-9.270247395833328, 42.96881291946308], [-9.276757812499994, 42.96101090604026], [-9.286848958333328, 42.957109899328856], [-9.287825520833328, 42.9506082214765], [-9.291731770833328, 42.94800755033557], [-9.29303385416666, 42.94020553691274], [-9.29694010416666, 42.9372797818792], [-9.297591145833328, 42.93532927852348], [-9.29694010416666, 42.92557676174496], [-9.29498697916666, 42.92362625838925], [-9.288238690352115, 42.92194145071207], [-9.282645541974803, 42.91821309787521], [-9.28131510416666, 42.91289848993288], [-9.279120007109332, 42.911437056187324], [-9.27740885416666, 42.90740882874314], [-9.27740885416666, 42.90379614093959], [-9.28131510416666, 42.90087038590603], [-9.281966145833328, 42.898919882550324], [-9.28229166666666, 42.892093120805356], [-9.28033854166666, 42.88624161073825], [-9.27838541666666, 42.884291107382545], [-9.27252604166666, 42.88234060402684], [-9.271223958333328, 42.885591442953015], [-9.263411458333328, 42.892093120805356], [-9.261535106994673, 42.90387894112945], [-9.252828887664785, 42.92121844055612], [-9.246760626251678, 42.9281823532307], [-9.24029947916666, 42.92882760067114], [-9.237044270833328, 42.93077810402684], [-9.234969764463385, 42.936827975402224], [-9.224741722057622, 42.94162309952452], [-9.220717470906836, 42.941303111971486], [-9.21881510416666, 42.933703859060394], [-9.215559895833328, 42.932078439597305], [-9.214583333333328, 42.92330117449664], [-9.212630208333328, 42.920375419463085], [-9.202864583333328, 42.917449664429526], [-9.189192708333328, 42.918424916107384], [-9.185286458333328, 42.920375419463085], [-9.183333333333328, 42.92330117449664], [-9.18365885416666, 42.930127936241604], [-9.184309895833328, 42.932078439597305], [-9.188216145833328, 42.935004194630864], [-9.18951822916666, 42.94280620805368], [-9.192773437499994, 42.94378145973153], [-9.193749999999994, 42.9467072147651], [-9.187685023737245, 42.94822142360385], [-9.182512098066587, 42.94641971645455], [-9.172384647836525, 42.93448004816719], [-9.17194010416666, 42.92915268456376], [-9.16803385416666, 42.92590184563758], [-9.166731770833328, 42.918099832214764], [-9.163476562499994, 42.917124580536914], [-9.161523437499994, 42.91322357382549], [-9.149804687499994, 42.91192323825503], [-9.147851562499994, 42.91127307046979], [-9.145898437499994, 42.90802223154361], [-9.132927130026474, 42.906026964757416], [-9.133489840363296, 42.90212299972476], [-9.141015624999994, 42.900870385906025], [-9.141992187499994, 42.897619546979854], [-9.14557291666666, 42.89599412751677], [-9.143537670813748, 42.889025508159214], [-9.146065283700938, 42.8862232125439], [-9.150130208333328, 42.884941275167776], [-9.15143229166666, 42.88234060402684], [-9.15143229166666, 42.86901216442952], [-9.148177083333328, 42.86348573825503], [-9.14361979166666, 42.86055998322147], [-9.14069010416666, 42.85048238255033], [-9.137434895833328, 42.84950713087248], [-9.13580729166666, 42.845606124161066], [-9.12799479166666, 42.844955956375834], [-9.12506510416666, 42.84950713087248], [-9.122786458333328, 42.849832214765094], [-9.12115885416666, 42.848856963087236], [-9.12018229166666, 42.845606124161066], [-9.11432291666666, 42.844630872483215], [-9.11236979166666, 42.842680369127514], [-9.11041666666666, 42.83292785234899], [-9.111067708333328, 42.81927432885905], [-9.113707555306094, 42.81452898246184], [-9.122273958334342, 42.81113324538804], [-9.132476625421646, 42.81123785026091], [-9.130846843748355, 42.80819397065641], [-9.136458333333328, 42.806270973154355], [-9.137434895833328, 42.803995385906035], [-9.149153645833328, 42.80269505033557], [-9.152083333333328, 42.80106963087248], [-9.152083333333328, 42.799769295302], [-9.135156249999994, 42.7922923657718], [-9.131249999999994, 42.7848154362416], [-9.130598958333328, 42.77571308724831], [-9.129296874999994, 42.773112416107374], [-9.121484374999994, 42.77083682885905], [-9.120507812499994, 42.767585989932876], [-9.116601562499994, 42.76596057046979], [-9.11529947916666, 42.758158557046976], [-9.113671874999994, 42.75620805369127], [-9.110742187499994, 42.75718330536912], [-9.109765624999994, 42.760434144295296], [-9.103906249999994, 42.761409395973146], [-9.09869791666666, 42.75750838926174], [-9.093489583333328, 42.74840604026845], [-9.087304687499994, 42.7419043624161], [-9.083723958333328, 42.74060402684563], [-9.074934895833328, 42.74157927852348], [-9.07428385416666, 42.74483011744966], [-9.07721354166666, 42.74580536912751], [-9.078841145833328, 42.74873112416107], [-9.07916666666666, 42.75555788590603], [-9.077961560681477, 42.7577241650139], [-9.068906730312873, 42.76144230582972], [-9.05475260416666, 42.762384647651], [-9.052148437499994, 42.766285654362406], [-9.04986979166666, 42.766610738255025], [-9.048242187499994, 42.76856124161073], [-9.04889322916666, 42.776363255033544], [-9.049799103879115, 42.77663465266552], [-9.047292261539903, 42.7786278263552], [-9.049132577593669, 42.78796508526512], [-9.04401041666666, 42.78839135906039], [-9.040755208333328, 42.7922923657718], [-9.032942708333328, 42.79359270134227], [-9.031966145833328, 42.79684354026845], [-9.028059895833328, 42.79814387583892], [-9.027320892751222, 42.79929189315484], [-9.017569147359891, 42.798222351837865], [-9.01666666666666, 42.79001677852348], [-9.014388020833328, 42.78611577181207], [-9.00983072916666, 42.78351510067113], [-9.00299479166666, 42.78221476510066], [-8.993880208333328, 42.78221476510066], [-8.98248697916666, 42.78416526845636], [-8.980208333333328, 42.786115771812064], [-8.97955729166666, 42.79066694630872], [-8.976302083333328, 42.79261744966442], [-8.97174479166666, 42.79196728187918], [-8.96979166666666, 42.786115771812064], [-8.96588541666666, 42.7828649328859], [-8.956770833333328, 42.78221476510066], [-8.952539062499994, 42.78351510067113], [-8.947005208333328, 42.79001677852348], [-8.94378221263592, 42.7990290532038], [-8.933071897727746, 42.802485438763526], [-8.929101562499994, 42.802044882550334], [-8.927473958333328, 42.79879404362415], [-8.924218749999994, 42.7978187919463], [-8.919661458333328, 42.79814387583892], [-8.916731770833328, 42.802044882550334], [-8.911848958333328, 42.803020134228184], [-8.905013020833328, 42.80236996644295], [-8.902083333333328, 42.799119127516775], [-8.90338541666666, 42.79456795302012], [-8.905989583333328, 42.79326761744966], [-8.919335937499994, 42.79196728187918], [-8.92486979166666, 42.78871644295302], [-8.928124999999994, 42.78416526845636], [-8.940820312499994, 42.78091442953019], [-8.942773437499994, 42.77831375838925], [-8.944692699703088, 42.768091432990765], [-8.962277539146386, 42.750049652704895], [-8.97563383874621, 42.74437376582046], [-8.977929687499994, 42.74548028523489], [-8.989648437499994, 42.74483011744966], [-8.991601562499994, 42.74092911073825], [-8.994856770833328, 42.73995385906039], [-8.995873404422639, 42.73508056795416], [-9.005518746340346, 42.732477309854936], [-9.012885576525877, 42.72584232793903], [-9.017615943867566, 42.718816899352404], [-9.022715745650336, 42.71339936174083], [-9.026106770833328, 42.71264681208053], [-9.027076469937345, 42.70877322210261], [-9.028811494114585, 42.706932595731544], [-9.029848676823937, 42.7035943326981], [-9.03131510416666, 42.70256921140939], [-9.031629245442563, 42.697863417262994], [-9.036723816911364, 42.678678644149734], [-9.04205729166666, 42.67623741610738], [-9.04303385416666, 42.66973573825503], [-9.04694010416666, 42.66713506711408], [-9.04791666666666, 42.66388422818791], [-9.047265624999994, 42.65900796979865], [-9.042106920233104, 42.65477615024108], [-9.05018048808028, 42.64508774081483], [-9.064324772773801, 42.61977358918222], [-9.067487960494033, 42.60486150663922], [-9.06842447916666, 42.60439387583892], [-9.06940104166666, 42.601143036912745], [-9.07721354166666, 42.599192533557044], [-9.08111979166666, 42.58456375838925], [-9.089583333333328, 42.577411912751664], [-9.088281249999994, 42.57513632550335], [-9.081770833333328, 42.57416107382549], [-9.070052083333328, 42.57513632550335], [-9.067773437499994, 42.578387164429515], [-9.062890624999994, 42.57936241610737], [-9.054101562499994, 42.578387164429515], [-9.051171874999994, 42.57416107382549], [-9.04889322916666, 42.57448615771811], [-9.04791666666666, 42.577411912751664], [-9.04498697916666, 42.57903733221475], [-9.03522135416666, 42.57903733221475], [-9.03229166666666, 42.577411912751664], [-9.03424479166666, 42.57448615771811], [-9.040755208333328, 42.573510906040255], [-9.042708333333328, 42.570260067114084], [-9.040755208333328, 42.564408557046974], [-9.03424479166666, 42.562458053691266], [-9.03229166666666, 42.55595637583892], [-9.03229166666666, 42.55075503355704], [-9.03424479166666, 42.54425335570469], [-9.04108072916666, 42.54165268456375], [-9.044661458333328, 42.5351510067114], [-9.04596354166666, 42.52994966442952], [-9.04498697916666, 42.526048657718114], [-9.041731770833328, 42.523447986577175], [-9.03619791666666, 42.522147651006705], [-9.022200520833328, 42.52279781879194], [-9.01764322916666, 42.524098154362406], [-9.011132812499994, 42.53059983221476], [-9.00787760416666, 42.531900167785224], [-8.994531249999994, 42.53287541946308], [-8.990624999999994, 42.53450083892617], [-8.99029947916666, 42.536776426174484], [-8.98639322916666, 42.53905201342281], [-8.98541666666666, 42.54555369127516], [-8.985900817943444, 42.55135570818673], [-8.981937986938183, 42.55245208197595], [-8.974397183394004, 42.57381110698476], [-8.96100260416666, 42.576111577181194], [-8.959374999999994, 42.5780620805369], [-8.958530597916605, 42.583121692483545], [-8.943112545413648, 42.58640816192119], [-8.939843749999994, 42.58586409395972], [-8.93072916666666, 42.58781459731543], [-8.924218749999994, 42.591390520134226], [-8.92291666666666, 42.593666107382546], [-8.92389322916666, 42.598217281879194], [-8.932107944362597, 42.60056119294565], [-8.9374996389671, 42.60542059431879], [-8.937669175537124, 42.60721602693986], [-8.904068166703816, 42.62683241522553], [-8.888965282698235, 42.63201174032773], [-8.888078185682486, 42.63005427359457], [-8.89286227958047, 42.620687028732846], [-8.889563762283853, 42.618775348772], [-8.889388020833328, 42.61772231543624], [-8.880460089995601, 42.613499248537074], [-8.876954544124676, 42.61519761530523], [-8.87213541666666, 42.61479656040268], [-8.868880208333328, 42.610895553691265], [-8.86432291666666, 42.61057046979865], [-8.86236979166666, 42.61187080536912], [-8.859114583333328, 42.62747483221476], [-8.85651041666666, 42.6300755033557], [-8.85260416666666, 42.63137583892617], [-8.843489583333328, 42.6320260067114], [-8.839583333333328, 42.63527684563758], [-8.84088541666666, 42.639828020134225], [-8.843489583333328, 42.64112835570469], [-8.851379019863728, 42.642340485963565], [-8.858082670086937, 42.64807266087882], [-8.858456996392379, 42.64950209904861], [-8.85455729166666, 42.66128355704697], [-8.850976562499994, 42.66290897651005], [-8.849348958333328, 42.66648489932885], [-8.843489583333328, 42.66453439597315], [-8.840234374999994, 42.66583473154361], [-8.839257812499994, 42.675262164429526], [-8.837630208333328, 42.67818791946308], [-8.834700520833328, 42.67623741610738], [-8.833398437499994, 42.66973573825503], [-8.822005208333328, 42.66648489932885], [-8.820703124999994, 42.66388422818791], [-8.821679687499994, 42.648280201342274], [-8.815169270833328, 42.646329697986566], [-8.810286458333328, 42.640478187919456], [-8.80475260416666, 42.63722734899328], [-8.788802083333328, 42.6375524328859], [-8.786848958333328, 42.640803271812075], [-8.76804302647496, 42.646530540018425], [-8.762593804467155, 42.651286586246876], [-8.760481770833328, 42.64730494966442], [-8.757226562499994, 42.646329697986566], [-8.756249999999994, 42.640478187919456], [-8.758203124999994, 42.63722734899328], [-8.765039062499994, 42.63592701342281], [-8.772200520833328, 42.628125], [-8.788802083333328, 42.62552432885905], [-8.792708333333328, 42.62227348993288], [-8.791406249999994, 42.61772231543624], [-8.788802083333328, 42.61642197986576], [-8.779687499999994, 42.61577181208053], [-8.775781249999994, 42.61447147651006], [-8.773177083333328, 42.61187080536912], [-8.772462820217168, 42.606877674753065], [-8.774215080108869, 42.603951391672894], [-8.783635185207684, 42.5947288583249], [-8.792382812499994, 42.59301593959731], [-8.796098930752834, 42.58896743395224], [-8.80100050716166, 42.58789327372732], [-8.813364491073797, 42.57959388351689], [-8.827864583333328, 42.578387164429515], [-8.83014322916666, 42.57448615771811], [-8.833723958333328, 42.572860738255024], [-8.837630208333328, 42.561157718120796], [-8.838281249999994, 42.55465604026845], [-8.834700520833328, 42.55140520134228], [-8.833398437499994, 42.54360318791946], [-8.83014322916666, 42.54165268456375], [-8.82916666666666, 42.52994966442952], [-8.82721354166666, 42.523447986577175], [-8.822656249999994, 42.522147651006705], [-8.81940104166666, 42.518246644295296], [-8.818098958333328, 42.5052432885906], [-8.816796874999994, 42.50264261744966], [-8.812294782833929, 42.5013312697986], [-8.821040571921703, 42.49573359222485], [-8.827864583333328, 42.49516568791945], [-8.83014322916666, 42.49126468120805], [-8.833398437499994, 42.49028942953019], [-8.83404947916666, 42.482487416107375], [-8.829817708333328, 42.479236577181204], [-8.825911458333328, 42.46753355704698], [-8.826562499999994, 42.46363255033557], [-8.82916666666666, 42.46103187919462], [-8.847990527742324, 42.458801537516045], [-8.865986872073229, 42.46359833347168], [-8.871110530178916, 42.46606900132832], [-8.87018229166666, 42.46915897651006], [-8.86432291666666, 42.47013422818791], [-8.86236979166666, 42.47208473154362], [-8.86041666666666, 42.481837248322144], [-8.86041666666666, 42.48963926174496], [-8.862044270833328, 42.49549077181207], [-8.86529947916666, 42.49939177852349], [-8.87018229166666, 42.50134228187919], [-8.88580729166666, 42.49939177852349], [-8.891145588171517, 42.493240473516344], [-8.916200263236298, 42.486211183331264], [-8.92905622341658, 42.480211828859055], [-8.938867187499994, 42.480211828859055], [-8.943749999999994, 42.478586409395966], [-8.94342447916666, 42.47631082214764], [-8.93951822916666, 42.475010486577176], [-8.93854166666666, 42.47338506711408], [-8.939769460380537, 42.4705302258669], [-8.94342447916666, 42.4681837248322], [-8.94342447916666, 42.46168204697985], [-8.941796874999994, 42.45973154362415], [-8.93951822916666, 42.45940645973154], [-8.93854166666666, 42.45648070469798], [-8.93561197916666, 42.45485528523489], [-8.925520833333328, 42.45518036912751], [-8.92291666666666, 42.456480704697974], [-8.917382812499994, 42.46298238255032], [-8.914293732699019, 42.464216355904384], [-8.90050026560685, 42.46243599230453], [-8.887082961667755, 42.456813237012035], [-8.878945337370162, 42.44577493582214], [-8.877098952175073, 42.43827791599947], [-8.879296874999994, 42.42657298657717], [-8.87799479166666, 42.41519505033557], [-8.875390624999994, 42.41291946308724], [-8.865624999999994, 42.410968959731534], [-8.858789062499994, 42.40316694630872], [-8.851953124999994, 42.40186661073825], [-8.849999999999994, 42.398615771812075], [-8.849023437499994, 42.392764261744965], [-8.84576822916666, 42.391789010067114], [-8.84381510416666, 42.3878880033557], [-8.83502604166666, 42.38691275167785], [-8.82819010416666, 42.389838506711406], [-8.81940104166666, 42.399591023489926], [-8.811659722664553, 42.40226711394104], [-8.799218749999994, 42.401541526845634], [-8.796614583333328, 42.398290687919456], [-8.77838541666666, 42.396340184563755], [-8.776106770833328, 42.392439177852346], [-8.772851562499994, 42.392439177852346], [-8.770898437499994, 42.396340184563755], [-8.762109374999994, 42.397315436241605], [-8.757226562499994, 42.399265939597306], [-8.756249999999994, 42.403817114093954], [-8.752343749999994, 42.40804320469798], [-8.736718749999994, 42.41356963087247], [-8.73346354166666, 42.41779572147651], [-8.72565104166666, 42.41909605704697], [-8.723046874999994, 42.42299706375839], [-8.715234374999994, 42.42429739932885], [-8.712630208333328, 42.428198406040266], [-8.705794270833328, 42.42917365771812], [-8.697005208333328, 42.438926174496636], [-8.694075520833328, 42.43697567114093], [-8.692773437499994, 42.42917365771812], [-8.68951822916666, 42.428198406040266], [-8.68756510416666, 42.42429739932885], [-8.67584635416666, 42.42267197986577], [-8.67291666666666, 42.41942114093959], [-8.67291666666666, 42.41747128182923], [-8.691436117617977, 42.40767670728518], [-8.695703124999994, 42.40706795302013], [-8.6968868077627, 42.40501875370631], [-8.707157454873553, 42.40001041484998], [-8.713281249999994, 42.40024119127516], [-8.714834963974953, 42.39514298350153], [-8.728113454037551, 42.38566400191662], [-8.73053385416666, 42.38496224832214], [-8.732806756692794, 42.38155747084675], [-8.763457489458979, 42.35473878991684], [-8.770821678743573, 42.341744491184166], [-8.776363838415774, 42.338764325935664], [-8.802235085147961, 42.34301823994131], [-8.80572916666666, 42.34432676174496], [-8.812869252652249, 42.344860943166516], [-8.823958333333328, 42.34530201342281], [-8.839583333333328, 42.34335151006711], [-8.837630208333328, 42.3394505033557], [-8.83111979166666, 42.33522441275167], [-8.828515624999994, 42.32612206375838], [-8.825152099260638, 42.32318292918614], [-8.825803239732206, 42.296202396464764], [-8.831899400984438, 42.28810761240176], [-8.833780061483596, 42.28785061940264], [-8.847667411249791, 42.303336], [-8.851778672591347, 42.303336], [-8.85179013793454, 42.30236862046061], [-8.853255208333328, 42.30336619127516], [-8.85553385416666, 42.312143456375836], [-8.85846354166666, 42.31409395973154], [-8.860091145833328, 42.30824244966442], [-8.86139322916666, 42.284836409395965], [-8.864648437499994, 42.28191065436241], [-8.867578124999994, 42.26728187919463], [-8.875390624999994, 42.26045511744965], [-8.87604166666666, 42.25557885906039], [-8.87506510416666, 42.25362835570469], [-8.87018229166666, 42.25167785234898], [-8.86334635416666, 42.252328020134215], [-8.86139322916666, 42.25362835570469], [-8.859184614015604, 42.25993021446744], [-8.847395833333328, 42.26208053691274], [-8.83990885416666, 42.26013003355704], [-8.834700520833328, 42.25362835570469], [-8.827864583333328, 42.25167785234898], [-8.823632812499994, 42.25362835570469], [-8.81940104166666, 42.26013003355704], [-8.817869023888473, 42.26089501424628], [-8.81373964910939, 42.26068072790778], [-8.812890624999994, 42.25785444630871], [-8.805078124999994, 42.25655411073824], [-8.802148437499994, 42.252653104026834], [-8.793359374999994, 42.25167785234898], [-8.788476562499994, 42.25362835570469], [-8.787499999999994, 42.25817953020133], [-8.785546874999994, 42.26013003355704], [-8.775781249999994, 42.26208053691274], [-8.76178385416666, 42.26273070469797], [-8.754296874999994, 42.26598154362415], [-8.75104166666666, 42.270532718120805], [-8.748437499999994, 42.27183305369127], [-8.73834635416666, 42.273458473154356], [-8.73541666666666, 42.27833473154362], [-8.734876509427513, 42.28399876960029], [-8.725767099582782, 42.28713131366657], [-8.72467447916666, 42.283861157718114], [-8.723046874999994, 42.28288590604026], [-8.720117187499994, 42.283861157718114], [-8.719466145833328, 42.28711199664429], [-8.71783854166666, 42.28808724832214], [-8.71490885416666, 42.28711199664429], [-8.714583333333328, 42.284836409395965], [-8.708723958333328, 42.28321098993288], [-8.695052083333328, 42.28288590604026], [-8.684309895833328, 42.284836409395965], [-8.67779947916666, 42.29133808724832], [-8.658593749999994, 42.29426384228187], [-8.65631510416666, 42.29816484899328], [-8.654036458333328, 42.2984899328859], [-8.65436197916666, 42.30239093959731], [-8.66022135416666, 42.315394295302006], [-8.660546874999994, 42.319295302013415], [-8.65826822916666, 42.319620385906035], [-8.656185556789335, 42.323521392617444], [-8.646230567893394, 42.324496644295294], [-8.642912238261413, 42.32612206375838], [-8.639593908629433, 42.334249161073814], [-8.63896665761942, 42.34522246006999], [-8.63537351124029, 42.34774754449091], [-8.62971640312902, 42.34910740095064], [-8.62899118284686, 42.34660234899328], [-8.625980528236035, 42.34952810402684], [-8.622234277141667, 42.34890222899574], [-8.621260006649155, 42.34786028712284], [-8.620153, 42.340806], [-8.620160519636444, 42.310056992118874], [-8.62423110151483, 42.300762962002295], [-8.630935167714137, 42.29555675404875], [-8.640382990487199, 42.29065513000978], [-8.650652363578674, 42.29198825503355], [-8.655989583333328, 42.28743708053691], [-8.66901041666666, 42.28321098993288], [-8.67291666666666, 42.278984899328854], [-8.67363490333247, 42.27647444526474], [-8.694639203777742, 42.2617767544926], [-8.704817708333328, 42.26078020134227], [-8.708723958333328, 42.25817953020133], [-8.71097919492788, 42.25343803666168], [-8.718949634415521, 42.25096271088888], [-8.747067374533167, 42.23480798035247], [-8.748763020833328, 42.23574874161073], [-8.755598958333328, 42.23607382550335], [-8.761458333333328, 42.234123322147646], [-8.766341145833328, 42.2276216442953], [-8.775130208333328, 42.22469588926174], [-8.777822094048705, 42.21461486758938], [-8.789727261613205, 42.203343894163375], [-8.79596354166666, 42.19998951342281], [-8.79889322916666, 42.204540687919454], [-8.801171874999994, 42.204865771812074], [-8.80279947916666, 42.20389052013422], [-8.80377604166666, 42.200639681208045], [-8.81158854166666, 42.199339345637576], [-8.81451822916666, 42.19478817114093], [-8.816796874999994, 42.194463087248316], [-8.81842447916666, 42.188611577181206], [-8.819372631632241, 42.17156774118248], [-8.841173846718311, 42.16301753920583], [-8.84283854166666, 42.16325503355704], [-8.844466145833328, 42.16227978187919], [-8.845442708333328, 42.159028942953015], [-8.85455729166666, 42.15707843959731], [-8.85455729166666, 42.153827600671136], [-8.84674479166666, 42.15252726510066], [-8.844140624999994, 42.14895134228187], [-8.83502604166666, 42.15155201342281], [-8.833723958333328, 42.14862625838926], [-8.825911458333328, 42.14732592281878], [-8.822981770833328, 42.14277474832214], [-8.819726562499994, 42.14179949664428], [-8.819517678812955, 42.13679301729427], [-8.822659499547044, 42.13291278851766], [-8.82721354166666, 42.131396812080524], [-8.828131477894521, 42.12864669978444], [-8.844792950971936, 42.12512333081395], [-8.849699821022986, 42.125045675259734], [-8.850976562499994, 42.131396812080524], [-8.853255208333328, 42.13204697986576], [-8.854882812499994, 42.131071728187905], [-8.855859374999994, 42.12782088926174], [-8.863997395833328, 42.126195469798645], [-8.865374476674344, 42.12482023738829], [-8.884144372788596, 42.12455028278632], [-8.89413583147994, 42.1181751732426], [-8.894583869574928, 42.11566424781791], [-8.900130208333328, 42.11351719798657], [-8.902083333333328, 42.110591442953016], [-8.901757812499994, 42.10376468120805], [-8.897851562499994, 42.09953859060402], [-8.896874999999994, 42.09303691275167], [-8.897851562499994, 42.081333892617444], [-8.901757812499994, 42.07905830536912], [-8.902083333333328, 42.0767827181208], [-8.897851562499994, 42.073856963087245], [-8.894921874999994, 42.05922818791946], [-8.892572564678552, 42.057552361573194], [-8.886347012906544, 41.99653493137629], [-8.887434895833328, 41.98549227293632], [-8.891341145833328, 41.98184358285353], [-8.891341145833328, 41.97335264921813], [-8.88971354166666, 41.97080536912751], [-8.888411458333328, 41.97080536912751], [-8.88678385416666, 41.96554808069021], [-8.886458333333328, 41.953281074336516], [-8.887434895833328, 41.94451892694103], [-8.888411458333328, 41.942766497461925], [-8.891341145833328, 41.94179092639593], [-8.89166666666666, 41.93951459390862], [-8.887434895833328, 41.93626269035532], [-8.886132812499994, 41.92065355329948], [-8.882226562499994, 41.91414974619288], [-8.881249999999994, 41.89073604060913], [-8.879296874999994, 41.87675285532994], [-8.877343749999994, 41.873175761421315], [-8.872786458333328, 41.86927347715736], [-8.870833333333328, 41.860168147208114], [-8.87132419341456, 41.85158681665094], [-8.875076846693235, 41.844619355981244], [-8.879296874999994, 41.84293305837562], [-8.880598958333328, 41.84098191624365], [-8.88092447916666, 41.83122620558375], [-8.879296874999994, 41.82829949238578], [-8.87701822916666, 41.82764911167512], [-8.87408854166666, 41.81756821065989], [-8.871834187162982, 41.81612045406202], [-8.870539562072265, 41.810610059723246], [-8.871736533873309, 41.80391717210681], [-8.879296874999994, 41.80195907360405], [-8.881249999999994, 41.8003331218274], [-8.88092447916666, 41.798056789340094], [-8.87701822916666, 41.79578045685278], [-8.87604166666666, 41.789276649746185], [-8.876367187499994, 41.78017131979695], [-8.880273437499994, 41.77399270304568], [-8.88092447916666, 41.76944003807107], [-8.880273437499994, 41.742124048223346], [-8.878807269484808, 41.74017114219703], [-8.878806157260637, 41.73727218045189], [-8.87592940019957, 41.73240179312618], [-8.875390624999994, 41.72684010152283], [-8.87408854166666, 41.72423857868019], [-8.867925874390915, 41.71885171926454], [-8.866021120753459, 41.71562694644656], [-8.86529947916666, 41.71058058375634], [-8.86128613393567, 41.70761055184138], [-8.85846354166666, 41.69789815989847], [-8.85065104166666, 41.69236992385786], [-8.849348958333328, 41.688792829949236], [-8.841536458333328, 41.68716687817258], [-8.83893229166666, 41.67936230964467], [-8.83307291666666, 41.67741116751268], [-8.83111979166666, 41.6754600253807], [-8.82916666666666, 41.665704314720806], [-8.82819010416666, 41.64814403553299], [-8.825751413241152, 41.645486346336085], [-8.823190427233774, 41.639814110955506], [-8.81829951019424, 41.617827328568644], [-8.818003239629064, 41.61221236935579], [-8.811418860437577, 41.59583368578999], [-8.806898638036962, 41.57338888621127], [-8.796587563497443, 41.54913363772021], [-8.79596354166666, 41.54310755076142], [-8.7936294758765, 41.540865535203515], [-8.79214058814727, 41.53160362288715], [-8.797265624999994, 41.53075031725888], [-8.79791666666666, 41.528473984771566], [-8.793684895833328, 41.52457170050761], [-8.791731770833328, 41.50050761421319], [-8.786848958333328, 41.491402284263955], [-8.783331021773906, 41.488222620647086], [-8.777083333333328, 41.475142766497456], [-8.778059895833328, 41.4605092005076], [-8.78131510416666, 41.45758248730964], [-8.781966145833328, 41.454980964467], [-8.78326822916666, 41.43937182741116], [-8.78717447916666, 41.43514435279187], [-8.788476562499994, 41.42343749999999], [-8.791731770833328, 41.42213673857867], [-8.792708333333328, 41.4192100253807], [-8.791731770833328, 41.41758407360405], [-8.788476562499994, 41.41660850253806], [-8.78717447916666, 41.408803934010145], [-8.78326822916666, 41.406202411167506], [-8.782284009830075, 41.401614050564866], [-8.782302309504859, 41.39414595328559], [-8.776829577385046, 41.38009063030602], [-8.76275358896574, 41.36210673219805], [-8.754983656835579, 41.341700793942955], [-8.74801739671653, 41.33879548133455], [-8.743051636157332, 41.32863803149565], [-8.743116595464059, 41.297693034623975], [-8.734739841788027, 41.27769105562574], [-8.73444010416666, 41.27319955583755], [-8.732436549415933, 41.270997883084064], [-8.730798428788683, 41.263093921005215], [-8.735500677851173, 41.24985909265805], [-8.724483470881097, 41.23335701734216], [-8.724023437499994, 41.230599619289336], [-8.720658809662085, 41.2276282652487], [-8.71881510416666, 41.21043781725888], [-8.71490885416666, 41.20718591370558], [-8.713606770833328, 41.199381345177656], [-8.710351562499994, 41.19775539340101], [-8.709374999999994, 41.1889752538071], [-8.707421874999994, 41.18409739847716], [-8.700055383783955, 41.18225764534096], [-8.698632812499994, 41.17889435279187], [-8.694329637810226, 41.174167558616105], [-8.692773437499994, 41.16328521573604], [-8.688867187499994, 41.16133407360405], [-8.687890624999994, 41.158082170050754], [-8.680078124999994, 41.1564562182741], [-8.676171874999994, 41.147350888324866], [-8.669661458333328, 41.14637531725887], [-8.667708333333328, 41.14474936548223], [-8.66803385416666, 41.14247303299492], [-8.67096354166666, 41.14149746192893], [-8.672591145833328, 41.13759517766496], [-8.672591145833328, 41.12458756345177], [-8.67096354166666, 41.12068527918781], [-8.668684895833328, 41.11970970812182], [-8.667382812499994, 41.10800285532994], [-8.665394816556642, 41.10507614213197], [-8.665600348320853, 41.09767173936339], [-8.653785852612115, 41.03076483633655], [-8.653605848054099, 40.993668674784864], [-8.719597987981762, 40.75867296292487], [-8.72565104166666, 40.74216370558375], [-8.729231770833328, 40.73988737309644], [-8.73053385416666, 40.72818052030456], [-8.734765624999994, 40.722977474619285], [-8.74127604166666, 40.69110881979695], [-8.742578124999994, 40.68883248730964], [-8.744856770833328, 40.68818210659898], [-8.746484374999994, 40.68005234771572], [-8.752343749999994, 40.67517449238578], [-8.754296874999994, 40.669646256345175], [-8.756249999999994, 40.645907360406085], [-8.75653818714469, 40.617693692652615], [-8.762481205875586, 40.59061178199229], [-8.76471354166666, 40.589974619289336], [-8.767317708333328, 40.58607233502538], [-8.77252604166666, 40.57046319796954], [-8.776106770833328, 40.567536484771566], [-8.777579993337808, 40.5503663382219], [-8.781966145833328, 40.541196065989844], [-8.784171878065404, 40.532940131717574], [-8.786523437499994, 40.531765545685275], [-8.788476562499994, 40.51810755076142], [-8.791731770833328, 40.51648159898477], [-8.79303385416666, 40.508677030456845], [-8.79694010416666, 40.50509993654822], [-8.79889322916666, 40.482336611675116], [-8.80279947916666, 40.47875951776649], [-8.804101562499994, 40.470954949238575], [-8.807356770833328, 40.46932899746192], [-8.810286458333328, 40.454695431472075], [-8.816796874999994, 40.448516814720804], [-8.819726562499994, 40.4202252538071], [-8.823632812499994, 40.41632296954314], [-8.824934895833328, 40.40851840101522], [-8.82819010416666, 40.40689244923857], [-8.829492187499994, 40.395185596446694], [-8.83014322916666, 40.39323445431471], [-8.833398437499994, 40.39128331218273], [-8.834700520833328, 40.37957645939086], [-8.838606770833328, 40.37534898477156], [-8.839257812499994, 40.372747461928924], [-8.840559895833328, 40.35713832487309], [-8.844466145833328, 40.35388642131979], [-8.84576822916666, 40.34608185279187], [-8.849023437499994, 40.34413071065989], [-8.85065104166666, 40.32852157360405], [-8.851953124999994, 40.32592005076141], [-8.858138020833328, 40.32396890862943], [-8.858789062499994, 40.32266814720811], [-8.85651041666666, 40.314863578680196], [-8.859765624999994, 40.31226205583756], [-8.86529947916666, 40.2888483502538], [-8.86725260416666, 40.28494606598984], [-8.869531249999994, 40.28299492385786], [-8.87213541666666, 40.28299492385786], [-8.874414062499994, 40.28039340101522], [-8.882220472442473, 40.24679992866299], [-8.885912092497676, 40.24111886666066], [-8.891015624999994, 40.23941941624365], [-8.89264322916666, 40.231614847715726], [-8.89654947916666, 40.22901332487309], [-8.897851562499994, 40.22120875634517], [-8.901106770833328, 40.21958280456852], [-8.902331069683878, 40.21053219085261], [-8.905366333846096, 40.20381999200113], [-8.910546874999994, 40.19942100253806], [-8.911848958333328, 40.19616909898476], [-8.912499999999994, 40.18673857868019], [-8.910546874999994, 40.180234771573595], [-8.904059835897673, 40.17834463936814], [-8.89546001245381, 40.16591088358162], [-8.878961867086725, 40.157701391001055], [-8.872926344785853, 40.15710055486148], [-8.872460937499994, 40.15617068527918], [-8.874414062499994, 40.14966687817258], [-8.873763020833328, 40.14836611675126], [-8.869531249999994, 40.1477157360406], [-8.867578124999994, 40.14608978426396], [-8.86627604166666, 40.14283788071065], [-8.866586125965663, 40.12425171115427], [-8.871484374999994, 40.11779822335025], [-8.876692708333328, 40.10218908629441], [-8.880273437499994, 40.09958756345176], [-8.88162491621833, 40.09073686424458], [-8.888260855492357, 40.07576978639176], [-8.891015624999994, 40.07324714467005], [-8.892580924974999, 40.06602605402679], [-8.895898437499994, 40.06381662436547], [-8.897200520833328, 40.056012055837556], [-8.901106770833328, 40.05276015228426], [-8.901950494915857, 40.04489338885893], [-8.934945384276247, 39.97047482391891], [-8.93658854166666, 39.969106916243646], [-8.940203559257709, 39.95861523463374], [-8.942773437499994, 39.95707487309644], [-8.94321073011983, 39.95183268908118], [-8.95175087849772, 39.932570748854154], [-8.953515624999994, 39.93105964467004], [-8.959374999999994, 39.920978743654814], [-8.962207621732592, 39.908986010715296], [-8.973101172166524, 39.884416072579114], [-8.975325520833328, 39.88195590101522], [-8.98118411645876, 39.866185336656706], [-8.98444010416666, 39.863745241116746], [-8.98623010442179, 39.854804326136815], [-8.989527817226403, 39.847366475631446], [-8.99420572916666, 39.84358343908629], [-9.001692708333328, 39.82439720812182], [-9.005273437499994, 39.82212087563451], [-9.007088280857845, 39.81063853674503], [-9.009179687499994, 39.80651173857867], [-9.020898437499994, 39.79578045685278], [-9.022200520833328, 39.788626269035525], [-9.026106770833328, 39.78569955583755], [-9.026757812499994, 39.78374841370558], [-9.028059895833328, 39.7720415609137], [-9.031640624999994, 39.76976522842639], [-9.032942708333328, 39.76716370558375], [-9.03815104166666, 39.75155456852791], [-9.042382812499994, 39.74830266497461], [-9.043684895833328, 39.74049809644669], [-9.04694010416666, 39.73887214467004], [-9.048242187499994, 39.727165291878165], [-9.052148437499994, 39.72261262690354], [-9.053019854585166, 39.71561814466925], [-9.070247194916448, 39.67997929104714], [-9.074887335113612, 39.65182094706569], [-9.078841145833328, 39.639363895939084], [-9.080794270833328, 39.63611199238578], [-9.085677083333328, 39.63253489847715], [-9.08893229166666, 39.62603109137054], [-9.089583333333328, 39.61432423857867], [-9.086841040541461, 39.59665097172989], [-9.089421219472952, 39.57811626755254], [-9.095640869924928, 39.56953239419971], [-9.104231770833328, 39.56261897208121], [-9.106184895833328, 39.558066307106586], [-9.117903645833328, 39.54896097715735], [-9.121484374999994, 39.54310755076142], [-9.129296874999994, 39.54148159898477], [-9.131249999999994, 39.53822969543147], [-9.132226562499994, 39.532376269035524], [-9.136132812499994, 39.53075031725888], [-9.137109374999994, 39.52749841370558], [-9.144921874999994, 39.52554727157359], [-9.14850260416666, 39.51384041878171], [-9.151757812499994, 39.51188927664974], [-9.171289062499994, 39.50896256345177], [-9.17291666666666, 39.50701142131979], [-9.17389322916666, 39.50115799492385], [-9.177473958333328, 39.49985723350253], [-9.183007812499994, 39.492052664974615], [-9.191796874999994, 39.489451142131976], [-9.195703124999994, 39.48034581218273], [-9.203515624999994, 39.47871986040608], [-9.204817708333328, 39.475142766497456], [-9.212630208333328, 39.46928934010152], [-9.215472178457103, 39.45635573122689], [-9.220151060111894, 39.45050849775794], [-9.229231770833328, 39.4429489213198], [-9.231184895833328, 39.438396256345165], [-9.23444010416666, 39.43742068527918], [-9.23639322916666, 39.42961611675126], [-9.248763020833328, 39.42668940355329], [-9.25201822916666, 39.42473826142131], [-9.259054232527147, 39.41707041391964], [-9.26772662482667, 39.41188652409305], [-9.271223958333328, 39.41108026649745], [-9.271823810600141, 39.409082788898324], [-9.278559021345638, 39.404488045995635], [-9.321264505151115, 39.382526981207135], [-9.32819010416666, 39.38083756345177], [-9.33404947916666, 39.37823604060913], [-9.339084877479136, 39.37336295082094], [-9.352371720203335, 39.36653858173103], [-9.374463813147388, 39.37122527555461], [-9.37799479166666, 39.37563451776649], [-9.380273437499994, 39.375309327411166], [-9.381137071872729, 39.37272105465146], [-9.397802035190525, 39.37645642664983], [-9.40672029283897, 39.37427466360127], [-9.403479249760776, 39.36998226196875], [-9.406640624999994, 39.369455901015215], [-9.40826822916666, 39.36555361675126], [-9.41217447916666, 39.36425285532994], [-9.411848958333328, 39.361000951776646], [-9.404036458333328, 39.359700190355326], [-9.402083333333328, 39.356773477157354], [-9.398177083333328, 39.3551475253807], [-9.386998132952359, 39.3551475253807], [-9.364617008315758, 39.33688188724503], [-9.36046692745897, 39.329914067702695], [-9.35846354166666, 39.31905139593908], [-9.351460015270991, 39.31234649706485], [-9.339773514651965, 39.26953499312863], [-9.340172898250522, 39.26115645233613], [-9.342173900221974, 39.250941678259935], [-9.34381510416666, 39.24881027918781], [-9.346867722868014, 39.220395911876], [-9.349023437499994, 39.218242385786795], [-9.34967447916666, 39.215640862944156], [-9.35065104166666, 39.20230805837563], [-9.351953124999994, 39.19905615482233], [-9.35651041666666, 39.1954790609137], [-9.359765624999994, 39.189950824873094], [-9.362190791748327, 39.17420324464736], [-9.363359429837832, 39.172134679055425], [-9.37018229166666, 39.16588673857868], [-9.372786458333328, 39.156781408629435], [-9.379296874999994, 39.15190355329948], [-9.383203124999994, 39.13726998730964], [-9.391015624999994, 39.13531884517766], [-9.391992187499994, 39.13206694162436], [-9.395898437499994, 39.13011579949237], [-9.397200520833328, 39.1184089467005], [-9.397851562499994, 39.116457804568526], [-9.401757812499994, 39.113531091370554], [-9.403059895833328, 39.10572652284263], [-9.40631510416666, 39.104750951776644], [-9.40826822916666, 39.10019828680202], [-9.41705729166666, 39.093369289340096], [-9.41998697916666, 39.08751586294416], [-9.425190528028507, 39.05136526695684], [-9.435038286433116, 39.0293799384985], [-9.42787017263375, 39.00531387565742], [-9.42779947916666, 38.994511421319785], [-9.427148437499994, 38.99190989847715], [-9.42486979166666, 38.99060913705583], [-9.423332928218947, 38.979554954158], [-9.42291666666666, 38.95158629441623], [-9.42486979166666, 38.93109930203045], [-9.42682291666666, 38.9262214467005], [-9.43268229166666, 38.92134359137056], [-9.434309895833328, 38.9132138324873], [-9.438216145833328, 38.91061230964466], [-9.43951822916666, 38.902807741116746], [-9.442773437499994, 38.90085659898477], [-9.444726562499994, 38.88264593908629], [-9.44830729166666, 38.88004441624365], [-9.455794270833328, 38.860858185279184], [-9.46393229166666, 38.85370399746192], [-9.46490885416666, 38.84687499999999], [-9.46881510416666, 38.84394828680202], [-9.470126959009022, 38.836716006275054], [-9.490743918928787, 38.818302585113685], [-9.495967, 38.80935425991741], [-9.495967, 38.797263706175954], [-9.497786458333328, 38.792568210659894], [-9.506249999999994, 38.785739213197964], [-9.50592447916666, 38.78346288071066], [-9.501367187499994, 38.780536167512686], [-9.50006510416666, 38.77273159898476], [-9.496809895833328, 38.77175602791877], [-9.494856770833328, 38.76720336294416], [-9.488250474703547, 38.76207034909848], [-9.483258359498627, 38.744981184069886], [-9.489787636965628, 38.72743487917305], [-9.490165290710713, 38.70874519432408], [-9.483724415207954, 38.70709572535792], [-9.48151041666666, 38.70444162436547], [-9.476953124999994, 38.704116434010146], [-9.47272135416666, 38.70021414974619], [-9.440820312499994, 38.6982630076142], [-9.437239583333328, 38.69501110406091], [-9.43072916666666, 38.69403553299492], [-9.41901041666666, 38.69501110406091], [-9.41705729166666, 38.6982630076142], [-9.40924479166666, 38.69956376903552], [-9.40631510416666, 38.704116434010146], [-9.404036458333328, 38.70444162436547], [-9.40045572916666, 38.70021414974619], [-9.385137391494354, 38.69919396400883], [-9.374762341694366, 38.69577388366403], [-9.37311197916666, 38.69436072335024], [-9.36029928194355, 38.691006212439994], [-9.35260416666666, 38.68427982233502], [-9.345148706988718, 38.683559058720505], [-9.338281249999994, 38.67940196700507], [-9.322050842592366, 38.672133924599905], [-9.306725287982495, 38.68669537983277], [-9.298242187499994, 38.690458439086285], [-9.295376980273774, 38.69436157324956], [-9.28912760416666, 38.697287436548216], [-9.268297982160119, 38.69899772217963], [-9.219208765175212, 38.69554050740836], [-9.21881510416666, 38.69436072335024], [-9.216536458333328, 38.69403553299492], [-9.21490885416666, 38.69501110406091], [-9.214745895478844, 38.69615065679358], [-9.192700625918258, 38.699164616103275], [-9.170638020833328, 38.70021414974619], [-9.167708333333328, 38.701189720812174], [-9.16749871759868, 38.70261014104881], [-9.138085937499994, 38.7089942893401], [-9.113466702702004, 38.71548944530187], [-9.10065104166666, 38.73631027918781], [-9.099348958333328, 38.73988737309644], [-9.091536458333328, 38.74183851522842], [-9.089583333333328, 38.74671637055837], [-9.088606770833328, 38.75549651015228], [-9.084700520833328, 38.75744765228426], [-9.083723958333328, 38.76069955583756], [-9.073632812499994, 38.76362626903553], [-9.06842447916666, 38.770130076142124], [-9.060937499999994, 38.7720812182741], [-9.05182291666666, 38.77143083756344], [-9.04791666666666, 38.768178934010145], [-9.04596354166666, 38.76232550761421], [-9.03912760416666, 38.76037436548222], [-9.03424479166666, 38.748667512690346], [-9.034570312499994, 38.74216370558375], [-9.040755208333328, 38.73988737309644], [-9.04205729166666, 38.737936230964465], [-9.043684895833328, 38.72622937817258], [-9.047591145833328, 38.72330266497461], [-9.04889322916666, 38.715498096446694], [-9.052148437499994, 38.71387214467005], [-9.054101562499994, 38.70151491116751], [-9.058984374999994, 38.69533629441624], [-9.064596256107752, 38.691064916308406], [-9.098419738465129, 38.6841753556746], [-9.112093717012451, 38.67852176132968], [-9.110223058122813, 38.672319098029966], [-9.115624999999994, 38.66932106598984], [-9.115624999999994, 38.6667195431472], [-9.118554687499994, 38.663467639593904], [-9.119672209274515, 38.66336131700013], [-9.125074791657571, 38.66975417004029], [-9.143536896954256, 38.678674827605086], [-9.142968749999994, 38.680377538071056], [-9.147200520833328, 38.68688134517766], [-9.159895833333328, 38.68883248730964], [-9.166406249999994, 38.687856916243646], [-9.170638020833328, 38.68395463197969], [-9.182356770833328, 38.68265387055837], [-9.183333333333328, 38.680377538071056], [-9.187239583333328, 38.67940196700507], [-9.241927083333328, 38.67745082487309], [-9.245833333333328, 38.6764752538071], [-9.247786458333328, 38.673548540609126], [-9.254296874999994, 38.672247779187806], [-9.255598958333328, 38.67029663705583], [-9.255273437499994, 38.65858978426395], [-9.250390624999994, 38.65566307106598], [-9.24420572916666, 38.64688293147208], [-9.241316360711094, 38.644958641414355], [-9.23444010416666, 38.632249365482224], [-9.214562396995658, 38.60793429819776], [-9.213606770833328, 38.59647842639593], [-9.210351562499994, 38.594527284263954], [-9.209374999999994, 38.58867385786801], [-9.206445312499994, 38.58347081218273], [-9.196679687499994, 38.57469067258882], [-9.193749999999994, 38.56460977157359], [-9.192773437499994, 38.54997620558375], [-9.18951822916666, 38.546724302030455], [-9.188867187499994, 38.54347239847715], [-9.18756510416666, 38.52396097715736], [-9.18365885416666, 38.520383883248726], [-9.18365885416666, 38.51388007614212], [-9.18658854166666, 38.51192893401014], [-9.188216145833328, 38.50705107868019], [-9.18951822916666, 38.487539657360394], [-9.192773437499994, 38.48461294416242], [-9.19342447916666, 38.48201142131978], [-9.194678808752862, 38.466974747458], [-9.218910033020583, 38.44795923086933], [-9.226142237167181, 38.439314442499196], [-9.229860391815375, 38.436702488066075], [-9.23226439611939, 38.431130138551254], [-9.232483736226081, 38.42461915333503], [-9.229746717310906, 38.42013391120397], [-9.224476581086154, 38.41954904354093], [-9.224023437499994, 38.41502220812182], [-9.219140624999994, 38.41307106598984], [-9.210351562499994, 38.41209549492385], [-9.209374999999994, 38.40981916243654], [-9.206445312499994, 38.40819321065989], [-9.196679687499994, 38.40851840101522], [-9.193749999999994, 38.41177030456852], [-9.193170611223751, 38.41524310795425], [-9.182662768517279, 38.4170561376878], [-9.166513254157495, 38.426461908195456], [-9.160261043938075, 38.42841506564007], [-9.134179687499994, 38.429655774111666], [-9.128320312499994, 38.43355805837563], [-9.11822916666666, 38.43453362944162], [-9.115800171298298, 38.435746894133224], [-9.081258881761196, 38.439052198961285], [-9.076888020833328, 38.43876110406091], [-9.073958333333328, 38.437135152284256], [-9.072981770833328, 38.43420843908629], [-9.070703124999994, 38.43388324873096], [-9.06521377554104, 38.44058757785903], [-9.048906359651406, 38.44214805753988], [-8.995425335106905, 38.45987765209326], [-9.000648544963115, 38.463041737353194], [-8.999414062499994, 38.46445114213197], [-8.99127604166666, 38.46607709390862], [-8.989648437499994, 38.46997937817258], [-8.98639322916666, 38.470954949238575], [-8.98541666666666, 38.47680837563451], [-8.98248697916666, 38.48006027918781], [-8.97272135416666, 38.4810358502538], [-8.968164062499994, 38.48493813451776], [-8.96490885416666, 38.485588515228415], [-8.94537760416666, 38.48688927664974], [-8.941796874999994, 38.49079156091369], [-8.935286458333328, 38.49144194162435], [-8.932356770833328, 38.495994606598984], [-8.929101562499994, 38.49697017766497], [-8.92779947916666, 38.504774746192886], [-8.923242187499994, 38.50770145939086], [-8.922265624999994, 38.51095336294415], [-8.914168379009187, 38.512680809728344], [-8.905586291360105, 38.51387673891761], [-8.867104326666759, 38.50330432497041], [-8.831816034562403, 38.48848540709384], [-8.813794872597658, 38.48469732956379], [-8.812890624999994, 38.48168623096446], [-8.805078124999994, 38.48038546954314], [-8.801497395833328, 38.476483185279186], [-8.781966145833328, 38.47583280456852], [-8.777083333333328, 38.47745875634517], [-8.77643229166666, 38.47940989847715], [-8.767317708333328, 38.47680837563451], [-8.766015624999994, 38.479735088832484], [-8.760156249999994, 38.48071065989847], [-8.75690104166666, 38.48266180203045], [-8.755273437499994, 38.490466370558366], [-8.75201822916666, 38.49144194162435], [-8.75104166666666, 38.49436865482233], [-8.755273437499994, 38.4972953680203], [-8.757226562499994, 38.50900222081218], [-8.762109374999994, 38.51192893401014], [-8.770898437499994, 38.512904505076136], [-8.772851562499994, 38.5168067893401], [-8.776106770833328, 38.51778236040609], [-8.777083333333328, 38.523635786802025], [-8.773177083333328, 38.5288388324873], [-8.759280231608955, 38.53809399465095], [-8.750600666363544, 38.52775157188207], [-8.744728054568107, 38.526078440850306], [-8.741927083333328, 38.522335025380706], [-8.73932291666666, 38.522335025380706], [-8.73736979166666, 38.51973350253807], [-8.736443954756874, 38.513567522712485], [-8.74464700665668, 38.50897969890362], [-8.74943300835876, 38.50016755611687], [-8.751000306916378, 38.4879769210544], [-8.749339421627546, 38.47433414300607], [-8.743765168300051, 38.461145216519355], [-8.734914916904648, 38.45298875066505], [-8.73444010416666, 38.45014276649746], [-8.730859374999994, 38.44884200507614], [-8.726953124999994, 38.4429885786802], [-8.719466145833328, 38.439736675126895], [-8.705468749999994, 38.439086294416235], [-8.695703124999994, 38.437135152284256], [-8.693749999999994, 38.43518401015228], [-8.693749999999994, 38.43258248730964], [-8.697656249999994, 38.42933058375634], [-8.713281249999994, 38.42770463197969], [-8.716536458333328, 38.4234771573604], [-8.71881510416666, 38.423802347715736], [-8.721093749999994, 38.42770463197969], [-8.736718749999994, 38.42933058375634], [-8.740624999999994, 38.43258248730964], [-8.74127604166666, 38.43680996192893], [-8.74908854166666, 38.43583439086294], [-8.75104166666666, 38.4397366751269], [-8.751692708333328, 38.44656567258883], [-8.75494791666666, 38.4494923857868], [-8.757552083333328, 38.4494923857868], [-8.76080729166666, 38.44656567258883], [-8.761132812499994, 38.43680996192893], [-8.759505208333328, 38.43388324873096], [-8.755598958333328, 38.43193210659898], [-8.75299479166666, 38.42542829949238], [-8.766342346563246, 38.42553869546233], [-8.76764322916666, 38.42770463197969], [-8.77936197916666, 38.42900539340101], [-8.78131510416666, 38.429655774111666], [-8.78424479166666, 38.43355805837563], [-8.790755208333328, 38.43453362944162], [-8.792708333333328, 38.437785532994916], [-8.793684895833328, 38.44363895939085], [-8.79694010416666, 38.444614530456846], [-8.79986979166666, 38.44916719543147], [-8.806380208333328, 38.44916719543147], [-8.811991152343078, 38.44262773987492], [-8.822345532593623, 38.447134626151446], [-8.839980534729014, 38.45189701151368], [-8.846419270833328, 38.45924809644669], [-8.85455729166666, 38.460874048223346], [-8.856184895833328, 38.464776332487304], [-8.860091145833328, 38.46607709390862], [-8.861067708333328, 38.46932899746192], [-8.87115885416666, 38.472255710659894], [-8.875390624999994, 38.47875951776649], [-8.880273437499994, 38.48136104060913], [-8.881249999999994, 38.48721446700507], [-8.884179687499994, 38.490466370558366], [-8.895898437499994, 38.49209232233502], [-8.89752604166666, 38.49534422588832], [-8.900781249999994, 38.49631979695431], [-8.905013020833328, 38.49501903553299], [-8.905664062499994, 38.49241751269035], [-8.90422445311442, 38.48436388471241], [-8.91315104166666, 38.487620330538896], [-8.91315104166666, 38.489165609137046], [-8.916406249999994, 38.491116751269026], [-8.920112532066886, 38.489882578154365], [-8.927005215283971, 38.49212246577549], [-8.93948220892666, 38.48200157610258], [-8.913964529044602, 38.47417398127486], [-8.877466620049404, 38.45042108164272], [-8.84580499438817, 38.42120222490693], [-8.81987612763783, 38.399877431186724], [-8.798181622881883, 38.36673014959466], [-8.79694010416666, 38.35226046954314], [-8.79303385416666, 38.348683375634515], [-8.791731770833328, 38.34087880710659], [-8.790232770295722, 38.340130067751765], [-8.783976484885505, 38.304085044411636], [-8.77764109697094, 38.25078397736411], [-8.778059895833328, 38.20559961928933], [-8.779036458333328, 38.19974619289339], [-8.78033854166666, 38.19974619289339], [-8.782942708333328, 38.19194162436547], [-8.78815104166666, 38.160723350253804], [-8.792382812499994, 38.155195114213186], [-8.793684895833328, 38.14348826142132], [-8.79694010416666, 38.14088673857868], [-8.79958113301851, 38.117493475355964], [-8.80279947916666, 38.11454631979695], [-8.804101562499994, 38.10674175126903], [-8.808007812499994, 38.10414022842639], [-8.809309895833328, 38.09633565989847], [-8.813216145833328, 38.093734137055826], [-8.81451822916666, 38.08592956852791], [-8.817773437499994, 38.08397842639593], [-8.819726562499994, 38.06576776649746], [-8.824609374999994, 38.060564720812174], [-8.829817708333328, 38.04495558375634], [-8.83404947916666, 38.04170368020304], [-8.835351562499994, 38.03389911167512], [-8.838606770833328, 38.032273159898466], [-8.840559895833328, 38.01991592639593], [-8.855208333333328, 38.00359791402283], [-8.86041666666666, 37.98800992755922], [-8.863020833333328, 37.98385053140862], [-8.87506510416666, 37.97363281249999], [-8.876692708333328, 37.96972656249999], [-8.88580729166666, 37.96777343749999], [-8.88678385416666, 37.96451822916666], [-8.89069010416666, 37.96302050285532], [-8.89166666666666, 37.96041468379863], [-8.890379052989049, 37.95732245013936], [-8.89275208729956, 37.953178907830456], [-8.853415802450389, 37.93372628696655], [-8.819674234934764, 37.9283896942883], [-8.803404447554456, 37.90238323700216], [-8.799001746388695, 37.88454880638533], [-8.79791666666666, 37.86393229166666]], [[-6.859501903553292, 37.13118489583333], [-6.856249999999992, 37.13020833333333], [-6.8516973350253725, 37.13053385416666], [-6.8497461928933925, 37.13216145833333], [-6.850396573604053, 37.13444010416666], [-6.8536484771573525, 37.13541666666666], [-6.858201142131971, 37.13509114583333], [-6.860152284263951, 37.13346354166666], [-6.859501903553292, 37.13118489583333]], [[-8.85944010416666, 42.14797609060402], [-8.85553385416666, 42.14862625838926], [-8.856184895833328, 42.15252726510066], [-8.85944010416666, 42.15252726510066], [-8.86041666666666, 42.15090184563757], [-8.85944010416666, 42.14797609060402]], [[-9.507226562499994, 39.4127062182741], [-9.506249999999994, 39.4159581218274], [-9.506833805059072, 39.41770775891816], [-9.504867243603769, 39.41944015111884], [-9.507444492277811, 39.41953796061331], [-9.508203124999994, 39.421811548223346], [-9.51471354166666, 39.42213673857867], [-9.51764322916666, 39.41758407360405], [-9.52057291666666, 39.41660850253806], [-9.51861979166666, 39.410755076142124], [-9.51471354166666, 39.406852791878165], [-9.512434895833328, 39.40717798223349], [-9.511132812499994, 39.41108026649745], [-9.507226562499994, 39.4127062182741]], [[-8.88092447916666, 41.86374524111674], [-8.880273437499994, 41.85984295685279], [-8.876367187499994, 41.86049333756344], [-8.876367187499994, 41.86374524111674], [-8.87799479166666, 41.86472081218273], [-8.88092447916666, 41.86374524111674]], [[-8.844140624999994, 43.35533766778522], [-8.838281249999994, 43.35436241610738], [-8.83502604166666, 43.35631291946308], [-8.834374999999994, 43.36086409395973], [-8.835351562499994, 43.362814597315435], [-8.840234374999994, 43.364765100671136], [-8.849023437499994, 43.36378984899328], [-8.84967447916666, 43.360539010067114], [-8.84576822916666, 43.359238674496645], [-8.844140624999994, 43.35533766778522]], [[-8.869856770833328, 42.53222525167784], [-8.866601562499994, 42.53352558724831], [-8.86529947916666, 42.54522860738254], [-8.86139322916666, 42.54977978187919], [-8.86041666666666, 42.557906879194626], [-8.86139322916666, 42.572535654362405], [-8.863671874999994, 42.57416107382549], [-8.86529947916666, 42.573185822147636], [-8.86627604166666, 42.56993498322147], [-8.87213541666666, 42.568959731543615], [-8.875390624999994, 42.56993498322147], [-8.87604166666666, 42.572210570469785], [-8.87897135416666, 42.573835989932874], [-8.88873697916666, 42.573510906040255], [-8.89166666666666, 42.570260067114084], [-8.89069010416666, 42.56570889261744], [-8.88190104166666, 42.563758389261736], [-8.879296874999994, 42.561807885906035], [-8.87799479166666, 42.55790687919462], [-8.87897135416666, 42.53352558724831], [-8.877343749999994, 42.530599832214754], [-8.872786458333328, 42.52864932885905], [-8.870833333333328, 42.52929949664429], [-8.869856770833328, 42.53222525167784]], [[-8.850976562499994, 42.49646602348993], [-8.854231770833328, 42.49549077181207], [-8.855208333333328, 42.48963926174496], [-8.853255208333328, 42.48638842281879], [-8.84674479166666, 42.48606333892617], [-8.84381510416666, 42.49061451342281], [-8.840559895833328, 42.49158976510067], [-8.839583333333328, 42.49744127516778], [-8.840234374999994, 42.49939177852349], [-8.843489583333328, 42.50134228187919], [-8.848046874999994, 42.50101719798657], [-8.850976562499994, 42.49646602348993]], [[-9.01764322916666, 42.48606333892617], [-9.020898437499994, 42.4847630033557], [-9.021874999999994, 42.47598573825503], [-9.018945312499994, 42.47110947986576], [-9.012109374999994, 42.47013422818791], [-9.007226562499994, 42.47305998322147], [-9.006249999999994, 42.47598573825503], [-9.00690104166666, 42.48313758389261], [-9.010156249999994, 42.48768875838926], [-9.01471354166666, 42.48963926174496], [-9.01666666666666, 42.488989093959724], [-9.01764322916666, 42.48606333892617]], [[-8.708398437499994, 42.41259437919463], [-8.704492187499994, 42.41389471476509], [-8.704817708333328, 42.41714555369127], [-8.710677083333328, 42.41812080536912], [-8.71393229166666, 42.41617030201341], [-8.713606770833328, 42.4083682885906], [-8.711328124999994, 42.40771812080536], [-8.708398437499994, 42.41259437919463]], [[-8.942773437499994, 42.35602978187919], [-8.93951822916666, 42.356354865771806], [-8.938216145833328, 42.364156879194624], [-8.934309895833328, 42.367082634228176], [-8.93268229166666, 42.37911073825503], [-8.923567708333328, 42.38951342281879], [-8.923567708333328, 42.399591023489926], [-8.92682291666666, 42.402516778523484], [-8.93365885416666, 42.400566275167776], [-8.937890624999994, 42.39406459731543], [-8.942773437499994, 42.39081375838926], [-8.944726562499994, 42.37260906040268], [-8.947981770833328, 42.37065855704698], [-8.948958333333328, 42.3674077181208], [-8.947981770833328, 42.361556208053685], [-8.944726562499994, 42.36058095637583], [-8.942773437499994, 42.35602978187919]], [[-8.943098958333328, 42.34627726510066], [-8.939843749999994, 42.34530201342281], [-8.935286458333328, 42.34562709731543], [-8.933333333333328, 42.34725251677851], [-8.933984374999994, 42.34952810402684], [-8.937239583333328, 42.35050335570469], [-8.941796874999994, 42.35017827181207], [-8.943749999999994, 42.34855285234899], [-8.943098958333328, 42.34627726510066]], [[-8.921614583333328, 42.21624370805368], [-8.909895833333328, 42.21526845637583], [-8.905989583333328, 42.21721895973153], [-8.90338541666666, 42.22111996644295], [-8.902083333333328, 42.23477348993288], [-8.904036458333328, 42.245501258389254], [-8.905989583333328, 42.24842701342281], [-8.911848958333328, 42.252328020134215], [-8.914453124999994, 42.25655411073824], [-8.92096354166666, 42.256229026845624], [-8.92291666666666, 42.250377516778514], [-8.92096354166666, 42.247126677852336], [-8.914453124999994, 42.245501258389254], [-8.912499999999994, 42.240624999999994], [-8.911523437499994, 42.23184773489932], [-8.907617187499994, 42.22989723154362], [-8.90729166666666, 42.2276216442953], [-8.90826822916666, 42.2259962248322], [-8.91217447916666, 42.22469588926174], [-8.91315104166666, 42.22144505033556], [-8.92096354166666, 42.22014471476509], [-8.92291666666666, 42.218519295302], [-8.921614583333328, 42.21624370805368]], [[-8.907942708333328, 42.2090918624161], [-8.91119791666666, 42.21006711409395], [-8.915755208333328, 42.20974203020133], [-8.917708333333328, 42.208116610738244], [-8.916731770833328, 42.205190855704686], [-8.913476562499994, 42.204215604026835], [-8.91119791666666, 42.196413590604024], [-8.904687499999994, 42.194463087248316], [-8.895898437499994, 42.19511325503355], [-8.893945312499994, 42.196413590604024], [-8.89361979166666, 42.198364093959725], [-8.89654947916666, 42.20291526845637], [-8.90533854166666, 42.205190855704686], [-8.907942708333328, 42.2090918624161]], [[-7.37492861675126, 37.16569010416666], [-7.374278236040601, 37.16178385416666], [-7.3703759517766425, 37.16243489583333], [-7.3703759517766425, 37.16569010416666], [-7.372001903553292, 37.16666666666666], [-7.37492861675126, 37.16569010416666]], [[-6.849421002538063, 37.12402343749999], [-6.848770621827403, 37.12011718749999], [-6.844868337563443, 37.12076822916666], [-6.844868337563443, 37.12402343749999], [-6.846494289340092, 37.12499999999999], [-6.849421002538063, 37.12402343749999]], [[-6.322924598138739, 36.53027343749999], [-6.32227421742808, 36.52636718749999], [-6.318371933164121, 36.52701822916666], [-6.318371933164121, 36.53027343749999], [-6.31999788494077, 36.53124999999999], [-6.322924598138739, 36.53027343749999]], [[-8.847001747047749, 38.480448737197406], [-8.840340238271109, 38.47591396140623], [-8.83654959099314, 38.4822018573577], [-8.8407236574048, 38.485952941794615], [-8.846099391303737, 38.485202535733855], [-8.847001747047749, 38.480448737197406]]], [[[-7.898159898477148, 36.98665364583333], [-7.896859137055829, 36.98958333333333], [-7.89100571065989, 36.98860677083333], [-7.889054568527911, 36.98535156249999], [-7.877622824891117, 36.98415954570182], [-7.883317750916401, 36.979538133039135], [-7.891446255761325, 36.97705298079981], [-7.898159898477148, 36.98665364583333]]], [[[-8.882552083333328, 38.46965418781725], [-8.882360887184308, 38.46929946974063], [-8.883291266486758, 38.46994051886949], [-8.882552083333328, 38.46965418781725]]], [[[-9.051097306270693, 38.69292673413548], [-9.052116689357991, 38.69219761467271], [-9.05768229166666, 38.691688394066034], [-9.054427083333328, 38.69403553299492], [-9.051097306270693, 38.69292673413548]]], [[[-9.010481770833328, 38.78736516497462], [-9.012434895833328, 38.78346288071066], [-9.021223958333328, 38.782487309644665], [-9.026106770833328, 38.78346288071066], [-9.02740885416666, 38.78671478426395], [-9.03033854166666, 38.78769035532994], [-9.03131510416666, 38.78964149746192], [-9.031640624999994, 38.81305520304568], [-9.02838541666666, 38.818908629441616], [-9.02252604166666, 38.8198842005076], [-9.019921874999994, 38.82378648477157], [-9.012109374999994, 38.8231361040609], [-9.011132812499994, 38.8198842005076], [-9.007226562499994, 38.818258248730956], [-9.00592447916666, 38.81045368020304], [-9.002343749999994, 38.80720177664974], [-9.004296874999994, 38.79549492385786], [-9.008203124999994, 38.78769035532994], [-9.010481770833328, 38.78736516497462]]], [[[-9.072981770833328, 38.83419257614213], [-9.071469278058947, 38.83394074993401], [-9.073274088589628, 38.83012661281251], [-9.073958333333328, 38.83126586294416], [-9.072981770833328, 38.83419257614213]]], [[[-9.06256510416666, 38.84980171319796], [-9.061375779000304, 38.849603693576356], [-9.063400782587467, 38.84664043158387], [-9.06354166666666, 38.84687499999999], [-9.06256510416666, 38.84980171319796]]], [[[-9.050683898557883, 38.85928653339457], [-9.05768229166666, 38.8533995876875], [-9.05768229166666, 38.85858185279187], [-9.054427083333328, 38.86053299492385], [-9.050683898557883, 38.85928653339457]]], [[[-9.04596354166666, 38.86573604060913], [-9.04306634911079, 38.86456569781711], [-9.047591145833328, 38.86158918776176], [-9.047591145833328, 38.86476046954314], [-9.04596354166666, 38.86573604060913]]], [[[-9.02740885416666, 38.86476046954314], [-9.028059895833328, 38.86085818527918], [-9.031966145833328, 38.861508565989844], [-9.031966145833328, 38.86476046954314], [-9.03033854166666, 38.86573604060913], [-9.02740885416666, 38.86476046954314]]], [[[-8.996484374999994, 38.86671161167512], [-9.003582078983634, 38.86552986197632], [-9.002787794704313, 38.870254466266516], [-9.007566160161158, 38.877421111169085], [-9.012527966299238, 38.88047954141276], [-9.01885709933833, 38.8774170037292], [-9.02332046843403, 38.86722359370377], [-9.025781249999994, 38.86931313451775], [-9.027083333333328, 38.87874365482233], [-9.024153645833328, 38.88524746192893], [-9.012434895833328, 38.888499365482225], [-9.010481770833328, 38.89630393401015], [-9.008203124999994, 38.89695431472081], [-9.007159356601223, 38.90607801615575], [-9.001134712079308, 38.89018510051069], [-9.00006510416666, 38.881670368020295], [-8.999145836391907, 38.88182342377163], [-8.99596375574059, 38.86844524738156], [-8.996484374999994, 38.86671161167512]], [[-9.006575520833328, 38.88232074873096], [-9.007226562499994, 38.88622303299492], [-9.011132812499994, 38.88557265228425], [-9.011132812499994, 38.88232074873096], [-9.009505208333328, 38.88134517766497], [-9.006575520833328, 38.88232074873096]]], [[[-9.004296874999994, 38.93109930203045], [-9.002343749999994, 38.93337563451776], [-8.998116790736557, 38.932812612126526], [-9.00550633197569, 38.920527297400255], [-9.004296874999994, 38.93109930203045]]], [[[-9.01569010416666, 38.90703521573604], [-9.01178385416666, 38.90638483502537], [-9.012434895833328, 38.90248255076142], [-9.01569010416666, 38.90248255076142], [-9.01666666666666, 38.904108502538065], [-9.01569010416666, 38.90703521573604]]], [[[-9.213606770833328, 39.416933692893394], [-9.209700520833328, 39.41628331218273], [-9.210351562499994, 39.41238102791877], [-9.213606770833328, 39.41238102791877], [-9.214583333333328, 39.41400697969542], [-9.213606770833328, 39.416933692893394]]], [[[-9.21490885416666, 39.42148635786801], [-9.215559895833328, 39.41758407360405], [-9.219466145833328, 39.418234454314714], [-9.219466145833328, 39.42148635786801], [-9.21783854166666, 39.422461928934005], [-9.21490885416666, 39.42148635786801]]], [[[-9.143766081947795, 39.51052883236433], [-9.14654947916666, 39.50915685663293], [-9.144921874999994, 39.51091370558375], [-9.143766081947795, 39.51052883236433]]], [[[-8.859765624999994, 41.871874999999996], [-8.86041666666666, 41.876427664974614], [-8.85846354166666, 41.8806551395939], [-8.851953124999994, 41.88520780456852], [-8.84967447916666, 41.893987944162426], [-8.84674479166666, 41.89593908629441], [-8.84283854166666, 41.89203680203045], [-8.841210937499994, 41.887158946700495], [-8.843489583333328, 41.88358185279187], [-8.848046874999994, 41.8806551395939], [-8.85065104166666, 41.871874999999996], [-8.853906249999994, 41.86992385786802], [-8.859765624999994, 41.871874999999996]]], [[[-9.15631510416666, 43.13558095637583], [-9.15240885416666, 43.1349307885906], [-9.153059895833328, 43.13102978187919], [-9.15631510416666, 43.13102978187919], [-9.15729166666666, 43.132655201342274], [-9.15631510416666, 43.13558095637583]]], [[[-8.914453124999994, 43.2448091442953], [-8.914410888975732, 43.24379449660618], [-8.920143026718764, 43.24055484605788], [-8.922265624999994, 43.24090813758389], [-8.922265624999994, 43.244158976510064], [-8.914453124999994, 43.2448091442953]]], [[[-8.651627934644665, 38.408843591370555], [-8.651627934644665, 38.41209549492385], [-8.649350941201348, 38.41307106598984], [-8.645252353003375, 38.41209549492385], [-8.645252353003375, 38.408843591370555], [-8.647529346446692, 38.40786802030456], [-8.651627934644665, 38.408843591370555]]], [[[-8.679101562499994, 38.423151967005076], [-8.678124999999994, 38.4202252538071], [-8.683984374999994, 38.41827411167512], [-8.690820312499994, 38.41892449238578], [-8.693749999999994, 38.422176395939076], [-8.693098958333328, 38.4267290609137], [-8.689843749999994, 38.42868020304568], [-8.683984374999994, 38.42770463197969], [-8.683007812499994, 38.42445272842639], [-8.679101562499994, 38.423151967005076]]], [[[-8.782942708333328, 38.48656408629441], [-8.788802083333328, 38.48266180203045], [-8.79205729166666, 38.482986992385776], [-8.788945441028691, 38.48292714562131], [-8.782335197825562, 38.48899166127772], [-8.782942708333328, 38.48656408629441]]], [[[-8.78131510416666, 38.532415926395934], [-8.77740885416666, 38.53176554568527], [-8.778059895833328, 38.52786326142132], [-8.78131510416666, 38.52786326142132], [-8.78229166666666, 38.52948921319796], [-8.78131510416666, 38.532415926395934]]], [[[-8.823529178141666, 40.12493780824953], [-8.819273917105805, 40.12473881310384], [-8.819726562499994, 40.122025697969534], [-8.822981770833328, 40.122025697969534], [-8.823958333333328, 40.123651649746186], [-8.823529178141666, 40.12493780824953]]], [[[-8.845117187499994, 40.13113102791877], [-8.84560229997063, 40.128223308094775], [-8.848672452351176, 40.13172297049298], [-8.845117187499994, 40.13113102791877]]], [[[-8.803450520833328, 40.136334073604054], [-8.804091971830672, 40.1324892749357], [-8.808007812499994, 40.13408689730392], [-8.808007812499994, 40.136334073604054], [-8.806380208333328, 40.13730964467005], [-8.803450520833328, 40.136334073604054]]], [[[-8.813867187499994, 40.14153711928933], [-8.81451822916666, 40.13763483502538], [-8.81842447916666, 40.13833678923628], [-8.81842447916666, 40.14153711928933], [-8.816796874999994, 40.142512690355325], [-8.813867187499994, 40.14153711928933]]], [[[-8.83893229166666, 40.14674016497461], [-8.835677083333328, 40.1477157360406], [-8.83111979166666, 40.147390545685276], [-8.82916666666666, 40.14576459390862], [-8.829817708333328, 40.14348826142131], [-8.831067624845272, 40.14311366715296], [-8.83940320474535, 40.14509364249441], [-8.83893229166666, 40.14674016497461]]], [[[-8.745864958053271, 40.61821225919482], [-8.744856770833328, 40.62509517766497], [-8.742578124999994, 40.62639593908629], [-8.740386581712983, 40.62201730234635], [-8.744742589668475, 40.61755018315018], [-8.745864958053271, 40.61821225919482]]], [[[-8.729231770833328, 40.66249206852791], [-8.725325520833328, 40.66184168781725], [-8.725976562499994, 40.657939403553286], [-8.729231770833328, 40.657939403553286], [-8.730208333333328, 40.65956535532994], [-8.729231770833328, 40.66249206852791]]], [[[-8.69342447916666, 40.645907360406085], [-8.698958333333328, 40.65891497461928], [-8.701562499999994, 40.66151649746192], [-8.713606770833328, 40.66379282994924], [-8.715559895833328, 40.66769511421319], [-8.719466145833328, 40.668995875634515], [-8.71979166666666, 40.67127220812182], [-8.71881510416666, 40.672898159898466], [-8.716536458333328, 40.6732233502538], [-8.715559895833328, 40.675499682741105], [-8.714257812499994, 40.70281567258883], [-8.712630208333328, 40.70964467005076], [-8.709700520833328, 40.71062024111674], [-8.70904947916666, 40.71387214467004], [-8.707421874999994, 40.714847715736035], [-8.70514322916666, 40.71452252538071], [-8.70221354166666, 40.70996986040609], [-8.697656249999994, 40.70964467005076], [-8.695703124999994, 40.71257138324873], [-8.693749999999994, 40.727204949238576], [-8.694075520833328, 40.74769194162436], [-8.695703124999994, 40.75647208121827], [-8.697981770833328, 40.756797271573596], [-8.698958333333328, 40.75972398477157], [-8.69049479166666, 40.766878172588825], [-8.68756510416666, 40.78151173857867], [-8.684309895833328, 40.78281249999999], [-8.682356770833328, 40.78736516497462], [-8.667708333333328, 40.80004758883248], [-8.66803385416666, 40.80232392131979], [-8.67096354166666, 40.80329949238578], [-8.672591145833328, 40.80622620558375], [-8.672591145833328, 40.81598191624364], [-8.671631258721412, 40.81816445729806], [-8.669726669463332, 40.81327489342958], [-8.664344550968183, 40.81602510087359], [-8.658438383350717, 40.82895889636938], [-8.65707449967007, 40.84201275556442], [-8.653593232960324, 40.84486946434524], [-8.64417532690213, 40.823147131552915], [-8.68202545649315, 40.78270480929386], [-8.674707198898174, 40.75755560246142], [-8.681380208333328, 40.75614689086294], [-8.683333333333328, 40.754520939086284], [-8.682356770833328, 40.75159422588831], [-8.679101562499994, 40.750618654822325], [-8.67779947916666, 40.74281408629441], [-8.673242187499994, 40.73988737309644], [-8.67194010416666, 40.73598508883248], [-8.668684895833328, 40.73598508883248], [-8.665755208333328, 40.740537753807104], [-8.658919270833328, 40.74021256345177], [-8.652604497144665, 40.732407994923854], [-8.646163150380703, 40.73013166243655], [-8.644215426200022, 40.72745863510909], [-8.662403483020142, 40.72283784120839], [-8.66398846054069, 40.7164271205147], [-8.66901041666666, 40.71517290609136], [-8.67291666666666, 40.71094543147208], [-8.67096354166666, 40.704116434010146], [-8.662499999999994, 40.697287436548216], [-8.66315104166666, 40.69501110406091], [-8.66901041666666, 40.69403553299492], [-8.67096354166666, 40.69240958121827], [-8.672265624999994, 40.689157677664966], [-8.67194010416666, 40.66964625634517], [-8.67096354166666, 40.66802030456852], [-8.668684895833328, 40.66834549492385], [-8.66705729166666, 40.67224777918781], [-8.656966145833328, 40.67517449238578], [-8.652279306789335, 40.68167829949238], [-8.647842523926125, 40.68276014668292], [-8.652524649585347, 40.676182475356434], [-8.661239896154964, 40.66863739006858], [-8.67169393480227, 40.66534370875749], [-8.6777535476602, 40.668452564720326], [-8.681779410800472, 40.67382565719707], [-8.686447927037236, 40.67626176629301], [-8.695034611934485, 40.67250437719256], [-8.69718013777759, 40.66788399337315], [-8.695061172148895, 40.66202770211684], [-8.688518485323684, 40.65328333381366], [-8.688764795581546, 40.64608464465047], [-8.690012, 40.645418], [-8.69342447916666, 40.645907360406085]], [[-8.68365885416666, 40.76265069796954], [-8.684309895833328, 40.76655298223349], [-8.688216145833328, 40.76590260152284], [-8.688216145833328, 40.76265069796954], [-8.68658854166666, 40.76167512690355], [-8.68365885416666, 40.76265069796954]], [[-8.682356770833328, 40.73598508883248], [-8.678450520833328, 40.736635469543145], [-8.679101562499994, 40.740537753807104], [-8.682356770833328, 40.740537753807104], [-8.683333333333328, 40.73891180203045], [-8.682356770833328, 40.73598508883248]], [[-8.661848958333328, 40.72622937817258], [-8.658593749999994, 40.72525380710659], [-8.654036458333328, 40.72557899746192], [-8.652083333333328, 40.727204949238576], [-8.652734374999994, 40.72948128172588], [-8.655989583333328, 40.730456852791875], [-8.660546874999994, 40.73013166243655], [-8.662499999999994, 40.728505710659896], [-8.661848958333328, 40.72622937817258]], [[-8.67779947916666, 40.71907519035532], [-8.677148437499994, 40.71517290609137], [-8.673242187499994, 40.71582328680202], [-8.673242187499994, 40.71907519035532], [-8.67486979166666, 40.72005076142131], [-8.67779947916666, 40.71907519035532]], [[-8.672591145833328, 40.72948128172588], [-8.67194010416666, 40.72557899746192], [-8.66803385416666, 40.72622937817258], [-8.66803385416666, 40.72948128172588], [-8.669661458333328, 40.730456852791875], [-8.672591145833328, 40.72948128172588]], [[-8.684309895833328, 40.71387214467005], [-8.68658854166666, 40.714847715736035], [-8.688216145833328, 40.712896573604056], [-8.68951822916666, 40.70509200507613], [-8.692773437499994, 40.704116434010146], [-8.693749999999994, 40.701189720812174], [-8.691796874999994, 40.69956376903552], [-8.687239583333328, 40.699238578680195], [-8.683984374999994, 40.70216529187816], [-8.684309895833328, 40.71387214467005]], [[-8.70611979166666, 40.6927347715736], [-8.702539062499994, 40.690458439086285], [-8.695703124999994, 40.69338515228426], [-8.693749999999994, 40.697287436548216], [-8.696679687499994, 40.69891338832487], [-8.703515624999994, 40.699238578680195], [-8.707421874999994, 40.697287436548216], [-8.70611979166666, 40.6927347715736]], [[-8.68756510416666, 40.69338515228426], [-8.68854166666666, 40.69013324873096], [-8.688216145833328, 40.68558058375634], [-8.68658854166666, 40.68362944162436], [-8.684309895833328, 40.68427982233502], [-8.683333333333328, 40.68753172588832], [-8.68365885416666, 40.69208439086294], [-8.685286458333328, 40.69403553299492], [-8.68756510416666, 40.69338515228426]], [[-8.708723958333328, 40.67745082487309], [-8.709374999999994, 40.67517449238578], [-8.705468749999994, 40.6732233502538], [-8.699609374999994, 40.67419892131979], [-8.699609374999994, 40.67745082487309], [-8.702864583333328, 40.67842639593908], [-8.708723958333328, 40.67745082487309]]], [[[-8.632427823604054, 40.73500951776649], [-8.627540053934004, 40.73988737309644], [-8.614195352157354, 40.740537753807104], [-8.609651279610823, 40.73891180203045], [-8.608709359618375, 40.73284262978775], [-8.621552014585419, 40.72918141214251], [-8.627381561558574, 40.728732537378804], [-8.627221473138741, 40.730456852791875], [-8.62899118284686, 40.72948128172588], [-8.62899118284686, 40.7286107293296], [-8.635340804590458, 40.728130221868994], [-8.632427823604054, 40.73500951776649]]], [[[-8.657617187499994, 40.68265387055837], [-8.65826822916666, 40.6787515862944], [-8.66217447916666, 40.67940196700507], [-8.66217447916666, 40.68265387055837], [-8.660546874999994, 40.68362944162436], [-8.657617187499994, 40.68265387055837]]], [[[-8.794661458333328, 41.69692258883248], [-8.79498697916666, 41.6949714467005], [-8.800520833333328, 41.69302030456852], [-8.80963541666666, 41.69334549492385], [-8.81354166666666, 41.6949714467005], [-8.81158854166666, 41.69789815989847], [-8.796861025751808, 41.70076792395392], [-8.794661458333328, 41.69692258883248]]], [[[-8.834374999999994, 41.88488261421319], [-8.832421874999994, 41.89073604060913], [-8.829492187499994, 41.88878489847715], [-8.827763309030347, 41.88212313731956], [-8.833782409069917, 41.87837073174906], [-8.834374999999994, 41.88488261421319]]], [[[-8.835351562499994, 41.89106123096445], [-8.839257812499994, 41.89171161167512], [-8.838606770833328, 41.89561389593908], [-8.835351562499994, 41.89561389593908], [-8.834374999999994, 41.893987944162426], [-8.835351562499994, 41.89106123096445]]], [[[-8.83502604166666, 41.89984137055837], [-8.84283854166666, 41.897565038071065], [-8.84479166666666, 41.89984137055837], [-8.84381510416666, 41.90569479695431], [-8.840559895833328, 41.90667036802029], [-8.838606770833328, 41.91057265228426], [-8.824934895833328, 41.91252379441624], [-8.823632812499994, 41.915775697969536], [-8.820703124999994, 41.91675126903552], [-8.819075520833328, 41.915775697969536], [-8.818098958333328, 41.91252379441624], [-8.810286458333328, 41.91122303299491], [-8.808333333333328, 41.909597081218266], [-8.808333333333328, 41.908296319796946], [-8.812239583333328, 41.90667036802029], [-8.82526041666666, 41.90569479695431], [-8.82916666666666, 41.90244289340101], [-8.83014322916666, 41.89658946700507], [-8.832421874999994, 41.89593908629441], [-8.83502604166666, 41.89984137055837]]], [[[-8.66803385416666, 42.42754823825503], [-8.668684895833328, 42.42364723154362], [-8.672591145833328, 42.42429739932885], [-8.672591145833328, 42.42754823825503], [-8.67096354166666, 42.42852348993288], [-8.66803385416666, 42.42754823825503]]], [[[-8.751367187499994, 42.65120595637583], [-8.75201822916666, 42.64730494966442], [-8.75592447916666, 42.647955117449655], [-8.75592447916666, 42.65120595637583], [-8.754296874999994, 42.65218120805368], [-8.751367187499994, 42.65120595637583]]], [[[-6.343086400169197, 36.83300781249999], [-6.339184115905237, 36.83235677083333], [-6.339834496615897, 36.82845052083333], [-6.343086400169197, 36.82845052083333], [-6.3440619712351864, 36.83007812499999], [-6.343086400169197, 36.83300781249999]]], [[[-6.338858925549907, 36.83528645833333], [-6.3377499717182015, 36.838193892780446], [-6.3368199334395925, 36.83365885416666], [-6.3378833544839175, 36.83365885416666], [-6.338858925549907, 36.83528645833333]]], [[[-7.910517131979686, 36.99381510416666], [-7.907265228426387, 36.99479166666666], [-7.902712563451768, 36.99446614583333], [-7.900761421319788, 36.99283854166666], [-7.901411802030448, 36.99055989583333], [-7.904663705583747, 36.98958333333333], [-7.909216370558367, 36.98990885416666], [-7.911167512690347, 36.99153645833333], [-7.910517131979686, 36.99381510416666]]], [[[-7.847755393401007, 36.99804687499999], [-7.848730964466997, 36.99348958333333], [-7.852633248730957, 36.98925781249999], [-7.855461826201426, 36.98834770291536], [-7.859462246192885, 36.99902343749999], [-7.864014911167503, 37.00195312499999], [-7.864014911167503, 37.00828999404042], [-7.858779699643309, 37.00742258211111], [-7.858161484771565, 37.00618489583333], [-7.8532836294416155, 37.00520833333333], [-7.8481267647880575, 37.00545414787474], [-7.834882917676744, 37.00080806589468], [-7.847755393401007, 36.99804687499999]]], [[[-7.915394987309637, 36.99511718749999], [-7.918321700507606, 36.99967447916666], [-7.9261262690355245, 37.00097656249999], [-7.926776649746184, 37.00325520833333], [-7.920923223350245, 37.00520833333333], [-7.9140942258883165, 37.00455729166666], [-7.911167512690347, 37.00130208333333], [-7.911492703045677, 36.99674479166666], [-7.913118654822326, 36.99479166666666], [-7.915394987309637, 36.99511718749999]]], [[[-7.802879124365473, 37.01074218749999], [-7.805593050766162, 37.01074218749999], [-7.802505296298665, 37.01298743534028], [-7.802879124365473, 37.01074218749999]]], [[[-6.886817893401007, 37.15527343749999], [-6.8861675126903465, 37.15299479166666], [-6.890069796954306, 37.15104166666666], [-6.895923223350246, 37.15201822916666], [-6.895923223350246, 37.15527343749999], [-6.892671319796946, 37.15624999999999], [-6.886817893401007, 37.15527343749999]]], [[[-6.901451459390855, 37.16471354166666], [-6.898524746192885, 37.16015624999999], [-6.899825507614205, 37.15690104166666], [-6.911207170050752, 37.15722656249999], [-6.913158312182732, 37.16113281249999], [-6.9164102157360325, 37.16210937499999], [-6.918036167512682, 37.16992187499999], [-6.921288071065982, 37.17187499999999], [-6.927141497461919, 37.17285156249999], [-6.92779187817258, 37.17513020833333], [-6.921938451776642, 37.17708333333333], [-6.915109454314711, 37.17643229166666], [-6.912182741116743, 37.17317708333333], [-6.911532360406082, 37.16861979166666], [-6.901451459390855, 37.16471354166666]]], [[[-6.937547588832478, 37.16731770833333], [-6.941180979264906, 37.17263874913808], [-6.933396007077677, 37.17338335243967], [-6.932994923857859, 37.17057291666666], [-6.934946065989839, 37.16666666666666], [-6.937547588832478, 37.16731770833333]]], [[[-6.930734715912401, 37.17741423447619], [-6.93140390952955, 37.18186346771453], [-6.92811706852791, 37.18131510416666], [-6.92811706852791, 37.17805989583333], [-6.930734715912401, 37.17741423447619]]], [[[-6.93332011421319, 37.18652343749999], [-6.933440690283832, 37.185799245856195], [-6.933945518265111, 37.186627777437515], [-6.93332011421319, 37.18652343749999]]], [[[-6.93332011421319, 37.21679687499999], [-6.93364530456852, 37.21028645833333], [-6.941449873096438, 37.20768229166666], [-6.943796024216399, 37.20205462081405], [-6.959418006606312, 37.22134983561698], [-6.959985723350245, 37.22330729166666], [-6.963271137598528, 37.22610896210316], [-6.963524187510167, 37.23497470976959], [-6.9571066343283245, 37.235339111362805], [-6.955758248730956, 37.23437499999999], [-6.952831535532987, 37.21972656249999], [-6.9489292512690275, 37.21777343749999], [-6.947953680203037, 37.21451822916666], [-6.940149111675119, 37.21386718749999], [-6.936246827411159, 37.21874999999999], [-6.93332011421319, 37.21679687499999]]], [[[-6.92876744923857, 37.22949218749999], [-6.925840736040601, 37.23404947916666], [-6.918036167512682, 37.23535156249999], [-6.9164102157360325, 37.23925781249999], [-6.913158312182732, 37.23893229166666], [-6.912182741116743, 37.23567708333333], [-6.913158312182732, 37.22981770833333], [-6.9164102157360325, 37.22884114583333], [-6.919336928934002, 37.22428385416666], [-6.927141497461919, 37.22298177083333], [-6.92811706852791, 37.21972656249999], [-6.929743020304559, 37.21874999999999], [-6.93201935279187, 37.21940104166666], [-6.932994923857859, 37.22265624999999], [-6.93266973350253, 37.22721354166666], [-6.93104378172588, 37.22916666666666], [-6.92876744923857, 37.22949218749999]]], [[[-6.911857550761412, 37.24055989583333], [-6.911207170050753, 37.24446614583333], [-6.907304885786793, 37.24381510416666], [-6.907304885786793, 37.24055989583333], [-6.908930837563442, 37.23958333333333], [-6.911857550761412, 37.24055989583333]]], [[[-8.269852474619281, 43.46684144295302], [-8.26692576142131, 43.46879194630872], [-8.264974619289331, 43.46489093959731], [-8.265378604183642, 43.46246782378501], [-8.269455806301218, 43.46208298149928], [-8.269852474619281, 43.46684144295302]]], [[[-8.284811230964458, 43.4684668624161], [-8.2809089467005, 43.46781669463087], [-8.28155932741116, 43.46391568791945], [-8.284811230964458, 43.46391568791945], [-8.285786802030449, 43.46554110738255], [-8.284811230964458, 43.4684668624161]]], [[[-8.216302021644758, 43.48426357194618], [-8.213919733502529, 43.48407088926174], [-8.21294416243654, 43.48114513422818], [-8.21001744923857, 43.47951971476509], [-8.199936548223342, 43.47984479865771], [-8.197335025380703, 43.481145134228186], [-8.190775953905849, 43.48863876180284], [-8.182376269035526, 43.490572567114086], [-8.181675085474668, 43.49162399811904], [-8.173646425126565, 43.4942302151895], [-8.168052495352962, 43.493419635850344], [-8.166970358623878, 43.491710568604844], [-8.167092322335016, 43.49024748322147], [-8.170669416243644, 43.488947147651], [-8.176522842639585, 43.481145134228186], [-8.188880076142123, 43.47854446308724], [-8.190180837563442, 43.47724412751678], [-8.188880076142123, 43.47269295302013], [-8.190129466006873, 43.469570500939575], [-8.237579282689046, 43.46509176886234], [-8.240910532994915, 43.46879194630872], [-8.243837246192886, 43.46781669463087], [-8.244978737072955, 43.46439334311445], [-8.247786714097309, 43.464128301484145], [-8.250341053299483, 43.46781669463087], [-8.259121192893392, 43.46879194630872], [-8.261722715736031, 43.47009228187919], [-8.26302347715735, 43.47269295302013], [-8.26302347715735, 43.47659395973154], [-8.260096763959382, 43.485696308724826], [-8.255869289340094, 43.489597315436235], [-8.251316624365472, 43.488947147651], [-8.24896693370187, 43.48190038342644], [-8.253051568124619, 43.479762295061626], [-8.247535952649892, 43.480437876526395], [-8.245463197969535, 43.47919463087248], [-8.239609771573596, 43.47821937919463], [-8.237983819796945, 43.47431837248321], [-8.234731916243646, 43.47431837248321], [-8.233105964466997, 43.47789429530201], [-8.224976205583747, 43.47561870805369], [-8.221399111675119, 43.47789429530201], [-8.216302021644758, 43.48426357194618]]], [[[-6.249431577834171, 36.58300781249999], [-6.245529293570211, 36.58235677083333], [-6.246179674280871, 36.57845052083333], [-6.249431577834171, 36.57845052083333], [-6.250407148900161, 36.58007812499999], [-6.249431577834171, 36.58300781249999]]], [[[-6.337380760752359, 36.88065913126102], [-6.343086400169197, 36.88118489583333], [-6.3440619712351864, 36.88346354166666], [-6.343086400169197, 36.88509114583333], [-6.339184115905237, 36.88639322916666], [-6.338208544839247, 36.88964843749999], [-6.332355118443308, 36.89062499999999], [-6.329103214890008, 36.88867187499999], [-6.336875906291709, 36.88283101825304], [-6.337380760752359, 36.88065913126102]]], [[[-2.682273159898477, 43.41482802013422], [-2.6835739213197964, 43.40832634228187], [-2.687476205583756, 43.40572567114093], [-2.688776967005076, 43.39792365771811], [-2.6917036802030454, 43.39597315436241], [-2.6933296319796947, 43.39792365771811], [-2.6943052030456847, 43.40475041946308], [-2.702109771573604, 43.41125209731543], [-2.7053616751269036, 43.4200293624161], [-2.7153289126260387, 43.42226839048135], [-2.735737577365655, 43.43751795079764], [-2.7457069739667435, 43.44298765321205], [-2.7466608502538064, 43.45188758389261], [-2.7505631345177664, 43.45416317114094], [-2.7515387055837564, 43.45741401006711], [-2.7547906091370558, 43.45838926174496], [-2.760644035532995, 43.45741401006711], [-2.7612944162436546, 43.45513842281879], [-2.764221129441624, 43.453513003355695], [-2.775927982233502, 43.45221266778523], [-2.7782043147208118, 43.448961828859055], [-2.7944638324873092, 43.447011325503354], [-2.8021304288239275, 43.441544020078624], [-2.8068877543475423, 43.440180910805225], [-2.8542848336148854, 43.4367597628789], [-2.8779478921986246, 43.43751473993715], [-2.9212880710659896, 43.441484899328856], [-2.9290926395939083, 43.441484899328856], [-2.9329949238578674, 43.44083473154362], [-2.9342956852791873, 43.43855914429528], [-2.936897208121827, 43.43790897651005], [-2.9460025380710655, 43.43758389261744], [-2.949904822335025, 43.43628355704696], [-2.9525063451776647, 43.43368288590604], [-2.953807106598984, 43.42458053691274], [-2.9551078680203045, 43.42067953020134], [-2.9577093908629433, 43.41807885906039], [-2.9707170050761413, 43.416128355704686], [-2.973318527918781, 43.41482802013422], [-2.975594860406091, 43.40832634228187], [-2.9775460025380704, 43.4070260067114], [-2.9892528553299487, 43.40540058724831], [-2.9912039974619287, 43.40149958053691], [-2.994455901015228, 43.400524328859056], [-2.9955746374117567, 43.394434288024875], [-3.001104912616597, 43.39086381789942], [-3.0038864213197964, 43.39044672818792], [-3.007788705583756, 43.386545721476494], [-3.0312024111675124, 43.38492030201341], [-3.0370558375634515, 43.38166946308724], [-3.0373810279187814, 43.377118288590594], [-3.0419336928934, 43.374192533557036], [-3.0419336928934, 43.37094169463087], [-3.0380314086294415, 43.3696413590604], [-3.0364054568527914, 43.36574035234898], [-3.0305520304568523, 43.364765100671136], [-3.027300126903553, 43.362814597315435], [-3.0259993654822335, 43.35598783557046], [-3.0201459390862944, 43.351111577181214], [-3.016894035532995, 43.3455851510067], [-3.016894035532995, 43.332256711409386], [-3.0181947969543144, 43.329656040268446], [-3.0227389179696886, 43.328358145029995], [-3.0285042740989008, 43.33200804029261], [-3.033153553299492, 43.3381082214765], [-3.0373810279187814, 43.341359060402674], [-3.050171904285961, 43.345725246827506], [-3.058568197310686, 43.35104071901129], [-3.0894401268316574, 43.36520746002121], [-3.092797821978452, 43.36332531822772], [-3.094614530456852, 43.3641149328859], [-3.1144511421319794, 43.3641149328859], [-3.118353426395939, 43.362814597315435], [-3.1203045685279185, 43.36086409395973], [-3.120954949238578, 43.35631291946308], [-3.1242068527918776, 43.35436241610738], [-3.130060279187817, 43.35533766778522], [-3.131035850253807, 43.35858850671141], [-3.1326618020304564, 43.35956375838926], [-3.134938134517766, 43.359238674496645], [-3.135913705583756, 43.35631291946308], [-3.1373691779005526, 43.355585421555176], [-3.1773831075977452, 43.36481456429687], [-3.2008057062380035, 43.38422531937511], [-3.210913428102241, 43.38837797744336], [-3.2236525272321743, 43.39012922446299], [-3.225666243654822, 43.39337248322147], [-3.2328204314720805, 43.399874161073825], [-3.2490799492385785, 43.402149748322145], [-3.250380710659898, 43.40442533557045], [-3.2536326142131977, 43.40540058724831], [-3.2991592639593903, 43.40735109060401], [-3.3024111675126897, 43.40832634228187], [-3.3043623096446693, 43.41125209731543], [-3.308914974619289, 43.411577181208045], [-3.3121668781725884, 43.4106019295302], [-3.314418462324537, 43.407225659007366], [-3.328711492187419, 43.40867590271145], [-3.329401967005076, 43.413852768456366], [-3.3342798223350254, 43.416778523489924], [-3.343059961928934, 43.41775377516777], [-3.345986675126903, 43.4219798657718], [-3.3482630076142126, 43.42165478187919], [-3.3505393401015224, 43.41775377516777], [-3.3570431472081217, 43.416778523489924], [-3.3622425171132386, 43.41696415447939], [-3.368436777568072, 43.41854837659534], [-3.3723270939086287, 43.42100461409396], [-3.3924284275834005, 43.42306409563393], [-3.411679173213254, 43.418850871426486], [-3.4123255076142125, 43.42100461409396], [-3.4181789340101516, 43.4219798657718], [-3.421430837563451, 43.4200293624161], [-3.422575423106893, 43.41659672994902], [-3.436704017758814, 43.4176049188102], [-3.438340736040609, 43.42523070469798], [-3.4461453045685273, 43.42783137583891], [-3.4480964467005073, 43.43108221476509], [-3.4471208756345173, 43.43563338926174], [-3.4451697335025377, 43.4369337248322], [-3.4334628807106595, 43.43953439597314], [-3.4315117385786795, 43.447336409395966], [-3.42825983502538, 43.448961828859055], [-3.427609454314721, 43.46066484899328], [-3.42923540609137, 43.46359060402684], [-3.4317516478312022, 43.4644290766795], [-3.4324873096446695, 43.46684144295301], [-3.434241198456609, 43.46695833059392], [-3.4371948211782524, 43.46904493513806], [-3.4960109551259917, 43.47649654777222], [-3.4988261421319793, 43.47854446308724], [-3.507931472081218, 43.47919463087248], [-3.5144352791878166, 43.482120385906036], [-3.5157360406091365, 43.488947147651], [-3.517361992385786, 43.491872902684555], [-3.520613895939086, 43.49382340604026], [-3.5348358626795733, 43.49496079089387], [-3.5417512690355326, 43.498049496644285], [-3.1686232215487835, 43.499674916107374], [-2.297991110746368, 43.49999999999999], [-1.6770869779740258, 43.49804949664429], [-1.5568342756255704, 43.496148741640695], [-1.56080905974283, 43.492524727223774], [-1.5617175404295363, 43.490159813428754], [-1.5738564668769706, 43.489272231543616], [-1.5777602523659295, 43.48764681208053], [-1.5774349369085163, 43.485371224832214], [-1.5728805205047311, 43.482445469798655], [-1.5728805205047311, 43.47594379194631], [-1.5774349369085163, 43.4720427852349], [-1.5787361987381694, 43.46424077181207], [-1.5819893533123017, 43.46326552013422], [-1.5839412460567812, 43.458714345637574], [-1.5976044952681376, 43.44668624161073], [-1.5992657317788814, 43.439492674209056], [-1.6149188197459416, 43.43116714862949], [-1.6369533588555496, 43.422497934956795], [-1.6515890139968774, 43.4072968701226], [-1.6623422712933744, 43.40540058724831], [-1.6649447949526803, 43.40345008389261], [-1.666323284355758, 43.39754647744092], [-1.6820074483078904, 43.39569583706035], [-1.6825118296529957, 43.39922399328859], [-1.6883675078864344, 43.40117449664429], [-1.691620662460567, 43.400199244966444], [-1.6932472397476332, 43.39694840604025], [-1.70495859621451, 43.39564807046979], [-1.7069104889589897, 43.39499790268455], [-1.7083583080884088, 43.392586588437254], [-1.749313147363337, 43.38775415493469], [-1.7590196788300965, 43.38478364211701], [-1.762539432176655, 43.38459521812079], [-1.7688820698584036, 43.380604022885464], [-1.7797811514195572, 43.37939387583893], [-1.7806578177319334, 43.37720377012107], [-1.7953932498813434, 43.385015138264784], [-1.7914925078864345, 43.38752097315435], [-1.792143138801261, 43.39402265100671], [-1.7970228706624596, 43.39597315436241], [-1.8038544952681377, 43.39564807046979], [-1.806782334384857, 43.39402265100669], [-1.8074329652996837, 43.39174706375839], [-1.8113613219662734, 43.393439744795465], [-1.8311370524295563, 43.38568970761624], [-1.8464708201892734, 43.38459521812079], [-1.852326498422712, 43.37971895973155], [-1.8679416403785478, 43.37451761744965], [-1.8702188485804405, 43.37029152684564], [-1.8819302050473175, 43.361189177852346], [-1.8855086750788632, 43.3550125838926], [-1.8877621246476548, 43.35351135354127], [-1.9220895121236867, 43.342240088766275], [-1.9211979674845787, 43.341709413643905], [-1.9235705835962138, 43.3397336409396], [-1.9349566246056773, 43.33875838926174], [-1.9426022520548765, 43.33912220760308], [-1.9460557455873482, 43.341149346316406], [-1.9573589625346621, 43.34149312372254], [-1.959680599369084, 43.343634647651], [-1.9661869085173493, 43.343634647651], [-1.9691147476340682, 43.33908347315436], [-1.9942328954969806, 43.326987277777725], [-2.010015413251474, 43.32279480658369], [-2.0432866719242893, 43.32217911073824], [-2.0462145110410086, 43.32120385906039], [-2.0462145110410086, 43.31990352348993], [-2.048491719242901, 43.31860318791945], [-2.053046135646687, 43.31730285234899], [-2.0803726340693993, 43.3121015100671], [-2.0855776813880116, 43.30787541946308], [-2.097289037854888, 43.30657508389261], [-2.099566246056781, 43.30332424496643], [-2.1177839116719235, 43.301373741610725], [-2.121037066246056, 43.29747273489932], [-2.128844637223974, 43.29617239932885], [-2.1298205835962136, 43.292921560402675], [-2.1314471608832797, 43.291946308724825], [-2.134374999999999, 43.292921560402675], [-2.1347003154574122, 43.295197147651], [-2.1401725913056096, 43.29568587889272], [-2.141163636082335, 43.297758304967374], [-2.14505392096675, 43.299538549893654], [-2.1510616374387648, 43.29854911779373], [-2.1581267711450605, 43.294546742399746], [-2.167117366672777, 43.29397631726472], [-2.1749930882639803, 43.29602553513329], [-2.1843889358182005, 43.30333246908513], [-2.191331215138393, 43.31037921118261], [-2.1966110702854067, 43.31323947065293], [-2.20767487948789, 43.312502010575884], [-2.2180043225969808, 43.310403123913574], [-2.21960764984227, 43.31177642617448], [-2.2277405362776013, 43.31275167785234], [-2.239126577287065, 43.31210151006711], [-2.244006309148264, 43.30885067114093], [-2.244006309148264, 43.30624999999999], [-2.2481162374633756, 43.305129908326776], [-2.274220642155259, 43.30288568978753], [-2.292958269986589, 43.30264251718902], [-2.3273779707078597, 43.30536496250448], [-2.36774297070786, 43.314235962504476], [-2.431985149070346, 43.336429345628865], [-2.433665220820188, 43.3381082214765], [-2.442966318560166, 43.34022478556139], [-2.4650577686985833, 43.34786853378892], [-2.4843420044513356, 43.3693112107786], [-2.5175966088328066, 43.37939387583893], [-2.5492371327182237, 43.38215060810702], [-2.556309148264983, 43.384372630961145], [-2.556309148264983, 43.38687080536912], [-2.5589116719242893, 43.38882130872483], [-2.564116719242901, 43.3901216442953], [-2.575979330674309, 43.39056617557404], [-2.6072478232214693, 43.400411676725916], [-2.636646130126806, 43.40424951915903], [-2.6373968908629437, 43.40605075503355], [-2.640648794416243, 43.4070260067114], [-2.642599936548223, 43.416128355704686], [-2.645851840101522, 43.417103607382536], [-2.647152601522842, 43.42100461409396], [-2.6487785532994916, 43.4219798657718], [-2.6526808375634516, 43.4200293624161], [-2.6569083121827406, 43.413527684563746], [-2.66113578680203, 43.411577181208045], [-2.66568845177665, 43.411902265100665], [-2.6686151649746193, 43.41580327181207], [-2.6734930203045684, 43.416778523489924], [-2.682273159898477, 43.41482802013422]]], [[[-3.4845177664974614, 43.43368288590603], [-3.4828918147208117, 43.43563338926174], [-3.474762055837563, 43.43758389261744], [-3.468258248730964, 43.43758389261744], [-3.463380393401015, 43.43595847315434], [-3.4601284898477154, 43.43270763422818], [-3.4585025380710657, 43.42783137583892], [-3.4588277284263955, 43.416453439597305], [-3.4604536802030452, 43.411577181208045], [-3.4617886312669395, 43.41113234320144], [-3.471504808899732, 43.415710502489695], [-3.474525582201166, 43.418709457469035], [-3.4760628172588826, 43.425880872483205], [-3.4825666243654814, 43.42783137583891], [-3.4845177664974614, 43.43368288590603]]], [[[-3.698493020304568, 43.483420721476506], [-3.704346446700507, 43.484395973154356], [-3.7075983502538064, 43.483420721476506], [-3.7088060601068054, 43.481695986525196], [-3.7176523449914614, 43.48124500297568], [-3.732638007614213, 43.47724412751678], [-3.7342639593908626, 43.47529362416107], [-3.733938769035533, 43.47074244966443], [-3.7293861040609135, 43.46781669463087], [-3.7290609137055832, 43.46554110738255], [-3.7308376993419023, 43.46480102240676], [-3.741786949644135, 43.46876141211368], [-3.754023, 43.47007706945351], [-3.754023, 43.466287822439085], [-3.748118791730705, 43.46201279105954], [-3.74954790609137, 43.46164010067114], [-3.757027284263959, 43.45318791946308], [-3.759303616751269, 43.453513003355695], [-3.7602791878172583, 43.456438758389254], [-3.763205901015228, 43.45806417785234], [-3.774912753807106, 43.45741401006711], [-3.7768638959390857, 43.453513003355695], [-3.780115799492385, 43.45221266778523], [-3.781091370558375, 43.44343540268456], [-3.7849972726567676, 43.43839599957398], [-3.795724936548223, 43.43660864093958], [-3.7973508883248726, 43.43335780201342], [-3.800602791878172, 43.43238255033556], [-3.805155456852792, 43.43270763422818], [-3.8084073604060915, 43.436933724832194], [-3.8240164974619284, 43.442135067114094], [-3.826618020304568, 43.443435402684564], [-3.827918781725888, 43.446036073825496], [-3.825967639593908, 43.447661493288585], [-3.8188134517766494, 43.448961828859055], [-3.8110088832487308, 43.457739093959724], [-3.802879124365482, 43.46261535234899], [-3.782717322335025, 43.4645658557047], [-3.7801157994923855, 43.46781669463087], [-3.7684089467005073, 43.46911703020133], [-3.7654822335025377, 43.47074244966442], [-3.7654822335025377, 43.47204278523489], [-3.7684089467005073, 43.47366820469798], [-3.7781646573604055, 43.47496854026845], [-3.7801721606569485, 43.47714441447503], [-3.773136227291848, 43.47946104139247], [-3.781805452358002, 43.48367544241304], [-3.783042512690355, 43.488622063758385], [-3.7908470812182733, 43.490572567114086], [-3.793123413705583, 43.49382340604026], [-3.815545896423734, 43.493891552153876], [-3.8267232699974114, 43.49549944729528], [-3.856368721807619, 43.49092594377191], [-3.8827086191620954, 43.47897312627557], [-3.8876822715593606, 43.47882245887878], [-3.8937523759342727, 43.48325849618187], [-3.90464155951289, 43.47830870931142], [-3.908201588784758, 43.47805275103609], [-3.922640430929958, 43.48106238406769], [-3.939469806536899, 43.47572929532828], [-3.973099, 43.457865307334266], [-3.973099, 43.45333751609108], [-3.9716829270939615, 43.452462755457994], [-3.9755552030456847, 43.44278523489932], [-3.977831535532994, 43.44311031879194], [-3.978807106598984, 43.446036073825496], [-3.9827093908629436, 43.447661493288585], [-3.9957170050761417, 43.447661493288585], [-3.999638586192638, 43.44597820222043], [-4.0062138951793225, 43.44937634446323], [-4.012752447027025, 43.45095464744455], [-4.019760335354812, 43.44913249314354], [-4.020193645158337, 43.44792738272474], [-4.029211611675127, 43.447011325503354], [-4.032788705583756, 43.442135067114094], [-4.039292512690355, 43.43920931208052], [-4.041243654822335, 43.44148489932885], [-4.041894035532994, 43.446036073825496], [-4.0477474619289335, 43.447986577181204], [-4.050999365482232, 43.447011325503354], [-4.052625317258882, 43.44311031879194], [-4.0558772208121825, 43.442460151006706], [-4.057503172588833, 43.43855914429528], [-4.065736288895635, 43.436759], [-4.078999477709915, 43.43618925017557], [-4.081567258883249, 43.43725880872482], [-4.094574873096446, 43.4369337248322], [-4.097176395939085, 43.43563338926174], [-4.097721440989636, 43.43407662751737], [-4.160408020370215, 43.419756225835435], [-4.183407839754443, 43.4066143043537], [-4.214570114213197, 43.40540058724831], [-4.2181472081218265, 43.40442533557045], [-4.218797588832486, 43.402149748322145], [-4.222526655564465, 43.40125399780466], [-4.227902918781725, 43.402149748322145], [-4.228553299492385, 43.40442533557045], [-4.231480012690355, 43.40605075503355], [-4.241235723350253, 43.40605075503355], [-4.245463197969542, 43.402149748322145], [-4.263673857868019, 43.400199244966444], [-4.265011964778342, 43.39796979691128], [-4.2945926549001525, 43.39568314934481], [-4.311151649746193, 43.39564807046979], [-4.315338383852663, 43.394485469517264], [-4.336841687817259, 43.39662332214764], [-4.339118020304568, 43.404425335570465], [-4.3456218274111675, 43.40637583892617], [-4.350824873096446, 43.40637583892617], [-4.357328680203045, 43.40540058724831], [-4.360580583756345, 43.40149958053691], [-4.367084390862944, 43.400849412751676], [-4.370011104060913, 43.39694840604025], [-4.383669098984772, 43.39499790268455], [-4.385620241116751, 43.39109689597315], [-4.387896573604061, 43.39077181208053], [-4.393099619289339, 43.39727348993288], [-4.397652284263959, 43.39922399328859], [-4.416513324873096, 43.40117449664429], [-4.448707170050761, 43.400199244966444], [-4.452145735290797, 43.398390066280896], [-4.467893401015228, 43.39597315436241], [-4.491307106598984, 43.39694840604025], [-4.4939086294416235, 43.39792365771811], [-4.494884200507613, 43.400199244966444], [-4.503664340101523, 43.40117449664429], [-4.507797886041422, 43.40034805810919], [-4.53473172581612, 43.40267999623134], [-4.536183375634517, 43.40540058724831], [-4.542036802030457, 43.40637583892617], [-4.545288705583756, 43.40540058724831], [-4.546592686907369, 43.40344525562039], [-4.710517347265371, 43.41402153898152], [-4.711281197123511, 43.41580327181207], [-4.722988049915389, 43.417103607382536], [-4.727540714890008, 43.42100461409396], [-4.750304039763106, 43.42295511744966], [-4.751929991539755, 43.42523070469797], [-4.7587589890016835, 43.427831375838906], [-4.786074978849399, 43.433032718120806], [-4.790302453468689, 43.43725880872482], [-4.796806260575288, 43.43725880872482], [-4.79826459802082, 43.43499102649245], [-4.815045280495368, 43.44077700037683], [-4.815992491539754, 43.441809983221475], [-4.836897717389405, 43.44831171354305], [-4.908012470607449, 43.45919044463484], [-4.930676242043977, 43.46806612432686], [-4.941075309488551, 43.47022463971741], [-4.9520141369439274, 43.46864023851946], [-4.96028826213538, 43.4634168668396], [-5.006092715668052, 43.4641106465033], [-5.044855573774675, 43.47273484841283], [-5.053544589589335, 43.46861111273338], [-5.0591870326571415, 43.46884944776769], [-5.0685127974415645, 43.480026194475364], [-5.091841821750982, 43.484779412605334], [-5.12193851283717, 43.485858695033905], [-5.122321806260567, 43.487646812080534], [-5.127199661590516, 43.489597315436235], [-5.135979801184424, 43.488622063758385], [-5.136933952731523, 43.4863964390251], [-5.178106914358878, 43.487882208345226], [-5.211670988818482, 43.496745144463596], [-5.145868694479686, 43.49804949664429], [-4.649968935067676, 43.49999999999999], [-3.954668662753805, 43.499349832214754], [-3.7565689112732645, 43.49804949664429], [-3.6638966842963874, 43.49621252085854], [-3.674208288841936, 43.48961252736259], [-3.6809327411167505, 43.487646812080534], [-3.681620817139054, 43.48568152420634], [-3.6878928661097112, 43.48282202991068], [-3.6981552647372506, 43.48223896400824], [-3.698493020304568, 43.483420721476506]]], [[[-3.75019828680203, 43.45221266778523], [-3.75084866751269, 43.44831166107382], [-3.754750951776649, 43.448961828859055], [-3.754750951776649, 43.45221266778523], [-3.7531249999999994, 43.45318791946308], [-3.75019828680203, 43.45221266778523]]]]}}, {"type": "Feature", "properties": {"t": "b2", "lvl": 2}, "geometry": {"type": "MultiPolygon", "coordinates": [[[[-8.803542614235427, 37.90266737677843], [-8.798862418609277, 37.88398331490307], [-8.7986090347639, 37.83203962660045], [-8.805452540200603, 37.8024348428395], [-8.808333333333328, 37.80013020833333], [-8.808007812499994, 37.79785156249999], [-8.806619032274167, 37.79738863575805], [-8.813332827730537, 37.755101313176205], [-8.81744791666666, 37.74804687499999], [-8.815007871782324, 37.74361042975575], [-8.815455995271309, 37.740536280891185], [-8.807762738098463, 37.724395362095585], [-8.798371752621284, 37.7244879423005], [-8.798242187499994, 37.696076780459904], [-8.806800008124924, 37.67164894417429], [-8.811163557672543, 37.64569920541176], [-8.81256510416666, 37.64453124999999], [-8.813018671447127, 37.639088442634396], [-8.824989175763148, 37.6004669076793], [-8.822972818404505, 37.588289268919155], [-8.809940748207834, 37.57579264787984], [-8.79995485198527, 37.559718529141136], [-8.7952669140468, 37.540725735465216], [-8.79467680603638, 37.522163686346005], [-8.797265624999994, 37.51595052083333], [-8.798567708333328, 37.50618489583333], [-8.802363472137657, 37.463482553034616], [-8.81053616585534, 37.43259234546989], [-8.812890624999994, 37.43001302083333], [-8.816043215284322, 37.41456532844011], [-8.831774692656882, 37.38439084453079], [-8.837630208333328, 37.38020833333333], [-8.840559895833328, 37.36686197916666], [-8.842513020833328, 37.36360677083333], [-8.854231770833328, 37.35286458333333], [-8.855208333333328, 37.34765624999999], [-8.858138020833328, 37.34244791666666], [-8.86822916666666, 37.33463541666666], [-8.875390624999994, 37.32486979166666], [-8.880273437499994, 37.32128906249999], [-8.880598958333328, 37.30175781249999], [-8.879296874999994, 37.29850260416666], [-8.873885360275747, 37.29541031003851], [-8.869866752378362, 37.28654884628222], [-8.867578124999994, 37.27032686974258], [-8.874622028477093, 37.248494469788525], [-8.877343749999994, 37.24674479166666], [-8.880598958333328, 37.24218749999999], [-8.882226562499994, 37.23014322916666], [-8.888085937499994, 37.22623697916666], [-8.890855645332667, 37.222675926238935], [-8.90369547174962, 37.21204655475845], [-8.920975026596741, 37.19908496837399], [-8.912188580794426, 37.16930948349318], [-8.940540333318838, 37.11788087807816], [-8.956175097426883, 37.09805340727095], [-8.963281249999994, 37.09049479166666], [-8.963527902179838, 37.08873299038206], [-8.984274279337136, 37.06261520685242], [-8.989604770499948, 37.04905192702774], [-8.994100460302608, 37.03061407458371], [-8.99518229166666, 37.02962239583333], [-8.99518229166666, 37.02278645833333], [-8.991927083333328, 37.02083333333333], [-8.98736979166666, 37.02115885416666], [-8.98541666666666, 37.02408854166666], [-8.98151041666666, 37.02571614583333], [-8.978031880972468, 37.02584037925098], [-8.971134718858261, 37.022353899744076], [-8.959329876258565, 37.013412955584116], [-8.958723958333328, 37.01139322916666], [-8.950911458333328, 37.01009114583333], [-8.948958333333328, 37.00846354166666], [-8.94928385416666, 37.00618489583333], [-8.953841145833328, 37.00325520833333], [-8.95416666666666, 36.99869791666666], [-8.95221354166666, 36.99544270833333], [-8.945703124999994, 36.99544270833333], [-8.942773437499994, 37.00325520833333], [-8.940820312499994, 37.00455729166666], [-8.931054687499994, 37.00618489583333], [-8.929101562499994, 37.00813802083333], [-8.928124999999994, 37.01497395833333], [-8.925195312499994, 37.01985677083333], [-8.915429687499994, 37.02115885416666], [-8.913476562499994, 37.02180989583333], [-8.910546874999994, 37.02571614583333], [-8.902734374999994, 37.02701822916666], [-8.901757812499994, 37.03027343749999], [-8.897851562499994, 37.03190104166666], [-8.89744962762586, 37.03431265091146], [-8.888369246590289, 37.04157323159097], [-8.884179687499994, 37.04199218749999], [-8.87994791666666, 37.04557291666666], [-8.86822916666666, 37.04361979166666], [-8.863693958616182, 37.04384655206918], [-8.859417600486122, 37.04245918645146], [-8.837677196058465, 37.0580150160488], [-8.813798535342002, 37.06308838488479], [-8.797145801404815, 37.06459891044056], [-8.79596354166666, 37.06282552083333], [-8.791406249999994, 37.06249999999999], [-8.78717447916666, 37.06445312499999], [-8.78424479166666, 37.06901041666666], [-8.780989583333328, 37.07096354166666], [-8.74713541666666, 37.07486979166666], [-8.738997395833328, 37.08268229166666], [-8.730816443749992, 37.084453], [-8.676171874999994, 37.08235677083333], [-8.67291666666666, 37.08138020833333], [-8.67194010416666, 37.07845052083333], [-8.669661458333328, 37.07812499999999], [-8.66803385416666, 37.08300781249999], [-8.666781724731107, 37.1017897540333], [-8.655394897189026, 37.111600113105816], [-8.650612253598492, 37.11432667035067], [-8.64264322916666, 37.11555989583333], [-8.64166666666666, 37.11783854166666], [-8.637960025380705, 37.11881510416666], [-8.619426818950924, 37.11979166666666], [-8.58606704737732, 37.11881510416666], [-8.582360406091363, 37.11783854166666], [-8.581059644670043, 37.11555989583333], [-8.569352791878163, 37.11458333333333], [-8.562848984771566, 37.11555989583333], [-8.560572652284256, 37.11946614583333], [-8.558296319796945, 37.11979166666666], [-8.554719225888316, 37.11555989583333], [-8.53195590101522, 37.11360677083333], [-8.52967956852791, 37.11035156249999], [-8.52187499999999, 37.10904947916666], [-8.519273477157352, 37.10514322916666], [-8.511468908629432, 37.10384114583333], [-8.509517766497453, 37.10091145833333], [-8.505940672588824, 37.09960937499999], [-8.487877521965954, 37.09741767712323], [-8.484474707659983, 37.09590462600239], [-8.483276693585818, 37.09685943421187], [-8.478983895469177, 37.09633856624625], [-8.438688431866108, 37.08425633019366], [-8.395552100072337, 37.088612586447844], [-8.374881358607983, 37.09613778682004], [-8.358141728043144, 37.09753417368542], [-8.34952411167512, 37.09407552083333], [-8.344149232482858, 37.09362715904434], [-8.332275519311983, 37.09031175536937], [-8.330663071065981, 37.08789062499999], [-8.322858502538065, 37.08268229166666], [-8.321557741116743, 37.07910156249999], [-8.313753172588823, 37.07779947916666], [-8.311802030456844, 37.07486979166666], [-8.304973032994916, 37.07324218749999], [-8.277657043147201, 37.07389322916666], [-8.273429568527911, 37.07779947916666], [-8.265624999999991, 37.07910156249999], [-8.263264612602963, 37.08264574174705], [-8.247662844126452, 37.084434274118166], [-8.237658629441615, 37.08333333333333], [-8.220098350253798, 37.08430989583333], [-8.218147208121819, 37.08658854166666], [-8.20936706852791, 37.08821614583333], [-8.174246510152274, 37.08756510416666], [-8.171319796954306, 37.08658854166666], [-8.169368654822325, 37.08365885416666], [-8.161564086294408, 37.08235677083333], [-8.15961294416243, 37.07910156249999], [-8.141172602443913, 37.07693768186652], [-8.137499999999992, 37.07356770833333], [-8.100103109137045, 37.06608072916666], [-8.096526015228417, 37.06380208333333], [-8.093599302030448, 37.05924479166666], [-8.083518401015219, 37.05631510416666], [-8.08189244923857, 37.05305989583333], [-8.07311230964466, 37.05208333333333], [-8.066283312182733, 37.04915364583333], [-8.055552030456845, 37.03743489583333], [-8.048397842639584, 37.03613281249999], [-8.045796319796946, 37.03222656249999], [-8.037991751269029, 37.03092447916666], [-8.034739847715729, 37.02669270833333], [-8.01880552030456, 37.02115885416666], [-8.013277284263951, 37.01692708333333], [-8.010025380710651, 37.01236979166666], [-7.997342956852783, 37.00976562499999], [-7.995391814720803, 37.00846354166666], [-7.992465101522835, 37.00065104166666], [-7.985636104060906, 36.99934895833333], [-7.979071980093678, 36.9917654832275], [-7.975230012690346, 36.98925781249999], [-7.959295685279179, 36.98372395833333], [-7.957019352791869, 36.97949218749999], [-7.954219, 36.978557787940375], [-7.954219, 36.974237707075865], [-7.941498671425878, 36.970791670583836], [-7.9404346446700425, 36.96972656249999], [-7.9311701046132725, 36.96799358105814], [-7.912887265150835, 36.967588137641116], [-7.908240799492377, 36.96386718749999], [-7.8965339467005, 36.96256510416666], [-7.89458280456852, 36.95865885416666], [-7.892306472081209, 36.95833333333333], [-7.889379758883241, 36.96256510416666], [-7.880599619289332, 36.96354166666666], [-7.875721763959382, 36.96549479166666], [-7.875071383248723, 36.97200520833333], [-7.876835432681805, 36.97341788206633], [-7.870453030154468, 36.97677842937357], [-7.868567576142124, 36.96940104166666], [-7.866291243654813, 36.96874999999999], [-7.858811865482225, 36.97753906249999], [-7.839625634517757, 36.98502604166666], [-7.836698921319788, 36.98860677083333], [-7.813935596446692, 36.99055989583333], [-7.811334073604052, 36.99381510416666], [-7.799627220812175, 36.99511718749999], [-7.796700507614204, 36.99674479166666], [-7.796050126903545, 36.99902343749999], [-7.787920368020296, 37.00130208333333], [-7.779465418781718, 37.02050781249999], [-7.772636421319789, 37.02539062499999], [-7.76938451776649, 37.03059895833333], [-7.753450190355322, 37.03613281249999], [-7.747921954314713, 37.04036458333333], [-7.744995241116742, 37.04492187499999], [-7.734914340101514, 37.04785156249999], [-7.733288388324864, 37.05110677083333], [-7.7215815355329855, 37.05240885416666], [-7.719630393401006, 37.05305989583333], [-7.716703680203038, 37.05696614583333], [-7.709549492385779, 37.05826822916666], [-7.698818210659891, 37.06998697916666], [-7.69556630710659, 37.07194010416666], [-7.683209073604053, 37.07389322916666], [-7.680932741116743, 37.07747395833333], [-7.661746510152276, 37.08496093749999], [-7.6562182741116676, 37.09179687499999], [-7.642885469543139, 37.09472656249999], [-7.636706852791869, 37.09960937499999], [-7.631503807106591, 37.10644531249999], [-7.6263007614213105, 37.10937499999999], [-7.620447335025373, 37.11035156249999], [-7.619146573604053, 37.11393229166666], [-7.611342005076134, 37.11914062499999], [-7.608740482233494, 37.12402343749999], [-7.600610723350244, 37.12565104166666], [-7.5942309906789145, 37.13294957439751], [-7.579148159898469, 37.13639322916666], [-7.5775222081218185, 37.13964843749999], [-7.5697176395939, 37.14095052083333], [-7.56711611675126, 37.14485677083333], [-7.559311548223342, 37.14615885416666], [-7.556038719937997, 37.149708021357874], [-7.528093274111667, 37.15690104166666], [-7.524190989847707, 37.16113281249999], [-7.5163864213197895, 37.16243489583333], [-7.514760469543139, 37.16569010416666], [-7.50305361675126, 37.16699218749999], [-7.498826142131971, 37.17089843749999], [-7.483217005076133, 37.17220052083333], [-7.479314720812174, 37.17382812499999], [-7.479314720812174, 37.17513020833333], [-7.470534581218266, 37.17675781249999], [-7.44126744923857, 37.17675781249999], [-7.432487309644662, 37.17513020833333], [-7.432487309644662, 37.17382812499999], [-7.428585025380702, 37.17220052083333], [-7.41490508455182, 37.17105936723268], [-7.4120579544361505, 37.169323237359954], [-7.410699555837555, 37.16699218749999], [-7.407447652284255, 37.16601562499999], [-7.406146890862936, 37.15820312499999], [-7.404520939086287, 37.15624999999999], [-7.401594225888316, 37.15722656249999], [-7.400943845177656, 37.16048177083333], [-7.399317893401006, 37.16145833333333], [-7.3970415609136975, 37.16113281249999], [-7.396065989847707, 37.15820312499999], [-7.393789657360397, 37.15722656249999], [-7.366473667512682, 37.15657552083333], [-7.359644670050753, 37.15820312499999], [-7.357693527918773, 37.16210937499999], [-7.351189720812174, 37.16634114583333], [-7.347287436548216, 37.17643229166666], [-7.340783629441615, 37.17740885416666], [-7.338182106598976, 37.18098958333333], [-7.330377538071058, 37.17871093749999], [-7.329076776649738, 37.17936197916666], [-7.326475253807099, 37.18684895833333], [-7.3199714467004995, 37.18782552083333], [-7.317369923857859, 37.19173177083333], [-7.309565355329941, 37.19303385416666], [-7.307614213197961, 37.19596354166666], [-7.303061548223341, 37.19694010416666], [-7.248429568527911, 37.19824218749999], [-7.239324238578671, 37.19889322916666], [-7.2347715736040525, 37.19986979166666], [-7.2347715736040525, 37.20117187499999], [-7.227942576142123, 37.20214843749999], [-7.2142845812182665, 37.20279947916666], [-7.132336611675118, 37.20410156249999], [-7.1255076142131895, 37.20507812499999], [-7.1252072494064596, 37.207182815388606], [-7.120618239108884, 37.20727605046322], [-7.12030456852791, 37.20507812499999], [-7.1154267131979605, 37.20410156249999], [-7.047136738578672, 37.20214843749999], [-7.0422588832487225, 37.20117187499999], [-7.040632931472073, 37.19889322916666], [-7.037381027918773, 37.19824218749999], [-7.0178696065989765, 37.19694010416666], [-7.014292512690346, 37.19303385416666], [-7.006487944162428, 37.19173177083333], [-7.003886421319788, 37.18782552083333], [-6.997057423857861, 37.18684895833333], [-6.990228426395932, 37.17903645833333], [-6.974619289340093, 37.17513020833333], [-6.969741434010144, 37.16861979166666], [-6.960636104060904, 37.16601562499999], [-6.953481916243646, 37.15820312499999], [-6.93429568527918, 37.15527343749999], [-6.931043781725879, 37.15136718749999], [-6.923239213197962, 37.15006510416666], [-6.921613261421312, 37.14680989583333], [-6.909906408629433, 37.14550781249999], [-6.907955266497453, 37.14485677083333], [-6.906004124365474, 37.14160156249999], [-6.8942972715735955, 37.14029947916666], [-6.889744606598976, 37.13639322916666], [-6.866981281725879, 37.13444010416666], [-6.863404187817251, 37.13053385416666], [-6.855599619289332, 37.12923177083333], [-6.854624048223341, 37.12597656249999], [-6.852998096446692, 37.12499999999999], [-6.850721763959383, 37.12565104166666], [-6.8497461928933925, 37.13151041666666], [-6.8477950507614125, 37.13476562499999], [-6.841291243654814, 37.13509114583333], [-6.838689720812174, 37.13118489583333], [-6.830885152284257, 37.12955729166666], [-6.828934010152276, 37.12369791666666], [-6.826982868020297, 37.12174479166666], [-6.8172271573603975, 37.11979166666666], [-6.80356916243654, 37.11946614583333], [-6.79966687817258, 37.11881510416666], [-6.796414974619282, 37.11555989583333], [-6.793813451776641, 37.11490885416666], [-6.778204314720805, 37.11360677083333], [-6.776253172588825, 37.11035156249999], [-6.766172271573597, 37.10742187499999], [-6.759668464466997, 37.09960937499999], [-6.752839467005068, 37.09863281249999], [-6.749912753807099, 37.09472656249999], [-6.747961611675119, 37.09407552083333], [-6.73625475888324, 37.09277343749999], [-6.73462880710659, 37.08951822916666], [-6.724547906091361, 37.08658854166666], [-6.7180440989847625, 37.07877604166666], [-6.711215101522834, 37.07779947916666], [-6.708288388324865, 37.07389322916666], [-6.706337246192886, 37.07324218749999], [-6.694630393401008, 37.07194010416666], [-6.693004441624358, 37.06868489583333], [-6.68292354060913, 37.06575520833333], [-6.676419733502529, 37.05794270833333], [-6.669590736040601, 37.05696614583333], [-6.666664022842632, 37.05305989583333], [-6.664712880710652, 37.05240885416666], [-6.6555773204307, 37.051529261431746], [-6.6423233264593815, 37.04134114583333], [-6.631411814469059, 37.037566312284206], [-6.624697802756181, 37.03368692303113], [-6.623075296108282, 37.03157552083333], [-6.620218851807434, 37.031098962968095], [-6.600642988396632, 37.019787932040046], [-6.597385258037216, 37.01627604166666], [-6.593637448132047, 37.015740096144505], [-6.589105919248261, 37.01312175628995], [-6.587954737732648, 37.01139322916666], [-6.585367270166058, 37.01096154631553], [-6.563895118247866, 36.99855483048687], [-6.558362415397623, 36.99251302083333], [-6.5551105118443225, 36.99055989583333], [-6.54858345464492, 36.98970767534799], [-6.538278899811146, 36.98375365247918], [-6.532021996615898, 36.97656249999999], [-6.528119712351938, 36.97395833333333], [-6.511860194585441, 36.96809895833333], [-6.508608291032141, 36.96289062499999], [-6.502104483925541, 36.95898437499999], [-6.499828151438231, 36.95410156249999], [-6.495925867174272, 36.95279947916666], [-6.494299915397622, 36.94856770833333], [-6.486170156514374, 36.94303385416666], [-6.479666349407774, 36.93391927083333], [-6.470561019458537, 36.92740885416666], [-6.464057212351937, 36.91829427083333], [-6.454951882402697, 36.91113281249999], [-6.4484480752961, 36.89420572916666], [-6.4393427453468615, 36.88444010416666], [-6.433164128595591, 36.86002604166666], [-6.430562605752952, 36.85416666666666], [-6.427635892554983, 36.85221354166666], [-6.426335131133664, 36.84440104166666], [-6.422432846869704, 36.84277343749999], [-6.421132085448384, 36.83886718749999], [-6.417880181895084, 36.83789062499999], [-6.416579420473765, 36.83007812499999], [-6.412677136209805, 36.82649739583333], [-6.411376374788485, 36.80696614583333], [-6.409750423011836, 36.80208333333333], [-6.4068237098138665, 36.80110677083333], [-6.405522948392546, 36.79785156249999], [-6.391864953468689, 36.79589843749999], [-6.388938240270719, 36.79166666666666], [-6.38601152707275, 36.79264322916666], [-6.38568633671742, 36.79492187499999], [-6.378857339255491, 36.79654947916666], [-6.356094014382394, 36.79654947916666], [-6.349265016920465, 36.79492187499999], [-6.3502405879864545, 36.79264322916666], [-6.364874153976304, 36.78971354166666], [-6.370402390016912, 36.78320312499999], [-6.387312288494069, 36.78059895833333], [-6.3905641920473695, 36.77929687499999], [-6.395185598712708, 36.77385440062726], [-6.402324190804601, 36.771015480917136], [-6.408774851945846, 36.77018229166666], [-6.4265137593880235, 36.75518278907802], [-6.430887796108282, 36.75455729166666], [-6.4393427453468615, 36.74544270833333], [-6.44747250423011, 36.74381510416666], [-6.44909845600676, 36.73990885416666], [-6.453000740270718, 36.73860677083333], [-6.453000740270718, 36.73535156249999], [-6.44909845600676, 36.73339843749999], [-6.44747250423011, 36.72135416666666], [-6.437391603214882, 36.70996093749999], [-6.430887796108282, 36.69303385416666], [-6.424058798646354, 36.68782552083333], [-6.421132085448384, 36.67773437499999], [-6.417229801184425, 36.67610677083333], [-6.415929039763105, 36.67220052083333], [-6.412677136209805, 36.67122395833333], [-6.4110511844331555, 36.66308593749999], [-6.403246615905236, 36.65592447916666], [-6.399344331641277, 36.63574218749999], [-6.389588620981378, 36.62760416666666], [-6.384385575296099, 36.62044270833333], [-6.375280245346861, 36.61555989583333], [-6.368776438240262, 36.61458333333333], [-6.355118443316404, 36.61523437499999], [-6.349265016920465, 36.61848958333333], [-6.348789178553863, 36.62134751498639], [-6.342802474923293, 36.62102088411984], [-6.339184115905237, 36.61653645833333], [-6.334956641285947, 36.61458333333333], [-6.330403976311328, 36.61490885416666], [-6.3278024534686885, 36.61881510416666], [-6.32194902707275, 36.61979166666666], [-6.318697123519451, 36.61881510416666], [-6.316420791032141, 36.61555989583333], [-6.293657466159043, 36.61360677083333], [-6.291055943316405, 36.60970052083333], [-6.287804039763104, 36.60872395833333], [-6.286178087986454, 36.60058593749999], [-6.278373519458537, 36.59407552083333], [-6.275446806260567, 36.58398437499999], [-6.272194902707268, 36.58300781249999], [-6.271219331641277, 36.58007812499999], [-6.234798011844323, 36.56575520833333], [-6.235123202199654, 36.56347656249999], [-6.239675867174271, 36.56054687499999], [-6.240976628595591, 36.55273437499999], [-6.244878912859551, 36.55013020833333], [-6.246179674280871, 36.54296874999999], [-6.257561336717419, 36.53190104166666], [-6.2588620981387395, 36.52343749999999], [-6.257236146362089, 36.51432291666666], [-6.258326083160563, 36.512452554738964], [-6.270167997174279, 36.521254513147895], [-6.273170473773257, 36.54003906249999], [-6.275121615905237, 36.54166666666666], [-6.280975042301176, 36.54264322916666], [-6.282600994077825, 36.54589843749999], [-6.2874788494077745, 36.54687499999999], [-6.296258989001684, 36.54589843749999], [-6.297884940778334, 36.54264322916666], [-6.307965841793561, 36.53971354166666], [-6.310892554991531, 36.53320312499999], [-6.3095917935702115, 36.53190104166666], [-6.304379742120336, 36.53085757201663], [-6.296047862463653, 36.524176007073265], [-6.2913811336717345, 36.51171874999999], [-6.287153659052445, 36.50846354166666], [-6.285852897631125, 36.50065104166666], [-6.282600994077825, 36.49967447916666], [-6.280649851945846, 36.49511718749999], [-6.268942999153968, 36.48535156249999], [-6.266016285955998, 36.47851562499999], [-6.265040714890008, 36.46972656249999], [-6.261788811336708, 36.46809895833333], [-6.260488049915389, 36.46028645833333], [-6.25658576565143, 36.45768229166666], [-6.25495981387478, 36.44986979166666], [-6.246830054991531, 36.44661458333333], [-6.240001057529601, 36.43033854166666], [-6.227318633671734, 36.41666666666666], [-6.225367491539755, 36.41145833333333], [-6.223416349407775, 36.39127604166666], [-6.221465207275795, 36.38736979166666], [-6.218538494077825, 36.38541666666666], [-6.208782783417927, 36.38346354166666], [-6.203254547377318, 36.37662760416666], [-6.190572123519449, 36.37174479166666], [-6.183092745346861, 36.36621093749999], [-6.1759385575296015, 36.34928385416666], [-6.170375043907617, 36.344742227861055], [-6.167357871116176, 36.33648151350475], [-6.164512817315526, 36.31914322869593], [-6.15832642174939, 36.305454284282696], [-6.152850042301177, 36.30208333333333], [-6.146457804040482, 36.30033625735077], [-6.144720283417927, 36.29785156249999], [-6.139959002011964, 36.297533821159554], [-6.111623746204734, 36.28531499282578], [-6.1086241539763035, 36.28222656249999], [-6.102617289574929, 36.28039652847527], [-6.097567681895084, 36.27343749999999], [-6.094640968697115, 36.26399739583333], [-6.090413494077826, 36.25846354166666], [-6.085860829103206, 36.25553385416666], [-6.082934115905237, 36.24544270833333], [-6.079682212351937, 36.24381510416666], [-6.078706641285947, 36.23502604166666], [-6.075779928087978, 36.22819010416666], [-6.06569902707275, 36.21940104166666], [-6.0562685067681805, 36.19921874999999], [-6.048138747884932, 36.19694010416666], [-6.046512796108283, 36.19303385416666], [-6.043260892554983, 36.19205729166666], [-6.042285321488993, 36.18619791666666], [-6.040334179357013, 36.18294270833333], [-6.0338303722504145, 36.18261718749999], [-6.030903659052445, 36.18652343749999], [-6.022123519458536, 36.18749999999999], [-6.017217186309283, 36.18645692172625], [-6.016270093062597, 36.18424479166666], [-6.0133433798646285, 36.18261718749999], [-6.001636527072749, 36.18131510416666], [-6.00066095600676, 36.17903645833333], [-5.998384623519449, 36.17805989583333], [-5.971068633671734, 36.17740885416666], [-5.964239636209805, 36.17903645833333], [-5.962437894240325, 36.18174181784543], [-5.942888984104582, 36.18473835011639], [-5.941476311336709, 36.18261718749999], [-5.93367174280879, 36.18131510416666], [-5.9326961717427995, 36.17805989583333], [-5.93107021996615, 36.17708333333333], [-5.92879388747884, 36.17740885416666], [-5.927818316412851, 36.18033854166666], [-5.921964890016912, 36.18098958333333], [-5.900041657954257, 36.17672240048915], [-5.896442616536159, 36.17465745108168], [-5.895624471235187, 36.17220052083333], [-5.892372567681887, 36.17122395833333], [-5.890096235194577, 36.16308593749999], [-5.87283442801831, 36.15598906174545], [-5.868633671742801, 36.15039062499999], [-5.859853532148891, 36.14420572916666], [-5.853349725042293, 36.13509114583333], [-5.846520727580364, 36.13053385416666], [-5.843594014382394, 36.12044270833333], [-5.840342110829094, 36.11946614583333], [-5.838716159052444, 36.11555989583333], [-5.830911590524527, 36.11360677083333], [-5.827009306260567, 36.09993489583333], [-5.818229166666658, 36.09700520833333], [-5.814001692047368, 36.09049479166666], [-5.809123836717419, 36.08789062499999], [-5.80684750423011, 36.08007812499999], [-5.800343697123512, 36.07812499999999], [-5.791238367174271, 36.07877604166666], [-5.787336082910313, 36.08203124999999], [-5.7867274870846455, 36.08487425014767], [-5.766283059321605, 36.08008668591986], [-5.759044521996607, 36.07389322916666], [-5.746687288494069, 36.07194010416666], [-5.74506133671742, 36.06868489583333], [-5.737256768189501, 36.06738281249999], [-5.734655245346861, 36.06347656249999], [-5.726850676818943, 36.06217447916666], [-5.723923963620973, 36.05826822916666], [-5.719046108291024, 36.05729166666666], [-5.709290397631126, 36.05924479166666], [-5.706162958307519, 36.06362765632851], [-5.694783675350169, 36.06705729166666], [-5.686852263113359, 36.06705729166666], [-5.681324027072749, 36.06380208333333], [-5.678397313874781, 36.05924479166666], [-5.6681197965152466, 36.05598707723722], [-5.666365270727572, 36.05305989583333], [-5.660683327601137, 36.05258591937842], [-5.643887488870236, 36.044904141971095], [-5.635146996615897, 36.03255208333333], [-5.626692047377317, 36.03027343749999], [-5.625716476311327, 36.02701822916666], [-5.621489001692038, 36.02473958333333], [-5.6162859560067595, 36.00911458333333], [-5.613684433164121, 36.00520833333333], [-5.61140810067681, 36.00553385416666], [-5.610482289466703, 36.00831411039213], [-5.604806661988382, 36.009702851307196], [-5.581165397631125, 36.01139322916666], [-5.575311971235186, 36.01627604166666], [-5.55872726311336, 36.02246093749999], [-5.5552820862922, 36.02648439518663], [-5.462640240710945, 36.053536195246394], [-5.457267872250414, 36.05403645833333], [-5.454305977187463, 36.056200889046785], [-5.446217195482177, 36.05878709554267], [-5.439622943051474, 36.06393897513222], [-5.433171380041754, 36.07035066679903], [-5.432309185468132, 36.07344141281127], [-5.4296266920473695, 36.07454427083333], [-5.428325930626049, 36.07682291666666], [-5.429301501692039, 36.08268229166666], [-5.431175677571457, 36.08324511582557], [-5.432998018875146, 36.08830662214961], [-5.438544570448224, 36.09811346335367], [-5.4396317931271305, 36.10407305021713], [-5.434179357021988, 36.10611979166666], [-5.433854166666658, 36.11263020833333], [-5.438406831641277, 36.11555989583333], [-5.438732021996607, 36.11783854166666], [-5.430277072758028, 36.12467447916666], [-5.428325930626049, 36.13151041666666], [-5.430277072758028, 36.13476562499999], [-5.434829737732647, 36.13541666666666], [-5.438081641285947, 36.13834635416666], [-5.439057212351937, 36.14811197916666], [-5.440683164128586, 36.15104166666666], [-5.442959496615897, 36.15039062499999], [-5.443673386134684, 36.1461029349024], [-5.443817718574781, 36.14899649531847], [-5.439189079834666, 36.162245226638035], [-5.430001235316821, 36.1708287479582], [-5.428455395672623, 36.17546674180312], [-5.398326127901194, 36.17851372561729], [-5.382605891281871, 36.17389840827027], [-5.380848138747877, 36.16861979166666], [-5.3730435702199575, 36.16601562499999], [-5.369141285955999, 36.15690104166666], [-5.362162959074436, 36.155528644157904], [-5.361336717428079, 36.15201822916666], [-5.369141285955999, 36.15071614583333], [-5.371092428087978, 36.14778645833333], [-5.362637478849399, 36.14062499999999], [-5.36068633671742, 36.13476562499999], [-5.360361146362089, 36.12792968749999], [-5.35971076565143, 36.12597656249999], [-5.35580848138747, 36.12304687499999], [-5.3548329103214805, 36.11653645833333], [-5.35158100676818, 36.11458333333333], [-5.345727580372243, 36.11555989583333], [-5.345480276922214, 36.11638507841557], [-5.3428766078738175, 36.113601179721364], [-5.339874153976303, 36.12955729166666], [-5.340275469031932, 36.14117912702173], [-5.336616919509825, 36.177380037514865], [-5.335646679357013, 36.17805989583333], [-5.334345917935694, 36.18977864583333], [-5.3304436336717345, 36.19433593749999], [-5.329709934350983, 36.2002931020956], [-5.297869342745199, 36.248212146194966], [-5.2940223138747795, 36.25065104166666], [-5.293577669882865, 36.253321616861996], [-5.287070876120453, 36.261045558396795], [-5.288162414863388, 36.26339818771317], [-5.286868126057521, 36.27376302083333], [-5.278743922449608, 36.282670000737376], [-5.26675646285496, 36.28835720810496], [-5.254826338576862, 36.2980622719561], [-5.246029019493112, 36.31277918134724], [-5.229406916633113, 36.34892742161999], [-5.228434068882036, 36.35866396303124], [-5.209755349363817, 36.38535397026188], [-5.205895727580364, 36.38704427083333], [-5.201809441895738, 36.39670175371908], [-5.196140016920465, 36.40039062499999], [-5.193538494077826, 36.40527343749999], [-5.185733925549906, 36.40690104166666], [-5.182825266096266, 36.414665349422314], [-5.179966258228811, 36.416045315542384], [-5.171100359560059, 36.41634114583333], [-5.1681736463620895, 36.41471354166666], [-5.1671980752961, 36.41178385416666], [-5.164921742808789, 36.41145833333333], [-5.16329579103214, 36.41243489583333], [-5.1623202199661495, 36.41569010416666], [-5.152239318950922, 36.41861979166666], [-5.147267749669614, 36.42447464071268], [-5.121320618320645, 36.427043747892526], [-5.109256918314087, 36.43042831584797], [-5.073448362623176, 36.448395342330734], [-5.061511209813866, 36.44889322916666], [-5.0589096869712264, 36.44986979166666], [-5.0569585448392464, 36.45279947916666], [-5.04875518324893, 36.454700360009845], [-4.994608511199055, 36.45856622459804], [-4.912847936761419, 36.50535707873289], [-4.902897912253387, 36.50801785142239], [-4.880169343079634, 36.507175414986634], [-4.840510301639723, 36.503171897800385], [-4.838755816412851, 36.50097656249999], [-4.815992491539754, 36.49902343749999], [-4.8133909686971155, 36.49576822916666], [-4.801684115905237, 36.49446614583333], [-4.796155879864628, 36.49055989583333], [-4.759734560067674, 36.48860677083333], [-4.757133037225034, 36.48763020833333], [-4.756157466159044, 36.48535156249999], [-4.747377326565135, 36.48437499999999], [-4.7424994712351864, 36.48535156249999], [-4.741523900169196, 36.48763020833333], [-4.7385971869712264, 36.48860677083333], [-4.702826247884933, 36.49055989583333], [-4.695672060067674, 36.49251302083333], [-4.690794204737725, 36.49544270833333], [-4.685085857325054, 36.501442564341005], [-4.673079111511993, 36.50471942053894], [-4.65502326565143, 36.50618489583333], [-4.65014541032148, 36.51009114583333], [-4.638438557529602, 36.51139322916666], [-4.636487415397623, 36.51529947916666], [-4.6332355118443225, 36.51627604166666], [-4.631069141872321, 36.52374556595472], [-4.616077358623636, 36.53169372342514], [-4.590849843920646, 36.57178750179776], [-4.525641546037392, 36.58213464964904], [-4.516873995608135, 36.59398415393742], [-4.509842956852792, 36.59765624999999], [-4.502565465851689, 36.613322392830646], [-4.4958597715736035, 36.61555989583333], [-4.494559010152283, 36.61751302083333], [-4.4919574873096435, 36.63020833333333], [-4.483177347715737, 36.63704427083333], [-4.477649111675126, 36.64518229166666], [-4.474072017766497, 36.64648437499999], [-4.471795685279187, 36.65462239583333], [-4.45618654822335, 36.66145833333333], [-4.453585025380709, 36.66406249999999], [-4.4513086928934005, 36.67610677083333], [-4.448056789340102, 36.67773437499999], [-4.446756027918782, 36.68554687499999], [-4.442853743654822, 36.68815104166666], [-4.440577411167512, 36.69628906249999], [-4.424968274111675, 36.70312499999999], [-4.422366751269035, 36.70572916666666], [-4.421065989847715, 36.71289062499999], [-4.416513324873096, 36.71582031249999], [-4.407407994923858, 36.71777343749999], [-4.361881345177665, 36.71842447916666], [-4.352776015228425, 36.71777343749999], [-4.348223350253806, 36.71679687499999], [-4.348223350253806, 36.71549479166666], [-4.339118020304568, 36.71451822916666], [-4.25717005076142, 36.71354166666666], [-4.211643401015228, 36.71451822916666], [-4.182283786430188, 36.71866214911828], [-4.144003807106598, 36.71972656249999], [-4.1342480964467, 36.72363281249999], [-4.110834390862943, 36.72493489583333], [-4.106932106598984, 36.72884114583333], [-4.1004282994923855, 36.72981770833333], [-4.098646576158135, 36.734276543405066], [-4.080413163977113, 36.74499187493343], [-4.066550791801198, 36.74764472239452], [-4.048072652284263, 36.74544270833333], [-4.037991751269035, 36.74055989583333], [-4.010966380311434, 36.739400488586234], [-3.9736081752277412, 36.73112940148891], [-3.969701776649746, 36.72851562499999], [-3.956368972081218, 36.72558593749999], [-3.953117068527918, 36.72623697916666], [-3.9474325123830423, 36.73147208564886], [-3.896086486371212, 36.743386724354416], [-3.895558375634517, 36.74153645833333], [-3.8926316624365476, 36.73990885416666], [-3.8828759517766493, 36.73990885416666], [-3.8809248096446693, 36.74055989583333], [-3.8779980964467002, 36.74446614583333], [-3.870193527918781, 36.74576822916666], [-3.8690037966616937, 36.74835538852394], [-3.8384681754385843, 36.75346823115148], [-3.831495875634517, 36.75097656249999], [-3.7766124816313598, 36.73719074550589], [-3.7739371827411166, 36.73567708333333], [-3.768734137055837, 36.72916666666666], [-3.7664578045685273, 36.72981770833333], [-3.7656932600850292, 36.73440963709093], [-3.7415954102735185, 36.72827195295208], [-3.7397921954314715, 36.72265624999999], [-3.7355647208121825, 36.71874999999999], [-3.7297112944162434, 36.71972656249999], [-3.7287357233502534, 36.72298177083333], [-3.724833439086294, 36.72460937499999], [-3.724565597361036, 36.726218058532794], [-3.680380009612236, 36.73026318774021], [-3.6750793147208123, 36.73307291666666], [-3.6684205187661387, 36.73918697031291], [-3.663372461928934, 36.73990885416666], [-3.6625148017472124, 36.74105356321679], [-3.6451992624142977, 36.74204832004074], [-3.6438610406091367, 36.74055989583333], [-3.634105329949238, 36.73958333333333], [-3.6165450507614207, 36.74055989583333], [-3.613871656535793, 36.743533352599634], [-3.602938500046199, 36.74397668301923], [-3.598701690520567, 36.742159062207925], [-3.587277918781725, 36.72916666666666], [-3.5801237309644662, 36.72460937499999], [-3.5781725888324867, 36.72070312499999], [-3.575571065989847, 36.71972656249999], [-3.5639982162156247, 36.719485216441655], [-3.549866373725344, 36.713995554029374], [-3.536530154775582, 36.71983041373449], [-3.5260919811028497, 36.721228820288175], [-3.524841370558375, 36.71972656249999], [-3.508484673994696, 36.71797227829755], [-3.5054475033829067, 36.715996822914875], [-3.503378807106598, 36.71289062499999], [-3.4968749999999993, 36.70865885416666], [-3.4949238578680197, 36.70182291666666], [-3.4900460025380706, 36.69986979166666], [-3.4793340785438267, 36.69901196685899], [-3.4771507512523727, 36.697591873554614], [-3.415505783752741, 36.69701932273313], [-3.3834293339672152, 36.71322286288206], [-3.371351522842639, 36.71451822916666], [-3.3680996192893398, 36.71842447916666], [-3.3602950507614207, 36.71972656249999], [-3.3576935279187814, 36.72460937499999], [-3.351189720812182, 36.72884114583333], [-3.3494850707455255, 36.73481348435447], [-3.3453362944162435, 36.73763020833333], [-3.325824873096446, 36.73958333333333], [-3.2907043147208115, 36.74055989583333], [-3.2868020304568524, 36.74153645833333], [-3.284850888324873, 36.74446614583333], [-3.2770463197969537, 36.74576822916666], [-3.2757455583756343, 36.74902343749999], [-3.267940989847715, 36.75032552083333], [-3.2664453661679373, 36.752571236267144], [-3.2473090163271308, 36.75443962933999], [-3.243876903553299, 36.75097656249999], [-3.2282677664974617, 36.74967447916666], [-3.225666243654822, 36.74902343749999], [-3.2230647208121823, 36.74576822916666], [-3.2165609137055835, 36.74479166666666], [-3.2074555837563445, 36.74511718749999], [-3.2048540609137053, 36.74576822916666], [-3.2019273477157357, 36.74902343749999], [-3.1937975888324868, 36.74999999999999], [-3.1824159263959384, 36.74967447916666], [-3.179164022842639, 36.74902343749999], [-3.1775380710659893, 36.74674479166666], [-3.17266021573604, 36.74609374999999], [-3.156651702751349, 36.746033045564616], [-3.104370241116751, 36.74869791666666], [-3.094289340101523, 36.74576822916666], [-3.083883248730964, 36.74511718749999], [-3.024601345253474, 36.74388089272261], [-3.0161757869216648, 36.742680022298394], [-3.015268083756345, 36.74055989583333], [-3.0103902284263957, 36.73958333333333], [-3.0015895159811703, 36.7406010833507], [-2.9878103461741, 36.73863717818977], [-2.983048796130975, 36.73990885416666], [-2.9690910532994916, 36.73990885416666], [-2.9642131979695425, 36.74153645833333], [-2.962262055837563, 36.74446614583333], [-2.9544574873096443, 36.74576822916666], [-2.9539085712184643, 36.74769138793123], [-2.9483539605649307, 36.749174868072174], [-2.931043781725888, 36.74999999999999], [-2.9186865482233504, 36.74804687499999], [-2.909581218274111, 36.74023437499999], [-2.8988499365482223, 36.73828124999999], [-2.895598032994924, 36.73567708333333], [-2.8848667512690356, 36.72005208333333], [-2.8764118020304563, 36.71777343749999], [-2.8754362309644663, 36.71451822916666], [-2.8715339467005077, 36.71289062499999], [-2.8695828045685277, 36.70377604166666], [-2.8663309010152282, 36.70279947916666], [-2.8637293781725885, 36.69889322916666], [-2.8555996192893396, 36.69791666666666], [-2.840966053299492, 36.69889322916666], [-2.8383645304568526, 36.70214843749999], [-2.8266576776649743, 36.70345052083333], [-2.823730964467005, 36.70507812499999], [-2.8230805837563446, 36.70735677083333], [-2.8172271573604055, 36.70833333333333], [-2.8129996827411166, 36.70638020833333], [-2.807796637055837, 36.69986979166666], [-2.7886104060913706, 36.69596354166666], [-2.785358502538071, 36.68815104166666], [-2.7775539340101516, 36.68652343749999], [-2.776903553299492, 36.68424479166666], [-2.7730012690355323, 36.68164062499999], [-2.757392131979695, 36.67838541666666], [-2.756091370558375, 36.68033854166666], [-2.749262373096446, 36.68196614583333], [-2.721946383248731, 36.68326822916666], [-2.7199725082917743, 36.68411503527842], [-2.7140804006759205, 36.68402979317173], [-2.711540291878172, 36.68261718749999], [-2.701784581218274, 36.68261718749999], [-2.699833439086294, 36.68326822916666], [-2.697846481570997, 36.68592019820807], [-2.684692345539978, 36.68745196911571], [-2.659631351711087, 36.69613850784511], [-2.6571045096509978, 36.698229094376266], [-2.6520304568527915, 36.69986979166666], [-2.649103743654822, 36.70475260416666], [-2.6435561821670515, 36.708248278800355], [-2.631315932952582, 36.71851669309649], [-2.627966370558375, 36.71907552083333], [-2.6250396573604053, 36.72363281249999], [-2.621787753807106, 36.72460937499999], [-2.621419940591074, 36.726818497059696], [-2.61839996544459, 36.72935197129088], [-2.5980737176379067, 36.77372271930021], [-2.5878709330597927, 36.79339899540903], [-2.585912854889589, 36.79459635416666], [-2.576804022082018, 36.80631510416666], [-2.5722496056782322, 36.80826822916666], [-2.5712736593059926, 36.81152343749999], [-2.5634660883280747, 36.81282552083333], [-2.5602129337539425, 36.81673177083333], [-2.5445977917981066, 36.81803385416666], [-2.5419952681388, 36.81868489583333], [-2.540694006309147, 36.82096354166666], [-2.5328864353312293, 36.82259114583333], [-2.5016561514195574, 36.82389322916666], [-2.4990536277602513, 36.82486979166666], [-2.4971017350157716, 36.82779947916666], [-2.4892941640378536, 36.82910156249999], [-2.488323724014766, 36.83048878060659], [-2.4813244837306883, 36.831437923177916], [-2.469007211771174, 36.82919533553768], [-2.44184643545858, 36.819733996403265], [-2.441147476340693, 36.81868489583333], [-2.433339905362775, 36.81738281249999], [-2.4304120662460553, 36.81282552083333], [-2.428134858044163, 36.81249999999999], [-2.425207018927444, 36.81673177083333], [-2.4105678233438477, 36.81966145833333], [-2.406556292691997, 36.82424895911485], [-2.380823010838806, 36.8351482176941], [-2.361652986857764, 36.838277679360736], [-2.3388373144035013, 36.83572393671017], [-2.317911057871519, 36.82934264514501], [-2.2819575881843157, 36.811335493448055], [-2.2765378548895887, 36.80501302083333], [-2.2723481710864855, 36.80316346400737], [-2.2648363738954753, 36.79676411854655], [-2.264175867507885, 36.79329427083333], [-2.255067034700315, 36.78580729166666], [-2.2537657728706617, 36.78222656249999], [-2.2487560703739726, 36.78139108496872], [-2.244056894910032, 36.776144649160415], [-2.2433556782334376, 36.77246093749999], [-2.2342468454258664, 36.76497395833333], [-2.232945583596213, 36.76139322916666], [-2.2298641340653824, 36.76052987859735], [-2.2227780734279285, 36.754729550249195], [-2.2163544952681375, 36.74088541666666], [-2.2088722397476332, 36.73828124999999], [-2.201064668769715, 36.72656249999999], [-2.1971608832807563, 36.72265624999999], [-2.191955835962144, 36.72005208333333], [-2.1854495268138794, 36.71874999999999], [-2.1714609621451095, 36.71940104166666], [-2.163978706624605, 36.72265624999999], [-2.1597496056782326, 36.72721354166666], [-2.1551951892744468, 36.72851562499999], [-2.1314471608832797, 36.73014322916666], [-2.1294952681388004, 36.73111979166666], [-2.128844637223974, 36.73339843749999], [-2.121037066246056, 36.73535156249999], [-2.119404620248669, 36.74270220711891], [-2.1122044598780976, 36.74718358693355], [-2.10589049421407, 36.758908819445196], [-2.1008675078864343, 36.76041666666666], [-2.089156151419558, 36.76139322916666], [-2.087204258675078, 36.76464843749999], [-2.0790713722397465, 36.76627604166666], [-2.0725650630914823, 36.77408854166666], [-2.0657334384858035, 36.77604166666666], [-2.0637815457413238, 36.77799479166666], [-2.0618296529968445, 36.78776041666666], [-2.060853706624605, 36.80533854166666], [-2.0598777602523652, 36.80729166666666], [-2.054998028391166, 36.81022135416666], [-2.0475157728706614, 36.81998697916666], [-2.0423107255520496, 36.82291666666666], [-2.037430993690851, 36.82356770833333], [-2.0289727917981066, 36.83268229166666], [-2.020839905362775, 36.83430989583333], [-2.0192133280757085, 36.83821614583333], [-2.0159601735015764, 36.83821614583333], [-2.014658911671923, 36.83430989583333], [-2.011731072555204, 36.83333333333333], [-2.0101044952681377, 36.83430989583333], [-2.009128548895898, 36.83756510416666], [-2.0032728706624594, 36.83854166666666], [-2.0000197160883273, 36.84049479166666], [-1.9990437697160872, 36.84700520833333], [-1.9944893533123018, 36.84993489583333], [-1.9941640378548886, 36.85221354166666], [-1.9951399842271285, 36.85384114583333], [-1.998393138801261, 36.85481770833333], [-2.0003450315457405, 36.86393229166666], [-2.004248817034699, 36.86555989583333], [-2.004248817034699, 36.86881510416666], [-2.0003450315457405, 36.87011718749999], [-1.9993690851735006, 36.87304687499999], [-2.0003450315457405, 36.87467447916666], [-2.0035981861198726, 36.87565104166666], [-2.0045741324921127, 36.88151041666666], [-2.002622239747633, 36.88476562499999], [-1.994814668769715, 36.88736979166666], [-1.9935134069400622, 36.89420572916666], [-1.9844045741324912, 36.90169270833333], [-1.982926147102269, 36.90553904532294], [-1.9795248422712923, 36.90592447916666], [-1.976597003154573, 36.90136718749999], [-1.969765378548895, 36.90169270833333], [-1.9613071766561503, 36.91178385416666], [-1.9544755520504724, 36.91634114583333], [-1.9520095361604555, 36.92333260186831], [-1.9422051692693596, 36.93114003012376], [-1.9355323264179303, 36.933676622576094], [-1.920963620421141, 36.93455698554452], [-1.9203174290220812, 36.93261718749999], [-1.9180402208201883, 36.93229166666666], [-1.916413643533122, 36.93326822916666], [-1.9159369860960818, 36.934858090357125], [-1.9060495749142228, 36.93729139551463], [-1.901732346616721, 36.941895967493615], [-1.9006000277528745, 36.9479173513799], [-1.8959187697160873, 36.94889322916666], [-1.895593454258674, 36.95214843749999], [-1.8985212933753932, 36.95312499999999], [-1.9001478706624595, 36.95898437499999], [-1.9014491324921126, 36.98242187499999], [-1.9024250788643522, 36.98437499999999], [-1.9053529179810715, 36.98535156249999], [-1.9056782334384847, 36.98763020833333], [-1.9037263406940053, 36.98925781249999], [-1.8959187697160873, 36.99055989583333], [-1.8949428233438477, 36.99381510416666], [-1.8910390378548887, 36.99576822916666], [-1.8894124605678224, 37.00748697916666], [-1.8881111987381693, 37.00944010416666], [-1.8816048895899045, 37.01171874999999], [-1.8803036277602514, 37.01432291666666], [-1.879652996845425, 37.02343749999999], [-1.8767251577287059, 37.03190104166666], [-1.8650138012618285, 37.04296874999999], [-1.8633872239747622, 37.05045572916666], [-1.8555796529968442, 37.05696614583333], [-1.8533024447949515, 37.06575520833333], [-1.8503746056782324, 37.06770833333333], [-1.8487480283911661, 37.07649739583333], [-1.847446766561513, 37.10579427083333], [-1.8454948738170338, 37.11165364583333], [-1.8425670347003145, 37.11458333333333], [-1.8386632492113555, 37.11458333333333], [-1.8337835173501567, 37.11751302083333], [-1.8318316246056774, 37.12923177083333], [-1.8295544164037847, 37.13020833333333], [-1.8285784700315448, 37.13313802083333], [-1.8266265772870651, 37.17415364583333], [-1.8256506309148253, 37.17708333333333], [-1.8227227917981064, 37.17903645833333], [-1.8217468454258665, 37.18587239583333], [-1.8139392744479486, 37.19270833333333], [-1.8126380126182955, 37.19531249999999], [-1.8110114353312292, 37.20735677083333], [-1.8077582807570967, 37.20930989583333], [-1.8065712523931163, 37.216093645588494], [-1.7894369775640155, 37.235004275880414], [-1.786938091482649, 37.23535156249999], [-1.7853115141955826, 37.23860677083333], [-1.7752267350157718, 37.24153645833333], [-1.769696372239747, 37.24934895833333], [-1.766117902208201, 37.25065104166666], [-1.7654537258418892, 37.254638615684094], [-1.7295494827055486, 37.28350094070684], [-1.713485566033972, 37.30199883358173], [-1.708537066246056, 37.30305989583333], [-1.707561119873816, 37.30631510416666], [-1.703657334384857, 37.30826822916666], [-1.703014618930879, 37.31405632004481], [-1.6871480745147762, 37.33762744435922], [-1.6856097367810776, 37.342409852815045], [-1.682837145110409, 37.34505208333333], [-1.6808852523659297, 37.35351562499999], [-1.6776320977917971, 37.35449218749999], [-1.6756802050473176, 37.35839843749999], [-1.6708004731861186, 37.35937499999999], [-1.662016955835961, 37.35839843749999], [-1.6600650630914815, 37.35449218749999], [-1.656811908517349, 37.35449218749999], [-1.6548600157728697, 37.35904947916666], [-1.6431486593059925, 37.36816406249999], [-1.639570189274447, 37.37402343749999], [-1.6314373028391158, 37.37565104166666], [-1.6229791009463712, 37.38476562499999], [-1.6138702681388002, 37.38736979166666], [-1.6093158517350148, 37.39388020833333], [-1.598255126182964, 37.39778645833333], [-1.5947037958569077, 37.402186119310265], [-1.5882411772093692, 37.404424617796394], [-1.5875197160883272, 37.40201822916666], [-1.5842665615141946, 37.40104166666666], [-1.578410883280756, 37.40201822916666], [-1.5777602523659295, 37.40429687499999], [-1.5748324132492104, 37.40592447916666], [-1.5631210567823333, 37.40722656249999], [-1.5614944794952672, 37.41048177083333], [-1.5582413249211347, 37.41145833333333], [-1.5523856466876962, 37.41048177083333], [-1.5514097003154563, 37.40722656249999], [-1.5484818611987374, 37.40624999999999], [-1.546855283911671, 37.40820312499999], [-1.5455571599912383, 37.41599678565865], [-1.541650236593059, 37.41764322916666], [-1.5368838039524684, 37.42153058404201], [-1.5328667192429013, 37.42220052083333], [-1.530246984474913, 37.42610964116238], [-1.522456624605677, 37.42740885416666], [-1.5195287854889579, 37.43131510416666], [-1.5175768927444784, 37.43196614583333], [-1.5058655362776014, 37.43131510416666], [-1.502937697160882, 37.42740885416666], [-1.4951301261829641, 37.42610677083333], [-1.4941541798107245, 37.42285156249999], [-1.4925276025236585, 37.42187499999999], [-1.4895997634069391, 37.42285156249999], [-1.4886238170346993, 37.42610677083333], [-1.4808162460567815, 37.42773437499999], [-1.4788643533123018, 37.43359374999999], [-1.4798402996845417, 37.43684895833333], [-1.4821175078864344, 37.43749999999999], [-1.4837440851735004, 37.44042968749999], [-1.4837440851735004, 37.45019531249999], [-1.4830934542586742, 37.45214843749999], [-1.479189668769715, 37.45507812499999], [-1.477888406940062, 37.46289062499999], [-1.4756111987381693, 37.46354166666666], [-1.4730086750788636, 37.46744791666666], [-1.4678036277602515, 37.48307291666666], [-1.4635745268138791, 37.48535156249999], [-1.4625985804416395, 37.48860677083333], [-1.4547910094637215, 37.48990885416666], [-1.4521884858044154, 37.49381510416666], [-1.4443809148264972, 37.49511718749999], [-1.442795379319696, 37.49749699221427], [-1.4308446757889823, 37.49955417919393], [-1.400788643533122, 37.51399739583333], [-1.3930360909102744, 37.52459923994519], [-1.385949756871291, 37.530143979940966], [-1.373462145110409, 37.53222656249999], [-1.3708596214511028, 37.53417968749999], [-1.3691273582850736, 37.543094093727774], [-1.3539707377092198, 37.551234465998085], [-1.3282432965299673, 37.56119791666666], [-1.2843257097791787, 37.55924479166666], [-1.2626489910049, 37.559187841884885], [-1.2621171710319234, 37.56042999482876], [-1.259927050473185, 37.56054687499999], [-1.2550473186119864, 37.56315104166666], [-1.2537460567823333, 37.57031249999999], [-1.2511435331230274, 37.57291666666666], [-1.2381309148264974, 37.57682291666666], [-1.2355283911671915, 37.57682291666666], [-1.2342271293375384, 37.57486979166666], [-1.231299290220819, 37.57389322916666], [-1.2156377147733282, 37.5733128046183], [-1.1994028693726069, 37.56803527311043], [-1.1825796469800083, 37.565901642692076], [-1.1766462933753932, 37.55826822916666], [-1.1720918769716078, 37.55579577919327], [-1.1720918769716078, 37.55305989583333], [-1.1750197160883271, 37.55208333333333], [-1.1756703470031535, 37.55013020833333], [-1.173718454258674, 37.54557291666666], [-1.170790615141955, 37.54361979166666], [-1.1423174117711359, 37.54051923778866], [-1.1392350157728697, 37.53743489583333], [-1.1366324921135638, 37.53678385416666], [-1.1210173501577279, 37.53548177083333], [-1.118740141955835, 37.53157552083333], [-1.1164629337539425, 37.53124999999999], [-1.115897295997768, 37.53555313514109], [-1.1089074869457998, 37.534247539856935], [-1.1181776560118244, 37.54868401155275], [-1.1212918296279155, 37.55819500006022], [-1.1182798723313474, 37.56521219815899], [-1.1102819400630903, 37.57161458333333], [-1.090112381703469, 37.57389322916666], [-1.0865339116719235, 37.57779947916666], [-1.0787263406940055, 37.57910156249999], [-1.0777503943217657, 37.58235677083333], [-1.0761238170346994, 37.58333333333333], [-1.0738466088328065, 37.58300781249999], [-1.0728706624605668, 37.58007812499999], [-1.0699428233438475, 37.57845052083333], [-1.0601833596214503, 37.57845052083333], [-1.057255520504731, 37.58007812499999], [-1.0562795741324913, 37.58300781249999], [-1.0540023659305984, 37.58333333333333], [-1.052375788643532, 37.58235677083333], [-1.0520504731861189, 37.58007812499999], [-1.0452188485804406, 37.57747395833333], [-1.0292783911671917, 37.57486979166666], [-1.0178923501577277, 37.57519531249999], [-1.015615141955835, 37.57682291666666], [-1.0146391955835952, 37.58268229166666], [-1.0037862288224138, 37.5825620968514], [-1.0019518927444786, 37.48925781249999], [-1.0006506309148255, 37.29069010416666], [-0.999999999999999, 36.59570312499999], [-1.5999999999999988, 36.29785156249999], [-2.7999999999999976, 36.09928385416666], [-4.599999999999997, 35.99999999999999], [-6.9999999999999964, 35.99999999999999], [-8.799999999999995, 36.46874999999999], [-9.999999999999995, 37.40624999999999], [-10.599999999999994, 38.81249999999999], [-10.599999999999994, 40.68749999999999], [-10.457963197969537, 42.09374999999999], [-10.173889593908623, 43.03124999999999], [-9.747779187817251, 43.49999999999999], [-8.753521573604054, 43.49902474832214], [-8.46944796954314, 43.49707424496644], [-8.327411167512683, 43.49414848993288], [-8.329362309644662, 43.48537122483221], [-8.337166878172578, 43.483420721476506], [-8.3384676395939, 43.47984479865771], [-8.347572969543139, 43.47236786912751], [-8.347898159898469, 43.46554110738255], [-8.343345494923849, 43.46261535234899], [-8.34204473350253, 43.458714345637574], [-8.338792829949229, 43.458714345637574], [-8.335866116751259, 43.46326552013422], [-8.328061548223342, 43.4645658557047], [-8.325785215736033, 43.46781669463087], [-8.317655456852783, 43.46879194630872], [-8.303021890862937, 43.46781669463087], [-8.300745558375626, 43.4645658557047], [-8.292940989847706, 43.46326552013422], [-8.290989847715727, 43.46164010067113], [-8.292290609137046, 43.45936451342281], [-8.303997461928926, 43.45838926174496], [-8.310501269035523, 43.45643875838926], [-8.312777601522834, 43.448636744966436], [-8.316029505076134, 43.447661493288585], [-8.317005076142124, 43.446036073825496], [-8.317005076142124, 43.444735738255034], [-8.314728743654815, 43.443435402684564], [-8.282860088832479, 43.436933724832194], [-8.28058375634517, 43.435633389261724], [-8.27960818527918, 43.43270763422818], [-8.275705901015222, 43.43140729865772], [-8.27473032994923, 43.428156459731525], [-8.26692576142131, 43.42685612416106], [-8.264974619289331, 43.42393036912752], [-8.260096763959382, 43.42230494966442], [-8.243837246192886, 43.42230494966442], [-8.240585342639585, 43.42295511744966], [-8.238100609566306, 43.425084191398426], [-8.224083091469092, 43.42585930789508], [-8.222049492385779, 43.42295511744966], [-8.2103426395939, 43.4219798657718], [-8.203838832487303, 43.42295511744966], [-8.202350271292598, 43.4254352405511], [-8.194736568856456, 43.424710155971205], [-8.190889802055345, 43.42336804824489], [-8.190180837563442, 43.42230494966442], [-8.181725888324864, 43.4200293624161], [-8.183026649746186, 43.41775377516777], [-8.202212880710652, 43.41482802013422], [-8.207415926395932, 43.40832634228187], [-8.217496827411157, 43.404425335570465], [-8.218472398477148, 43.39792365771811], [-8.222374682741108, 43.3940226510067], [-8.223350253807098, 43.37646812080536], [-8.221399111675119, 43.36671560402684], [-8.21944796954314, 43.364765100671136], [-8.213594543147199, 43.36378984899328], [-8.21294416243654, 43.36151426174497], [-8.214895304568518, 43.359888842281876], [-8.221399111675119, 43.358913590604026], [-8.223350253807098, 43.35306208053691], [-8.221399111675119, 43.34981124161074], [-8.214895304568518, 43.34883598993289], [-8.21294416243654, 43.34591023489932], [-8.21879758883248, 43.34428481543623], [-8.232455583756337, 43.34395973154362], [-8.24023521909115, 43.345515149222116], [-8.244259774889152, 43.34844457709749], [-8.245138007614205, 43.35371224832214], [-8.248389911167504, 43.35533766778522], [-8.250015862944153, 43.367040687919456], [-8.253267766497451, 43.369966442953015], [-8.259121192893392, 43.37094169463087], [-8.260747144670042, 43.374842701342274], [-8.261775840864304, 43.37515120916639], [-8.264974619289331, 43.38166946308724], [-8.26692576142131, 43.38361996644295], [-8.268101486249607, 43.38461359301722], [-8.28206948809133, 43.388181381238375], [-8.296584327203322, 43.39494373073771], [-8.297168464466996, 43.400199244966444], [-8.300420368020296, 43.40149958053691], [-8.301395939086285, 43.40442533557045], [-8.303672271573596, 43.40540058724831], [-8.324159263959382, 43.40637583892617], [-8.335540926395929, 43.40540058724831], [-8.339768401015219, 43.40149958053691], [-8.347572969543139, 43.400199244966444], [-8.34854854060913, 43.39694840604025], [-8.352450824873088, 43.39532298657717], [-8.353751586294408, 43.38752097315435], [-8.358304251269026, 43.38459521812079], [-8.358629441624357, 43.38231963087249], [-8.356678299492376, 43.38069421140939], [-8.35017449238578, 43.38069421140939], [-8.347247779187809, 43.38524538590603], [-8.344971446700498, 43.38557046979865], [-8.343345494923849, 43.38361996644295], [-8.343020304568519, 43.3790687919463], [-8.343995875634509, 43.375817953020125], [-8.347898159898469, 43.37321728187919], [-8.34919892131979, 43.36541526845637], [-8.353101205583748, 43.362814597315435], [-8.353101205583748, 43.35631291946308], [-8.34854854060913, 43.35338716442952], [-8.348255329705497, 43.35133536005577], [-8.350383113199712, 43.34945139896571], [-8.356145094239379, 43.348491383190925], [-8.3766408450332, 43.36179636776151], [-8.385949926730458, 43.37191832327376], [-8.389373676154069, 43.384154723294806], [-8.39607106389135, 43.38286010874882], [-8.39992861675126, 43.38849622483221], [-8.404156091370549, 43.38882130872483], [-8.40870875634517, 43.385570469798644], [-8.410545451199722, 43.38006218915857], [-8.421270462018398, 43.377989029360094], [-8.422691941624358, 43.37971895973154], [-8.429520939086284, 43.38069421140939], [-8.432772842639585, 43.38459521812079], [-8.444479695431465, 43.38557046979865], [-8.450983502538062, 43.38361996644295], [-8.453259835025372, 43.375817953020125], [-8.458137690355322, 43.37321728187919], [-8.46236516497461, 43.36671560402684], [-8.473421637055829, 43.362814597315435], [-8.478612908684411, 43.35658711081962], [-8.48157056900095, 43.35501258389261], [-8.486754441624358, 43.35501258389261], [-8.490656725888318, 43.364765100671136], [-8.492933058375627, 43.36444001677852], [-8.494884200507606, 43.360539010067114], [-8.505940672588824, 43.35858850671141], [-8.506591053299484, 43.3566380033557], [-8.501713197969535, 43.344934983221464], [-8.508867385786793, 43.342009228187905], [-8.510493337563442, 43.334207214765094], [-8.513745241116743, 43.33323196308724], [-8.515371192893394, 43.32933095637583], [-8.52317576142131, 43.328030620805364], [-8.52610247461928, 43.32412961409395], [-8.528053616751262, 43.32347944630872], [-8.53976046954314, 43.32217911073824], [-8.542687182741108, 43.31827810402684], [-8.550491751269025, 43.31697776845637], [-8.551750543912265, 43.313957655178676], [-8.554273725590223, 43.31307676174496], [-8.555369606598976, 43.31307676174496], [-8.557320748730955, 43.31697776845637], [-8.569027601522833, 43.31827810402684], [-8.570978743654813, 43.31892827181207], [-8.571954314720804, 43.32120385906039], [-8.575531408629432, 43.32217911073824], [-8.61891094278764, 43.322504194630866], [-8.631914260786795, 43.31925335570469], [-8.638933613578674, 43.31340184563758], [-8.64947916666666, 43.31210151006711], [-8.658593749999994, 43.30429949664428], [-8.69147135416666, 43.301373741610725], [-8.696679687499994, 43.29747273489932], [-8.708398437499994, 43.29617239932885], [-8.709586427894578, 43.29379960777564], [-8.721925336067612, 43.296476414255615], [-8.72467447916666, 43.300398489932874], [-8.728906249999994, 43.30234899328858], [-8.734765624999994, 43.301373741610725], [-8.735245986841202, 43.29969473189998], [-8.750743938518767, 43.303439093356744], [-8.768860094929185, 43.30560768352811], [-8.786004676928252, 43.311014619647615], [-8.817751736028741, 43.334527232917175], [-8.82934931998263, 43.339326202363736], [-8.830468749999994, 43.342009228187905], [-8.83697916666666, 43.34395973154362], [-8.846093749999994, 43.34298447986576], [-8.849999999999994, 43.3381082214765], [-8.850869517106375, 43.33029307175257], [-8.854231770833328, 43.328030620805364], [-8.856036203989182, 43.3254987747004], [-8.866927083333328, 43.32347944630872], [-8.894270833333328, 43.3231543624161], [-8.90533854166666, 43.32152894295301], [-8.911848958333328, 43.31827810402684], [-8.913802083333328, 43.31340184563758], [-8.912028285612708, 43.30720188689329], [-8.92982637840518, 43.29840527767339], [-8.942541075133022, 43.294236124903314], [-8.962304687499994, 43.295847315436234], [-8.964583333333328, 43.295197147651], [-8.966536458333328, 43.292271392617444], [-8.974348958333328, 43.29097105704697], [-8.976953124999994, 43.287070050335565], [-8.984765624999994, 43.285769714765095], [-8.985742187499994, 43.28251887583892], [-8.988671874999994, 43.28154362416107], [-8.98834635416666, 43.27764261744966], [-8.984114583333328, 43.26854026845637], [-8.977929687499994, 43.26203859060402], [-8.974348958333328, 43.26073825503355], [-8.967513020833328, 43.26106333892617], [-8.962630208333328, 43.26463926174496], [-8.95611979166666, 43.26041317114093], [-8.95221354166666, 43.241233221476506], [-8.94440104166666, 43.23798238255033], [-8.943749999999994, 43.23343120805369], [-8.945521023795667, 43.229893914888635], [-8.947981770833328, 43.22985528523489], [-8.948958333333328, 43.232781040268456], [-8.951888020833328, 43.234406459731545], [-8.961653645833328, 43.234406459731545], [-8.96588541666666, 43.23050545302012], [-8.981835937499994, 43.22888003355703], [-8.986958038400267, 43.22587107732347], [-9.00450204902199, 43.237256], [-9.00794467489919, 43.237256], [-9.008203124999994, 43.238632550335566], [-9.01276041666666, 43.239932885906036], [-9.016015624999994, 43.23700713087248], [-9.01764322916666, 43.22530411073824], [-9.02154947916666, 43.22335360738254], [-9.022851562499994, 43.220102768456364], [-9.031640624999994, 43.219127516778514], [-9.036523437499994, 43.215226510067104], [-9.038753496845493, 43.20334882485511], [-9.051946897777304, 43.19492643829749], [-9.06484252126715, 43.19086531141654], [-9.08682371568168, 43.188213036018745], [-9.093164062499994, 43.19247063758388], [-9.10651041666666, 43.19344588926174], [-9.113020833333328, 43.19734689597315], [-9.132303524481323, 43.19814926298736], [-9.13787429486786, 43.199931594711146], [-9.145228724334201, 43.197008354851405], [-9.14947916666666, 43.19637164429529], [-9.152107885671514, 43.19427402464743], [-9.169231240062098, 43.18746783086772], [-9.175195312499994, 43.187269295302], [-9.178124999999994, 43.184018456375824], [-9.178647585819482, 43.18088715020376], [-9.209234857721484, 43.15938737313103], [-9.209700520833328, 43.160937499999996], [-9.212630208333328, 43.161912751677846], [-9.214257812499994, 43.15898699664429], [-9.214412248793744, 43.15574818771337], [-9.215655851920786, 43.15487405974001], [-9.212630208333328, 43.14630872483221], [-9.210044807937106, 43.14427035899527], [-9.207415694917497, 43.13930188472113], [-9.20587210846955, 43.139155483831324], [-9.207421874999994, 43.132655201342274], [-9.203515624999994, 43.13070469798657], [-9.194726562499994, 43.12972944630872], [-9.191796874999994, 43.12582843959731], [-9.184960937499994, 43.12615352348993], [-9.176497395833328, 43.135255872483214], [-9.168359374999994, 43.1349307885906], [-9.167382812499994, 43.131679949664424], [-9.163802083333328, 43.1294043624161], [-9.165755208333328, 43.11770134228187], [-9.168359374999994, 43.11119966442952], [-9.172591145833328, 43.1089240771812], [-9.17389322916666, 43.10567323825503], [-9.185286458333328, 43.10404781879193], [-9.186238490614578, 43.10167093282801], [-9.189980327458459, 43.10083181648715], [-9.201562499999994, 43.10469798657717], [-9.205637037230968, 43.104988634295275], [-9.215488097155554, 43.111309641411005], [-9.216536458333328, 43.11445050335569], [-9.221093749999994, 43.11510067114093], [-9.224348958333328, 43.11119966442952], [-9.224999999999994, 43.10209731543623], [-9.226711931030431, 43.09867804916336], [-9.232822188258337, 43.09540895390677], [-9.244531249999994, 43.094295302013414], [-9.250390624999994, 43.09201971476509], [-9.254296874999994, 43.08746854026845], [-9.256249999999994, 43.080641778523486], [-9.257530469465012, 43.059453328870774], [-9.270641061953445, 43.05900570014653], [-9.27775996234755, 43.05436260826042], [-9.277337625558376, 43.053009647650995], [-9.286848958333328, 43.053009647650995], [-9.292708333333328, 43.05463506711409], [-9.29303385416666, 43.05691065436241], [-9.29596354166666, 43.05788590604026], [-9.29791666666666, 43.05398489932885], [-9.297265624999994, 43.04910864093959], [-9.289453124999994, 43.042606963087245], [-9.286523437499994, 43.0325293624161], [-9.28326822916666, 43.0305788590604], [-9.280989583333328, 43.01497483221476], [-9.27838541666666, 43.01237416107382], [-9.27447916666666, 43.011073825503345], [-9.265364583333328, 43.00977348993288], [-9.26276041666666, 43.00717281879193], [-9.261458333333328, 43.00327181208053], [-9.262434895833328, 42.99156879194631], [-9.265364583333328, 42.98896812080537], [-9.263711808843743, 42.979064784803334], [-9.268732868862452, 42.968844505971255], [-9.272200520833328, 42.96751258389261], [-9.278710937499994, 42.959710570469795], [-9.283593749999994, 42.95906040268456], [-9.286848958333328, 42.957109899328856], [-9.287825520833328, 42.9506082214765], [-9.291731770833328, 42.94800755033557], [-9.29303385416666, 42.94020553691274], [-9.29694010416666, 42.9372797818792], [-9.297591145833328, 42.93532927852348], [-9.29694010416666, 42.92557676174496], [-9.29498697916666, 42.92362625838925], [-9.288238690352115, 42.92194145071207], [-9.282645541974803, 42.91821309787521], [-9.28131510416666, 42.91289848993288], [-9.279402793157765, 42.912102763204345], [-9.27763714062399, 42.90794623819943], [-9.28033854166666, 42.90704697986576], [-9.281966145833328, 42.90314597315435], [-9.28229166666666, 42.894043624161064], [-9.28033854166666, 42.886566694630865], [-9.27838541666666, 42.884291107382545], [-9.27252604166666, 42.88234060402684], [-9.271223958333328, 42.885591442953015], [-9.265364583333328, 42.88949244966442], [-9.262109374999994, 42.89794463087247], [-9.261901057503183, 42.90314557777273], [-9.252828887664785, 42.92121844055612], [-9.247048187580157, 42.927852348993284], [-9.237044270833328, 42.93077810402684], [-9.235494604606533, 42.93658155204396], [-9.224741722057622, 42.94162309952452], [-9.220717470906836, 42.941303111971486], [-9.21881510416666, 42.933703859060394], [-9.215559895833328, 42.932078439597305], [-9.214583333333328, 42.92330117449664], [-9.212630208333328, 42.920375419463085], [-9.202864583333328, 42.917449664429526], [-9.195052083333328, 42.917449664429526], [-9.185286458333328, 42.920375419463085], [-9.183333333333328, 42.92330117449664], [-9.184309895833328, 42.932078439597305], [-9.18756510416666, 42.933703859060394], [-9.188867187499994, 42.94150587248322], [-9.19342447916666, 42.944431627516764], [-9.193749999999994, 42.9467072147651], [-9.18844891892263, 42.94847186994252], [-9.182512098066587, 42.94641971645455], [-9.173096737217985, 42.93532231867338], [-9.17194010416666, 42.92882760067114], [-9.16803385416666, 42.92590184563758], [-9.166731770833328, 42.918099832214764], [-9.163476562499994, 42.917124580536914], [-9.161523437499994, 42.91322357382549], [-9.149804687499994, 42.91192323825503], [-9.146874999999994, 42.91029781879193], [-9.146223958333328, 42.90802223154361], [-9.138411458333328, 42.90672189597315], [-9.136458333333328, 42.90509647651006], [-9.137109374999994, 42.90282088926173], [-9.142968749999994, 42.90184563758388], [-9.146223958333328, 42.899895134228174], [-9.14654947916666, 42.893393456375826], [-9.141974553101104, 42.89034442624237], [-9.145973863146336, 42.88639877236999], [-9.148177083333328, 42.886241610738246], [-9.15143229166666, 42.88234060402684], [-9.152083333333328, 42.87323825503355], [-9.150130208333328, 42.86576132550335], [-9.14361979166666, 42.86055998322147], [-9.14069010416666, 42.85048238255033], [-9.137434895833328, 42.84950713087248], [-9.136458333333328, 42.84658137583892], [-9.131575520833328, 42.844955956375834], [-9.12018229166666, 42.844630872483215], [-9.11529947916666, 42.842680369127514], [-9.112044270833328, 42.8387793624161], [-9.11041666666666, 42.83292785234899], [-9.11041666666666, 42.82512583892617], [-9.113020833333328, 42.81862416107382], [-9.11822916666666, 42.81342281879194], [-9.122857178306571, 42.811111919020064], [-9.132476625421646, 42.81123785026091], [-9.130866733639994, 42.80823111823052], [-9.144270833333328, 42.80464555369127], [-9.152083333333328, 42.80106963087248], [-9.150130208333328, 42.79814387583892], [-9.141341145833328, 42.79586828859059], [-9.137109374999994, 42.78936661073825], [-9.132226562499994, 42.78644085570469], [-9.130598958333328, 42.77473783557046], [-9.127343749999994, 42.771812080536904], [-9.121484374999994, 42.77083682885905], [-9.120507812499994, 42.767585989932876], [-9.116601562499994, 42.76596057046979], [-9.11432291666666, 42.758158557046976], [-9.096093749999994, 42.75425755033556], [-9.09381510416666, 42.74645553691275], [-9.090559895833328, 42.74548028523489], [-9.088606770833328, 42.74157927852348], [-9.079817708333328, 42.74060402684563], [-9.07721354166666, 42.7419043624161], [-9.075911458333328, 42.74450503355704], [-9.07721354166666, 42.75360738255033], [-9.076562499999994, 42.75750838926174], [-9.070849134280694, 42.76047745327416], [-9.05475260416666, 42.762384647651], [-9.052148437499994, 42.766285654362406], [-9.04986979166666, 42.766610738255025], [-9.048242187499994, 42.76856124161073], [-9.04889322916666, 42.776363255033544], [-9.049799103879115, 42.77663465266552], [-9.047292261539903, 42.7786278263552], [-9.049014542070806, 42.787366205395934], [-9.03815104166666, 42.78936661073825], [-9.032617187499994, 42.79586828859059], [-9.022596197423345, 42.79877370316315], [-9.017349372137067, 42.798198247570184], [-9.01666666666666, 42.79001677852348], [-9.014388020833328, 42.78611577181207], [-9.00983072916666, 42.78351510067113], [-9.00299479166666, 42.78221476510066], [-8.993880208333328, 42.78221476510066], [-8.98248697916666, 42.78416526845636], [-8.980208333333328, 42.786115771812064], [-8.979882812499994, 42.79066694630872], [-8.978255208333328, 42.79261744966442], [-8.97565104166666, 42.79196728187918], [-8.969466145833328, 42.78416526845636], [-8.956770833333328, 42.78221476510066], [-8.94928385416666, 42.78611577181207], [-8.943789307424112, 42.79902676360507], [-8.931054687499994, 42.80269505033557], [-8.928124999999994, 42.80106963087248], [-8.927148437499994, 42.79814387583892], [-8.92486979166666, 42.7978187919463], [-8.92682291666666, 42.79196728187918], [-8.932031249999994, 42.78514052013422], [-8.941796874999994, 42.78123951342281], [-8.943749999999994, 42.776363255033544], [-8.944667435934461, 42.76811741474202], [-8.949609374999994, 42.76466023489932], [-8.953768831045332, 42.758757362907886], [-8.95797653073724, 42.754430082667994], [-8.962630208333328, 42.75133179530201], [-8.963308618870407, 42.74958158717816], [-8.97563383874621, 42.74437376582046], [-8.977929687499994, 42.74548028523489], [-8.98834635416666, 42.74483011744966], [-8.991601562499994, 42.74287961409395], [-8.999711025591672, 42.73404480183251], [-9.005518746340346, 42.732477309854936], [-9.009505208333328, 42.72922609060402], [-9.022599783316872, 42.71352238211819], [-9.026106770833328, 42.71264681208053], [-9.027076469937345, 42.70877322210261], [-9.028811494114585, 42.706932595731544], [-9.029848676823937, 42.7035943326981], [-9.03131510416666, 42.70256921140939], [-9.031629245442563, 42.697863417262994], [-9.036723816911364, 42.678678644149734], [-9.04205729166666, 42.67623741610738], [-9.043684895833328, 42.66843540268455], [-9.047591145833328, 42.66583473154362], [-9.047591145833328, 42.65933305369127], [-9.043684895833328, 42.65608221476509], [-9.043277696980146, 42.65337119958149], [-9.05018048808028, 42.64508774081483], [-9.063669841685122, 42.62094572515424], [-9.068098958333328, 42.61999790268456], [-9.06842447916666, 42.61674706375838], [-9.065194821282951, 42.61567195616756], [-9.066322678706717, 42.610354945453224], [-9.067773437499994, 42.609920302013414], [-9.069726562499994, 42.6021182885906], [-9.084374999999994, 42.59821728187919], [-9.083398437499994, 42.59529152684563], [-9.08014322916666, 42.59431627516778], [-9.07916666666666, 42.58846476510066], [-9.08014322916666, 42.58521392617449], [-9.083723958333328, 42.58391359060401], [-9.086328124999994, 42.58066275167784], [-9.087630208333328, 42.5780620805369], [-9.08697916666666, 42.576111577181194], [-9.079817708333328, 42.57416107382549], [-9.06842447916666, 42.57448615771811], [-9.06354166666666, 42.5761115771812], [-9.06158854166666, 42.57903733221475], [-9.057031249999994, 42.57936241610737], [-9.05182291666666, 42.576436661073814], [-9.04401041666666, 42.566359060402675], [-9.03424479166666, 42.55855704697986], [-9.03229166666666, 42.55270553691275], [-9.032942708333328, 42.54587877516778], [-9.03424479166666, 42.54392827181207], [-9.04108072916666, 42.54165268456375], [-9.04596354166666, 42.52994966442952], [-9.04498697916666, 42.526048657718114], [-9.041731770833328, 42.523447986577175], [-9.03619791666666, 42.522147651006705], [-9.01861979166666, 42.52312290268456], [-9.01471354166666, 42.527023909395965], [-9.00690104166666, 42.52832424496644], [-9.005273437499994, 42.531575083892605], [-8.991601562499994, 42.53352558724832], [-8.99029947916666, 42.536776426174484], [-8.98736979166666, 42.53775167785234], [-8.98639322916666, 42.54002726510066], [-8.98585241589983, 42.551369099303315], [-8.981937986938183, 42.55245208197595], [-8.974273627604736, 42.57416107382549], [-8.969140624999994, 42.57416107382549], [-8.96100260416666, 42.576111577181194], [-8.959374999999994, 42.5780620805369], [-8.958530597916605, 42.583121692483545], [-8.947461101986145, 42.585481235626794], [-8.939192708333328, 42.58456375838925], [-8.934309895833328, 42.58553901006711], [-8.931380208333328, 42.58944001677852], [-8.92486979166666, 42.59041526845637], [-8.92291666666666, 42.593666107382546], [-8.92389322916666, 42.598217281879194], [-8.932107944362597, 42.60056119294565], [-8.9374996389671, 42.60542059431879], [-8.937669175537124, 42.60721602693986], [-8.904068166703816, 42.62683241522553], [-8.888965282698235, 42.63201174032773], [-8.888078185682486, 42.63005427359457], [-8.89286227958047, 42.620687028732846], [-8.889563762283853, 42.618775348772], [-8.889388020833328, 42.61772231543624], [-8.880460089995601, 42.613499248537074], [-8.876954544124676, 42.61519761530523], [-8.87213541666666, 42.61479656040268], [-8.868880208333328, 42.610895553691265], [-8.86432291666666, 42.61057046979865], [-8.86236979166666, 42.61187080536912], [-8.859114583333328, 42.62747483221476], [-8.85651041666666, 42.6300755033557], [-8.85260416666666, 42.63137583892617], [-8.843489583333328, 42.6320260067114], [-8.839583333333328, 42.63527684563758], [-8.840559895833328, 42.639828020134225], [-8.842513020833328, 42.64112835570469], [-8.851403642109936, 42.64236150675424], [-8.858398887112989, 42.64856500700702], [-8.851302083333328, 42.65965813758388], [-8.840234374999994, 42.66453439597315], [-8.839257812499994, 42.6710360738255], [-8.837630208333328, 42.6729865771812], [-8.834700520833328, 42.67201132550335], [-8.833398437499994, 42.66876048657717], [-8.822005208333328, 42.66648489932885], [-8.820703124999994, 42.6599832214765], [-8.822656249999994, 42.648280201342274], [-8.819075520833328, 42.646004614093954], [-8.818749999999994, 42.643729026845634], [-8.816796874999994, 42.64210360738254], [-8.810286458333328, 42.641453439597306], [-8.806380208333328, 42.6375524328859], [-8.796614583333328, 42.63657718120805], [-8.779036458333328, 42.6375524328859], [-8.777083333333328, 42.638527684563755], [-8.776106770833328, 42.641453439597306], [-8.772851562499994, 42.64112835570469], [-8.771874999999994, 42.63787751677852], [-8.772851562499994, 42.6320260067114], [-8.776106770833328, 42.63105075503355], [-8.778059895833328, 42.62714974832214], [-8.789778645833328, 42.62552432885905], [-8.792708333333328, 42.62227348993288], [-8.792708333333328, 42.61967281879194], [-8.789778645833328, 42.61642197986576], [-8.778059895833328, 42.61479656040268], [-8.776106770833328, 42.610895553691265], [-8.772851562499994, 42.609920302013414], [-8.772113028962785, 42.60746182795667], [-8.774367458942294, 42.60374076782137], [-8.777051940762465, 42.601124797497505], [-8.78522135416666, 42.599192533557044], [-8.791406249999994, 42.59431627516778], [-8.79536419223997, 42.58912844886263], [-8.80100050716166, 42.58789327372732], [-8.81307605918814, 42.579969522334224], [-8.827864583333328, 42.578387164429515], [-8.83111979166666, 42.573510906040255], [-8.837630208333328, 42.568634647650995], [-8.83893229166666, 42.565383808724825], [-8.839257812499994, 42.55205536912751], [-8.837630208333328, 42.5481543624161], [-8.834700520833328, 42.5462038590604], [-8.833398437499994, 42.53840184563758], [-8.83014322916666, 42.53645134228187], [-8.828515624999994, 42.520847315436235], [-8.82721354166666, 42.518246644295296], [-8.820703124999994, 42.515645973154356], [-8.818749999999994, 42.50914429530201], [-8.81940104166666, 42.50004194630872], [-8.820703124999994, 42.49744127516778], [-8.828515624999994, 42.49516568791945], [-8.83014322916666, 42.49126468120805], [-8.833398437499994, 42.49028942953019], [-8.834374999999994, 42.48703859060402], [-8.833398437499994, 42.48118708053691], [-8.830468749999994, 42.479886744966436], [-8.832747395833328, 42.47208473154362], [-8.83209635416666, 42.47078439597315], [-8.824609374999994, 42.4681837248322], [-8.825460949439575, 42.46080375775169], [-8.82819010416666, 42.46005662751677], [-8.829817708333328, 42.46395763422818], [-8.835677083333328, 42.46493288590603], [-8.83893229166666, 42.46395763422818], [-8.83990885416666, 42.460706795302], [-8.84283854166666, 42.45973154362415], [-8.84967447916666, 42.4681837248322], [-8.85651041666666, 42.47013422818791], [-8.859765624999994, 42.47598573825503], [-8.86041666666666, 42.48963926174496], [-8.86236979166666, 42.49939177852349], [-8.86432291666666, 42.50134228187919], [-8.87018229166666, 42.50231753355705], [-8.87115885416666, 42.50556837248321], [-8.872786458333328, 42.50654362416107], [-8.87506510416666, 42.50621854026845], [-8.87701822916666, 42.50231753355705], [-8.88580729166666, 42.50134228187919], [-8.89069010416666, 42.49939177852349], [-8.893312123743206, 42.49284552830554], [-8.916200263236298, 42.486211183331264], [-8.92792997167978, 42.480737404801985], [-8.933333333333328, 42.48248741610738], [-8.934309895833328, 42.485413171140934], [-8.93756510416666, 42.485413171140934], [-8.938867187499994, 42.48151216442953], [-8.941796874999994, 42.480536912751674], [-8.94342447916666, 42.476635906040265], [-8.942773437499994, 42.46103187919462], [-8.938867187499994, 42.4587562919463], [-8.93756510416666, 42.45550545302012], [-8.93268229166666, 42.45453020134227], [-8.925520833333328, 42.45518036912751], [-8.92291666666666, 42.456480704697974], [-8.919661458333328, 42.46103187919462], [-8.91217447916666, 42.46330746644294], [-8.898859212486498, 42.46176125785702], [-8.887082961667755, 42.456813237012035], [-8.878458971053464, 42.444012822886364], [-8.879296874999994, 42.41974622483221], [-8.87799479166666, 42.41519505033557], [-8.875390624999994, 42.41291946308724], [-8.865624999999994, 42.410968959731534], [-8.858789062499994, 42.40316694630872], [-8.851953124999994, 42.40186661073825], [-8.849999999999994, 42.398615771812075], [-8.849023437499994, 42.392764261744965], [-8.84576822916666, 42.391789010067114], [-8.84479166666666, 42.388863255033556], [-8.84088541666666, 42.38723783557047], [-8.831770833333328, 42.38691275167785], [-8.82526041666666, 42.38886325503355], [-8.822981770833328, 42.396665268456374], [-8.819726562499994, 42.397640520134225], [-8.81744791666666, 42.401541526845634], [-8.81224362054617, 42.40232112341885], [-8.799218749999994, 42.401541526845634], [-8.796614583333328, 42.398290687919456], [-8.77838541666666, 42.396340184563755], [-8.776106770833328, 42.392439177852346], [-8.773828124999994, 42.39211409395973], [-8.770898437499994, 42.396340184563755], [-8.762109374999994, 42.397315436241605], [-8.757226562499994, 42.399265939597306], [-8.756249999999994, 42.403817114093954], [-8.752343749999994, 42.40804320469798], [-8.736718749999994, 42.41356963087247], [-8.73346354166666, 42.41779572147651], [-8.72565104166666, 42.41909605704697], [-8.723046874999994, 42.42299706375839], [-8.715234374999994, 42.42429739932885], [-8.712630208333328, 42.428198406040266], [-8.704817708333328, 42.42949874161073], [-8.70221354166666, 42.433399748322145], [-8.69537760416666, 42.433074664429526], [-8.68854166666666, 42.4252726510067], [-8.68268229166666, 42.423322147651], [-8.67584635416666, 42.42299706375839], [-8.67389322916666, 42.42234689597315], [-8.67291666666666, 42.42007130872483], [-8.67389322916666, 42.41844588926174], [-8.677473958333328, 42.41747063758389], [-8.681731370603291, 42.41240909279505], [-8.693867492639159, 42.406491080920894], [-8.712630208333328, 42.400891359060395], [-8.714583333333328, 42.398615771812075], [-8.715205073317325, 42.39489033920999], [-8.7262693003409, 42.38727759366836], [-8.73444010416666, 42.38496224832214], [-8.735989608886733, 42.378772548930286], [-8.743905508374239, 42.37184632030638], [-8.74713541666666, 42.37130872483221], [-8.750390624999994, 42.36838296979865], [-8.750740720118333, 42.36586566841621], [-8.763457489458979, 42.35473878991684], [-8.770821678743573, 42.341744491184166], [-8.77623762532676, 42.338822280858835], [-8.81354166666666, 42.34530201342281], [-8.831770833333328, 42.34465184563757], [-8.839583333333328, 42.3414010067114], [-8.83893229166666, 42.33684983221475], [-8.829817708333328, 42.33294882550335], [-8.828515624999994, 42.32612206375838], [-8.825152099260638, 42.32318292918614], [-8.825803239732206, 42.296202396464764], [-8.831899400984438, 42.28810761240176], [-8.833651308451106, 42.287780229482166], [-8.847667411249791, 42.303336], [-8.850243239138914, 42.303336], [-8.851953124999994, 42.30921770134228], [-8.85651041666666, 42.312143456375836], [-8.85846354166666, 42.3114932885906], [-8.86041666666666, 42.30434144295302], [-8.86139322916666, 42.28971266778523], [-8.864648437499994, 42.28678691275167], [-8.86529947916666, 42.28418624161073], [-8.86627604166666, 42.27085780201342], [-8.869531249999994, 42.265331375838926], [-8.875390624999994, 42.26045511744965], [-8.875390624999994, 42.25362835570469], [-8.87213541666666, 42.25167785234898], [-8.86627604166666, 42.25070260067113], [-8.86529947916666, 42.247451761744955], [-8.86236979166666, 42.246476510067104], [-8.860742187499994, 42.24940226510066], [-8.86041666666666, 42.25622902684563], [-8.857045046239575, 42.26043789529823], [-8.850680627283545, 42.26194805708853], [-8.843164062499994, 42.2614303691275], [-8.837630208333328, 42.25817953020133], [-8.832747395833328, 42.252328020134215], [-8.827864583333328, 42.25167785234898], [-8.823632812499994, 42.25362835570469], [-8.81940104166666, 42.26013003355704], [-8.817869023888473, 42.26089501424628], [-8.814279657379352, 42.260708750647574], [-8.808007812499994, 42.25362835570469], [-8.800520833333328, 42.25167785234898], [-8.791406249999994, 42.252328020134215], [-8.788802083333328, 42.25362835570469], [-8.787499999999994, 42.25817953020133], [-8.78522135416666, 42.26013003355704], [-8.752343749999994, 42.26403104026845], [-8.74420572916666, 42.27183305369127], [-8.73736979166666, 42.273458473154356], [-8.735036605999825, 42.28394371558733], [-8.726389185564557, 42.286917390724895], [-8.724999999999994, 42.284836409395965], [-8.717187499999994, 42.28321098993288], [-8.690820312499994, 42.2835360738255], [-8.681380208333328, 42.28678691275167], [-8.67779947916666, 42.29133808724832], [-8.674544270833328, 42.29263842281878], [-8.658593749999994, 42.29426384228187], [-8.656966145833328, 42.29751468120805], [-8.654036458333328, 42.2984899328859], [-8.653710937499994, 42.29979026845637], [-8.66022135416666, 42.315394295302006], [-8.660546874999994, 42.319295302013415], [-8.65826822916666, 42.319620385906035], [-8.656185556789335, 42.323521392617444], [-8.64304178563874, 42.325796979865764], [-8.640371192893394, 42.33229865771811], [-8.640172906091365, 42.34400167785234], [-8.63484560067681, 42.34627726510066], [-8.634038636802646, 42.34809049667832], [-8.631352026658295, 42.34872258312716], [-8.621680678934004, 42.34660234899328], [-8.621201934129184, 42.34754096781475], [-8.620153, 42.340806], [-8.620160519636444, 42.310056992118874], [-8.62423110151483, 42.300762962002295], [-8.630935167714137, 42.29555675404875], [-8.640382990487199, 42.29065513000978], [-8.650652363578674, 42.29198825503355], [-8.655989583333328, 42.28743708053691], [-8.66901041666666, 42.28321098993288], [-8.67291666666666, 42.278984899328854], [-8.67363490333247, 42.27647444526474], [-8.694639203777742, 42.2617767544926], [-8.704817708333328, 42.26078020134227], [-8.708723958333328, 42.25817953020133], [-8.71178294465156, 42.25318842151699], [-8.718949634415521, 42.25096271088888], [-8.727055812330933, 42.24630539777069], [-8.728255208333328, 42.246476510067104], [-8.72992582713893, 42.24465646312429], [-8.74675442535157, 42.23498778177603], [-8.755598958333328, 42.23607382550335], [-8.760481770833328, 42.235098573825496], [-8.763411458333328, 42.23119756711408], [-8.771223958333328, 42.22989723154362], [-8.772200520833328, 42.22664639261744], [-8.776106770833328, 42.22469588926174], [-8.777506000920097, 42.21491442578269], [-8.788287039501503, 42.20469734686794], [-8.79205729166666, 42.20389052013422], [-8.792785222605675, 42.20146734063254], [-8.794564406713967, 42.20038724712509], [-8.79694010416666, 42.19998951342281], [-8.798242187499994, 42.20389052013422], [-8.801171874999994, 42.204865771812074], [-8.804101562499994, 42.200639681208045], [-8.812890624999994, 42.199664429530195], [-8.815820312499994, 42.19738884228187], [-8.818749999999994, 42.186010906040266], [-8.819439953141563, 42.1715413384109], [-8.841898175569945, 42.16255670975929], [-8.846093749999994, 42.16325503355704], [-8.849348958333328, 42.16227978187919], [-8.850976562499994, 42.158378775167776], [-8.854882812499994, 42.15707843959731], [-8.85455729166666, 42.153827600671136], [-8.84674479166666, 42.15252726510066], [-8.84381510416666, 42.14862625838926], [-8.83209635416666, 42.14732592281878], [-8.82916666666666, 42.14570050335569], [-8.828515624999994, 42.14342491610738], [-8.822656249999994, 42.14244966442952], [-8.81940104166666, 42.14049916107382], [-8.81940104166666, 42.136937067146185], [-8.82281706176519, 42.13271819515772], [-8.82721354166666, 42.13107172818791], [-8.828645452039586, 42.128537787344214], [-8.844682652833372, 42.125141153937626], [-8.846093749999994, 42.12977139261744], [-8.85260416666666, 42.130096476510055], [-8.865685186861793, 42.12481576865578], [-8.884144372788596, 42.12455028278632], [-8.89413583147994, 42.1181751732426], [-8.894639296208695, 42.11535362212451], [-8.900130208333328, 42.11254194630872], [-8.902083333333328, 42.10864093959731], [-8.901106770833328, 42.09693791946308], [-8.897851562499994, 42.09466233221476], [-8.896874999999994, 42.0897860738255], [-8.897851562499994, 42.081008808724825], [-8.901106770833328, 42.079708473154355], [-8.902083333333328, 42.0767827181208], [-8.897851562499994, 42.073856963087245], [-8.894921874999994, 42.05922818791946], [-8.892572564678552, 42.057552361573194], [-8.890034966172099, 42.03268103363219], [-8.891341145833328, 42.03224622483221], [-8.89166666666666, 42.02997063758389], [-8.889596142270808, 42.028380064377366], [-8.886259287811882, 41.995675126488926], [-8.88678385416666, 41.99192256753994], [-8.89069010416666, 41.98841962491056], [-8.891341145833328, 41.98607105747283], [-8.891341145833328, 41.97432822028412], [-8.89069010416666, 41.971979652846386], [-8.887434895833328, 41.96937813000375], [-8.886458333333328, 41.96224193438489], [-8.887434895833328, 41.94939678227097], [-8.891341145833328, 41.94504282994923], [-8.891341145833328, 41.93528711928933], [-8.88971354166666, 41.93236040609136], [-8.887434895833328, 41.93138483502537], [-8.886132812499994, 41.919677982233495], [-8.885481770833328, 41.91772684010151], [-8.883203124999994, 41.91675126903552], [-8.882226562499994, 41.91317417512689], [-8.881249999999994, 41.88098032994923], [-8.879296874999994, 41.863094860406086], [-8.877343749999994, 41.859517766497454], [-8.872786458333328, 41.858867385786795], [-8.870833333333328, 41.855615482233496], [-8.873733710803107, 41.84802945213785], [-8.879296874999994, 41.84358343908629], [-8.881249999999994, 41.8361040609137], [-8.879296874999994, 41.82342163705583], [-8.872786458333328, 41.81789340101522], [-8.870841624599253, 41.812002701801504], [-8.872786458333328, 41.80325983502537], [-8.879296874999994, 41.80130869289339], [-8.881249999999994, 41.79643083756344], [-8.880273437499994, 41.78765069796954], [-8.87701822916666, 41.786024746192886], [-8.87604166666666, 41.78277284263959], [-8.87647278702463, 41.77814984945364], [-8.879296874999994, 41.77626903553299], [-8.88092447916666, 41.768464467005074], [-8.880273437499994, 41.737246192893394], [-8.879296874999994, 41.734644670050756], [-8.876367187499994, 41.73269352791878], [-8.87408854166666, 41.72391338832487], [-8.867846070574632, 41.71871661035993], [-8.866021120753459, 41.71562694644656], [-8.86529947916666, 41.71058058375634], [-8.859765624999994, 41.704727157360395], [-8.85455729166666, 41.68911802030456], [-8.850325520833328, 41.68684168781725], [-8.849348958333328, 41.68358978426396], [-8.840234374999994, 41.68163864213197], [-8.83893229166666, 41.67838673857867], [-8.83307291666666, 41.67741116751268], [-8.829817708333328, 41.67350888324872], [-8.829492187499994, 41.66050126903553], [-8.83111979166666, 41.65659898477157], [-8.83404947916666, 41.65562341370558], [-8.834374999999994, 41.653347081218264], [-8.833398437499994, 41.65172112944161], [-8.83014322916666, 41.650745558375625], [-8.828841145833328, 41.64294098984771], [-8.82526041666666, 41.64033946700507], [-8.82721354166666, 41.634486040609126], [-8.826888020833328, 41.63025856598984], [-8.820703124999994, 41.62570590101522], [-8.81827422908221, 41.617348197566145], [-8.818003239629064, 41.61221236935579], [-8.813449921430397, 41.600897730647404], [-8.81256510416666, 41.590585342639585], [-8.80992255332805, 41.58842545060205], [-8.806898638036962, 41.57338888621127], [-8.798218907625277, 41.55297112886077], [-8.79694010416666, 41.529124365482225], [-8.79596354166666, 41.52652284263959], [-8.793684895833328, 41.52522208121826], [-8.792708333333328, 41.51871827411166], [-8.793684895833328, 41.50701142131979], [-8.797591145833328, 41.504735088832476], [-8.79791666666666, 41.50245875634517], [-8.79694010416666, 41.50083280456852], [-8.793684895833328, 41.49985723350253], [-8.792708333333328, 41.494003807106594], [-8.790755208333328, 41.490751903553296], [-8.78424479166666, 41.48912595177664], [-8.78229166666666, 41.4842480964467], [-8.78131510416666, 41.47546795685279], [-8.777083333333328, 41.47254124365482], [-8.77740885416666, 41.470264911167504], [-8.78131510416666, 41.46766338832487], [-8.78326822916666, 41.44490006345177], [-8.786523437499994, 41.441973350253804], [-8.787825520833328, 41.426364213197964], [-8.789453124999994, 41.422461928934005], [-8.792382812499994, 41.42051078680202], [-8.792708333333328, 41.4159581218274], [-8.790755208333328, 41.41173064720812], [-8.78424479166666, 41.40717798223349], [-8.782286884430496, 41.40044092613288], [-8.782302309504859, 41.39414595328559], [-8.776829577385046, 41.38009063030602], [-8.76932650732458, 41.37051199426424], [-8.766992187499994, 41.36392766497461], [-8.765039062499994, 41.36132614213197], [-8.762032764631783, 41.36018204849801], [-8.754296874999994, 41.340513959390854], [-8.747394657583994, 41.33764095518724], [-8.745507812499994, 41.33075824873096], [-8.743004190431474, 41.32848453934893], [-8.742998742512002, 41.32001234677897], [-8.744531249999994, 41.30929568527918], [-8.743061360413709, 41.308153598480494], [-8.743116595464059, 41.297693034623975], [-8.738681476879984, 41.28557504878014], [-8.734612665552861, 41.27743667982888], [-8.732223292909783, 41.2587623306772], [-8.735500677851173, 41.24985909265805], [-8.728326937036698, 41.23911393632771], [-8.726302083333328, 41.233201142131975], [-8.72369791666666, 41.231900380710655], [-8.721419270833328, 41.22767290609137], [-8.714257812499994, 41.18767449238578], [-8.71100260416666, 41.18117068527918], [-8.706770833333328, 41.17791878172588], [-8.701562499999994, 41.17791878172588], [-8.695052083333328, 41.174992068527914], [-8.692773437499994, 41.16328521573604], [-8.68951822916666, 41.16198445431472], [-8.68756510416666, 41.157431789340094], [-8.67877604166666, 41.150602791878164], [-8.67389322916666, 41.142473032994914], [-8.67194010416666, 41.122311230964456], [-8.668684895833328, 41.11938451776649], [-8.667382812499994, 41.10377538071066], [-8.665521259245669, 41.10052096984371], [-8.662738626913837, 41.08146546857627], [-8.661523437499994, 41.055972398477145], [-8.660546874999994, 41.05304568527918], [-8.657617187499994, 41.0510945431472], [-8.653785852612115, 41.03076483633655], [-8.653605848054099, 40.993668674784864], [-8.701210089003684, 40.824125106558554], [-8.70319010416666, 40.82313610406091], [-8.704941845813444, 40.81084183352069], [-8.708723958333328, 40.80590101522842], [-8.712911952442433, 40.78247205813318], [-8.717279408682668, 40.76692599854853], [-8.720442708333328, 40.76297588832486], [-8.72565104166666, 40.74736675126903], [-8.729882812499994, 40.74411484771573], [-8.731184895833328, 40.73631027918781], [-8.73346354166666, 40.73565989847715], [-8.73444010416666, 40.73370875634517], [-8.736067708333328, 40.709969860406076], [-8.73736979166666, 40.705417195431465], [-8.743880208333328, 40.69891338832487], [-8.74518229166666, 40.69566148477156], [-8.746484374999994, 40.682328680203035], [-8.747786458333328, 40.6797271573604], [-8.752343749999994, 40.67842639593908], [-8.755598958333328, 40.67452411167511], [-8.757226562499994, 40.65891497461928], [-8.760481770833328, 40.656638642131966], [-8.761458333333328, 40.65176078680202], [-8.761132812499994, 40.64493178934009], [-8.759505208333328, 40.64200507614213], [-8.758203124999994, 40.64200507614213], [-8.757552083333328, 40.63907836294416], [-8.757552083333328, 40.63322493654822], [-8.762109374999994, 40.59810437817258], [-8.767317708333328, 40.591275380710655], [-8.77252604166666, 40.575666243654815], [-8.776106770833328, 40.57306472081217], [-8.778059895833328, 40.5548540609137], [-8.78131510416666, 40.55290291878172], [-8.782617187499994, 40.5450983502538], [-8.786523437499994, 40.54217163705583], [-8.787825520833328, 40.530464784263955], [-8.79205729166666, 40.52526173857868], [-8.798567708333328, 40.49339308375633], [-8.80279947916666, 40.48819003807106], [-8.804101562499994, 40.47648318527918], [-8.807356770833328, 40.47485723350253], [-8.80865885416666, 40.46705266497461], [-8.81256510416666, 40.46412595177664], [-8.813867187499994, 40.45241909898476], [-8.817773437499994, 40.44819162436548], [-8.819075520833328, 40.432582487309645], [-8.824609374999994, 40.42282677664974], [-8.828515624999994, 40.40331535532994], [-8.83111979166666, 40.397461928934], [-8.83404947916666, 40.39551078680202], [-8.835351562499994, 40.387706218274104], [-8.838606770833328, 40.38542988578679], [-8.840559895833328, 40.362666560913695], [-8.84381510416666, 40.360065038071056], [-8.84674479166666, 40.34543147208121], [-8.85358072916666, 40.33892766497461], [-8.861067708333328, 40.306083439086294], [-8.864648437499994, 40.30283153553299], [-8.867578124999994, 40.28819796954314], [-8.87213541666666, 40.28494606598984], [-8.876367187499994, 40.27746668781725], [-8.88190104166666, 40.25372779187816], [-8.886132812499994, 40.249825507614204], [-8.887434895833328, 40.24202093908629], [-8.88971354166666, 40.24137055837563], [-8.892317708333328, 40.23746827411167], [-8.89752604166666, 40.22185913705583], [-8.901106770833328, 40.21958280456852], [-8.903385610538137, 40.20820017375871], [-8.905245960963745, 40.204086185215125], [-8.908593749999994, 40.20169733502537], [-8.911848958333328, 40.19616909898476], [-8.912499999999994, 40.18673857868019], [-8.910546874999994, 40.180234771573595], [-8.904093078249632, 40.178392701667185], [-8.89546001245381, 40.16591088358162], [-8.877343749999994, 40.1574714467005], [-8.87994791666666, 40.14836611675126], [-8.876367187499994, 40.14674016497461], [-8.875390624999994, 40.14348826142131], [-8.869531249999994, 40.142512690355325], [-8.86627604166666, 40.140561548223346], [-8.865950520833328, 40.13405774111674], [-8.869856770833328, 40.13113102791877], [-8.871809895833328, 40.11747303299492], [-8.87506510416666, 40.11584708121827], [-8.876367187499994, 40.108042512690346], [-8.880273437499994, 40.10479060913704], [-8.88183044353706, 40.090273306147786], [-8.883917272114633, 40.08556655334366], [-8.885481770833328, 40.08462880710659], [-8.888315024164793, 40.07564761126265], [-8.891015624999994, 40.073572335025375], [-8.896223958333328, 40.05796319796954], [-8.901106770833328, 40.05276015228426], [-8.902495814540266, 40.04366344371685], [-8.90897380324014, 40.0290526166437], [-8.911848958333328, 40.026419733502536], [-8.913312788392389, 40.01926622079314], [-8.916731770833328, 40.01698921319796], [-8.91803385416666, 40.00918464467004], [-8.92194010416666, 40.00613102791877], [-8.92305985966181, 39.99728211748806], [-8.931503069067334, 39.978238818976465], [-8.933007812499994, 39.977236675126896], [-8.935867671892044, 39.96839464355886], [-8.938216145833328, 39.96683058375634], [-8.940164570192001, 39.95870317280764], [-8.942773437499994, 39.95740006345177], [-8.943453586519574, 39.95128493683513], [-8.95200890605083, 39.93198877871909], [-8.957421874999994, 39.92748255076141], [-8.960351562499994, 39.91740164974618], [-8.963606770833328, 39.9154505076142], [-8.964967788496676, 39.90276057236529], [-8.973372945618125, 39.88380309915659], [-8.978906249999994, 39.87902918781725], [-8.991927083333328, 39.845209390862934], [-8.99908854166666, 39.83903077411166], [-9.00201822916666, 39.82894987309644], [-9.005273437499994, 39.82732392131979], [-9.007226562499994, 39.81366592639593], [-9.010481770833328, 39.81203997461928], [-9.013411458333328, 39.80195907360405], [-9.021223958333328, 39.795455266497456], [-9.022200520833328, 39.788626269035525], [-9.026106770833328, 39.786024746192886], [-9.02740885416666, 39.77822017766497], [-9.03131510416666, 39.77561865482233], [-9.032617187499994, 39.767814086294415], [-9.036848958333328, 39.76456218274111], [-9.04205729166666, 39.74895304568527], [-9.047265624999994, 39.742124048223346], [-9.051397153382416, 39.71897508831378], [-9.070247194916448, 39.67997929104714], [-9.074667491839373, 39.65315504954429], [-9.079492187499994, 39.64781884517765], [-9.083723958333328, 39.634486040609126], [-9.08502604166666, 39.63188451776649], [-9.087630208333328, 39.63058375634517], [-9.089257812499994, 39.625705901015216], [-9.089583333333328, 39.61432423857867], [-9.086841040541461, 39.59665097172989], [-9.089421219472952, 39.57811626755254], [-9.095640869924928, 39.56953239419971], [-9.104231770833328, 39.56261897208121], [-9.106184895833328, 39.558066307106586], [-9.117903645833328, 39.54896097715735], [-9.121484374999994, 39.54310755076142], [-9.127343749999994, 39.54213197969543], [-9.130598958333328, 39.54018083756345], [-9.132226562499994, 39.532376269035524], [-9.135481770833328, 39.53140069796953], [-9.137434895833328, 39.52749841370558], [-9.149153645833328, 39.52619765228425], [-9.152083333333328, 39.52457170050761], [-9.151757812499994, 39.5222953680203], [-9.147200520833328, 39.51936865482232], [-9.146874999999994, 39.514815989847705], [-9.14850260416666, 39.512864847715726], [-9.171289062499994, 39.50896256345177], [-9.17291666666666, 39.50701142131979], [-9.17389322916666, 39.50115799492385], [-9.177473958333328, 39.49985723350253], [-9.183007812499994, 39.492052664974615], [-9.191796874999994, 39.489451142131976], [-9.195703124999994, 39.48034581218273], [-9.203515624999994, 39.47871986040608], [-9.204817708333328, 39.475142766497456], [-9.212630208333328, 39.46928934010152], [-9.215135264544134, 39.45677677506887], [-9.219466145833328, 39.452704631979685], [-9.22110640253102, 39.44931459917713], [-9.228255208333328, 39.44782677664974], [-9.232161458333328, 39.43774587563451], [-9.239973958333328, 39.4322176395939], [-9.24127604166666, 39.428640545685276], [-9.24713541666666, 39.42766497461928], [-9.252343749999994, 39.42473826142131], [-9.258762814052501, 39.41709253202429], [-9.260288095265167, 39.41697676609859], [-9.269038896200676, 39.41098852687258], [-9.281966145833328, 39.40522684010152], [-9.285091780056232, 39.40112861005189], [-9.318115315725766, 39.384146434889395], [-9.337304687499994, 39.379211611675125], [-9.339583333333328, 39.37693527918781], [-9.340282036134722, 39.37274731843711], [-9.352371720203335, 39.36653858173103], [-9.374612152858665, 39.37125852519297], [-9.376692708333328, 39.37368337563451], [-9.397802035190525, 39.37645642664983], [-9.40672029283897, 39.37427466360127], [-9.403716724570817, 39.37029677098258], [-9.412499999999994, 39.36327728426395], [-9.411848958333328, 39.361000951776646], [-9.404036458333328, 39.359700190355326], [-9.40045572916666, 39.35579790609137], [-9.386308162405804, 39.35458648862717], [-9.364887668465824, 39.33716881125078], [-9.35963055299934, 39.328507544619164], [-9.35846354166666, 39.31905139593908], [-9.351953124999994, 39.313523159898466], [-9.341289288016403, 39.27508777060014], [-9.342654838472445, 39.24848657044732], [-9.345296530550458, 39.23500118255626], [-9.346959460797711, 39.219543147208114], [-9.348046874999994, 39.219543147208114], [-9.34967447916666, 39.21661643401015], [-9.350976562499994, 39.20490958121827], [-9.354231770833328, 39.203283629441614], [-9.35553385416666, 39.1954790609137], [-9.35944010416666, 39.1922271573604], [-9.362192870569642, 39.17419956499813], [-9.37018229166666, 39.16588673857868], [-9.372786458333328, 39.156781408629435], [-9.380598958333328, 39.15027760152283], [-9.381249999999994, 39.145399746192886], [-9.384179687499994, 39.1401967005076], [-9.393945312499994, 39.13206694162436], [-9.396874999999994, 39.12523794416243], [-9.397851562499994, 39.116457804568526], [-9.401757812499994, 39.113531091370554], [-9.403059895833328, 39.10572652284263], [-9.406966145833328, 39.10410057106598], [-9.40826822916666, 39.10019828680202], [-9.41705729166666, 39.093369289340096], [-9.41998697916666, 39.087841053299485], [-9.425190528028507, 39.05136526695684], [-9.435038286433116, 39.0293799384985], [-9.42787017263375, 39.00531387565742], [-9.42779947916666, 38.994511421319785], [-9.427148437499994, 38.99190989847715], [-9.42486979166666, 38.99060913705583], [-9.423332928218947, 38.979554954158], [-9.42291666666666, 38.95158629441623], [-9.42486979166666, 38.93109930203045], [-9.42682291666666, 38.9262214467005], [-9.43268229166666, 38.92134359137056], [-9.434309895833328, 38.9132138324873], [-9.438216145833328, 38.91061230964466], [-9.43951822916666, 38.902807741116746], [-9.442773437499994, 38.9011817893401], [-9.444726562499994, 38.88752379441624], [-9.447981770833328, 38.88589784263959], [-9.44928385416666, 38.87809327411167], [-9.453841145833328, 38.87419098984771], [-9.454492187499994, 38.86768718274111], [-9.458398437499994, 38.86508565989847], [-9.459700520833328, 38.85728109137055], [-9.463606770833328, 38.854679568527914], [-9.46490885416666, 38.84687499999999], [-9.46881510416666, 38.84427347715735], [-9.470068015147145, 38.83676364321951], [-9.490743918928787, 38.818302585113685], [-9.495967, 38.80935425991741], [-9.495967, 38.79870264835023], [-9.497786458333328, 38.792568210659894], [-9.506249999999994, 38.785739213197964], [-9.50592447916666, 38.78346288071066], [-9.501367187499994, 38.780536167512686], [-9.50006510416666, 38.77273159898476], [-9.496809895833328, 38.77175602791877], [-9.494856770833328, 38.76720336294416], [-9.488250474703547, 38.76207034909848], [-9.483258359498627, 38.744981184069886], [-9.489787636965628, 38.72743487917305], [-9.490165290710713, 38.70874519432408], [-9.483724415207954, 38.70709572535792], [-9.48151041666666, 38.70444162436547], [-9.476953124999994, 38.704116434010146], [-9.47272135416666, 38.70021414974619], [-9.440820312499994, 38.6982630076142], [-9.437239583333328, 38.69501110406091], [-9.43072916666666, 38.69403553299492], [-9.41901041666666, 38.69501110406091], [-9.41705729166666, 38.6982630076142], [-9.40924479166666, 38.69956376903552], [-9.40631510416666, 38.704116434010146], [-9.404036458333328, 38.70444162436547], [-9.40045572916666, 38.70021414974619], [-9.38394288003866, 38.69880019961926], [-9.375655383681345, 38.6960682702362], [-9.37408854166666, 38.69436072335024], [-9.36529947916666, 38.69208439086294], [-9.358789062499994, 38.68427982233502], [-9.351953124999994, 38.683304251269035], [-9.349999999999994, 38.680377538071056], [-9.344140624999994, 38.6787515862944], [-9.335892313115654, 38.678980473460065], [-9.322050842592366, 38.672133924599905], [-9.305676971326662, 38.68769142966212], [-9.298242187499994, 38.690458439086285], [-9.295376980273774, 38.69436157324956], [-9.293226646354661, 38.695662056988226], [-9.28033854166666, 38.698588197969535], [-9.264442224202712, 38.698709420710536], [-9.223927322467864, 38.6956800537691], [-9.223046874999994, 38.69436072335024], [-9.218489583333328, 38.69403553299492], [-9.215234374999994, 38.69501110406091], [-9.21491507273379, 38.696127527416046], [-9.194709878662648, 38.69888991744296], [-9.176497395833328, 38.69956376903552], [-9.167708333333328, 38.701189720812174], [-9.167708333333328, 38.70249048223349], [-9.15845298342978, 38.704407640562096], [-9.143294270833328, 38.705417195431465], [-9.140064016823153, 38.70893753132], [-9.113466702702004, 38.71548944530187], [-9.099023437499994, 38.73988737309644], [-9.087304687499994, 38.74151332487309], [-9.085351562499994, 38.74281408629441], [-9.082421874999994, 38.750618654822325], [-9.075585937499994, 38.751919416243645], [-9.068098958333328, 38.75972398477156], [-9.052473958333328, 38.76167512690355], [-9.04791666666666, 38.7590736040609], [-9.045312499999994, 38.753870558375624], [-9.044661458333328, 38.74606598984771], [-9.047591145833328, 38.727855329949236], [-9.05182291666666, 38.72005076142131], [-9.056380208333328, 38.719075190355326], [-9.05768229166666, 38.71712404822334], [-9.060286458333328, 38.70444162436547], [-9.066796874999994, 38.69956376903552], [-9.06948070438511, 38.6903288528975], [-9.098419738465129, 38.6841753556746], [-9.112093717012451, 38.67852176132968], [-9.111545518695578, 38.676704065115864], [-9.135953792909337, 38.675010766904755], [-9.143536896954256, 38.678674827605086], [-9.142968749999994, 38.680377538071056], [-9.147200520833328, 38.68688134517766], [-9.154687499999994, 38.68883248730964], [-9.163802083333328, 38.68850729695431], [-9.167708333333328, 38.68688134517766], [-9.16901041666666, 38.684605012690355], [-9.18463541666666, 38.683304251269035], [-9.18854166666666, 38.68167829949238], [-9.18854166666666, 38.680377538071056], [-9.19244791666666, 38.67940196700507], [-9.24713541666666, 38.67745082487309], [-9.25104166666666, 38.6764752538071], [-9.25299479166666, 38.67257296954314], [-9.259179687499994, 38.668345494923855], [-9.259505208333328, 38.66411802030456], [-9.256575520833328, 38.659240164974605], [-9.247786458333328, 38.65273635786801], [-9.244856770833328, 38.643305837563446], [-9.23741068611949, 38.636693815130585], [-9.230607868533665, 38.62799245740967], [-9.229231770833328, 38.62249365482233], [-9.217930409750855, 38.61214459117117], [-9.215559895833328, 38.608510469543134], [-9.213606770833328, 38.59615323604061], [-9.21002604166666, 38.593876903553294], [-9.202539062499994, 38.57469067258883], [-9.195703124999994, 38.56851205583756], [-9.192773437499994, 38.54477315989847], [-9.19049479166666, 38.54314720812182], [-9.18951822916666, 38.53957011421319], [-9.18854166666666, 38.521684644670046], [-9.18951822916666, 38.48949079949237], [-9.19049479166666, 38.48591370558375], [-9.192773437499994, 38.484938134517755], [-9.194726562499994, 38.4712801395939], [-9.198632812499994, 38.46835342639593], [-9.199584386554431, 38.4631250824542], [-9.218910033020583, 38.44795923086933], [-9.226142237167181, 38.439314442499196], [-9.229860391815375, 38.436702488066075], [-9.23226439611939, 38.431130138551254], [-9.232483736226081, 38.42461915333503], [-9.229746717310906, 38.42013391120397], [-9.224810363964826, 38.41962555941165], [-9.224999999999994, 38.4169733502538], [-9.219140624999994, 38.41274587563451], [-9.195703124999994, 38.40916878172588], [-9.193749999999994, 38.40981916243654], [-9.192773437499994, 38.41274587563451], [-9.18951822916666, 38.4137214467005], [-9.189052722326702, 38.415953611072574], [-9.182662768517279, 38.4170561376878], [-9.16635417275587, 38.42652141796185], [-9.15925400077714, 38.428728038662726], [-9.134179687499994, 38.429655774111666], [-9.128320312499994, 38.43355805837563], [-9.11822916666666, 38.43453362944162], [-9.115800171298298, 38.435746894133224], [-9.080319970695234, 38.43914204468856], [-9.076888020833328, 38.43876110406091], [-9.073958333333328, 38.437135152284256], [-9.072981770833328, 38.43420843908629], [-9.069726562499994, 38.43420843908629], [-9.068098958333328, 38.43811072335024], [-9.060286458333328, 38.43941148477157], [-9.059111941808277, 38.4411714709553], [-9.048906359651406, 38.44214805753988], [-8.995425335106905, 38.45987765209326], [-8.99694667070264, 38.4607970771622], [-8.993880208333328, 38.464776332487304], [-8.986067708333328, 38.46607709390862], [-8.98346354166666, 38.46997937817258], [-8.97565104166666, 38.47128013959391], [-8.97565104166666, 38.47453204314721], [-8.984765624999994, 38.476483185279186], [-8.98541666666666, 38.47875951776649], [-8.98444010416666, 38.479735088832484], [-8.97272135416666, 38.4810358502538], [-8.96979166666666, 38.48266180203045], [-8.969140624999994, 38.48493813451776], [-8.96588541666666, 38.48591370558375], [-8.961328124999994, 38.485588515228415], [-8.958398437499994, 38.4810358502538], [-8.95514322916666, 38.4810358502538], [-8.952864583333328, 38.48526332487309], [-8.93463541666666, 38.491767131979685], [-8.932356770833328, 38.495994606598984], [-8.929101562499994, 38.49697017766497], [-8.92779947916666, 38.504774746192886], [-8.923242187499994, 38.50770145939086], [-8.922265624999994, 38.51095336294415], [-8.906051383401959, 38.513880870251384], [-8.867104326666759, 38.50330432497041], [-8.850199924109479, 38.496212619628444], [-8.853255208333328, 38.495994606598984], [-8.855208333333328, 38.49436865482233], [-8.85455729166666, 38.49209232233502], [-8.851302083333328, 38.491116751269026], [-8.84674479166666, 38.49144194162435], [-8.84479166666666, 38.493067893401005], [-8.84507497771308, 38.49405847537447], [-8.831816034562403, 38.48848540709384], [-8.814753419459123, 38.48489881767174], [-8.807031249999994, 38.47648318527918], [-8.798567708333328, 38.47453204314721], [-8.79694010416666, 38.47062975888324], [-8.793684895833328, 38.47062975888324], [-8.792708333333328, 38.47355647208121], [-8.785872395833328, 38.47420685279187], [-8.769921874999994, 38.472255710659894], [-8.758528645833328, 38.46770304568527], [-8.756249999999994, 38.46445114213197], [-8.757226562499994, 38.45762214467004], [-8.759179687499994, 38.45567100253807], [-8.766015624999994, 38.454695431472075], [-8.770898437499994, 38.45176871827411], [-8.772851562499994, 38.44006186548223], [-8.775130208333328, 38.439086294416235], [-8.779036458333328, 38.4494923857868], [-8.78131510416666, 38.44916719543147], [-8.782617187499994, 38.445264911167506], [-8.78424479166666, 38.44428934010151], [-8.786523437499994, 38.444614530456846], [-8.78912760416666, 38.448516814720804], [-8.797265624999994, 38.4494923857868], [-8.811914062499994, 38.448516814720804], [-8.81451822916666, 38.444614530456846], [-8.816052628347501, 38.44439555311182], [-8.817005466295614, 38.44481028892103], [-8.820703124999994, 38.454045050761415], [-8.82721354166666, 38.45437024111675], [-8.83014322916666, 38.449817576142124], [-8.833540349950121, 38.4501578202459], [-8.83502604166666, 38.45371986040608], [-8.844140624999994, 38.45567100253807], [-8.845442708333328, 38.45892290609136], [-8.85553385416666, 38.46184961928933], [-8.862044270833328, 38.469654187817255], [-8.868880208333328, 38.470954949238575], [-8.871484374999994, 38.47875951776649], [-8.880598958333328, 38.48266180203045], [-8.882226562499994, 38.489165609137046], [-8.887109374999994, 38.491116751269026], [-8.895898437499994, 38.49209232233502], [-8.896874999999994, 38.49436865482233], [-8.899804687499994, 38.495994606598984], [-8.909570312499994, 38.495994606598984], [-8.911523437499994, 38.49534422588832], [-8.914453124999994, 38.49144194162435], [-8.921368142337984, 38.490290608788385], [-8.927005215283971, 38.49212246577549], [-8.93948220892666, 38.48200157610258], [-8.928264692064094, 38.47857259700869], [-8.928450520833328, 38.47745875634517], [-8.932356770833328, 38.47485723350253], [-8.933333333333328, 38.47160532994923], [-8.932356770833328, 38.46575190355329], [-8.929101562499994, 38.464776332487304], [-8.928124999999994, 38.46184961928933], [-8.916406249999994, 38.45989847715735], [-8.897851562499994, 38.46184961928933], [-8.896734968316872, 38.4629650798743], [-8.877363619958217, 38.45034766330458], [-8.84580499438817, 38.42120222490693], [-8.81987612763783, 38.399877431186724], [-8.798594683062271, 38.36736233764191], [-8.79694010416666, 38.35193527918781], [-8.79303385416666, 38.348683375634515], [-8.791731770833328, 38.34087880710659], [-8.79020374942022, 38.33996292503319], [-8.783976484885505, 38.304085044411636], [-8.77761539267563, 38.250567721250626], [-8.778059895833328, 38.205274428934004], [-8.779036458333328, 38.19974619289339], [-8.78033854166666, 38.19974619289339], [-8.782942708333328, 38.19194162436547], [-8.78815104166666, 38.160723350253804], [-8.792382812499994, 38.155195114213186], [-8.793684895833328, 38.14348826142132], [-8.79694010416666, 38.14088673857868], [-8.79958113301851, 38.117493475355964], [-8.80279947916666, 38.11454631979695], [-8.804101562499994, 38.10674175126903], [-8.808007812499994, 38.10414022842639], [-8.809309895833328, 38.09633565989847], [-8.813216145833328, 38.093734137055826], [-8.81451822916666, 38.08592956852791], [-8.817773437499994, 38.08397842639593], [-8.819726562499994, 38.06576776649746], [-8.822981770833328, 38.06381662436547], [-8.825911458333328, 38.05373572335024], [-8.832421874999994, 38.0488578680203], [-8.835351562499994, 38.03422430203045], [-8.838606770833328, 38.0325983502538], [-8.83990885416666, 38.02479378172588], [-8.844466145833328, 38.020891497461925], [-8.845442708333328, 38.01406249999999], [-8.85358072916666, 38.00678041719543], [-8.85553385416666, 38.00327272366751], [-8.86041666666666, 37.98800992755922], [-8.86627604166666, 37.98046874999999], [-8.87506510416666, 37.97363281249999], [-8.876692708333328, 37.96972656249999], [-8.88580729166666, 37.96777343749999], [-8.88678385416666, 37.96451822916666], [-8.89069010416666, 37.96302050285532], [-8.89166666666666, 37.96041468379863], [-8.890379052989049, 37.95732245013936], [-8.89275208729956, 37.953178907830456], [-8.853415802450389, 37.93372628696655], [-8.819906431339222, 37.92855870005713], [-8.803542614235427, 37.90266737677843]], [[-6.844868337563443, 37.12076822916666], [-6.845518718274103, 37.12467447916666], [-6.849421002538063, 37.12402343749999], [-6.849421002538063, 37.12076822916666], [-6.847795050761413, 37.11979166666666], [-6.844868337563443, 37.12076822916666]], [[-6.839665291878164, 37.11555989583333], [-6.840315672588824, 37.11946614583333], [-6.844217956852782, 37.11881510416666], [-6.844217956852782, 37.11555989583333], [-6.842592005076133, 37.11458333333333], [-6.839665291878164, 37.11555989583333]], [[-6.322599407783409, 36.52701822916666], [-6.319347504230111, 36.52604166666666], [-6.314794839255491, 36.52636718749999], [-6.312843697123511, 36.52799479166666], [-6.313494077834171, 36.53027343749999], [-6.31674598138747, 36.53124999999999], [-6.321298646362091, 36.53092447916666], [-6.32324978849407, 36.52929687499999], [-6.322599407783409, 36.52701822916666]], [[-8.838606770833328, 42.49711619127516], [-8.83990885416666, 42.50881921140939], [-8.840559895833328, 42.5107697147651], [-8.84283854166666, 42.51174496644295], [-8.844466145833328, 42.509794463087246], [-8.84674479166666, 42.50101719798657], [-8.85455729166666, 42.49451552013422], [-8.85455729166666, 42.487688758389254], [-8.851302083333328, 42.48573825503355], [-8.84674479166666, 42.48606333892617], [-8.84283854166666, 42.49061451342281], [-8.83502604166666, 42.49191484899329], [-8.834374999999994, 42.4941904362416], [-8.838606770833328, 42.49711619127516]], [[-8.85944010416666, 42.14797609060402], [-8.85553385416666, 42.14862625838926], [-8.856184895833328, 42.15252726510066], [-8.85944010416666, 42.15252726510066], [-8.86041666666666, 42.15090184563757], [-8.85944010416666, 42.14797609060402]], [[-8.963606770833328, 38.47583280456852], [-8.959700520833328, 38.476483185279186], [-8.960351562499994, 38.48038546954314], [-8.963606770833328, 38.48038546954314], [-8.964583333333328, 38.47875951776649], [-8.963606770833328, 38.47583280456852]], [[-8.96881510416666, 38.47062975888324], [-8.96490885416666, 38.47128013959391], [-8.965559895833328, 38.47518242385786], [-8.96881510416666, 38.47518242385786], [-8.96979166666666, 38.47355647208121], [-8.96881510416666, 38.47062975888324]], [[-9.510481770833328, 39.41173064720812], [-9.507226562499994, 39.4127062182741], [-9.506316027500691, 39.418163881863826], [-9.504867243603769, 39.41944015111884], [-9.507094776898375, 39.41996617676481], [-9.508203124999994, 39.421811548223346], [-9.51471354166666, 39.42213673857867], [-9.51764322916666, 39.41758407360405], [-9.52154947916666, 39.41628331218273], [-9.521874999999994, 39.41400697969542], [-9.515364583333328, 39.408803934010145], [-9.511458333333328, 39.408803934010145], [-9.510481770833328, 39.41173064720812]], [[-9.291731770833328, 38.65891497461928], [-9.289453124999994, 38.65761421319796], [-9.287825520833328, 38.65858978426395], [-9.286523437499994, 38.66249206852791], [-9.28326822916666, 38.66379282994923], [-9.282942708333328, 38.67549968274111], [-9.28619791666666, 38.67842639593908], [-9.288802083333328, 38.67842639593908], [-9.29205729166666, 38.67452411167511], [-9.291731770833328, 38.65891497461928]], [[-8.845117187499994, 43.35631291946308], [-8.84088541666666, 43.35436241610738], [-8.836328124999994, 43.35501258389261], [-8.834374999999994, 43.35826342281879], [-8.835351562499994, 43.362814597315435], [-8.840234374999994, 43.364765100671136], [-8.84674479166666, 43.3641149328859], [-8.848046874999994, 43.36086409395973], [-8.845117187499994, 43.35631291946308]], [[-8.880273437499994, 42.53385067114093], [-8.876367187499994, 42.531575083892605], [-8.875390624999994, 42.52832424496644], [-8.869531249999994, 42.527348993288584], [-8.86725260416666, 42.53027474832214], [-8.863671874999994, 42.54490352348993], [-8.861718749999994, 42.56538380872482], [-8.86236979166666, 42.57416107382549], [-8.86529947916666, 42.573185822147636], [-8.86627604166666, 42.56993498322147], [-8.869531249999994, 42.568959731543615], [-8.875390624999994, 42.56993498322147], [-8.87604166666666, 42.572210570469785], [-8.87897135416666, 42.573835989932874], [-8.88580729166666, 42.57416107382549], [-8.89069010416666, 42.57221057046979], [-8.89166666666666, 42.570260067114084], [-8.89069010416666, 42.564408557046974], [-8.887434895833328, 42.56343330536912], [-8.88580729166666, 42.559532298657714], [-8.87799479166666, 42.55823196308724], [-8.87604166666666, 42.55660654362415], [-8.876367187499994, 42.554330956375836], [-8.880273437499994, 42.55205536912751], [-8.881249999999994, 42.54555369127516], [-8.880273437499994, 42.53385067114093]], [[-9.021874999999994, 42.477936241610735], [-9.018945312499994, 42.47143456375838], [-9.012109374999994, 42.47013422818791], [-9.007226562499994, 42.47305998322147], [-9.006575520833328, 42.482812499999994], [-9.008203124999994, 42.48573825503355], [-9.011132812499994, 42.48671350671141], [-9.012109374999994, 42.489964345637574], [-9.017968749999994, 42.49093959731543], [-9.019921874999994, 42.48963926174496], [-9.021874999999994, 42.48313758389261], [-9.021874999999994, 42.477936241610735]], [[-8.71393229166666, 42.40999370805368], [-8.710677083333328, 42.40966862416107], [-8.704817708333328, 42.41356963087247], [-8.70416666666666, 42.41617030201341], [-8.70611979166666, 42.41779572147651], [-8.712630208333328, 42.41747063758389], [-8.714583333333328, 42.41421979865771], [-8.71393229166666, 42.40999370805368]], [[-8.948632812499994, 42.38268666107382], [-8.945052083333328, 42.3804110738255], [-8.947005208333328, 42.368708053691265], [-8.946679687499994, 42.361231124161066], [-8.945052083333328, 42.358955536912745], [-8.94049479166666, 42.35733011744965], [-8.93854166666666, 42.35960570469798], [-8.93756510416666, 42.36545721476509], [-8.934309895833328, 42.367082634228176], [-8.931380208333328, 42.38171140939597], [-8.92682291666666, 42.38496224832214], [-8.923567708333328, 42.38951342281879], [-8.923567708333328, 42.399591023489926], [-8.92682291666666, 42.402516778523484], [-8.93170572916666, 42.40186661073825], [-8.940169270833328, 42.39178901006711], [-8.947005208333328, 42.38756291946308], [-8.948958333333328, 42.38496224832214], [-8.948632812499994, 42.38268666107382]], [[-8.933984374999994, 42.34952810402684], [-8.937239583333328, 42.35050335570469], [-8.941796874999994, 42.35017827181207], [-8.943749999999994, 42.34855285234899], [-8.943098958333328, 42.34627726510066], [-8.939843749999994, 42.34530201342281], [-8.935286458333328, 42.34562709731543], [-8.933333333333328, 42.34725251677851], [-8.933984374999994, 42.34952810402684]], [[-8.90826822916666, 42.2259962248322], [-8.91217447916666, 42.22469588926174], [-8.91315104166666, 42.22144505033556], [-8.92096354166666, 42.22014471476509], [-8.92291666666666, 42.21721895973154], [-8.91901041666666, 42.21559354026844], [-8.909895833333328, 42.21526845637583], [-8.905989583333328, 42.21721895973153], [-8.90338541666666, 42.22111996644295], [-8.902083333333328, 42.22697147651006], [-8.904036458333328, 42.245501258389254], [-8.905989583333328, 42.24842701342281], [-8.911848958333328, 42.252328020134215], [-8.91315104166666, 42.25590394295301], [-8.92096354166666, 42.256229026845624], [-8.92291666666666, 42.25297818791945], [-8.922265624999994, 42.24810192953019], [-8.914453124999994, 42.241600251677845], [-8.911523437499994, 42.2315226510067], [-8.90826822916666, 42.23054739932885], [-8.90729166666666, 42.22892197986576], [-8.90826822916666, 42.2259962248322]], [[-8.902083333333328, 42.20811661073825], [-8.904687499999994, 42.209416946308714], [-8.911848958333328, 42.21006711409395], [-8.917708333333328, 42.208116610738244], [-8.916731770833328, 42.205190855704686], [-8.913476562499994, 42.204215604026835], [-8.91119791666666, 42.196413590604024], [-8.908593749999994, 42.19511325503355], [-8.89947916666666, 42.194463087248316], [-8.89166666666666, 42.196413590604024], [-8.891992187499994, 42.198689177852344], [-8.896223958333328, 42.200314597315426], [-8.902083333333328, 42.20811661073825]], [[-8.847001747047749, 38.480448737197406], [-8.840340238271109, 38.47591396140623], [-8.83654959099314, 38.4822018573577], [-8.8407236574048, 38.485952941794615], [-8.846099391303737, 38.485202535733855], [-8.847001747047749, 38.480448737197406]]], [[[-8.688216145833328, 38.41924968274111], [-8.68756510416666, 38.423151967005076], [-8.68365885416666, 38.42250158629441], [-8.68365885416666, 38.41924968274111], [-8.685286458333328, 38.41827411167512], [-8.688216145833328, 38.41924968274111]]], [[[-8.688867187499994, 38.42770463197969], [-8.68951822916666, 38.423802347715736], [-8.69342447916666, 38.42445272842639], [-8.69342447916666, 38.42770463197969], [-8.691796874999994, 38.42868020304568], [-8.688867187499994, 38.42770463197969]]], [[[-8.71490885416666, 38.43485881979694], [-8.71393229166666, 38.43811072335024], [-8.70807291666666, 38.439086294416235], [-8.703841145833328, 38.437135152284256], [-8.700911458333328, 38.43258248730964], [-8.70221354166666, 38.43063134517766], [-8.712630208333328, 38.42868020304568], [-8.72174479166666, 38.42868020304568], [-8.733138020833328, 38.43063134517766], [-8.73541666666666, 38.43258248730964], [-8.73736979166666, 38.43941148477156], [-8.743880208333328, 38.44363895939085], [-8.745833333333328, 38.44754124365482], [-8.743880208333328, 38.44916719543147], [-8.73736979166666, 38.44916719543147], [-8.73444010416666, 38.444614530456846], [-8.73053385416666, 38.44331376903552], [-8.72955729166666, 38.44006186548222], [-8.720442708333328, 38.43811072335024], [-8.719466145833328, 38.43485881979694], [-8.71783854166666, 38.43388324873096], [-8.71490885416666, 38.43485881979694]]], [[[-8.749575530739756, 38.476273581108586], [-8.750716145833328, 38.478434327411165], [-8.7504409709876, 38.48338244605839], [-8.749575530739756, 38.476273581108586]]], [[[-8.766015624999994, 38.512904505076136], [-8.76764322916666, 38.5168067893401], [-8.770898437499994, 38.51778236040609], [-8.77154947916666, 38.525586928934004], [-8.766992187499994, 38.52851364213197], [-8.766015624999994, 38.53176554568527], [-8.758203124999994, 38.53339149746192], [-8.75700621752533, 38.535384318028875], [-8.74713541666666, 38.522335025380706], [-8.742578124999994, 38.52135945431472], [-8.740624999999994, 38.5125793147208], [-8.741178880012583, 38.51091936162724], [-8.74464700665668, 38.50897969890362], [-8.746484374999994, 38.506725888324866], [-8.755273437499994, 38.50770145939086], [-8.75690104166666, 38.51095336294415], [-8.766015624999994, 38.512904505076136]]], [[[-9.018945312499994, 38.884271890862934], [-9.01861979166666, 38.87874365482233], [-9.019720088710688, 38.87544611484876], [-9.023647544414715, 38.86647661994716], [-9.025130208333328, 38.86573604060913], [-9.026757812499994, 38.8686627538071], [-9.027083333333328, 38.87549175126903], [-9.025130208333328, 38.88134517766497], [-9.023177083333328, 38.88329631979695], [-9.018945312499994, 38.884271890862934]]], [[[-9.00397135416666, 38.887198604060906], [-9.004622395833328, 38.888499365482225], [-9.002426257491194, 38.89361998744026], [-9.000289771446791, 38.88663278174207], [-9.00397135416666, 38.887198604060906]]], [[[-9.005598958333328, 38.92882296954314], [-9.005598958333328, 38.932400063451766], [-8.997983608235144, 38.9330340316833], [-9.001970182967336, 38.92640624198975], [-9.005598958333328, 38.92882296954314]]], [[[-8.65631510416666, 40.672898159898466], [-8.656305510376582, 40.672896562556765], [-8.656317034316963, 40.67288659075391], [-8.65631510416666, 40.672898159898466]]], [[[-8.86529947916666, 42.46590813758388], [-8.864648437499994, 42.4698091442953], [-8.860742187499994, 42.46915897651006], [-8.860742187499994, 42.46590813758388], [-8.86236979166666, 42.46493288590603], [-8.86529947916666, 42.46590813758388]]], [[[-9.17194010416666, 43.14175755033557], [-9.172835248664061, 43.146146711295394], [-9.167831964954589, 43.14802061264527], [-9.16803385416666, 43.14305788590603], [-9.169661458333328, 43.14110738255033], [-9.17194010416666, 43.14175755033557]]], [[[-7.8900301395939, 36.98014322916666], [-7.889379758883241, 36.98404947916666], [-7.885477474619281, 36.98339843749999], [-7.885477474619281, 36.98014322916666], [-7.88710342639593, 36.97916666666666], [-7.8900301395939, 36.98014322916666]]], [[[-7.89523318527918, 36.98535156249999], [-7.89458280456852, 36.98925781249999], [-7.89068052030456, 36.98860677083333], [-7.89068052030456, 36.98535156249999], [-7.892306472081209, 36.98437499999999], [-7.89523318527918, 36.98535156249999]]], [[[-7.855933748072379, 36.98959954839136], [-7.857436393803605, 36.99358554771972], [-7.85788503718658, 36.99442002441205], [-7.854259200507606, 36.99381510416666], [-7.854259200507606, 36.99055989583333], [-7.855933748072379, 36.98959954839136]]], [[[-7.8529584390862865, 36.99967447916666], [-7.849056154822327, 36.99902343749999], [-7.849706535532986, 36.99511718749999], [-7.8529584390862865, 36.99511718749999], [-7.853934010152276, 36.99674479166666], [-7.8529584390862865, 36.99967447916666]]], [[[-7.838975253807098, 37.00097656249999], [-7.842227157360396, 36.99999999999999], [-7.846779822335018, 37.00032552083333], [-7.848730964466997, 37.00195312499999], [-7.848080583756337, 37.00423177083333], [-7.846228107072059, 37.00478807861809], [-7.8386464999213725, 37.002128370448204], [-7.838975253807098, 37.00097656249999]]], [[[-6.930734715912401, 37.17741423447619], [-6.93140390952955, 37.18186346771453], [-6.92811706852791, 37.18131510416666], [-6.92811706852791, 37.17805989583333], [-6.930734715912401, 37.17741423447619]]], [[[-6.93332011421319, 37.18652343749999], [-6.93332011421319, 37.18560135452255], [-6.933945518265111, 37.186627777437515], [-6.93332011421319, 37.18652343749999]]], [[[-6.950555203045677, 37.21289062499999], [-6.939173540609128, 37.21256510416666], [-6.938197969543139, 37.21028645833333], [-6.942100253807098, 37.20638020833333], [-6.9461925985352675, 37.20501470712829], [-6.9512207305645415, 37.21122511533007], [-6.950555203045677, 37.21289062499999]]], [[[-6.937872779187808, 37.21451822916666], [-6.937222398477148, 37.21842447916666], [-6.93332011421319, 37.21777343749999], [-6.93332011421319, 37.21451822916666], [-6.934946065989839, 37.21354166666666], [-6.937872779187808, 37.21451822916666]]], [[[-6.93266973350253, 37.21972656249999], [-6.93201935279187, 37.22363281249999], [-6.92811706852791, 37.22298177083333], [-6.92811706852791, 37.21972656249999], [-6.929743020304559, 37.21874999999999], [-6.93266973350253, 37.21972656249999]]], [[[-6.957781632531497, 37.2193286971671], [-6.959010152284256, 37.22265624999999], [-6.958684961928925, 37.22721354166666], [-6.957059010152276, 37.22916666666666], [-6.954782677664966, 37.22851562499999], [-6.953807106598976, 37.22526041666666], [-6.954132296954306, 37.22070312499999], [-6.955758248730955, 37.21874999999999], [-6.957781632531497, 37.2193286971671]]], [[[-6.927466687817249, 37.22493489583333], [-6.9268163071065905, 37.22884114583333], [-6.922914022842632, 37.22819010416666], [-6.922914022842632, 37.22493489583333], [-6.924539974619281, 37.22395833333333], [-6.927466687817249, 37.22493489583333]]], [[[-8.269852474619281, 43.4645658557047], [-8.269202093908621, 43.4684668624161], [-8.265299809644661, 43.46781669463087], [-8.265299809644661, 43.4645658557047], [-8.26692576142131, 43.46359060402684], [-8.269852474619281, 43.4645658557047]]], [[[-8.285461611675117, 43.4645658557047], [-8.284811230964458, 43.4684668624161], [-8.2809089467005, 43.46781669463087], [-8.2809089467005, 43.4645658557047], [-8.282534898477149, 43.46359060402684], [-8.285461611675117, 43.4645658557047]]], [[[-8.240910532994915, 43.46879194630872], [-8.243837246192886, 43.46781669463087], [-8.244978737072955, 43.46439334311445], [-8.247786714097309, 43.464128301484145], [-8.250341053299483, 43.46781669463087], [-8.261722715736031, 43.47009228187919], [-8.26302347715735, 43.47659395973154], [-8.260421954314712, 43.485696308724826], [-8.257820431472073, 43.489597315436235], [-8.253918147208115, 43.487646812080534], [-8.24997046747851, 43.481575446980194], [-8.253051568124619, 43.479762295061626], [-8.247337512825995, 43.480462182475115], [-8.239609771573596, 43.47821937919463], [-8.238959390862936, 43.47594379194631], [-8.236032677664966, 43.47431837248321], [-8.229203680203039, 43.4739932885906], [-8.223350253807098, 43.47594379194631], [-8.215745914534807, 43.484331686856954], [-8.213919733502529, 43.48407088926174], [-8.21164340101522, 43.48016988255033], [-8.196034263959383, 43.47854446308724], [-8.192131979695423, 43.47529362416107], [-8.192131979695423, 43.47269295302013], [-8.194733502538062, 43.47009228187919], [-8.197864148693528, 43.46884043338867], [-8.237923426443873, 43.46505928554034], [-8.240910532994915, 43.46879194630872]]], [[[-8.176522842639585, 43.48114513422818], [-8.179449555837556, 43.47951971476509], [-8.186278553299484, 43.47919463087248], [-8.191156408629432, 43.481145134228186], [-8.192131979695423, 43.485696308724826], [-8.189205266497453, 43.488947147651], [-8.177498413705575, 43.490572567114086], [-8.17638313735374, 43.493359845179505], [-8.17273184219126, 43.4941519532353], [-8.171644987309636, 43.49284815436241], [-8.171644987309636, 43.486346476510064], [-8.176522842639585, 43.48244546979865], [-8.176522842639585, 43.48114513422818]]], [[[-6.239350676818941, 36.48535156249999], [-6.240001057529602, 36.48763020833333], [-6.236098773265643, 36.48958333333333], [-6.230245346869704, 36.48860677083333], [-6.230245346869704, 36.48535156249999], [-6.233497250423003, 36.48437499999999], [-6.239350676818941, 36.48535156249999]]], [[[-6.224717110829094, 36.48990885416666], [-6.229594966159044, 36.49153645833333], [-6.228619395093054, 36.49446614583333], [-6.225367491539755, 36.49544270833333], [-6.223416349407775, 36.50325520833333], [-6.218538494077825, 36.50520833333333], [-6.209758354483917, 36.50618489583333], [-6.2081324027072675, 36.50944010416666], [-6.199027072758028, 36.51139322916666], [-6.198143159680809, 36.512720446210956], [-6.1902289755545326, 36.51479419974142], [-6.1899217428087905, 36.51171874999999], [-6.192848456006759, 36.50716145833333], [-6.201628595600669, 36.50423177083333], [-6.205205689509298, 36.49251302083333], [-6.213335448392547, 36.48958333333333], [-6.224717110829094, 36.48990885416666]]], [[[-6.246179674280871, 36.50065104166666], [-6.248456006768182, 36.49999999999999], [-6.2516590189283745, 36.503206267253844], [-6.250847169059418, 36.50454652418594], [-6.2536400972852375, 36.50749895492483], [-6.25333386209813, 36.50976562499999], [-6.249106387478841, 36.51041666666666], [-6.247155245346861, 36.50976562499999], [-6.245204103214881, 36.50651041666666], [-6.246179674280871, 36.50065104166666]]], [[[-6.286503278341784, 36.53743489583333], [-6.285852897631125, 36.54134114583333], [-6.281950613367165, 36.54069010416666], [-6.281950613367165, 36.53743489583333], [-6.2835765651438145, 36.53645833333333], [-6.286503278341784, 36.53743489583333]]], [[[-6.864379758883239, 37.13639322916666], [-6.86535532994923, 37.13867187499999], [-6.859501903553291, 37.14062499999999], [-6.852672906091362, 37.14029947916666], [-6.8497461928933925, 37.13867187499999], [-6.850721763959383, 37.13639322916666], [-6.855599619289332, 37.13541666666666], [-6.864379758883239, 37.13639322916666]]], [[[-6.870233185279179, 37.14160156249999], [-6.86958280456852, 37.14550781249999], [-6.86568052030456, 37.14485677083333], [-6.86568052030456, 37.14160156249999], [-6.867306472081209, 37.14062499999999], [-6.870233185279179, 37.14160156249999]]], [[[-6.911532360406082, 37.15820312499999], [-6.912182741116743, 37.16276041666666], [-6.910231598984764, 37.16601562499999], [-6.905678934010144, 37.16666666666666], [-6.9024270304568445, 37.16471354166666], [-6.9024270304568445, 37.15820312499999], [-6.905678934010144, 37.15624999999999], [-6.911532360406082, 37.15820312499999]]], [[[-6.912833121827402, 37.17513020833333], [-6.912182741116743, 37.17057291666666], [-6.914133883248722, 37.16666666666666], [-6.918036167512682, 37.16861979166666], [-6.920962880710652, 37.17513020833333], [-6.918686548223343, 37.17708333333333], [-6.912833121827402, 37.17513020833333]]], [[[-6.922263642131972, 37.23014322916666], [-6.921613261421312, 37.23404947916666], [-6.917710977157352, 37.23339843749999], [-6.917710977157352, 37.23014322916666], [-6.919336928934001, 37.22916666666666], [-6.922263642131972, 37.23014322916666]]], [[[-6.917060596446692, 37.23535156249999], [-6.9164102157360325, 37.23925781249999], [-6.9125079314720725, 37.23860677083333], [-6.9125079314720725, 37.23535156249999], [-6.914133883248722, 37.23437499999999], [-6.917060596446692, 37.23535156249999]]], [[[-2.6686151649746193, 43.41580327181207], [-2.6803220177664975, 43.416128355704686], [-2.6832487309644666, 43.412877516778515], [-2.685199873096446, 43.40605075503354], [-2.693004441624365, 43.402474832214764], [-2.6956059644670045, 43.40702600671139], [-2.702109771573604, 43.41125209731543], [-2.7040609137055833, 43.418078859060394], [-2.706337246192893, 43.42035444630872], [-2.7157296336398176, 43.42276884095477], [-2.735737577365655, 43.43751795079764], [-2.7457069739667435, 43.44298765321205], [-2.7466608502538064, 43.45188758389261], [-2.7505631345177664, 43.45416317114094], [-2.7515387055837564, 43.45741401006711], [-2.7547906091370558, 43.45838926174496], [-2.760644035532995, 43.45741401006711], [-2.7612944162436546, 43.45513842281879], [-2.764221129441624, 43.453513003355695], [-2.775927982233502, 43.45221266778523], [-2.7782043147208118, 43.448961828859055], [-2.7944638324873092, 43.447011325503354], [-2.8021304288239275, 43.441544020078624], [-2.8068877543475423, 43.440180910805225], [-2.8542848336148854, 43.4367597628789], [-2.8731213519706493, 43.43736074770787], [-2.880314086294416, 43.43855914429528], [-2.881289657360406, 43.441809983221475], [-2.8829156091370556, 43.44278523489932], [-2.885842322335025, 43.441809983221475], [-2.886167512690355, 43.43953439597314], [-2.8890942258883245, 43.4388842281879], [-2.9242147842639588, 43.441484899328856], [-2.9329949238578674, 43.44083473154362], [-2.9342956852791873, 43.43855914429528], [-2.949904822335025, 43.43628355704696], [-2.9525063451776647, 43.43368288590604], [-2.953807106598984, 43.42458053691274], [-2.9551078680203045, 43.42067953020134], [-2.9577093908629433, 43.41807885906039], [-2.9707170050761413, 43.416128355704686], [-2.973318527918781, 43.41482802013422], [-2.975594860406091, 43.40832634228187], [-2.9775460025380704, 43.4070260067114], [-2.9892528553299487, 43.40540058724831], [-2.9912039974619287, 43.40149958053691], [-2.994455901015228, 43.400524328859056], [-2.9955746374117567, 43.394434288024875], [-3.001104912616597, 43.39086381789942], [-3.0038864213197964, 43.39044672818792], [-3.007788705583756, 43.386545721476494], [-3.035104695431472, 43.38459521812079], [-3.0370558375634515, 43.383619966442936], [-3.0380314086294415, 43.38069421140939], [-3.041283312182741, 43.37971895973154], [-3.0422588832487305, 43.37646812080536], [-3.041283312182741, 43.37061661073825], [-3.0373810279187814, 43.36899119127517], [-3.0364054568527914, 43.36574035234898], [-3.0305520304568523, 43.364765100671136], [-3.027300126903553, 43.362814597315435], [-3.0259993654822335, 43.35598783557046], [-3.0201459390862944, 43.351111577181214], [-3.016894035532995, 43.3455851510067], [-3.016894035532995, 43.332256711409386], [-3.0181947969543144, 43.329656040268446], [-3.0227389179696886, 43.328358145029995], [-3.0279176526894966, 43.33163666571398], [-3.0325031725888323, 43.33810822147651], [-3.036080266497462, 43.33940855704698], [-3.0373810279187814, 43.3472105704698], [-3.039006979695431, 43.3491610738255], [-3.041283312182741, 43.34883598993289], [-3.0422588832487305, 43.34591023489932], [-3.0451855964467, 43.34428481543623], [-3.0478966061327557, 43.34428481543623], [-3.058568197310686, 43.35104071901129], [-3.0894401268316574, 43.36520746002121], [-3.0919465912488255, 43.36380247200795], [-3.1144511421319794, 43.3641149328859], [-3.118353426395939, 43.362814597315435], [-3.1203045685279185, 43.36086409395973], [-3.120954949238578, 43.35631291946308], [-3.1242068527918776, 43.35436241610738], [-3.130060279187817, 43.35533766778522], [-3.131361040609137, 43.35858850671141], [-3.1346129441624364, 43.35956375838926], [-3.1391656091370557, 43.359238674496645], [-3.1410410592030495, 43.356426420391294], [-3.177247944991647, 43.364776564684085], [-3.2008057062380035, 43.38422531937511], [-3.210913428102241, 43.38837797744336], [-3.224104542214209, 43.39022730448277], [-3.2289181472081214, 43.39727348993287], [-3.2328204314720805, 43.399874161073825], [-3.2490799492385785, 43.402149748322145], [-3.250380710659898, 43.40442533557045], [-3.2536326142131977, 43.40540058724831], [-3.2991592639593903, 43.40735109060401], [-3.3063134517766493, 43.411577181208045], [-3.3121668781725884, 43.4106019295302], [-3.312817258883248, 43.40832634228187], [-3.3147403328410503, 43.4072583176315], [-3.3275194296384845, 43.40855494996574], [-3.329401967005076, 43.41482802013422], [-3.3342798223350254, 43.416778523489924], [-3.343059961928934, 43.41775377516777], [-3.345986675126903, 43.4219798657718], [-3.3482630076142126, 43.42165478187919], [-3.3505393401015224, 43.41775377516777], [-3.3570431472081217, 43.416778523489924], [-3.3693356110964374, 43.41877825907519], [-3.3700507614213193, 43.4200293624161], [-3.3733026649746187, 43.42100461409396], [-3.3924284275834005, 43.42306409563393], [-3.398786913518774, 43.421672475414084], [-3.4188293147208113, 43.42100461409396], [-3.422081218274111, 43.4200293624161], [-3.4240323604060903, 43.417103607382536], [-3.430556204942947, 43.41713198444877], [-3.434438451776649, 43.42263003355705], [-3.4409422588832483, 43.426856124161056], [-3.442893401015228, 43.43108221476509], [-3.4409422588832483, 43.4369337248322], [-3.4331376903553297, 43.43855914429528], [-3.4321621192893397, 43.441809983221475], [-3.42825983502538, 43.444085570469795], [-3.427609454314721, 43.459689597315425], [-3.42923540609137, 43.46359060402684], [-3.4317516478312022, 43.4644290766795], [-3.4324873096446695, 43.46684144295301], [-3.4371948211782524, 43.46904493513806], [-3.4917381345500114, 43.47595520984927], [-3.49199714467005, 43.47854446308724], [-3.4981757614213196, 43.47951971476509], [-3.5011024746192887, 43.483420721476506], [-3.512809327411167, 43.48504614093959], [-3.514760469543147, 43.486346476510064], [-3.517361992385786, 43.49284815436241], [-3.520613895939086, 43.494148489932876], [-3.5349197805328867, 43.49500656199587], [-3.5417512690355326, 43.498049496644285], [-3.169599167921023, 43.499674916107374], [-2.3012442653205007, 43.49999999999999], [-1.6809907634629848, 43.49804949664429], [-1.5569400630914816, 43.496098993288584], [-1.56080905974283, 43.492524727223774], [-1.5617075444164354, 43.49018583457551], [-1.5699526813880116, 43.489597315436235], [-1.5754830441640368, 43.487646812080534], [-1.5738564668769708, 43.47984479865771], [-1.5774349369085163, 43.47724412751678], [-1.5787361987381694, 43.46944211409395], [-1.5819893533123017, 43.46814177852348], [-1.5829652996845416, 43.46229026845637], [-1.585893138801261, 43.45708892617449], [-1.5976044952681376, 43.44668624161073], [-1.5992657317788814, 43.439492674209056], [-1.6149188197459416, 43.43116714862949], [-1.6369533588555496, 43.422497934956795], [-1.6475904843070726, 43.41144987239474], [-1.648679022082018, 43.41125209731543], [-1.6516068611987371, 43.40735109060401], [-1.6633182176656143, 43.40540058724831], [-1.6652701104100935, 43.40345008389261], [-1.6664547780650076, 43.397530961945876], [-1.6820074483078904, 43.39569583706035], [-1.6825118296529957, 43.39922399328859], [-1.6883675078864344, 43.40117449664429], [-1.691620662460567, 43.400199244966444], [-1.6932472397476332, 43.39694840604025], [-1.70495859621451, 43.39564807046979], [-1.7069104889589897, 43.39499790268455], [-1.7083583080884088, 43.392586588437254], [-1.749313147363337, 43.38775415493469], [-1.7651419558359611, 43.383619966442936], [-1.7682321382836352, 43.38124687497177], [-1.7814077287066237, 43.38036912751677], [-1.7895406151419548, 43.38329488255033], [-1.792143138801261, 43.39304739932885], [-1.7940950315457402, 43.39499790268455], [-1.8038544952681377, 43.39564807046979], [-1.806782334384857, 43.39402265100669], [-1.8074329652996837, 43.39174706375839], [-1.8113613219662734, 43.393439744795465], [-1.8311370524295563, 43.38568970761624], [-1.8464708201892734, 43.38459521812079], [-1.852326498422712, 43.37971895973155], [-1.8679416403785478, 43.37451761744965], [-1.8702188485804405, 43.37029152684564], [-1.8819302050473175, 43.361189177852346], [-1.8855086750788632, 43.3550125838926], [-1.8877621246476548, 43.35351135354127], [-1.9220895121236867, 43.342240088766275], [-1.9211979674845787, 43.341709413643905], [-1.9235705835962138, 43.3397336409396], [-1.9349566246056773, 43.33875838926174], [-1.9426022520548765, 43.33912220760308], [-1.9460557455873482, 43.341149346316406], [-1.9573589625346621, 43.34149312372254], [-1.959680599369084, 43.343634647651], [-1.9661869085173493, 43.343634647651], [-1.9691147476340682, 43.33908347315436], [-1.9942328954969806, 43.326987277777725], [-2.0062352779802417, 43.32379896247825], [-2.0478410883280747, 43.32217911073824], [-2.0514195583596204, 43.32120385906039], [-2.0533714511041, 43.31827810402684], [-2.061179022082018, 43.31697776845637], [-2.0634562302839106, 43.31372692953019], [-2.0862283123028385, 43.31177642617448], [-2.089806782334384, 43.30820050335569], [-2.0937105678233427, 43.30690016778523], [-2.117133280757097, 43.301698825503344], [-2.121037066246056, 43.29747273489932], [-2.128844637223974, 43.29617239932885], [-2.1298205835962136, 43.292921560402675], [-2.1314471608832797, 43.291946308724825], [-2.134374999999999, 43.292921560402675], [-2.1347003154574122, 43.295197147651], [-2.1401601645498047, 43.295659892647336], [-2.141163636082335, 43.297758304967374], [-2.14505392096675, 43.299538549893654], [-2.1510616374387648, 43.29854911779373], [-2.1584662996943846, 43.29430484786645], [-2.16618139687953, 43.29373376598094], [-2.1749930882639803, 43.29602553513329], [-2.1843889358182005, 43.30333246908513], [-2.191331215138393, 43.31037921118261], [-2.1966110702854067, 43.31323947065293], [-2.20767487948789, 43.312502010575884], [-2.217749993241711, 43.31045480225537], [-2.2228608044164027, 43.31242659395973], [-2.239451892744478, 43.31210151006711], [-2.2459582018927433, 43.30885067114093], [-2.248997592309828, 43.30505413747855], [-2.254345298386111, 43.304594390502494], [-2.254741719242902, 43.30657508389261], [-2.256368296529968, 43.30755033557046], [-2.2586455047318603, 43.30722525167785], [-2.2596214511041, 43.30429949664429], [-2.2781644321766548, 43.3026740771812], [-2.2933593827289243, 43.3026740771812], [-2.3273779707078597, 43.30536496250448], [-2.36774297070786, 43.314235962504476], [-2.431985149070346, 43.336429345628865], [-2.433665220820188, 43.3381082214765], [-2.442966318560166, 43.34022478556139], [-2.4650577686985833, 43.34786853378892], [-2.4843420044513356, 43.3693112107786], [-2.5081630169586324, 43.37595048747209], [-2.511090299684542, 43.37841862416107], [-2.5475493522220023, 43.38189145333165], [-2.5530559936908506, 43.38427013422818], [-2.554357255520504, 43.38687080536912], [-2.5596898319028316, 43.38914639261745], [-2.581457978797252, 43.39229123591469], [-2.6072478232214693, 43.400411676725916], [-2.6362012243935706, 43.40419143832781], [-2.6373968908629437, 43.40605075503355], [-2.640648794416243, 43.4070260067114], [-2.642599936548223, 43.416128355704686], [-2.645851840101522, 43.417103607382536], [-2.647152601522842, 43.42100461409396], [-2.6487785532994916, 43.4219798657718], [-2.6513800761421313, 43.42132969798657], [-2.6588594543147206, 43.412227348993284], [-2.66373730964467, 43.411577181208045], [-2.6676395939086293, 43.41352768456376], [-2.6686151649746193, 43.41580327181207]]], [[[-3.827593591370558, 43.443760486577176], [-3.826943210659898, 43.447661493288585], [-3.8230409263959384, 43.447011325503354], [-3.8230409263959384, 43.443760486577176], [-3.8246668781725885, 43.44278523489932], [-3.827593591370558, 43.443760486577176]]], [[[-4.750304039763106, 43.42295511744966], [-4.752905562605745, 43.426205956375824], [-4.7646124153976235, 43.427506291946294], [-4.770465841793562, 43.43173238255034], [-4.802628308747314, 43.43649563253817], [-4.815992491539754, 43.441809983221475], [-4.836897717389405, 43.44831171354305], [-4.908012470607449, 43.45919044463484], [-4.930676242043977, 43.46806612432686], [-4.941075309488551, 43.47022463971741], [-4.9520141369439274, 43.46864023851946], [-4.9607472421373435, 43.46312711739922], [-5.005803657497878, 43.46404633504267], [-5.044855573774675, 43.47273484841283], [-5.053273462417017, 43.46873978746686], [-5.059281129341725, 43.46896222080389], [-5.0685127974415645, 43.480026194475364], [-5.091841821750982, 43.484779412605334], [-5.122137983131558, 43.485865848138644], [-5.122646996615897, 43.487646812080534], [-5.129150803722496, 43.489597315436235], [-5.140857656514374, 43.488622063758385], [-5.1420254900761995, 43.48657902410646], [-5.178106914358878, 43.487882208345226], [-5.211670988818482, 43.496745144463596], [-5.145868694479686, 43.49804949664429], [-4.649968935067676, 43.49999999999999], [-3.954668662753805, 43.499349832214754], [-3.7565689112732645, 43.49804949664429], [-3.6638966842963874, 43.49621252085854], [-3.674208288841936, 43.48961252736259], [-3.6809327411167505, 43.487646812080534], [-3.681620817139054, 43.48568152420634], [-3.688028690737093, 43.48278193318301], [-3.6981552647372506, 43.48223896400824], [-3.698493020304568, 43.483420721476506], [-3.704346446700507, 43.484395973154356], [-3.7075983502538064, 43.483420721476506], [-3.7088060601068054, 43.481695986525196], [-3.7176523449914614, 43.48124500297568], [-3.7293861040609135, 43.47821937919463], [-3.732638007614213, 43.476268875838926], [-3.7342639593908626, 43.47334312080537], [-3.7356502458827454, 43.46710687391935], [-3.741786949644135, 43.46876141211368], [-3.754023, 43.47007706945351], [-3.754023, 43.466287822439085], [-3.7514350483985166, 43.46441397690376], [-3.7583280456852792, 43.46326552013422], [-3.7615799492385786, 43.45936451342281], [-3.7771890862944155, 43.45741401006711], [-3.7797906091370552, 43.45546350671141], [-3.782066941624365, 43.44571098993288], [-3.7840180837563446, 43.443760486577176], [-3.795724936548223, 43.441809983221475], [-3.7980012690355327, 43.4388842281879], [-3.809708121827411, 43.44083473154362], [-3.8175126903553296, 43.444735738255034], [-3.81556154822335, 43.448636744966436], [-3.809057741116751, 43.452862835570464], [-3.805480647208122, 43.46164010067114], [-3.7973508883248726, 43.46359060402684], [-3.782717322335025, 43.4645658557047], [-3.7801157994923855, 43.46781669463087], [-3.7684089467005073, 43.46911703020133], [-3.7654822335025377, 43.47074244966442], [-3.7654822335025377, 43.47204278523489], [-3.7684089467005073, 43.47366820469798], [-3.7781646573604055, 43.47496854026845], [-3.7795863721449114, 43.477337289160516], [-3.773136227291848, 43.47946104139247], [-3.781500668806868, 43.48352727690815], [-3.782066941624365, 43.488622063758385], [-3.7853188451776645, 43.48992239932885], [-3.7862944162436545, 43.492848154362406], [-3.7931234137055836, 43.494473573825495], [-3.8172824770700773, 43.494141363933494], [-3.8267232699974114, 43.49549944729528], [-3.856368721807619, 43.49092594377191], [-3.8817009947247225, 43.47943037752612], [-3.8880805506594327, 43.47918190477189], [-3.8937523759342727, 43.48325849618187], [-3.9040925552334964, 43.478558264675634], [-3.909598072705168, 43.4783438342194], [-3.922640430929958, 43.48106238406769], [-3.939469806536899, 43.47572929532828], [-3.973099, 43.457865307334266], [-3.973099, 43.45333751609108], [-3.9718506366531017, 43.452566355858444], [-3.973604060913705, 43.449937080536905], [-3.9784819162436547, 43.44831166107382], [-3.9979933375634515, 43.447011325503354], [-3.999102367673757, 43.445701082650224], [-4.0062138951793225, 43.44937634446323], [-4.012752447027025, 43.45095464744455], [-4.019760335354812, 43.44913249314354], [-4.020364408698655, 43.447452459425264], [-4.026284898477156, 43.447336409395966], [-4.030187182741116, 43.446036073825496], [-4.036690989847715, 43.43823406040267], [-4.039292512690356, 43.43758389261744], [-4.040918464467005, 43.43953439597314], [-4.041894035532994, 43.446036073825496], [-4.0477474619289335, 43.447986577181204], [-4.051974936548222, 43.446036073825496], [-4.056852791878173, 43.43953439597314], [-4.07073431635819, 43.436759], [-4.078999477709915, 43.43618925017557], [-4.081567258883249, 43.43725880872482], [-4.094574873096446, 43.4369337248322], [-4.097176395939085, 43.43563338926174], [-4.097721440989636, 43.43407662751737], [-4.160408020370215, 43.419756225835435], [-4.183407839754443, 43.4066143043537], [-4.214570114213197, 43.40540058724831], [-4.2181472081218265, 43.40442533557045], [-4.218797588832486, 43.402149748322145], [-4.222526655564465, 43.40125399780466], [-4.227902918781725, 43.402149748322145], [-4.228553299492385, 43.40442533557045], [-4.231480012690355, 43.40605075503355], [-4.241235723350253, 43.40605075503355], [-4.245463197969542, 43.402149748322145], [-4.263673857868019, 43.400199244966444], [-4.265011964778342, 43.39796979691128], [-4.2945926549001525, 43.39568314934481], [-4.315548867220242, 43.39450313150858], [-4.335866116751268, 43.39662332214764], [-4.339118020304568, 43.404425335570465], [-4.3456218274111675, 43.40637583892617], [-4.357328680203045, 43.40540058724831], [-4.359279822335025, 43.402149748322145], [-4.367084390862944, 43.400849412751676], [-4.370661484771572, 43.39694840604025], [-4.378791243654821, 43.39597315436241], [-4.393424809644669, 43.39694840604025], [-4.395050761421319, 43.39922399328859], [-4.3986278553299485, 43.400199244966444], [-4.416513324873096, 43.40117449664429], [-4.448707170050761, 43.400199244966444], [-4.45228426395939, 43.39922399328859], [-4.452813699612457, 43.39829778422274], [-4.460229128886765, 43.39727331172717], [-4.461826730915624, 43.39611793181783], [-4.471795685279187, 43.39694840604025], [-4.473746827411167, 43.400199244966444], [-4.476998730964466, 43.40117449664429], [-4.482852157360406, 43.400199244966444], [-4.483827728426396, 43.39694840604025], [-4.486754441624365, 43.39597315436241], [-4.490006345177664, 43.400199244966444], [-4.501713197969543, 43.40117449664429], [-4.507698063798311, 43.400277060674014], [-4.508692725294983, 43.40098450235159], [-4.53473172581612, 43.40267999623134], [-4.536183375634517, 43.40540058724831], [-4.542036802030457, 43.40637583892617], [-4.545288705583756, 43.40540058724831], [-4.546592686907369, 43.40344525562039], [-4.710517347265371, 43.41402153898152], [-4.711281197123511, 43.41580327181207], [-4.722988049915389, 43.417103607382536], [-4.727540714890008, 43.42100461409396], [-4.750304039763106, 43.42295511744966]]]]}}, {"type": "Feature", "properties": {"t": "b5", "lvl": 5}, "geometry": {"type": "MultiPolygon", "coordinates": [[[[-7.014292512690346, 37.18782552083333], [-7.005512373096439, 37.18554687499999], [-7.002585659898468, 37.18098958333333], [-6.998032994923849, 37.17773437499999], [-6.986000951776641, 37.17610677083333], [-6.984049809644661, 37.17220052083333], [-6.972342956852783, 37.16308593749999], [-6.967139911167504, 37.15657552083333], [-6.939498730964458, 37.14713541666666], [-6.93104378172588, 37.14192708333333], [-6.929743020304559, 37.13932291666666], [-6.92519035532994, 37.13736979166666], [-6.906329314720803, 37.13541666666666], [-6.881289657360398, 37.13509114583333], [-6.870558375634509, 37.13346354166666], [-6.868607233502529, 37.13053385416666], [-6.860802664974612, 37.12923177083333], [-6.858201142131971, 37.12532552083333], [-6.8516973350253725, 37.12434895833333], [-6.849095812182733, 37.11653645833333], [-6.845843908629433, 37.11458333333333], [-6.839990482233494, 37.11360677083333], [-6.839014911167504, 37.11035156249999], [-6.837388959390855, 37.10937499999999], [-6.835112626903545, 37.11002604166666], [-6.834137055837555, 37.11588541666666], [-6.835112626903545, 37.11914062499999], [-6.838689720812175, 37.12044270833333], [-6.842592005076133, 37.12630208333333], [-6.842917195431463, 37.12825520833333], [-6.840640862944153, 37.13020833333333], [-6.834787436548215, 37.12923177083333], [-6.833811865482225, 37.12597656249999], [-6.829909581218265, 37.12434895833333], [-6.828934010152276, 37.11848958333333], [-6.826332487309637, 37.11653645833333], [-6.813324873096438, 37.11458333333333], [-6.789911167512682, 37.11360677083333], [-6.787309644670042, 37.11263020833333], [-6.785358502538062, 37.10970052083333], [-6.778854695431464, 37.10904947916666], [-6.776253172588825, 37.10514322916666], [-6.768448604060905, 37.10384114583333], [-6.765847081218266, 37.09993489583333], [-6.758042512690347, 37.09863281249999], [-6.755440989847708, 37.09472656249999], [-6.7463356598984685, 37.09277343749999], [-6.744709708121818, 37.08951822916666], [-6.730076142131972, 37.08658854166666], [-6.723247144670042, 37.07877604166666], [-6.715117385786794, 37.07714843749999], [-6.712515862944154, 37.07324218749999], [-6.706012055837555, 37.07259114583333], [-6.703085342639586, 37.06868489583333], [-6.688451776649738, 37.06575520833333], [-6.68292354060913, 37.05891927083333], [-6.663737309644662, 37.05143229166666], [-6.660485406091363, 37.04720052083333], [-6.653981598984762, 37.04654947916666], [-6.6513182767554895, 37.04264322916666], [-6.642772115587978, 37.04134114583333], [-6.63998519458544, 37.03743489583333], [-6.6321806260575205, 37.03613281249999], [-6.629579103214882, 37.03222656249999], [-6.621774534686962, 37.03092447916666], [-6.618522631133662, 37.02669270833333], [-6.603177795044206, 37.02125255588757], [-6.600311971235185, 37.01920572916666], [-6.5977104483925455, 37.01236979166666], [-6.583315611643737, 37.00977608785003], [-6.575582303075697, 37.005307743820765], [-6.568443316412851, 36.99739583333333], [-6.559988367174273, 36.99283854166666], [-6.550232656514373, 36.98958333333333], [-6.533322758037217, 36.97395833333333], [-6.517063240270718, 36.96809895833333], [-6.51381133671742, 36.96289062499999], [-6.506006768189501, 36.95768229166666], [-6.502429674280871, 36.95149739583333], [-6.488771679357014, 36.94042968749999], [-6.480641920473765, 36.93001302083333], [-6.475438874788485, 36.92708333333333], [-6.469585448392547, 36.92610677083333], [-6.468609877326557, 36.92285156249999], [-6.464707593062597, 36.92122395833333], [-6.463081641285948, 36.91308593749999], [-6.454951882402697, 36.90592447916666], [-6.447472504230111, 36.88671874999999], [-6.44389541032148, 36.88444010416666], [-6.440968697123512, 36.86979166666666], [-6.434464890016912, 36.86393229166666], [-6.4315381768189415, 36.84277343749999], [-6.429587034686962, 36.83821614583333], [-6.419831324027065, 36.82845052083333], [-6.417880181895085, 36.82389322916666], [-6.417229801184425, 36.80696614583333], [-6.418855752961075, 36.80208333333333], [-6.421132085448384, 36.80110677083333], [-6.422107656514374, 36.79231770833333], [-6.420156514382394, 36.78743489583333], [-6.413652707275795, 36.78548177083333], [-6.412351945854475, 36.78352864583333], [-6.412677136209805, 36.77180989583333], [-6.416254230118436, 36.77018229166666], [-6.420156514382395, 36.76432291666666], [-6.425684750423003, 36.76009114583333], [-6.44161907783417, 36.75455729166666], [-6.44357021996615, 36.75065104166666], [-6.4513747884940695, 36.74446614583333], [-6.453325930626049, 36.73177083333333], [-6.450399217428078, 36.72330729166666], [-6.440643506768181, 36.71451822916666], [-6.438692364636202, 36.71126302083333], [-6.4373916032148815, 36.70084635416666], [-6.436741222504222, 36.69889322916666], [-6.432838938240262, 36.69596354166666], [-6.4315381768189415, 36.68880208333333], [-6.419506133671735, 36.67773437499999], [-6.410075613367165, 36.65657552083333], [-6.401945854483918, 36.65039062499999], [-6.401620664128588, 36.64680989583333], [-6.406173329103206, 36.64388020833333], [-6.405848138747876, 36.63704427083333], [-6.397393189509298, 36.63020833333333], [-6.38633671742808, 36.61751302083333], [-6.377881768189501, 36.61458333333333], [-6.3661749153976235, 36.61360677083333], [-6.362923011844324, 36.60937499999999], [-6.360646679357013, 36.60970052083333], [-6.357719966159044, 36.61425781249999], [-6.349915397631125, 36.61555989583333], [-6.348939826565134, 36.61881510416666], [-6.347313874788486, 36.61979166666666], [-6.345037542301176, 36.61946614583333], [-6.343086400169197, 36.61555989583333], [-6.338208544839247, 36.61458333333333], [-6.329428405245338, 36.61555989583333], [-6.327477263113359, 36.61946614583333], [-6.325200930626049, 36.61979166666666], [-6.32097345600676, 36.61523437499999], [-6.293657466159043, 36.60970052083333], [-6.286828468697115, 36.60546874999999], [-6.284877326565136, 36.59863281249999], [-6.2770727580372165, 36.59212239583333], [-6.275446806260567, 36.58398437499999], [-6.271869712351938, 36.58268229166666], [-6.266016285955997, 36.57486979166666], [-6.251382719966151, 36.57096354166666], [-6.250732339255491, 36.56445312499999], [-6.2546346235194505, 36.56152343749999], [-6.25593538494077, 36.54980468749999], [-6.257561336717419, 36.54687499999999], [-6.259837669204729, 36.54589843749999], [-6.261788811336709, 36.53483072916666], [-6.263739953468688, 36.53417968749999], [-6.270568950930618, 36.53776041666666], [-6.282275803722495, 36.55013020833333], [-6.297884940778333, 36.55208333333333], [-6.305039128595593, 36.55013020833333], [-6.304713938240262, 36.54231770833333], [-6.310892554991531, 36.54101562499999], [-6.313494077834171, 36.53352864583333], [-6.323574978849399, 36.53417968749999], [-6.327152072758029, 36.52669270833333], [-6.324225359560059, 36.52571614583333], [-6.322924598138739, 36.52180989583333], [-6.32129864636209, 36.52083333333333], [-6.319022313874781, 36.52115885416666], [-6.31804674280879, 36.52408854166666], [-6.314144458544831, 36.52571614583333], [-6.305039128595593, 36.52604166666666], [-6.298535321488994, 36.52408854166666], [-6.2952834179356945, 36.51529947916666], [-6.290730752961073, 36.51236979166666], [-6.2874788494077745, 36.50781249999999], [-6.285852897631125, 36.49576822916666], [-6.281950613367165, 36.49381510416666], [-6.280975042301176, 36.49055989583333], [-6.275121615905237, 36.48958333333333], [-6.271869712351938, 36.48763020833333], [-6.270894141285948, 36.48111979166666], [-6.266991857021988, 36.47851562499999], [-6.265691095600667, 36.47070312499999], [-6.261463620981378, 36.46744791666666], [-6.2562605752961, 36.45182291666666], [-6.250732339255491, 36.44596354166666], [-6.249431577834171, 36.43815104166666], [-6.245529293570211, 36.43554687499999], [-6.244553722504222, 36.42903645833333], [-6.241301818950921, 36.42708333333333], [-6.235448392554984, 36.42610677083333], [-6.2344728214889935, 36.42285156249999], [-6.2305705372250335, 36.42122395833333], [-6.229269775803713, 36.41341145833333], [-6.225367491539755, 36.41080729166666], [-6.2243919204737646, 36.40755208333333], [-6.224717110829095, 36.40299479166666], [-6.228294204737724, 36.39973958333333], [-6.224717110829095, 36.38411458333333], [-6.220489636209805, 36.38020833333333], [-6.214636209813866, 36.37923177083333], [-6.212034686971226, 36.37532552083333], [-6.205530879864629, 36.37467447916666], [-6.202604166666658, 36.37076822916666], [-6.200653024534679, 36.37011718749999], [-6.188946171742801, 36.36881510416666], [-6.186995029610821, 36.36490885416666], [-6.183743126057521, 36.36393229166666], [-6.1821171742808705, 36.35579427083333], [-6.174312605752953, 36.34928385416666], [-6.171385892554984, 36.33919270833333], [-6.167483608291024, 36.33658854166666], [-6.164512817315526, 36.31914322869593], [-6.15832642174939, 36.305454284282696], [-6.155770959130395, 36.30435230873438], [-6.154801184433156, 36.30273437499999], [-6.146021044839246, 36.30013020833333], [-6.1391920473773185, 36.29166666666666], [-6.136915714890008, 36.29199218749999], [-6.134788687133237, 36.295304259853864], [-6.110870700021208, 36.284990261610844], [-6.108298963620974, 36.28190104166666], [-6.102754761900021, 36.28057965212564], [-6.1008897078533835, 36.278095257503516], [-6.097567681895084, 36.26562499999999], [-6.091063874788486, 36.26041666666666], [-6.089763113367166, 36.25781249999999], [-6.087161590524526, 36.24479166666666], [-6.080657783417927, 36.23958333333333], [-6.079357021996607, 36.23697916666666], [-6.077731070219958, 36.22493489583333], [-6.072853214890008, 36.22200520833333], [-6.066674598138739, 36.21321614583333], [-6.059845600676811, 36.20865885416666], [-6.055943316412851, 36.19856770833333], [-6.049114318950921, 36.19661458333333], [-6.040659369712343, 36.17838541666666], [-6.0357815143823945, 36.17708333333333], [-6.032529610829094, 36.17805989583333], [-6.030253278341785, 36.18131510416666], [-6.015619712351938, 36.18229166666666], [-6.0074899534686885, 36.18131510416666], [-6.005864001692039, 36.17903645833333], [-5.997083862098131, 36.17740885416666], [-5.967491539763105, 36.17773437499999], [-5.957085448392547, 36.18098958333333], [-5.955965189691698, 36.1827339789391], [-5.9431707455346166, 36.18469516063872], [-5.9382244077834105, 36.17903645833333], [-5.9323709813874705, 36.17708333333333], [-5.923590841793561, 36.17805989583333], [-5.921639699661582, 36.18196614583333], [-5.9183877961082825, 36.18196614583333], [-5.916436653976303, 36.17805989583333], [-5.9040794204737646, 36.17610677083333], [-5.897900803722495, 36.17122395833333], [-5.892047377326557, 36.16406249999999], [-5.8718855752961, 36.15462239583333], [-5.8696092428087905, 36.14648437499999], [-5.864731387478841, 36.14388020833333], [-5.86050391285955, 36.13736979166666], [-5.850423011844323, 36.13346354166666], [-5.848797060067674, 36.12565104166666], [-5.845545156514374, 36.12467447916666], [-5.843594014382394, 36.12011718749999], [-5.831887161590516, 36.11067708333333], [-5.827009306260567, 36.09960937499999], [-5.8192047377326475, 36.09700520833333], [-5.816603214890008, 36.08919270833333], [-5.80879864636209, 36.08658854166666], [-5.80684750423011, 36.08007812499999], [-5.800343697123512, 36.07812499999999], [-5.791238367174271, 36.07877604166666], [-5.787336082910313, 36.08203124999999], [-5.786413836434459, 36.084800801154614], [-5.772005752891877, 36.081426794987294], [-5.767174280879856, 36.07584635416666], [-5.758719331641277, 36.07291666666666], [-5.747012478849399, 36.07194010416666], [-5.74506133671742, 36.06868489583333], [-5.737256768189501, 36.06738281249999], [-5.734655245346861, 36.06347656249999], [-5.726850676818943, 36.06217447916666], [-5.724899534686963, 36.05924479166666], [-5.720997250423004, 36.05761718749999], [-5.707989636209806, 36.05794270833333], [-5.7053881133671664, 36.05924479166666], [-5.703290845027438, 36.06449329094164], [-5.694783675350169, 36.06705729166666], [-5.6871774534686885, 36.06705729166666], [-5.684575930626049, 36.06575520833333], [-5.681324027072749, 36.05891927083333], [-5.671568316412851, 36.05533854166666], [-5.662093536580108, 36.05323089529465], [-5.651664816368258, 36.04846119557353], [-5.649130181895084, 36.04524739583333], [-5.637423329103206, 36.03613281249999], [-5.635797377326556, 36.03222656249999], [-5.626692047377317, 36.03027343749999], [-5.625716476311327, 36.02701822916666], [-5.621814192047369, 36.02506510416666], [-5.618887478849398, 36.01041666666666], [-5.612383671742801, 36.00651041666666], [-5.609738909210774, 36.00849600439078], [-5.602819918502501, 36.01018897763898], [-5.581165397631125, 36.01139322916666], [-5.575311971235186, 36.01627604166666], [-5.55872726311336, 36.02246093749999], [-5.554740474883905, 36.02664181733605], [-5.466325414820481, 36.0523579434938], [-5.454341159052445, 36.05403645833333], [-5.453538727315737, 36.05644619998167], [-5.446217195482177, 36.05878709554267], [-5.439622943051474, 36.06393897513222], [-5.433171380041754, 36.07035066679903], [-5.432355291786884, 36.0732761335052], [-5.4296266920473695, 36.07454427083333], [-5.428325930626049, 36.07682291666666], [-5.429301501692039, 36.08268229166666], [-5.431175677571457, 36.08324511582557], [-5.432998018875146, 36.08830662214961], [-5.438544570448224, 36.09811346335367], [-5.43956767389834, 36.10370839856491], [-5.437431260575288, 36.10416666666666], [-5.433203785955998, 36.11002604166666], [-5.430277072758029, 36.12369791666666], [-5.430602263113359, 36.13346354166666], [-5.432228214890008, 36.13541666666666], [-5.436780879864627, 36.13639322916666], [-5.438081641285947, 36.13834635416666], [-5.440683164128587, 36.15006510416666], [-5.443240025408282, 36.150738646197176], [-5.439189079834666, 36.162245226638035], [-5.430001235316821, 36.1708287479582], [-5.4284046720591705, 36.175618928226775], [-5.41987098138747, 36.17708333333333], [-5.398326127901194, 36.17851372561729], [-5.387392117211085, 36.17530360032258], [-5.382799280879856, 36.16959635416666], [-5.371742808798639, 36.16471354166666], [-5.370116857021989, 36.15690104166666], [-5.367190143824018, 36.15559895833333], [-5.369791666666659, 36.14648437499999], [-5.366214572758029, 36.14388020833333], [-5.364913811336709, 36.13606770833333], [-5.361336717428078, 36.13411458333333], [-5.35580848138747, 36.11848958333333], [-5.35158100676818, 36.11458333333333], [-5.345727580372243, 36.11555989583333], [-5.345480276922214, 36.11638507841557], [-5.3428766078738175, 36.113601179721364], [-5.3405836348881985, 36.123905661350676], [-5.340082245852874, 36.14309104729724], [-5.336589070148697, 36.177655603616515], [-5.334996298646354, 36.18001302083333], [-5.333695537225034, 36.19173177083333], [-5.3304436336717345, 36.19433593749999], [-5.330084427764084, 36.199729501814566], [-5.301607602231468, 36.24258618850563], [-5.296298646362089, 36.24609374999999], [-5.292396362098129, 36.25130208333333], [-5.290144269635921, 36.25739726206319], [-5.287070876120453, 36.261045558396795], [-5.288031365837776, 36.26311573344251], [-5.283616222504222, 36.27506510416666], [-5.278396626415033, 36.28277805260759], [-5.26675646285496, 36.28835720810496], [-5.254826338576862, 36.2980622719561], [-5.246029019493112, 36.31277918134724], [-5.229406916633113, 36.34892742161999], [-5.228434068882036, 36.35866396303124], [-5.22638271996615, 36.36035156249999], [-5.2260690941281185, 36.36205583298744], [-5.211500657364607, 36.38286144472736], [-5.205895727580364, 36.38671874999999], [-5.203031451859077, 36.394956565456795], [-5.194839255499145, 36.40169270833333], [-5.193538494077826, 36.40527343749999], [-5.185733925549906, 36.40657552083333], [-5.183132402707267, 36.41048177083333], [-5.174027072758029, 36.41243489583333], [-5.173051501692038, 36.41569010416666], [-5.171425549915389, 36.41666666666666], [-5.16914921742808, 36.41634114583333], [-5.1662225042301095, 36.41178385416666], [-5.159068316412851, 36.41243489583333], [-5.151263747884932, 36.42122395833333], [-5.144734176719833, 36.42472549774841], [-5.121320618320645, 36.427043747892526], [-5.109256918314087, 36.43042831584797], [-5.074278377179354, 36.44797888058788], [-5.061186019458536, 36.44889322916666], [-5.0589096869712264, 36.44986979166666], [-5.058259306260567, 36.45214843749999], [-5.0504547377326485, 36.45345052083333], [-5.049665649393108, 36.4546353562212], [-4.994608511199055, 36.45856622459804], [-4.9150863503221185, 36.503954259649504], [-4.905094648900161, 36.50585937499999], [-4.902897912253387, 36.50801785142239], [-4.897460728493687, 36.50783937042554], [-4.896964890016912, 36.50618489583333], [-4.893712986463613, 36.50520833333333], [-4.889160321488992, 36.50553385416666], [-4.887869076413691, 36.50747269014101], [-4.846169949241109, 36.503743230228444], [-4.84395886209813, 36.50097656249999], [-4.821195537225034, 36.49902343749999], [-4.818594014382395, 36.49576822916666], [-4.806887161590517, 36.49446614583333], [-4.801684115905236, 36.49055989583333], [-4.774368126057521, 36.48925781249999], [-4.767539128595592, 36.48763020833333], [-4.765587986463613, 36.48535156249999], [-4.755832275803714, 36.48437499999999], [-4.738271996615897, 36.48535156249999], [-4.7363208544839175, 36.48763020833333], [-4.727540714890009, 36.48925781249999], [-4.692420156514374, 36.49055989583333], [-4.689493443316405, 36.49153645833333], [-4.688517872250415, 36.49446614583333], [-4.685265968697115, 36.49544270833333], [-4.683784474246269, 36.501681911484305], [-4.675966042301774, 36.50378130869415], [-4.649820219966151, 36.50618489583333], [-4.643316412859551, 36.50813802083333], [-4.638763747884932, 36.51106770833333], [-4.631934750423003, 36.51985677083333], [-4.628032466159044, 36.52148437499999], [-4.627325529074619, 36.525730308098524], [-4.616077358623636, 36.53169372342514], [-4.59201483163411, 36.56993600117471], [-4.58236040609137, 36.57324218749999], [-4.556995558375633, 36.57617187499999], [-4.539110088832486, 36.57975260416666], [-4.537390712636842, 36.58084786459432], [-4.525641546037392, 36.58213464964904], [-4.517197549251927, 36.59354686528758], [-4.510493337563451, 36.59570312499999], [-4.508542195431472, 36.60286458333333], [-4.496510152284264, 36.61393229166666], [-4.4939086294416235, 36.61783854166666], [-4.487079631979695, 36.63411458333333], [-4.4796002538071065, 36.63671874999999], [-4.476998730964466, 36.63932291666666], [-4.466592639593908, 36.65494791666666], [-4.458137690355329, 36.65722656249999], [-4.45716211928934, 36.66048177083333], [-4.45325983502538, 36.66243489583333], [-4.45163388324873, 36.67447916666666], [-4.450333121827411, 36.67708333333333], [-4.442528553299492, 36.68391927083333], [-4.439927030456852, 36.69303385416666], [-4.433423223350253, 36.69726562499999], [-4.430821700507613, 36.70214843749999], [-4.423017131979695, 36.70377604166666], [-4.419114847715735, 36.71289062499999], [-4.412611040609137, 36.71386718749999], [-4.410659898477157, 36.71679687499999], [-4.4067576142131974, 36.71777343749999], [-4.359930203045685, 36.71842447916666], [-4.3521256345177655, 36.71777343749999], [-4.343020304568527, 36.71451822916666], [-4.280583756345177, 36.71321614583333], [-4.264974619289339, 36.71158854166666], [-4.264974619289339, 36.71028645833333], [-4.26009676395939, 36.70865885416666], [-4.243837246192893, 36.70865885416666], [-4.2405853426395925, 36.70930989583333], [-4.238959390862943, 36.71158854166666], [-4.231805203045685, 36.71289062499999], [-4.13164657360406, 36.71940104166666], [-4.124492385786802, 36.72070312499999], [-4.123191624365482, 36.72298177083333], [-4.120590101522842, 36.72363281249999], [-4.107582487309644, 36.72428385416666], [-4.103680203045685, 36.72591145833333], [-4.102704631979695, 36.72884114583333], [-4.099452728426395, 36.72981770833333], [-4.0987172922392485, 36.73423480982321], [-4.0822176395939085, 36.74348958333333], [-4.0295368020304565, 36.74153645833333], [-4.014618299351924, 36.7402090215548], [-3.9792761137777344, 36.732384280124116], [-3.9781567258883244, 36.73014322916666], [-3.970352157360405, 36.72884114583333], [-3.9674254441624357, 36.72493489583333], [-3.958645304568527, 36.72395833333333], [-3.953767449238578, 36.72493489583333], [-3.950840736040609, 36.72884114583333], [-3.9443369289340096, 36.72949218749999], [-3.9422114766223495, 36.73268360598625], [-3.914417631557742, 36.739133055883435], [-3.8851522842639588, 36.74023437499999], [-3.8727950507614204, 36.74348958333333], [-3.867703864698925, 36.74857454647036], [-3.8384681754385843, 36.75346823115148], [-3.831495875634517, 36.75097656249999], [-3.7766124816313598, 36.73719074550589], [-3.7739371827411166, 36.73567708333333], [-3.768734137055837, 36.72916666666666], [-3.7664578045685273, 36.72981770833333], [-3.7656932600850292, 36.73440963709093], [-3.7415954102735185, 36.72827195295208], [-3.7397921954314715, 36.72265624999999], [-3.7355647208121825, 36.71874999999999], [-3.7297112944162434, 36.71972656249999], [-3.7287357233502534, 36.72298177083333], [-3.724833439086294, 36.72460937499999], [-3.724565597361036, 36.726218058532794], [-3.680380009612236, 36.73026318774021], [-3.6750793147208123, 36.73307291666666], [-3.6682339287621835, 36.739326197697], [-3.6617122158550535, 36.74109967080707], [-3.6511292403192988, 36.7417076499713], [-3.6484137055837556, 36.74055989583333], [-3.624999999999999, 36.73958333333333], [-3.6119923857868015, 36.74055989583333], [-3.609390862944162, 36.74153645833333], [-3.6086554749228634, 36.74374486443387], [-3.6046654407689203, 36.74390665700653], [-3.603537436548223, 36.74055989583333], [-3.595678608568887, 36.73887414984908], [-3.5934565355329946, 36.73535156249999], [-3.5891496007400554, 36.731779661889206], [-3.587928299492385, 36.72591145833333], [-3.5846763959390855, 36.72395833333333], [-3.5788229695431464, 36.72298177083333], [-3.5781725888324867, 36.72070312499999], [-3.562838424980844, 36.719034683374076], [-3.549866373725344, 36.713995554029374], [-3.5391943747790005, 36.718670559086256], [-3.5232154187817253, 36.71842447916666], [-3.5105329949238575, 36.71679687499999], [-3.509882614213198, 36.71451822916666], [-3.5020780456852787, 36.71321614583333], [-3.4991513324873096, 36.70865885416666], [-3.4958994289340097, 36.70768229166666], [-3.4936230964467, 36.69986979166666], [-3.4871192893401006, 36.69791666666666], [-3.475412436548223, 36.69694010416666], [-3.473136104060913, 36.69303385416666], [-3.470859771573603, 36.69270833333333], [-3.469233819796954, 36.69368489583333], [-3.468908629441624, 36.69596354166666], [-3.465656725888324, 36.69694010416666], [-3.415505783752741, 36.69701932273313], [-3.382746775842866, 36.713567659704836], [-3.371351522842639, 36.71451822916666], [-3.3680996192893398, 36.71842447916666], [-3.3615958121827405, 36.71907552083333], [-3.3576935279187814, 36.72460937499999], [-3.3489133883248727, 36.73079427083333], [-3.345986675126903, 36.73567708333333], [-3.341434010152284, 36.73763020833333], [-3.322572969543147, 36.73958333333333], [-3.2903791243654816, 36.74055989583333], [-3.2868020304568524, 36.74153645833333], [-3.284850888324873, 36.74446614583333], [-3.2770463197969537, 36.74576822916666], [-3.2744447969543145, 36.74967447916666], [-3.266640228426396, 36.75097656249999], [-3.266177608128697, 36.752597379040964], [-3.2473090163271308, 36.75443962933999], [-3.243876903553299, 36.75097656249999], [-3.2282677664974617, 36.74967447916666], [-3.225666243654822, 36.74902343749999], [-3.2230647208121823, 36.74576822916666], [-3.2165609137055835, 36.74479166666666], [-3.2074555837563445, 36.74511718749999], [-3.2048540609137053, 36.74576822916666], [-3.2019273477157357, 36.74902343749999], [-3.1937975888324868, 36.74999999999999], [-3.1824159263959384, 36.74967447916666], [-3.179164022842639, 36.74902343749999], [-3.1775380710659893, 36.74674479166666], [-3.17266021573604, 36.74609374999999], [-3.156651702751349, 36.746033045564616], [-3.104370241116751, 36.74869791666666], [-3.0949397208121825, 36.74576822916666], [-3.085834390862944, 36.74511718749999], [-3.0312024111675124, 36.74381510416666], [-3.026649746192893, 36.74283854166666], [-3.0263245558375633, 36.74055989583333], [-3.024698604060913, 36.73958333333333], [-3.0224222715736038, 36.73990885416666], [-3.021258268023488, 36.74340441360832], [-3.0166468109982287, 36.742747155995694], [-3.016243654822335, 36.74153645833333], [-3.006487944162436, 36.73990885416666], [-2.9977549388049227, 36.74005455217271], [-2.9878103461741, 36.73863717818977], [-2.981487023646999, 36.74032595963258], [-2.9674651015228424, 36.74055989583333], [-2.9642131979695425, 36.74153645833333], [-2.962262055837563, 36.74446614583333], [-2.9544574873096443, 36.74576822916666], [-2.9539085712184643, 36.74769138793123], [-2.9483539605649307, 36.749174868072174], [-2.931043781725888, 36.74999999999999], [-2.9186865482233504, 36.74804687499999], [-2.909581218274111, 36.74023437499999], [-2.8988499365482223, 36.73828124999999], [-2.895598032994924, 36.73567708333333], [-2.8848667512690356, 36.72005208333333], [-2.8764118020304563, 36.71777343749999], [-2.8754362309644663, 36.71451822916666], [-2.8715339467005077, 36.71289062499999], [-2.8702331852791874, 36.70507812499999], [-2.865680520304568, 36.70214843749999], [-2.8653553299492383, 36.69986979166666], [-2.8575507614213196, 36.69824218749999], [-2.831535532994924, 36.69824218749999], [-2.823730964467005, 36.69986979166666], [-2.823730964467005, 36.70117187499999], [-2.8208042512690352, 36.70279947916666], [-2.8110485406091366, 36.70279947916666], [-2.808121827411167, 36.70117187499999], [-2.8071462563451774, 36.69889322916666], [-2.7934882614213192, 36.69694010416666], [-2.7915371192893392, 36.69303385416666], [-2.7876348350253806, 36.69173177083333], [-2.780805837563451, 36.68294270833333], [-2.7765783629441616, 36.68001302083333], [-2.763245558375634, 36.67708333333333], [-2.747311230964467, 36.67740885416666], [-2.7427585659898472, 36.67805989583333], [-2.7375555203045683, 36.68131510416666], [-2.6965815355329945, 36.68326822916666], [-2.693654822335025, 36.68424479166666], [-2.6920928030490074, 36.686590201722645], [-2.684692345539978, 36.68745196911571], [-2.659631351711087, 36.69613850784511], [-2.657561010348815, 36.69785140784595], [-2.6465022208121822, 36.70182291666666], [-2.639813342265529, 36.71138816836302], [-2.631957035969104, 36.71797886814989], [-2.6234137055837556, 36.72005208333333], [-2.6208121827411164, 36.72265624999999], [-2.6139556076935264, 36.73905368700896], [-2.610731281725888, 36.74153645833333], [-2.6091667753794066, 36.7495073661085], [-2.6061786167512686, 36.75130208333333], [-2.605638368185142, 36.757209627144576], [-2.591652508819283, 36.786107592168285], [-2.5839609621451096, 36.79134114583333], [-2.5774546529968445, 36.80045572916666], [-2.5683458201892737, 36.80696614583333], [-2.561188880126182, 36.81575520833333], [-2.5419952681388, 36.81868489583333], [-2.540694006309147, 36.82096354166666], [-2.538091482649841, 36.82194010416666], [-2.5016561514195574, 36.82389322916666], [-2.4990536277602513, 36.82486979166666], [-2.4971017350157716, 36.82779947916666], [-2.4892941640378536, 36.82910156249999], [-2.488374708409682, 36.83048161663887], [-2.4813244837306883, 36.831437923177916], [-2.4782290200712276, 36.830881979374375], [-2.477582807570977, 36.82942708333333], [-2.4747277051789567, 36.830243341863515], [-2.469007211771174, 36.82919533553768], [-2.440491026273416, 36.81943538671486], [-2.4385449526813874, 36.81640624999999], [-2.4339905362776015, 36.81315104166666], [-2.423905757097791, 36.81282552083333], [-2.421953864353312, 36.81347656249999], [-2.419026025236592, 36.81738281249999], [-2.411218454258674, 36.81868489583333], [-2.409591876971608, 36.82194010416666], [-2.3949526813880118, 36.82486979166666], [-2.3896681245347233, 36.83140189486265], [-2.385487876259526, 36.83317242716929], [-2.379491565515301, 36.83540775716114], [-2.361652986857764, 36.838277679360736], [-2.3388373144035013, 36.83572393671017], [-2.317911057871519, 36.82934264514501], [-2.2855366371032697, 36.81314136291168], [-2.2846707413249203, 36.80794270833333], [-2.2814175867507878, 36.80696614583333], [-2.2794656940063085, 36.80305989583333], [-2.2711400255922416, 36.80213423755357], [-2.26461960643806, 36.7965794530385], [-2.262874605678232, 36.79134114583333], [-2.256368296529968, 36.78710937499999], [-2.2537657728706617, 36.78222656249999], [-2.2487560703739726, 36.78139108496872], [-2.2439836043781205, 36.77606282330097], [-2.2430303627760244, 36.77148437499999], [-2.239126577287066, 36.76985677083333], [-2.230017744479494, 36.75813802083333], [-2.2241620662460555, 36.75455729166666], [-2.2222101735015762, 36.74544270833333], [-2.2189570189274437, 36.74446614583333], [-2.217330441640377, 36.74055989583333], [-2.2095228706624597, 36.73893229166666], [-2.2056190851735007, 36.72884114583333], [-2.1991127760252356, 36.72460937499999], [-2.1971608832807563, 36.72070312499999], [-2.195208990536277, 36.71972656249999], [-2.1714609621451095, 36.71940104166666], [-2.163978706624605, 36.72265624999999], [-2.1597496056782326, 36.72721354166666], [-2.1551951892744468, 36.72851562499999], [-2.1314471608832797, 36.73014322916666], [-2.1294952681388004, 36.73111979166666], [-2.128844637223974, 36.73339843749999], [-2.1229889589905353, 36.73437499999999], [-2.119735804416403, 36.73632812499999], [-2.11843454258675, 36.74316406249999], [-2.1122044598780976, 36.74718358693355], [-2.10589049421407, 36.758908819445196], [-2.1008675078864343, 36.76041666666666], [-2.089156151419558, 36.76139322916666], [-2.087204258675078, 36.76464843749999], [-2.0790713722397465, 36.76627604166666], [-2.0725650630914823, 36.77408854166666], [-2.0657334384858035, 36.77604166666666], [-2.0637815457413238, 36.77799479166666], [-2.0618296529968445, 36.78776041666666], [-2.060853706624605, 36.80533854166666], [-2.0598777602523652, 36.80729166666666], [-2.055973974763406, 36.80924479166666], [-2.051744873817033, 36.81575520833333], [-2.0423107255520496, 36.81868489583333], [-2.030924684542586, 36.83040364583333], [-2.020839905362775, 36.83333333333333], [-2.0062007097791787, 36.83430989583333], [-2.0035981861198726, 36.83821614583333], [-2.0003450315457405, 36.83919270833333], [-1.9990437697160872, 36.84700520833333], [-1.9944893533123018, 36.84993489583333], [-1.9941640378548886, 36.85221354166666], [-1.998393138801261, 36.85546874999999], [-1.9996944006309139, 36.87109374999999], [-2.00132097791798, 36.87499999999999], [-2.004248817034699, 36.87695312499999], [-2.0045741324921127, 36.88151041666666], [-2.002622239747633, 36.88476562499999], [-1.994814668769715, 36.88736979166666], [-1.9931880914826487, 36.89518229166666], [-1.9899349369085162, 36.89615885416666], [-1.9876577287066235, 36.90006510416666], [-1.9694400630914817, 36.90201822916666], [-1.9674881703470022, 36.90527343749999], [-1.9593552839116708, 36.90755208333333], [-1.9526198688674374, 36.92284594351839], [-1.9420705452743305, 36.931216771873444], [-1.9355323264179303, 36.933676622576094], [-1.9206465207032866, 36.93457598041165], [-1.9193414826498416, 36.93261718749999], [-1.9128351735015763, 36.93261718749999], [-1.9108081031970678, 36.93577239864316], [-1.9060495749142228, 36.93729139551463], [-1.901732346616721, 36.941895967493615], [-1.9006000277528745, 36.9479173513799], [-1.8959187697160873, 36.94889322916666], [-1.895593454258674, 36.95214843749999], [-1.8985212933753932, 36.95312499999999], [-1.9001478706624595, 36.95996093749999], [-1.900473186119873, 36.97591145833333], [-1.8985212933753934, 36.98730468749999], [-1.896569400630914, 36.98958333333333], [-1.8920149842271283, 36.99088541666666], [-1.8907137223974755, 36.99348958333333], [-1.8894124605678224, 37.00651041666666], [-1.8881111987381693, 37.00911458333333], [-1.883556782334384, 37.01041666666666], [-1.8803036277602514, 37.01432291666666], [-1.879652996845425, 37.02343749999999], [-1.8767251577287059, 37.03190104166666], [-1.8669656940063082, 37.04036458333333], [-1.8640378548895888, 37.04557291666666], [-1.863061908517349, 37.05078124999999], [-1.8542783911671914, 37.05859374999999], [-1.8513505520504723, 37.06347656249999], [-1.848422712933753, 37.08007812499999], [-1.8474467665615133, 37.10644531249999], [-1.8464708201892734, 37.10937499999999], [-1.843542981072554, 37.11035156249999], [-1.8425670347003145, 37.11360677083333], [-1.836711356466876, 37.11458333333333], [-1.8334582018927434, 37.11653645833333], [-1.8324822555205036, 37.12304687499999], [-1.8295544164037847, 37.12499999999999], [-1.8279278391167182, 37.13378906249999], [-1.8266265772870651, 37.16894531249999], [-1.8256506309148253, 37.17187499999999], [-1.8227227917981064, 37.17382812499999], [-1.8214215299684533, 37.18164062499999], [-1.8175177444794943, 37.18424479166666], [-1.8165417981072545, 37.19108072916666], [-1.8087342271293365, 37.19824218749999], [-1.804931160434792, 37.217903770205844], [-1.7983241324921126, 37.22363281249999], [-1.7972690035264243, 37.22636028312968], [-1.7897067028225595, 37.23470658749292], [-1.7866127760252357, 37.23535156249999], [-1.7840102523659298, 37.23925781249999], [-1.7762026813880119, 37.24055989583333], [-1.775226735015772, 37.24381510416666], [-1.7722988958990527, 37.24479166666666], [-1.768720425867507, 37.24869791666666], [-1.7651804385850915, 37.25485830296731], [-1.7295494827055486, 37.28350094070684], [-1.713793991211859, 37.301643676367135], [-1.708537066246056, 37.30305989583333], [-1.707561119873816, 37.30631510416666], [-1.703657334384857, 37.30826822916666], [-1.7027948574099694, 37.31430937944215], [-1.6871480745147762, 37.33762744435922], [-1.68553036783892, 37.34265659622632], [-1.682837145110409, 37.34505208333333], [-1.6812105678233427, 37.35221354166666], [-1.6779574132492105, 37.35416666666666], [-1.6721017350157719, 37.35514322916666], [-1.6701498422712924, 37.35807291666666], [-1.6584384858044154, 37.35611979166666], [-1.6519321766561506, 37.35644531249999], [-1.648679022082018, 37.36490885416666], [-1.6421727129337529, 37.36914062499999], [-1.6392448738170338, 37.37402343749999], [-1.6275335173501566, 37.37565104166666], [-1.6246056782334375, 37.37890624999999], [-1.6236297318611979, 37.38346354166666], [-1.6216778391167181, 37.38476562499999], [-1.6099664826498414, 37.38639322916666], [-1.6060626971608822, 37.39225260416666], [-1.593878095998531, 37.40247212224248], [-1.5881933484436472, 37.404441184551374], [-1.5862184542586744, 37.40136718749999], [-1.5816640378548885, 37.40104166666666], [-1.578410883280756, 37.40201822916666], [-1.5764589905362765, 37.40527343749999], [-1.5608438485804406, 37.40657552083333], [-1.5569400630914816, 37.40820312499999], [-1.5562894321766552, 37.41015624999999], [-1.5484818611987372, 37.40787760416666], [-1.5465299684542577, 37.41015624999999], [-1.5455571599912383, 37.41599678565865], [-1.541650236593059, 37.41764322916666], [-1.5368838039524684, 37.42153058404201], [-1.5328667192429013, 37.42220052083333], [-1.530246984474913, 37.42610964116238], [-1.522456624605677, 37.42740885416666], [-1.5195287854889579, 37.43131510416666], [-1.5074921135646677, 37.43164062499999], [-1.4993592271293366, 37.42415364583333], [-1.496106072555204, 37.42350260416666], [-1.4866719242902198, 37.42513020833333], [-1.483093454258674, 37.42740885416666], [-1.4811415615141947, 37.43066406249999], [-1.4827681388012608, 37.44661458333333], [-1.479189668769715, 37.44986979166666], [-1.4785390378548886, 37.45638020833333], [-1.4743099369085162, 37.45963541666666], [-1.4678036277602515, 37.47786458333333], [-1.4635745268138791, 37.48014322916666], [-1.4534897476340685, 37.49218749999999], [-1.4427560918656464, 37.49750375513319], [-1.4308446757889823, 37.49955417919393], [-1.4136522037625852, 37.508468052103815], [-1.4027405362776015, 37.51106770833333], [-1.397860804416403, 37.51725260416666], [-1.3861494479495258, 37.52636718749999], [-1.3841975552050463, 37.53027343749999], [-1.3724861987381693, 37.53222656249999], [-1.3705343059936896, 37.53417968749999], [-1.3681799862558415, 37.543602911703246], [-1.3467920835452183, 37.55417984323524], [-1.3298698738170336, 37.55794270833333], [-1.3266167192429013, 37.56152343749999], [-1.3240141955835951, 37.56217447916666], [-1.3108937006479955, 37.562147492980905], [-1.3083990536277592, 37.56152343749999], [-1.3070977917981064, 37.55924479166666], [-1.2973383280757087, 37.55761718749999], [-1.2745662460567815, 37.55729166666666], [-1.258300473186119, 37.56022135416666], [-1.2550473186119864, 37.56315104166666], [-1.2550473186119864, 37.56705729166666], [-1.2511435331230274, 37.56998697916666], [-1.2433359621451094, 37.57194010416666], [-1.2316246056782325, 37.57291666666666], [-1.2128104092425824, 37.5723937201643], [-1.1994028693726069, 37.56803527311043], [-1.1825783566837613, 37.56590147904832], [-1.1818513406940054, 37.56347656249999], [-1.1779475552050465, 37.56152343749999], [-1.1759956624605667, 37.54785156249999], [-1.1720918769716078, 37.54589843749999], [-1.1717665615141946, 37.54361979166666], [-1.165910883280756, 37.54199218749999], [-1.1423174117711359, 37.54051923778866], [-1.1392350157728697, 37.53743489583333], [-1.1366324921135638, 37.53678385416666], [-1.1210173501577279, 37.53548177083333], [-1.118740141955835, 37.53157552083333], [-1.1164629337539425, 37.53124999999999], [-1.1159121549456068, 37.53555591057774], [-1.1089074869457998, 37.534247539856935], [-1.1181776560118244, 37.54868401155275], [-1.1211638069610055, 37.55780108730431], [-1.1199993138992592, 37.56210165708209], [-1.117214320858254, 37.56713982494693], [-1.1112578864353302, 37.56803385416666], [-1.1080047318611976, 37.57194010416666], [-1.0897870662460558, 37.57389322916666], [-1.0865339116719235, 37.57779947916666], [-1.0787263406940055, 37.57910156249999], [-1.0777503943217657, 37.58235677083333], [-1.0761238170346994, 37.58333333333333], [-1.0738466088328065, 37.58300781249999], [-1.0728706624605668, 37.58007812499999], [-1.0699428233438475, 37.57845052083333], [-1.0601833596214503, 37.57845052083333], [-1.057255520504731, 37.58007812499999], [-1.0562795741324913, 37.58300781249999], [-1.0540023659305984, 37.58333333333333], [-1.052375788643532, 37.58235677083333], [-1.0520504731861189, 37.58007812499999], [-1.0452188485804406, 37.57747395833333], [-1.0292783911671917, 37.57486979166666], [-1.0178923501577277, 37.57519531249999], [-1.015615141955835, 37.57682291666666], [-1.0136632492113553, 37.58268229166666], [-1.0019176739069204, 37.58227566608089], [-1.0003253154574123, 37.29069010416666], [-0.999999999999999, 36.59570312499999], [-1.5999999999999988, 36.29785156249999], [-2.7999999999999976, 36.09928385416666], [-4.599999999999997, 35.99999999999999], [-6.9999999999999964, 35.99999999999999], [-8.799999999999995, 36.46874999999999], [-9.999999999999995, 37.40624999999999], [-10.599999999999994, 38.81249999999999], [-10.599999999999994, 40.68749999999999], [-10.457963197969537, 42.09374999999999], [-10.173889593908623, 43.03124999999999], [-9.747779187817251, 43.49999999999999], [-8.753521573604054, 43.499349832214754], [-8.46944796954314, 43.49804949664429], [-8.327411167512683, 43.496098993288584], [-8.328386738578672, 43.49024748322147], [-8.3319638324873, 43.488947147651], [-8.33749206852791, 43.480820050335566], [-8.347572969543139, 43.47236786912751], [-8.347898159898469, 43.46554110738255], [-8.343345494923849, 43.46261535234899], [-8.34236992385786, 43.45936451342281], [-8.33424016497461, 43.45903942953019], [-8.327085977157353, 43.46684144295302], [-8.319606598984764, 43.46879194630872], [-8.310501269035523, 43.4684668624161], [-8.307899746192884, 43.46781669463087], [-8.303672271573596, 43.46391568791945], [-8.293916560913697, 43.46326552013422], [-8.290989847715727, 43.46164010067113], [-8.292290609137046, 43.45936451342281], [-8.303997461928926, 43.45838926174496], [-8.310501269035523, 43.45643875838926], [-8.312777601522834, 43.448636744966436], [-8.316029505076134, 43.447661493288585], [-8.317005076142124, 43.444735738255034], [-8.311151649746185, 43.442135067114094], [-8.287737944162428, 43.436933724832194], [-8.283835659898468, 43.43270763422818], [-8.276031091370552, 43.43140729865772], [-8.273429568527911, 43.427506291946294], [-8.26692576142131, 43.42685612416106], [-8.26399904822334, 43.42295511744966], [-8.262047906091361, 43.42230494966442], [-8.250341053299483, 43.42100461409396], [-8.248715101522833, 43.41807885906039], [-8.240910532994915, 43.42132969798658], [-8.238676202340457, 43.42505236326369], [-8.225677379836807, 43.42577114969149], [-8.224325824873087, 43.42523070469798], [-8.222374682741108, 43.418729026845625], [-8.220423540609127, 43.417428691275155], [-8.21066782994923, 43.416453439597305], [-8.20774111675126, 43.41482802013421], [-8.20969225888324, 43.41092701342282], [-8.216196065989838, 43.40670092281878], [-8.218472398477148, 43.39792365771811], [-8.222374682741108, 43.3940226510067], [-8.223350253807098, 43.37646812080536], [-8.224976205583747, 43.37061661073825], [-8.228228109137047, 43.36671560402684], [-8.233105964466997, 43.364765100671136], [-8.247739530456844, 43.36574035234898], [-8.251316624365472, 43.3696413590604], [-8.257820431472073, 43.37061661073825], [-8.259771573604052, 43.373867449664424], [-8.260747144670042, 43.37971895973154], [-8.26399904822334, 43.38069421140939], [-8.26692576142131, 43.38524538590603], [-8.27473032994923, 43.386545721476494], [-8.276356281725882, 43.39044672818792], [-8.27960818527918, 43.39044672818792], [-8.280499278940392, 43.38777432239858], [-8.296584327203322, 43.39494373073771], [-8.297168464466996, 43.400199244966444], [-8.300420368020296, 43.40149958053691], [-8.301395939086285, 43.40442533557045], [-8.317005076142124, 43.40637583892617], [-8.34041878172588, 43.40540058724831], [-8.343020304568519, 43.40442533557045], [-8.344971446700498, 43.40052432885906], [-8.351475253807099, 43.39629823825502], [-8.354401967005067, 43.38622063758388], [-8.357653870558366, 43.38524538590603], [-8.358629441624357, 43.383619966442936], [-8.356678299492376, 43.38069421140939], [-8.35017449238578, 43.37939387583893], [-8.348223350253798, 43.37061661073825], [-8.34919892131979, 43.36574035234898], [-8.351475253807099, 43.364765100671136], [-8.353101205583748, 43.36183934563758], [-8.354401967005067, 43.35013632550336], [-8.357048975397724, 43.3490778687835], [-8.376825613752914, 43.36196610793665], [-8.385949926730458, 43.37191832327376], [-8.389373676154069, 43.384154723294806], [-8.396121447790243, 43.38285036946972], [-8.40187975888324, 43.3901216442953], [-8.406757614213191, 43.39077181208053], [-8.40870875634517, 43.38947147651007], [-8.410593071737095, 43.38005298404117], [-8.421270462018398, 43.377989029360094], [-8.422691941624358, 43.37971895973154], [-8.429520939086284, 43.38069421140939], [-8.432772842639585, 43.38459521812079], [-8.444479695431465, 43.38557046979865], [-8.450983502538062, 43.38361996644295], [-8.453259835025372, 43.375817953020125], [-8.458137690355322, 43.37321728187919], [-8.46236516497461, 43.36671560402684], [-8.473421637055829, 43.362814597315435], [-8.478612908684411, 43.35658711081962], [-8.48157056900095, 43.35501258389261], [-8.486754441624358, 43.35501258389261], [-8.490656725888318, 43.364765100671136], [-8.492933058375627, 43.36444001677852], [-8.495209390862936, 43.360539010067114], [-8.510168147208113, 43.35858850671141], [-8.511468908629434, 43.3566380033557], [-8.506916243654812, 43.34656040268456], [-8.506916243654812, 43.343959731543606], [-8.514070431472073, 43.33713296979866], [-8.515371192893394, 43.330306208053685], [-8.518623096446692, 43.32835570469798], [-8.52447652284263, 43.327380453020126], [-8.52610247461928, 43.32412961409395], [-8.53780932741116, 43.322829278523486], [-8.542687182741108, 43.31892827181207], [-8.552442893401007, 43.31795302013422], [-8.566100888324865, 43.31827810402684], [-8.570003172588823, 43.31892827181207], [-8.571954314720804, 43.32120385906039], [-8.582685596446693, 43.322829278523486], [-8.61891094278764, 43.322504194630866], [-8.631914260786795, 43.31925335570469], [-8.638933613578674, 43.31340184563758], [-8.651106770833328, 43.31177642617448], [-8.652734374999994, 43.30852558724831], [-8.660546874999994, 43.30722525167785], [-8.664453124999994, 43.30332424496643], [-8.691796874999994, 43.301373741610725], [-8.69537760416666, 43.298122902684554], [-8.698632812499994, 43.29747273489932], [-8.71490885416666, 43.29747273489932], [-8.718164062499994, 43.298122902684554], [-8.72272135416666, 43.30202390939597], [-8.72955729166666, 43.30234899328858], [-8.73444010416666, 43.301373741610725], [-8.735631164878537, 43.299787792313836], [-8.750743938518767, 43.303439093356744], [-8.768860094929185, 43.30560768352811], [-8.786004676928252, 43.311014619647615], [-8.803476493813708, 43.32390828267061], [-8.804101562499994, 43.32640520134227], [-8.809537794246916, 43.32841711318712], [-8.817751736028741, 43.334527232917175], [-8.82934931998263, 43.339326202363736], [-8.830468749999994, 43.342009228187905], [-8.83697916666666, 43.34395973154362], [-8.842187499999994, 43.34395973154362], [-8.84869791666666, 43.34103397651006], [-8.850770857285372, 43.33038744889135], [-8.85617071630888, 43.32545184763857], [-8.866927083333328, 43.32347944630872], [-8.905989583333328, 43.322829278523486], [-8.917708333333328, 43.32120385906039], [-8.917382812499994, 43.31892827181207], [-8.914453124999994, 43.31795302013422], [-8.912825520833328, 43.31405201342281], [-8.912570952816907, 43.306933676620005], [-8.92982637840518, 43.29840527767339], [-8.942541075133022, 43.294236124903314], [-8.962304687499994, 43.295847315436234], [-8.964583333333328, 43.295197147651], [-8.966536458333328, 43.292271392617444], [-8.974348958333328, 43.29097105704697], [-8.976953124999994, 43.287070050335565], [-8.984765624999994, 43.285769714765095], [-8.985742187499994, 43.28251887583892], [-8.988671874999994, 43.28154362416107], [-8.986718749999994, 43.27374161073825], [-8.98053385416666, 43.26463926174496], [-8.975976562499994, 43.26203859060402], [-8.95904947916666, 43.25943791946308], [-8.955794270833328, 43.25683724832214], [-8.95221354166666, 43.241233221476506], [-8.94440104166666, 43.23895763422818], [-8.943749999999994, 43.236682046979865], [-8.945052083333328, 43.23570679530201], [-8.960677083333328, 43.234406459731545], [-8.964583333333328, 43.232781040268456], [-8.96588541666666, 43.23050545302012], [-8.981835937499994, 43.22888003355703], [-8.986958038400267, 43.22587107732347], [-9.00450204902199, 43.237256], [-9.00794467489919, 43.237256], [-9.008203124999994, 43.238632550335566], [-9.01276041666666, 43.239932885906036], [-9.016015624999994, 43.23700713087248], [-9.01764322916666, 43.22530411073824], [-9.02154947916666, 43.22335360738254], [-9.022851562499994, 43.220102768456364], [-9.031640624999994, 43.219127516778514], [-9.036523437499994, 43.216201761744955], [-9.038476562499994, 43.20449874161073], [-9.051698307146324, 43.195030188065125], [-9.06484252126715, 43.19086531141654], [-9.086956873978215, 43.188211152831805], [-9.093164062499994, 43.19247063758388], [-9.10651041666666, 43.19344588926174], [-9.113020833333328, 43.19734689597315], [-9.132843884478085, 43.198322147651], [-9.13787429486786, 43.199931594711146], [-9.145228724334201, 43.197008354851405], [-9.14947916666666, 43.19637164429529], [-9.152083333333328, 43.19428378371493], [-9.16996515811226, 43.186990023998895], [-9.17389322916666, 43.18629404362415], [-9.178450520833328, 43.18304320469798], [-9.18151246904423, 43.178873425316205], [-9.209234857721484, 43.15938737313103], [-9.209700520833328, 43.160937499999996], [-9.212630208333328, 43.161912751677846], [-9.214257812499994, 43.15898699664429], [-9.214412248793744, 43.15574818771337], [-9.215655851920786, 43.15487405974001], [-9.212630208333328, 43.14630872483221], [-9.210044807937106, 43.14427035899527], [-9.207415694917497, 43.13930188472113], [-9.20587210846955, 43.139155483831324], [-9.207421874999994, 43.132655201342274], [-9.203515624999994, 43.13070469798657], [-9.194726562499994, 43.12972944630872], [-9.191796874999994, 43.12582843959731], [-9.184960937499994, 43.12615352348993], [-9.176497395833328, 43.135255872483214], [-9.168359374999994, 43.1349307885906], [-9.167382812499994, 43.131679949664424], [-9.163476562499994, 43.130379614093954], [-9.162499999999994, 43.127453859060395], [-9.166731770833328, 43.124528104026844], [-9.168684895833328, 43.1108745805369], [-9.172591145833328, 43.1089240771812], [-9.17389322916666, 43.10567323825503], [-9.185286458333328, 43.10404781879193], [-9.186238490614578, 43.10167093282801], [-9.189980327458459, 43.10083181648715], [-9.194238617317767, 43.10170882572513], [-9.194726562499994, 43.10404781879193], [-9.198632812499994, 43.10567323825503], [-9.199934895833328, 43.10957424496643], [-9.20319010416666, 43.10957424496643], [-9.205994365167019, 43.105217916468334], [-9.21477401218376, 43.11085144338739], [-9.215234374999994, 43.11315016778523], [-9.221093749999994, 43.11510067114093], [-9.224348958333328, 43.11119966442952], [-9.224999999999994, 43.10209731543623], [-9.226711931030431, 43.09867804916336], [-9.232822188258337, 43.09540895390677], [-9.244531249999994, 43.094295302013414], [-9.250390624999994, 43.09201971476509], [-9.254296874999994, 43.08746854026845], [-9.256249999999994, 43.080641778523486], [-9.257530469465012, 43.059453328870774], [-9.270641061953445, 43.05900570014653], [-9.27775996234755, 43.05436260826042], [-9.277337625558376, 43.053009647650995], [-9.282617187499994, 43.053009647650995], [-9.287499999999994, 43.05463506711409], [-9.28815104166666, 43.05723573825503], [-9.29401041666666, 43.06113674496643], [-9.29596354166666, 43.06081166107382], [-9.29791666666666, 43.05528523489932], [-9.297265624999994, 43.046182885906035], [-9.29596354166666, 43.043582214765095], [-9.28815104166666, 43.040331375838925], [-9.286523437499994, 43.0325293624161], [-9.28326822916666, 43.0305788590604], [-9.280989583333328, 43.01497483221476], [-9.27838541666666, 43.01237416107382], [-9.27447916666666, 43.011073825503345], [-9.265364583333328, 43.00977348993288], [-9.26276041666666, 43.00717281879193], [-9.261458333333328, 43.00327181208053], [-9.262434895833328, 42.99156879194631], [-9.265364583333328, 42.98896812080537], [-9.264242339956608, 42.97798489810961], [-9.268907365042764, 42.96848932208354], [-9.280989583333328, 42.96361157718119], [-9.28326822916666, 42.959385486577176], [-9.286523437499994, 42.958410234899326], [-9.287825520833328, 42.9506082214765], [-9.291731770833328, 42.94800755033557], [-9.29303385416666, 42.94020553691274], [-9.29694010416666, 42.9372797818792], [-9.297591145833328, 42.93532927852348], [-9.29791666666666, 42.92850251677852], [-9.29596354166666, 42.92362625838925], [-9.28815104166666, 42.92167575503355], [-9.28717447916666, 42.918424916107384], [-9.28424479166666, 42.917449664429526], [-9.28326822916666, 42.915499161073825], [-9.28033854166666, 42.8872168624161], [-9.27838541666666, 42.884291107382545], [-9.27252604166666, 42.88234060402684], [-9.271223958333328, 42.885591442953015], [-9.263411458333328, 42.89144295302012], [-9.260509170493243, 42.905934913778665], [-9.256249999999994, 42.90899748322147], [-9.256575520833328, 42.91127307046979], [-9.257537301212965, 42.91189052794074], [-9.252828887664785, 42.92121844055612], [-9.247037540938223, 42.92786456703724], [-9.23932291666666, 42.92882760067114], [-9.236718749999994, 42.93077810402684], [-9.235346550168488, 42.93665106668057], [-9.224741722057622, 42.94162309952452], [-9.220717470906836, 42.941303111971486], [-9.21881510416666, 42.933703859060394], [-9.215559895833328, 42.932078439597305], [-9.214583333333328, 42.92330117449664], [-9.212630208333328, 42.920375419463085], [-9.202864583333328, 42.917449664429526], [-9.189192708333328, 42.91875], [-9.185286458333328, 42.92135067114093], [-9.183333333333328, 42.925251677852344], [-9.183984374999994, 42.934679110738244], [-9.187239583333328, 42.94020553691276], [-9.193098958333328, 42.944106543624144], [-9.193749999999994, 42.9467072147651], [-9.189843749999994, 42.9486577181208], [-9.183705553731286, 42.94691673716003], [-9.18268229166666, 42.944106543624144], [-9.174572646164147, 42.9370680469591], [-9.17096354166666, 42.92265100671139], [-9.16315104166666, 42.9167994966443], [-9.161848958333328, 42.91322357382549], [-9.154036458333328, 42.91192323825503], [-9.151106770833328, 42.90802223154361], [-9.149153645833328, 42.90737206375838], [-9.139388020833328, 42.90672189597315], [-9.136458333333328, 42.90509647651006], [-9.137109374999994, 42.90282088926173], [-9.142968749999994, 42.90184563758388], [-9.146223958333328, 42.899895134228174], [-9.14654947916666, 42.893393456375826], [-9.141974553101104, 42.89034442624237], [-9.145973863146336, 42.88639877236999], [-9.148177083333328, 42.886241610738246], [-9.15143229166666, 42.88234060402684], [-9.151757812499994, 42.86933724832214], [-9.150130208333328, 42.86543624161073], [-9.147200520833328, 42.86348573825502], [-9.145898437499994, 42.85568372483221], [-9.142317708333328, 42.85438338926174], [-9.13580729166666, 42.846581375838916], [-9.11529947916666, 42.843005453020126], [-9.112044270833328, 42.83975461409395], [-9.11041666666666, 42.83487835570469], [-9.11139322916666, 42.82024958053691], [-9.11529947916666, 42.81764890939596], [-9.11627604166666, 42.81439807046979], [-9.12408854166666, 42.81309773489933], [-9.125875055239806, 42.811151427006585], [-9.132476625421646, 42.81123785026091], [-9.131225295677588, 42.80890079054987], [-9.147200520833328, 42.80757130872483], [-9.152083333333328, 42.804320469798654], [-9.150130208333328, 42.79846895973154], [-9.141341145833328, 42.79586828859059], [-9.137109374999994, 42.78936661073825], [-9.132226562499994, 42.78611577181207], [-9.131249999999994, 42.77441275167784], [-9.129296874999994, 42.768886325503345], [-9.121484374999994, 42.770511744966434], [-9.119856770833328, 42.766935822147644], [-9.116601562499994, 42.76596057046979], [-9.114648437499994, 42.758158557046976], [-9.102278645833328, 42.75523280201342], [-9.099023437499994, 42.75328229865771], [-9.090559895833328, 42.74352978187919], [-9.087304687499994, 42.74157927852348], [-9.079817708333328, 42.74060402684563], [-9.074934895833328, 42.74255453020133], [-9.073958333333328, 42.74450503355703], [-9.074934895833328, 42.75035654362415], [-9.077864583333328, 42.75165687919463], [-9.075911458333328, 42.757508389261744], [-9.070029640944975, 42.76079468697944], [-9.054427083333328, 42.762384647651], [-9.052148437499994, 42.766285654362406], [-9.04889322916666, 42.76726090604026], [-9.048242187499994, 42.775062919463075], [-9.050115236980988, 42.77638329733645], [-9.047292261539903, 42.7786278263552], [-9.04905515819965, 42.78757228049383], [-9.037825520833328, 42.78936661073825], [-9.030664062499994, 42.79716862416106], [-9.025781249999994, 42.7978187919463], [-9.023828124999994, 42.79684354026845], [-9.021874999999994, 42.78806627516778], [-9.019921874999994, 42.78514052013422], [-9.016015624999994, 42.78319001677851], [-8.992578124999994, 42.78123951342281], [-8.988671874999994, 42.77701342281878], [-8.984765624999994, 42.77896392617449], [-8.98053385416666, 42.78546560402683], [-8.976302083333328, 42.78741610738254], [-8.970442708333328, 42.78644085570469], [-8.968489583333328, 42.78319001677851], [-8.96197916666666, 42.78221476510066], [-8.95026041666666, 42.78319001677851], [-8.94830729166666, 42.78644085570469], [-8.945052083333328, 42.78741610738254], [-8.94049479166666, 42.78709102348992], [-8.93854166666666, 42.78546560402684], [-8.938867187499994, 42.78319001677851], [-8.942773437499994, 42.78123951342281], [-8.944647628697586, 42.768137784889845], [-8.949609374999994, 42.76466023489932], [-8.958305886867583, 42.75409136641468], [-8.965363750484176, 42.74871322471332], [-8.97580495571518, 42.74430146312609], [-8.977929687499994, 42.74548028523489], [-8.984765624999994, 42.74580536912751], [-8.990624999999994, 42.7438548657718], [-8.995507812499994, 42.73735318791946], [-9.005598958333328, 42.7344274328859], [-9.006431823894701, 42.73165494081582], [-9.010481770833328, 42.72922609060402], [-9.010632471995212, 42.727871600698016], [-9.017696490533021, 42.71872411366833], [-9.022599783316872, 42.71352238211819], [-9.026106770833328, 42.71264681208053], [-9.027076469937345, 42.70877322210261], [-9.028811494114585, 42.706932595731544], [-9.029848676823937, 42.7035943326981], [-9.03131510416666, 42.70256921140939], [-9.031629245442563, 42.697863417262994], [-9.036851587534777, 42.678079120553484], [-9.04205729166666, 42.67721266778523], [-9.04303385416666, 42.673961828859056], [-9.04596354166666, 42.6729865771812], [-9.047591145833328, 42.67006082214764], [-9.047591145833328, 42.66030830536912], [-9.04694010416666, 42.65835780201341], [-9.043684895833328, 42.65640729865771], [-9.043338923460503, 42.653297726834296], [-9.05018048808028, 42.64508774081483], [-9.063751752894145, 42.62079912793773], [-9.066796874999994, 42.61967281879194], [-9.069726562499994, 42.604068791946304], [-9.071679687499994, 42.601468120805364], [-9.084374999999994, 42.59821728187919], [-9.08404947916666, 42.595941694630866], [-9.08111979166666, 42.594966442953016], [-9.080468749999994, 42.59301593959731], [-9.083723958333328, 42.58651426174495], [-9.088606770833328, 42.58391359060401], [-9.089583333333328, 42.5780620805369], [-9.088606770833328, 42.57481124161073], [-9.085351562499994, 42.573835989932874], [-9.083723958333328, 42.56993498322147], [-9.075911458333328, 42.569284815436234], [-9.073958333333328, 42.572210570469785], [-9.069075520833328, 42.573835989932874], [-9.05279947916666, 42.573510906040255], [-9.04791666666666, 42.570260067114084], [-9.04791666666666, 42.567659395973145], [-9.04498697916666, 42.562458053691266], [-9.03229166666666, 42.55140520134227], [-9.03326822916666, 42.54847944630872], [-9.04498697916666, 42.53807676174496], [-9.04694010416666, 42.53352558724831], [-9.04791666666666, 42.521497483221474], [-9.04596354166666, 42.51174496644295], [-9.043684895833328, 42.512070050335566], [-9.040755208333328, 42.51662122483221], [-9.032942708333328, 42.517921560402684], [-9.031640624999994, 42.520847315436235], [-9.02252604166666, 42.518246644295296], [-9.021223958333328, 42.52117239932885], [-9.011132812499994, 42.524098154362406], [-9.00592447916666, 42.53059983221476], [-8.99322916666666, 42.53255033557046], [-8.98932291666666, 42.53482592281878], [-8.986718749999994, 42.53937709731542], [-8.9849745955873, 42.55161196082857], [-8.981937986938183, 42.55245208197595], [-8.97605535400796, 42.56911440491517], [-8.96783854166666, 42.569934983221465], [-8.96393229166666, 42.57188548657717], [-8.95807291666666, 42.57871224832214], [-8.949934895833328, 42.5835885067114], [-8.933007812499994, 42.58488884228187], [-8.928124999999994, 42.58651426174496], [-8.927148437499994, 42.58944001677852], [-8.92389322916666, 42.59041526845637], [-8.92291666666666, 42.596266778523486], [-8.92486979166666, 42.599517617449656], [-8.931380208333328, 42.60049286912751], [-8.933333333333328, 42.603418624161066], [-8.932356770833328, 42.605044043624154], [-8.929101562499994, 42.606019295302005], [-8.92754478032148, 42.61327452714604], [-8.904068166703816, 42.62683241522553], [-8.889992220751953, 42.63200900663839], [-8.888456933346868, 42.631702608047256], [-8.888030654232487, 42.63019619720373], [-8.89286227958047, 42.620687028732846], [-8.88971354166666, 42.61642197986576], [-8.883203124999994, 42.61479656040268], [-8.880598958333328, 42.60309354026845], [-8.877343749999994, 42.600167785234895], [-8.871484374999994, 42.601143036912745], [-8.868880208333328, 42.606019295302005], [-8.861067708333328, 42.611220637583884], [-8.860091145833328, 42.61479656040268], [-8.856184895833328, 42.61642197986576], [-8.854231770833328, 42.62422399328859], [-8.842513020833328, 42.62682466442952], [-8.840559895833328, 42.628125], [-8.83795572916666, 42.634626677852346], [-8.829817708333328, 42.63657718120805], [-8.814192708333328, 42.634626677852346], [-8.80768229166666, 42.62682466442952], [-8.804101562499994, 42.62552432885905], [-8.803450520833328, 42.61772231543624], [-8.808007812499994, 42.61479656040268], [-8.808333333333328, 42.61252097315436], [-8.802473958333328, 42.610895553691265], [-8.782942708333328, 42.61024538590603], [-8.777083333333328, 42.608619966442944], [-8.779036458333328, 42.605694211409386], [-8.785546874999994, 42.604718959731535], [-8.789453124999994, 42.59561661073825], [-8.797265624999994, 42.593991191275165], [-8.798242187499994, 42.59074035234899], [-8.802473958333328, 42.5891149328859], [-8.806289794485147, 42.58450196303567], [-8.810611748473068, 42.58173087349721], [-8.82916666666666, 42.58261325503354], [-8.829817708333328, 42.58001258389261], [-8.837630208333328, 42.573835989932874], [-8.84088541666666, 42.55725671140939], [-8.843489583333328, 42.55465604026845], [-8.847395833333328, 42.55335570469798], [-8.85260416666666, 42.55335570469798], [-8.85651041666666, 42.55465604026845], [-8.859114583333328, 42.55725671140939], [-8.860742187499994, 42.570260067114084], [-8.86236979166666, 42.57416107382549], [-8.86529947916666, 42.573185822147636], [-8.86627604166666, 42.56993498322147], [-8.869531249999994, 42.568959731543615], [-8.875390624999994, 42.56993498322147], [-8.87604166666666, 42.572210570469785], [-8.87897135416666, 42.573835989932874], [-8.88580729166666, 42.57416107382549], [-8.89069010416666, 42.57221057046979], [-8.89166666666666, 42.570260067114084], [-8.891015624999994, 42.565383808724825], [-8.88190104166666, 42.55790687919462], [-8.881249999999994, 42.555306208053686], [-8.883203124999994, 42.55270553691274], [-8.88971354166666, 42.54880453020134], [-8.89166666666666, 42.54490352348993], [-8.88971354166666, 42.54327810402684], [-8.883203124999994, 42.54197776845637], [-8.881249999999994, 42.53710151006711], [-8.880273437499994, 42.528324244966434], [-8.875390624999994, 42.52539848993288], [-8.87115885416666, 42.51889681208053], [-8.866927083333328, 42.516946308724826], [-8.86236979166666, 42.51792156040268], [-8.86041666666666, 42.52669882550335], [-8.85651041666666, 42.53157508389261], [-8.843489583333328, 42.53222525167784], [-8.84088541666666, 42.531575083892605], [-8.838606770833328, 42.5276740771812], [-8.835351562499994, 42.52637374161073], [-8.83502604166666, 42.514670721476506], [-8.838281249999994, 42.51174496644295], [-8.845117187499994, 42.509794463087246], [-8.84967447916666, 42.50329278523489], [-8.853906249999994, 42.50134228187919], [-8.85846354166666, 42.50166736577181], [-8.86041666666666, 42.50459312080536], [-8.86529947916666, 42.50621854026845], [-8.88483072916666, 42.50556837248321], [-8.887109374999994, 42.50231753355705], [-8.894921874999994, 42.50036703020134], [-8.897271440913489, 42.49192759280972], [-8.916200263236298, 42.486211183331264], [-8.923306469458685, 42.48289500550535], [-8.935937499999994, 42.48313758389261], [-8.941145833333328, 42.480536912751674], [-8.943749999999994, 42.47598573825503], [-8.942773437499994, 42.46135696308724], [-8.937890624999994, 42.45778104026844], [-8.93365885416666, 42.451279362416095], [-8.929427083333328, 42.449328859060394], [-8.923567708333328, 42.451279362416095], [-8.92194010416666, 42.45908137583892], [-8.918684895833328, 42.46005662751677], [-8.917708333333328, 42.46298238255032], [-8.915429687499994, 42.46330746644294], [-8.894921874999994, 42.45843120805368], [-8.888085937499994, 42.453880033557034], [-8.883528645833328, 42.44737835570469], [-8.881249999999994, 42.438926174496636], [-8.881249999999994, 42.42852348993288], [-8.878320312499994, 42.41552013422818], [-8.875390624999994, 42.41291946308724], [-8.866601562499994, 42.41194421140939], [-8.864648437499994, 42.40804320469798], [-8.86139322916666, 42.40706795302013], [-8.86041666666666, 42.401216442953015], [-8.85846354166666, 42.397965604026844], [-8.85162760416666, 42.396665268456374], [-8.84674479166666, 42.39081375838926], [-8.841210937499994, 42.387562919463086], [-8.82526041666666, 42.3878880033557], [-8.822981770833328, 42.391789010067114], [-8.819726562499994, 42.392764261744965], [-8.81744791666666, 42.400566275167776], [-8.814843749999994, 42.40186661073825], [-8.80572916666666, 42.402516778523484], [-8.799218749999994, 42.401541526845634], [-8.79498697916666, 42.397640520134225], [-8.784895833333328, 42.396665268456374], [-8.78033854166666, 42.393414429530196], [-8.77643229166666, 42.387562919463086], [-8.773828124999994, 42.38691275167785], [-8.772200520833328, 42.3878880033557], [-8.771223958333328, 42.391138842281876], [-8.763411458333328, 42.392439177852346], [-8.760481770833328, 42.39699035234899], [-8.757226562499994, 42.397965604026844], [-8.755273437499994, 42.405767617449655], [-8.750390624999994, 42.40771812080536], [-8.741601562499994, 42.408693372483214], [-8.739648437499994, 42.41259437919463], [-8.735742187499994, 42.41389471476509], [-8.734765624999994, 42.41714555369127], [-8.726953124999994, 42.41844588926174], [-8.724348958333328, 42.42234689597315], [-8.721093749999994, 42.423322147651], [-8.716536458333328, 42.42234689597315], [-8.715234374999994, 42.42039639261744], [-8.712630208333328, 42.408693372483214], [-8.710677083333328, 42.40771812080536], [-8.70611979166666, 42.4083682885906], [-8.703515624999994, 42.41617030201341], [-8.70026041666666, 42.41812080536912], [-8.69440104166666, 42.41617030201341], [-8.694075520833328, 42.409668624161064], [-8.698632812499994, 42.40674286912751], [-8.700042058900776, 42.4034801391764], [-8.708723958333328, 42.402516778523484], [-8.713606770833328, 42.400566275167776], [-8.714583333333328, 42.396015100671136], [-8.721101860194066, 42.390865070533145], [-8.734114583333328, 42.386262583892616], [-8.73639322916666, 42.38203649328859], [-8.739648437499994, 42.38106124161074], [-8.7410494763017, 42.37434528218972], [-8.743262289911552, 42.372409121556544], [-8.750390624999994, 42.3693582214765], [-8.751203732749758, 42.36546054309267], [-8.763457489458979, 42.35473878991684], [-8.770821678743573, 42.341744491184166], [-8.77628020920091, 42.33880272706157], [-8.801495079631438, 42.34289001076386], [-8.80572916666666, 42.34465184563757], [-8.831770833333328, 42.34465184563757], [-8.839583333333328, 42.3414010067114], [-8.837630208333328, 42.33554949664429], [-8.83307291666666, 42.33489932885905], [-8.828841145833328, 42.33099832214764], [-8.825204286502546, 42.32074332645709], [-8.825803239732206, 42.296202396464764], [-8.831899400984438, 42.28810761240176], [-8.833651308451106, 42.287780229482166], [-8.840050951790872, 42.29479019972412], [-8.840559895833328, 42.29783976510066], [-8.843979505896035, 42.299198105908985], [-8.84576822916666, 42.30336619127516], [-8.85455729166666, 42.31019295302013], [-8.85748697916666, 42.31051803691275], [-8.85944010416666, 42.30856753355704], [-8.86041666666666, 42.30434144295302], [-8.86139322916666, 42.28971266778523], [-8.864648437499994, 42.28678691275167], [-8.86529947916666, 42.28418624161073], [-8.86627604166666, 42.27085780201342], [-8.869531249999994, 42.265331375838926], [-8.875390624999994, 42.26045511744965], [-8.875390624999994, 42.25362835570469], [-8.87213541666666, 42.25167785234898], [-8.86627604166666, 42.25070260067113], [-8.86529947916666, 42.247451761744955], [-8.86236979166666, 42.246476510067104], [-8.860742187499994, 42.24940226510066], [-8.86041666666666, 42.25622902684563], [-8.857045046239575, 42.26043789529823], [-8.850680627283545, 42.26194805708853], [-8.843164062499994, 42.2614303691275], [-8.837630208333328, 42.25817953020133], [-8.834700520833328, 42.25362835570469], [-8.830468749999994, 42.25167785234898], [-8.824609374999994, 42.252653104026834], [-8.822005208333328, 42.25752936241609], [-8.815169270833328, 42.26045511744965], [-8.81158854166666, 42.25817953020133], [-8.80865885416666, 42.25362835570469], [-8.798567708333328, 42.25070260067113], [-8.797591145833328, 42.247451761744955], [-8.794661458333328, 42.246476510067104], [-8.79303385416666, 42.247451761744955], [-8.791731770833328, 42.251352768456364], [-8.788476562499994, 42.252328020134215], [-8.787499999999994, 42.25817953020133], [-8.783593749999994, 42.2614303691275], [-8.77057291666666, 42.26175545302012], [-8.767968749999994, 42.26110528523489], [-8.765364583333328, 42.25817953020133], [-8.76276041666666, 42.25817953020133], [-8.749739583333328, 42.26175545302012], [-8.745833333333328, 42.26598154362415], [-8.74518229166666, 42.270532718120805], [-8.73736979166666, 42.273133389261744], [-8.73541666666666, 42.278984899328854], [-8.73151041666666, 42.282235738255025], [-8.718489583333328, 42.282560822147644], [-8.714583333333328, 42.28093540268456], [-8.713606770833328, 42.278009647651004], [-8.711328124999994, 42.277684563758385], [-8.707747395833328, 42.28191065436241], [-8.683984374999994, 42.284836409395965], [-8.677473958333328, 42.29133808724832], [-8.673567708333328, 42.29263842281878], [-8.661848958333328, 42.29328859060402], [-8.652083333333328, 42.29133808724832], [-8.653059895833328, 42.28906249999999], [-8.661848958333328, 42.28808724832214], [-8.668684895833328, 42.28418624161073], [-8.674327541231465, 42.2759897741526], [-8.693347043314661, 42.26268093956479], [-8.70807291666666, 42.26110528523489], [-8.710351562499994, 42.257204278523474], [-8.713606770833328, 42.256229026845624], [-8.714585856764577, 42.25231793995785], [-8.718949634415521, 42.25096271088888], [-8.744071783597295, 42.236529063347184], [-8.74811197916666, 42.23639890939596], [-8.75104166666666, 42.238024328859055], [-8.75201822916666, 42.240950083892606], [-8.754296874999994, 42.241275167785226], [-8.75592447916666, 42.240299916107375], [-8.75690104166666, 42.2370490771812], [-8.76471354166666, 42.23574874161073], [-8.767317708333328, 42.23184773489932], [-8.773177083333328, 42.23087248322147], [-8.77643229166666, 42.22697147651006], [-8.77771009757339, 42.214721005492315], [-8.787394094933857, 42.205543581212176], [-8.80670572916666, 42.20389052013422], [-8.808984374999994, 42.200639681208045], [-8.814843749999994, 42.199664429530195], [-8.818098958333328, 42.19283766778523], [-8.81900557400501, 42.17171169723436], [-8.841476681830112, 42.16285035464269], [-8.848046874999994, 42.162929949664424], [-8.850976562499994, 42.158378775167776], [-8.853906249999994, 42.157403523489926], [-8.851953124999994, 42.15155201342281], [-8.84967447916666, 42.1496015100671], [-8.842187499999994, 42.1476510067114], [-8.83307291666666, 42.14732592281878], [-8.82916666666666, 42.14570050335569], [-8.828841145833328, 42.14342491610738], [-8.82428385416666, 42.14049916107382], [-8.823958333333328, 42.13594798657717], [-8.825911458333328, 42.13172189597314], [-8.831868959941307, 42.12785471774816], [-8.841308771194317, 42.12585439752062], [-8.84283854166666, 42.12814597315435], [-8.847395833333328, 42.131396812080524], [-8.85455729166666, 42.13204697986576], [-8.858138020833328, 42.13107172818791], [-8.86491236214082, 42.124826883666145], [-8.884144372788596, 42.12455028278632], [-8.89413583147994, 42.1181751732426], [-8.894844030611898, 42.1142062357213], [-8.896223958333328, 42.11351719798657], [-8.900130208333328, 42.10766568791945], [-8.902083333333328, 42.09888842281878], [-8.901106770833328, 42.072556627516775], [-8.897200520833328, 42.06670511744966], [-8.895898437499994, 42.05500209731543], [-8.89264322916666, 42.05337667785234], [-8.890066154729002, 42.03298671667258], [-8.89166666666666, 42.02932046979865], [-8.891341145833328, 42.024769295302], [-8.888979310307212, 42.02233441530716], [-8.886692166346972, 41.99991782444822], [-8.887434895833328, 41.99167046383674], [-8.888411458333328, 41.98959390862944], [-8.88971354166666, 41.98959390862944], [-8.891341145833328, 41.977887055837556], [-8.891341145833328, 41.93886421319797], [-8.88971354166666, 41.927157360406085], [-8.888411458333328, 41.927157360406085], [-8.88678385416666, 41.92423064720812], [-8.886132812499994, 41.91447493654822], [-8.882552083333328, 41.909597081218266], [-8.885156249999994, 41.88228109137055], [-8.881575520833328, 41.876427664974614], [-8.880273437499994, 41.86081852791878], [-8.87701822916666, 41.85854219543147], [-8.87604166666666, 41.85366434010152], [-8.876367187499994, 41.84683534263958], [-8.87799479166666, 41.843908629441614], [-8.879296874999994, 41.843908629441614], [-8.87994791666666, 41.841307106598975], [-8.877343749999994, 41.804885786802025], [-8.880598958333328, 41.798707170050754], [-8.883203124999994, 41.78082170050761], [-8.885156249999994, 41.7557820431472], [-8.884505208333328, 41.74505076142131], [-8.883203124999994, 41.74505076142131], [-8.881575520833328, 41.74114847715735], [-8.880273437499994, 41.72749048223349], [-8.878320312499994, 41.723588197969534], [-8.86822916666666, 41.7144828680203], [-8.865624999999994, 41.71058058375633], [-8.858789062499994, 41.69334549492385], [-8.851953124999994, 41.68814244923857], [-8.849023437499994, 41.67936230964467], [-8.840234374999994, 41.67741116751268], [-8.837304687499994, 41.675134835025375], [-8.835351562499994, 41.67058217005075], [-8.833398437499994, 41.64326618020304], [-8.832421874999994, 41.64098984771573], [-8.83014322916666, 41.64001427664974], [-8.82721354166666, 41.62538071065989], [-8.82037760416666, 41.61887690355329], [-8.812890624999994, 41.58603267766497], [-8.80865885416666, 41.581805203045676], [-8.807356770833328, 41.57400063451776], [-8.803263197869164, 41.564837061248085], [-8.80279947916666, 41.560667829949224], [-8.798836822409854, 41.55442468024271], [-8.798242187499994, 41.536603743654815], [-8.79889322916666, 41.53335184010151], [-8.80279947916666, 41.53075031725888], [-8.803124999999994, 41.528473984771566], [-8.792708333333328, 41.51936865482233], [-8.793684895833328, 41.51644194162436], [-8.79596354166666, 41.51611675126903], [-8.797591145833328, 41.51123889593908], [-8.79694010416666, 41.49172747461928], [-8.79303385416666, 41.48912595177664], [-8.79205729166666, 41.485874048223344], [-8.78619791666666, 41.48489847715735], [-8.782942708333328, 41.48099619289339], [-8.782617187499994, 41.46798857868019], [-8.78424479166666, 41.464086294416234], [-8.78717447916666, 41.462135152284255], [-8.787499999999994, 41.45758248730964], [-8.786523437499994, 41.45433058375634], [-8.78326822916666, 41.45335501269035], [-8.78229166666666, 41.45042829949238], [-8.788802083333328, 41.4452252538071], [-8.79205729166666, 41.43774587563452], [-8.792708333333328, 41.42376269035532], [-8.790755208333328, 41.413031408629436], [-8.784570312499994, 41.40717798223349], [-8.78424479166666, 41.40295050761421], [-8.785872395833328, 41.398072652284256], [-8.78522135416666, 41.396121510152284], [-8.782024317840692, 41.39343200227539], [-8.776834547922093, 41.38010339586845], [-8.775130208333328, 41.37173223350253], [-8.767183428848579, 41.36777607835713], [-8.766015624999994, 41.3616513324873], [-8.760995292048866, 41.3572630008417], [-8.755598958333328, 41.34213991116751], [-8.754296874999994, 41.34018876903552], [-8.749739583333328, 41.339213197969535], [-8.747786458333328, 41.33661167512689], [-8.745833333333328, 41.323604060913695], [-8.74518229166666, 41.30506821065989], [-8.743880208333328, 41.29921478426395], [-8.735874277701004, 41.27996013552871], [-8.734164688119638, 41.253488399188626], [-8.735500677851173, 41.24985909265805], [-8.733762125234756, 41.247255009218875], [-8.73346354166666, 41.242631662436544], [-8.73151041666666, 41.23840418781725], [-8.72565104166666, 41.2335263324873], [-8.72467447916666, 41.22669733502537], [-8.72174479166666, 41.22474619289339], [-8.720442708333328, 41.22181947969543], [-8.714257812499994, 41.18669892131979], [-8.71100260416666, 41.180845494923844], [-8.706770833333328, 41.17791878172588], [-8.701562499999994, 41.17791878172588], [-8.697656249999994, 41.17661802030456], [-8.695052083333328, 41.17401649746192], [-8.691796874999994, 41.15840736040608], [-8.683984374999994, 41.15515545685278], [-8.68268229166666, 41.14832645939085], [-8.67682291666666, 41.14344860406091], [-8.673567708333328, 41.13596922588832], [-8.67194010416666, 41.112230329949234], [-8.669661458333328, 41.110279187817255], [-8.66803385416666, 41.10442576142132], [-8.666731770833328, 41.081012055837554], [-8.664453124999994, 41.079060913705575], [-8.662825520833328, 41.07320748730964], [-8.661523437499994, 41.04979378172588], [-8.660546874999994, 41.0478426395939], [-8.65826822916666, 41.04719225888324], [-8.656966145833328, 41.03938769035532], [-8.655087562044006, 41.03813657262355], [-8.653785852612115, 41.03076483633655], [-8.65365590567204, 40.993395301131436], [-8.656966145833328, 40.98670685279187], [-8.657570589185681, 40.9794608963405], [-8.6603983747953, 40.96939532930064], [-8.661523437499994, 40.9684961928934], [-8.66672537486224, 40.94687422900281], [-8.66901041666666, 40.94573286802029], [-8.672265624999994, 40.936302347715724], [-8.672843900135616, 40.92509519946295], [-8.684714007656803, 40.882843282408686], [-8.68658854166666, 40.88134517766497], [-8.68951822916666, 40.866711611675115], [-8.692773437499994, 40.8644352791878], [-8.694556768943578, 40.84780775027626], [-8.695068753800678, 40.84598532856049], [-8.697981770833328, 40.84394828680202], [-8.69928385416666, 40.83224143401014], [-8.703841145833328, 40.82638800761421], [-8.70514322916666, 40.81468115482233], [-8.708398437499994, 40.81305520304568], [-8.709700520833328, 40.80525063451776], [-8.713606770833328, 40.80167354060914], [-8.715559895833328, 40.778910215736026], [-8.719466145833328, 40.774357550761415], [-8.720442708333328, 40.764276649746186], [-8.72174479166666, 40.76167512690355], [-8.728255208333328, 40.75647208121827], [-8.731184895833328, 40.74183851522842], [-8.73444010416666, 40.73956218274111], [-8.735742187499994, 40.72395304568528], [-8.74127604166666, 40.714197335025375], [-8.746484374999994, 40.69078362944162], [-8.750716145833328, 40.68688134517766], [-8.75201822916666, 40.67907677664974], [-8.755273437499994, 40.677450824873084], [-8.756575520833328, 40.665743972081216], [-8.757226562499994, 40.66379282994923], [-8.761132812499994, 40.66086611675126], [-8.76178385416666, 40.65436230964466], [-8.766341145833328, 40.6504600253807], [-8.766015624999994, 40.643956218274106], [-8.758203124999994, 40.64102950507613], [-8.756249999999994, 40.63615164974619], [-8.757226562499994, 40.62737151015228], [-8.759505208333328, 40.62639593908629], [-8.761132812499994, 40.62249365482233], [-8.762434895833328, 40.60688451776649], [-8.76569010416666, 40.60493337563451], [-8.766992187499994, 40.59712880710659], [-8.770898437499994, 40.59420209390862], [-8.772200520833328, 40.582495241116746], [-8.776106770833328, 40.57794257614212], [-8.777734374999994, 40.558105964466996], [-8.779036458333328, 40.55420368020304], [-8.786848958333328, 40.54574873096446], [-8.787825520833328, 40.53566782994923], [-8.789453124999994, 40.53274111675126], [-8.791731770833328, 40.531765545685275], [-8.79303385416666, 40.52005869289339], [-8.79694010416666, 40.51583121827411], [-8.797591145833328, 40.51322969543147], [-8.79889322916666, 40.49762055837563], [-8.80279947916666, 40.49436865482233], [-8.804101562499994, 40.48656408629441], [-8.807356770833328, 40.484938134517755], [-8.809309895833328, 40.4712801395939], [-8.81256510416666, 40.469654187817255], [-8.813867187499994, 40.46184961928933], [-8.817773437499994, 40.45794733502537], [-8.819726562499994, 40.43063134517766], [-8.82330729166666, 40.42737944162436], [-8.828515624999994, 40.41177030456852], [-8.833723958333328, 40.40526649746192], [-8.83893229166666, 40.37404822335024], [-8.841536458333328, 40.36624365482233], [-8.84283854166666, 40.36624365482233], [-8.844466145833328, 40.36331694162436], [-8.845442708333328, 40.35323604060913], [-8.85358072916666, 40.3441307106599], [-8.862044270833328, 40.31031091370558], [-8.87018229166666, 40.30120558375634], [-8.872786458333328, 40.28819796954314], [-8.879296874999994, 40.282344543147204], [-8.882226562499994, 40.258605647208114], [-8.885481770833328, 40.25632931472081], [-8.888411458333328, 40.24624841370557], [-8.896223958333328, 40.23974460659898], [-8.897200520833328, 40.232915609137045], [-8.900130208333328, 40.230964467005066], [-8.901757812499994, 40.22706218274111], [-8.903059895833328, 40.211453045685275], [-8.90631510416666, 40.209501903553296], [-8.907617187499994, 40.20169733502537], [-8.911523437499994, 40.19844543147207], [-8.912499999999994, 40.18673857868019], [-8.910546874999994, 40.180234771573595], [-8.904036458333328, 40.178283629441616], [-8.900781249999994, 40.170153870558366], [-8.89546001245381, 40.16591088358162], [-8.883592542482587, 40.16000561941337], [-8.881249999999994, 40.155520304568526], [-8.880598958333328, 40.14641497461929], [-8.879296874999994, 40.14381345177665], [-8.872786458333328, 40.141211928934005], [-8.870833333333328, 40.13470812182741], [-8.871809895833328, 40.12300126903553], [-8.87506510416666, 40.12105012690355], [-8.876367187499994, 40.113245558375624], [-8.880598958333328, 40.109343274111666], [-8.888085937499994, 40.081051713197965], [-8.894921874999994, 40.07519828680202], [-8.897851562499994, 40.06511738578679], [-8.90143229166666, 40.06251586294415], [-8.906966145833328, 40.03877696700506], [-8.908919270833328, 40.03422430203045], [-8.91608072916666, 40.026943210659894], [-8.92291666666666, 40.00038071065989], [-8.925520833333328, 39.99492385786801], [-8.935937499999994, 39.98406567258883], [-8.93854166666666, 39.97821224619288], [-8.94537760416666, 39.94927030456852], [-8.953515624999994, 39.94114054568528], [-8.95611979166666, 39.932035215736036], [-8.962630208333328, 39.92683217005076], [-8.965559895833328, 39.90764593908629], [-8.969466145833328, 39.90439403553299], [-8.97076822916666, 39.89658946700507], [-8.97467447916666, 39.893987944162426], [-8.97565104166666, 39.887158946700495], [-8.98346354166666, 39.88032994923857], [-8.984765624999994, 39.87772842639593], [-8.98639322916666, 39.865696383248725], [-8.989648437499994, 39.86407043147207], [-8.990950520833328, 39.856265862944156], [-8.99518229166666, 39.85301395939086], [-9.000390624999994, 39.83740482233502], [-9.00299479166666, 39.83350253807106], [-9.005273437499994, 39.832526967005066], [-9.007226562499994, 39.818868972081205], [-9.010481770833328, 39.81724302030456], [-9.013411458333328, 39.80716211928934], [-9.021223958333328, 39.80065831218273], [-9.022200520833328, 39.7938293147208], [-9.02643229166666, 39.790577411167504], [-9.031640624999994, 39.77496827411167], [-9.03424479166666, 39.771065989847706], [-9.036848958333328, 39.76976522842639], [-9.04205729166666, 39.75415609137055], [-9.04694010416666, 39.74895304568527], [-9.04889322916666, 39.7307423857868], [-9.052148437499994, 39.72879124365482], [-9.053450520833328, 39.720986675126895], [-9.057356770833328, 39.71773477157359], [-9.058474674025039, 39.704333552398225], [-9.070247194916448, 39.67997929104714], [-9.07428385416666, 39.65855012690355], [-9.078515624999994, 39.65529822335025], [-9.083723958333328, 39.63968908629441], [-9.088606770833328, 39.63383565989847], [-9.08893229166666, 39.61042195431471], [-9.086841040541461, 39.59665097172989], [-9.08853209003798, 39.582523794021284], [-9.090741984311295, 39.57629345159387], [-9.092557231984516, 39.5737881892401], [-9.099348958333328, 39.572374682741106], [-9.100325520833328, 39.56912277918781], [-9.104231770833328, 39.56749682741116], [-9.105859374999994, 39.559367068527905], [-9.114973958333328, 39.55188769035532], [-9.11627604166666, 39.5483105964467], [-9.12408854166666, 39.54700983502538], [-9.12701822916666, 39.54245717005075], [-9.130273437499994, 39.54148159898477], [-9.132226562499994, 39.532376269035524], [-9.135481770833328, 39.53140069796953], [-9.137434895833328, 39.52749841370558], [-9.149153645833328, 39.52554727157359], [-9.151106770833328, 39.523596129441614], [-9.15338541666666, 39.51384041878171], [-9.155989583333328, 39.51188927664974], [-9.171614583333328, 39.50896256345177], [-9.17389322916666, 39.50115799492385], [-9.177473958333328, 39.49985723350253], [-9.183007812499994, 39.492052664974615], [-9.193098958333328, 39.48912595177664], [-9.194726562499994, 39.485223667512685], [-9.199609374999994, 39.48294733502537], [-9.203841145833328, 39.47611833756345], [-9.212630208333328, 39.46928934010152], [-9.21588541666666, 39.45595653553299], [-9.218489583333328, 39.452704631979685], [-9.234114583333328, 39.441973350253804], [-9.23639322916666, 39.43351840101522], [-9.239648437499994, 39.43254282994923], [-9.241601562499994, 39.428640545685276], [-9.253320312499994, 39.42701459390862], [-9.255273437499994, 39.4257138324873], [-9.258203124999994, 39.41790926395938], [-9.266015624999994, 39.41628331218273], [-9.266992187499994, 39.413031408629436], [-9.270898437499994, 39.41173064720812], [-9.272074338024208, 39.40891135108834], [-9.274020573990235, 39.40757952710551], [-9.28033854166666, 39.40652760152284], [-9.282942708333328, 39.40262531725888], [-9.291406249999994, 39.400674175126895], [-9.297497951504813, 39.39474880327578], [-9.317388193014636, 39.38452035382311], [-9.342187499999994, 39.379211611675125], [-9.34479166666666, 39.37693527918781], [-9.34576822916666, 39.37108185279187], [-9.349023437499994, 39.37010628172588], [-9.350273117791483, 39.367609458564814], [-9.352371720203335, 39.36653858173103], [-9.36721096040155, 39.36959958322402], [-9.371809895833328, 39.37368337563451], [-9.392528096127556, 39.375274298377406], [-9.397802035190525, 39.37645642664983], [-9.40672029283897, 39.37427466360127], [-9.403716724570817, 39.37029677098258], [-9.412499999999994, 39.36327728426395], [-9.410546874999994, 39.36035057106598], [-9.402734374999994, 39.35904980964466], [-9.400781249999994, 39.35579790609137], [-9.38631713821608, 39.35459378714083], [-9.364789146385029, 39.3370812346042], [-9.360906256350008, 39.33065288297782], [-9.36529947916666, 39.32783153553299], [-9.365624999999994, 39.325555203045674], [-9.355859374999994, 39.31677506345177], [-9.354882812499994, 39.30994606598984], [-9.350976562499994, 39.30669416243654], [-9.349348958333328, 39.290759835025376], [-9.346093749999994, 39.285231598984765], [-9.34350326021115, 39.28319828053122], [-9.339752034043267, 39.26945630257842], [-9.340559895833328, 39.26246827411167], [-9.34283854166666, 39.26116751269035], [-9.344466145833328, 39.25336294416243], [-9.346969825320011, 39.21944680212549], [-9.349023437499994, 39.21856757614212], [-9.351953124999994, 39.203934010152274], [-9.35651041666666, 39.200682106598975], [-9.359765624999994, 39.19515387055837], [-9.36139322916666, 39.1792195431472], [-9.364648437499994, 39.17726840101522], [-9.366601562499994, 39.16881345177664], [-9.378320312499994, 39.15808217005075], [-9.380273437499994, 39.154830266497456], [-9.382226562499994, 39.142473032994914], [-9.38580729166666, 39.14084708121827], [-9.391341145833328, 39.13271732233501], [-9.400130208333328, 39.12588832487309], [-9.402083333333328, 39.12003489847715], [-9.40240885416666, 39.11320590101522], [-9.403059895833328, 39.11125475888325], [-9.406966145833328, 39.108328045685276], [-9.40826822916666, 39.10052347715735], [-9.411523437499994, 39.09954790609137], [-9.41315104166666, 39.0956456218274], [-9.42096354166666, 39.094019670050756], [-9.42291666666666, 39.09076776649746], [-9.42389322916666, 39.08491434010151], [-9.42779947916666, 39.082312817258874], [-9.42779947916666, 39.07580901015228], [-9.42486979166666, 39.0738578680203], [-9.42389322916666, 39.07125634517766], [-9.423319122536563, 39.06360936143465], [-9.425228822328474, 39.0512353568869], [-9.435038286433116, 39.0293799384985], [-9.42599570021809, 38.999020564444486], [-9.424544270833328, 38.95158629441624], [-9.42682291666666, 38.93142449238578], [-9.43268229166666, 38.926546637055836], [-9.43365885416666, 38.919717639593905], [-9.43756510416666, 38.91711611675126], [-9.438867187499994, 38.90931154822334], [-9.442773437499994, 38.906059644670044], [-9.444726562499994, 38.887848984771566], [-9.447981770833328, 38.88589784263959], [-9.44928385416666, 38.87809327411167], [-9.454817708333328, 38.87223984771573], [-9.458723958333328, 38.85923223350253], [-9.46002604166666, 38.85663071065989], [-9.46393229166666, 38.85402918781725], [-9.46979166666666, 38.837769670050754], [-9.490743918928787, 38.818302585113685], [-9.495967, 38.80935425991741], [-9.495967, 38.79892984974617], [-9.497786458333328, 38.792568210659894], [-9.506249999999994, 38.785739213197964], [-9.505273437499994, 38.78281249999999], [-9.501692708333328, 38.781186548223346], [-9.49420572916666, 38.76297588832487], [-9.488008272506047, 38.76124236217347], [-9.483258359498627, 38.744981184069886], [-9.489787636965628, 38.72743487917305], [-9.490165290710713, 38.70874519432408], [-9.4854787419749, 38.70754499775223], [-9.484114583333328, 38.70509200507613], [-9.473046874999994, 38.70021414974619], [-9.441145833333328, 38.6982630076142], [-9.43854166666666, 38.697287436548216], [-9.437239583333328, 38.69501110406091], [-9.43072916666666, 38.69403553299492], [-9.421614583333328, 38.69436072335024], [-9.415429687499994, 38.6982630076142], [-9.410872395833328, 38.69891338832487], [-9.383528645833328, 38.6982630076142], [-9.378320312499994, 38.69436072335024], [-9.36822916666666, 38.69338515228426], [-9.365624999999994, 38.69208439086294], [-9.358789062499994, 38.68427982233502], [-9.351953124999994, 38.683304251269035], [-9.349999999999994, 38.680377538071056], [-9.344140624999994, 38.6787515862944], [-9.335892313115654, 38.678980473460065], [-9.322050842592366, 38.672133924599905], [-9.305676971326662, 38.68769142966212], [-9.298242187499994, 38.690458439086285], [-9.295376980273774, 38.69436157324956], [-9.293160641157112, 38.695701975758666], [-9.28131510416666, 38.698588197969535], [-9.264659994530723, 38.69872570376206], [-9.230208333333328, 38.69614969545302], [-9.226302083333328, 38.69436072335024], [-9.217187499999994, 38.69403553299492], [-9.210677083333328, 38.69501110406091], [-9.20962475881862, 38.69685080234956], [-9.195479928815995, 38.69878463862919], [-9.165429687499994, 38.70021414974619], [-9.158593749999994, 38.704116434010146], [-9.142968749999994, 38.705417195431465], [-9.14069010416666, 38.708669098984764], [-9.12604166666666, 38.711595812182736], [-9.125308507273735, 38.71257236560763], [-9.113466702702004, 38.71548944530187], [-9.101324602586338, 38.735656149078686], [-9.095442708333328, 38.736635469543145], [-9.09283854166666, 38.740537753807104], [-9.08600260416666, 38.74021256345177], [-9.077539062499994, 38.731107233502534], [-9.072656249999994, 38.730456852791875], [-9.070703124999994, 38.73143242385787], [-9.06744791666666, 38.743789657360395], [-9.064843749999994, 38.7470415609137], [-9.05572916666666, 38.752569796954305], [-9.052473958333328, 38.75224460659898], [-9.051171874999994, 38.74899270304567], [-9.05182291666666, 38.74281408629441], [-9.054427083333328, 38.73370875634517], [-9.05963541666666, 38.72135152284263], [-9.068098958333328, 38.712246192893396], [-9.069726562499994, 38.70216529187816], [-9.074609374999994, 38.699238578680195], [-9.083398437499994, 38.6982630076142], [-9.085351562499994, 38.69436072335024], [-9.089257812499994, 38.693059961928924], [-9.090234374999994, 38.68980805837563], [-9.098046874999994, 38.68850729695431], [-9.101953124999994, 38.684605012690355], [-9.129296874999994, 38.68265387055837], [-9.133203124999994, 38.6787515862944], [-9.13776041666666, 38.67842639593908], [-9.141992187499994, 38.680377538071056], [-9.147200520833328, 38.68688134517766], [-9.159895833333328, 38.68883248730964], [-9.166406249999994, 38.687856916243646], [-9.167708333333328, 38.68558058375634], [-9.171614583333328, 38.68395463197969], [-9.187239583333328, 38.68265387055837], [-9.18854166666666, 38.680377538071056], [-9.192773437499994, 38.67940196700507], [-9.25201822916666, 38.67745082487309], [-9.256249999999994, 38.6764752538071], [-9.256575520833328, 38.67419892131979], [-9.258203124999994, 38.6732233502538], [-9.260481770833328, 38.673548540609126], [-9.261458333333328, 38.6764752538071], [-9.268294270833328, 38.678101205583744], [-9.29108072916666, 38.677450824873084], [-9.295638020833328, 38.67549968274111], [-9.29791666666666, 38.67257296954314], [-9.29889322916666, 38.66509359137055], [-9.30084635416666, 38.66184168781725], [-9.31354166666666, 38.6504600253807], [-9.31354166666666, 38.64915926395938], [-9.31061197916666, 38.64753331218273], [-9.29889322916666, 38.6481836928934], [-9.296614583333328, 38.65176078680202], [-9.27838541666666, 38.659240164974605], [-9.275130208333328, 38.668345494923855], [-9.26861979166666, 38.67127220812182], [-9.267317708333328, 38.669971446700494], [-9.26471354166666, 38.65858978426395], [-9.25690104166666, 38.656638642131966], [-9.255273437499994, 38.65273635786801], [-9.25201822916666, 38.652085977157356], [-9.250716145833328, 38.6481836928934], [-9.246809895833328, 38.646557741116744], [-9.24518229166666, 38.63875317258883], [-9.23736979166666, 38.63615164974619], [-9.23248697916666, 38.625095177664974], [-9.22076822916666, 38.61468908629441], [-9.21881510416666, 38.60623413705583], [-9.215559895833328, 38.604608185279176], [-9.214257812499994, 38.5929013324873], [-9.213606770833328, 38.59095019035533], [-9.209700520833328, 38.58802347715736], [-9.208723958333328, 38.58119447969542], [-9.200911458333328, 38.57469067258883], [-9.197981770833328, 38.56460977157359], [-9.194726562499994, 38.562658629441614], [-9.19342447916666, 38.54704949238578], [-9.192773437499994, 38.54444796954314], [-9.19049479166666, 38.54314720812182], [-9.188867187499994, 38.53241592639593], [-9.18951822916666, 38.48949079949237], [-9.19049479166666, 38.48591370558375], [-9.191796874999994, 38.48591370558375], [-9.19342447916666, 38.48298699238578], [-9.193749999999994, 38.47615799492385], [-9.195703124999994, 38.47030456852791], [-9.203515624999994, 38.463475571065985], [-9.204782559303604, 38.45904580280037], [-9.218910033020583, 38.44795923086933], [-9.226142237167181, 38.439314442499196], [-9.229860391815375, 38.436702488066075], [-9.23226439611939, 38.431130138551254], [-9.232483736226081, 38.42461915333503], [-9.229746717310906, 38.42013391120397], [-9.224810363964826, 38.41962555941165], [-9.224999999999994, 38.4169733502538], [-9.219140624999994, 38.41274587563451], [-9.195703124999994, 38.40916878172588], [-9.193749999999994, 38.40981916243654], [-9.191796874999994, 38.4137214467005], [-9.188481405114077, 38.41605218650073], [-9.182662768517279, 38.4170561376878], [-9.16635417275587, 38.42652141796185], [-9.159254000777146, 38.428728038662726], [-9.134179687499994, 38.429655774111666], [-9.128320312499994, 38.43355805837563], [-9.11822916666666, 38.43453362944162], [-9.115800171298298, 38.435746894133224], [-9.083116995058756, 38.43887439347296], [-9.07916666666666, 38.437135152284256], [-9.078515624999994, 38.43485881979694], [-9.072656249999994, 38.43388324873096], [-9.06940104166666, 38.43485881979694], [-9.066796874999994, 38.43876110406091], [-9.058984374999994, 38.44006186548222], [-9.05818467160523, 38.44126020275194], [-9.048906359651406, 38.44214805753988], [-8.995425335106905, 38.45987765209326], [-8.997228218484572, 38.460967231656404], [-8.994856770833328, 38.46412595177664], [-8.992903645833328, 38.464776332487304], [-8.983138020833328, 38.464776332487304], [-8.981184895833328, 38.46412595177664], [-8.978255208333328, 38.46022366751268], [-8.97174479166666, 38.46022366751268], [-8.96881510416666, 38.464776332487304], [-8.96490885416666, 38.46607709390862], [-8.962630208333328, 38.470954949238575], [-8.952864583333328, 38.47810913705583], [-8.945052083333328, 38.48819003807106], [-8.939843749999994, 38.491116751269026], [-8.933984374999994, 38.49209232233502], [-8.932356770833328, 38.495994606598984], [-8.929101562499994, 38.49697017766497], [-8.927148437499994, 38.506075507614206], [-8.92389322916666, 38.50705107868019], [-8.92194010416666, 38.51095336294415], [-8.906051383401959, 38.513880870251384], [-8.886094989004514, 38.508525890072875], [-8.882552083333328, 38.504774746192886], [-8.87799479166666, 38.503148794416234], [-8.876692708333328, 38.5037991751269], [-8.876376306944856, 38.505853696224015], [-8.867052314709507, 38.50328632841498], [-8.870833333333328, 38.49762055837563], [-8.868880208333328, 38.491767131979685], [-8.861067708333328, 38.49014118020304], [-8.85846354166666, 38.486238895939074], [-8.85065104166666, 38.48493813451776], [-8.849023437499994, 38.4810358502538], [-8.846963921289106, 38.4812228889203], [-8.847001747047749, 38.480448737197406], [-8.840340238271109, 38.47591396140623], [-8.83654959099314, 38.4822018573577], [-8.8407236574048, 38.485952941794615], [-8.841789267956235, 38.485804191757644], [-8.83795572916666, 38.490466370558366], [-8.836872296594999, 38.490610681577046], [-8.829577736382406, 38.488014913179086], [-8.82819010416666, 38.48136104060913], [-8.824934895833328, 38.48038546954314], [-8.823958333333328, 38.47745875634517], [-8.820703124999994, 38.47615799492385], [-8.781640624999994, 38.470954949238575], [-8.771874999999994, 38.46835342639593], [-8.771874999999994, 38.46705266497461], [-8.774804687499994, 38.46542671319796], [-8.784570312499994, 38.46445114213197], [-8.786523437499994, 38.46315038071065], [-8.787499999999994, 38.45859771573603], [-8.789453124999994, 38.45632138324872], [-8.793359374999994, 38.45437024111675], [-8.816796874999994, 38.45079314720812], [-8.822656249999994, 38.45437024111675], [-8.838281249999994, 38.45567100253807], [-8.843489583333328, 38.46054885786801], [-8.859114583333328, 38.46575190355329], [-8.861067708333328, 38.46965418781725], [-8.869531249999994, 38.47550761421319], [-8.882552083333328, 38.49014118020303], [-8.88971354166666, 38.49144194162435], [-8.893294270833328, 38.49534422588832], [-8.907942708333328, 38.49631979695431], [-8.91608072916666, 38.49534422588832], [-8.918359374999994, 38.49209232233502], [-8.922955942887835, 38.49080658996501], [-8.927005215283971, 38.49212246577549], [-8.93948220892666, 38.48200157610258], [-8.931292670400559, 38.47949819173163], [-8.934960937499994, 38.471605329949234], [-8.944075520833328, 38.46835342639593], [-8.948958333333328, 38.46184961928933], [-8.961653645833328, 38.45924809644669], [-8.964583333333328, 38.455996192893394], [-8.964583333333328, 38.453394670050756], [-8.960677083333328, 38.45014276649746], [-8.947656249999994, 38.44916719543147], [-8.943749999999994, 38.44754124365482], [-8.943749999999994, 38.4462404822335], [-8.939843749999994, 38.445264911167506], [-8.920312499999994, 38.44428934010151], [-8.892968749999994, 38.44493972081217], [-8.885156249999994, 38.4462404822335], [-8.881249999999994, 38.44819162436548], [-8.880543822329546, 38.4524243887983], [-8.84580499438817, 38.42120222490693], [-8.81987612763783, 38.399877431186724], [-8.803434486232993, 38.37476964984684], [-8.797265624999994, 38.34770780456852], [-8.79596354166666, 38.34543147208121], [-8.793684895833328, 38.34478109137055], [-8.792382812499994, 38.33697652284263], [-8.78926477021201, 38.33455497179853], [-8.782171269984193, 38.2888973587028], [-8.777273673566347, 38.24769276025362], [-8.778059895833328, 38.21470494923857], [-8.781966145833328, 38.20429885786802], [-8.78326822916666, 38.180885152284255], [-8.786848958333328, 38.176982868020296], [-8.79205729166666, 38.15356916243655], [-8.793359374999994, 38.14966687817258], [-8.79694010416666, 38.14576459390862], [-8.79986979166666, 38.11747303299492], [-8.80768229166666, 38.108692893401006], [-8.809309895833328, 38.0966608502538], [-8.81256510416666, 38.09503489847715], [-8.813867187499994, 38.08723032994923], [-8.817773437499994, 38.08397842639593], [-8.819726562499994, 38.06576776649746], [-8.822981770833328, 38.06381662436547], [-8.825911458333328, 38.05373572335024], [-8.833723958333328, 38.04723191624365], [-8.835351562499994, 38.0391021573604], [-8.838606770833328, 38.037476205583744], [-8.840559895833328, 38.0238182106599], [-8.844466145833328, 38.020891497461925], [-8.845442708333328, 38.01406249999999], [-8.85358072916666, 38.00678041719543], [-8.863020833333328, 37.98385053140862], [-8.87506510416666, 37.97363281249999], [-8.876692708333328, 37.96972656249999], [-8.88580729166666, 37.96777343749999], [-8.88678385416666, 37.96451822916666], [-8.89069010416666, 37.96256510416666], [-8.891368460793071, 37.955594850551535], [-8.89275208729956, 37.953178907830456], [-8.890891912459486, 37.95225901221644], [-8.89069010416666, 37.95084635416666], [-8.88580729166666, 37.94791666666666], [-8.882994991144235, 37.94835381840043], [-8.860281144740721, 37.93712134324059], [-8.85846354166666, 37.93229166666666], [-8.85553385416666, 37.93326822916666], [-8.855259857772106, 37.93463821113943], [-8.846093749999994, 37.93229166666666], [-8.830165835282077, 37.93021729396973], [-8.82916666666666, 37.92903645833333], [-8.818698247696064, 37.92694277453921], [-8.804022467987972, 37.90343597815298], [-8.80279947916666, 37.88509114583333], [-8.802148437499994, 37.88183593749999], [-8.79986979166666, 37.88020833333333], [-8.798242187499994, 37.86751302083333], [-8.798702138228418, 37.831636864016275], [-8.805473940211566, 37.8023422670824], [-8.807356770833328, 37.80013020833333], [-8.810973030411779, 37.771289637212725], [-8.81256510416666, 37.76985677083333], [-8.813867187499994, 37.75813802083333], [-8.81451822916666, 37.75618489583333], [-8.817773437499994, 37.75423177083333], [-8.818749999999994, 37.74544270833333], [-8.81544145439171, 37.74050577324643], [-8.807762738098463, 37.724395362095585], [-8.802697589136008, 37.724445296421436], [-8.802148437499994, 37.72005208333333], [-8.79889322916666, 37.71679687499999], [-8.79791666666666, 37.69921874999999], [-8.798226340052448, 37.69612201614211], [-8.806800008124924, 37.67164894417429], [-8.812890624999994, 37.64127604166666], [-8.817773437499994, 37.63216145833333], [-8.818087692978299, 37.62273379398419], [-8.824989175763148, 37.6004669076793], [-8.822972818404505, 37.588289268919155], [-8.809940748207834, 37.57579264787984], [-8.79995485198527, 37.559718529141136], [-8.79694010416666, 37.54329427083333], [-8.795641783795078, 37.54225561453606], [-8.79401230940257, 37.53557576115153], [-8.794442806932057, 37.526693410124345], [-8.79596354166666, 37.52604166666666], [-8.79694010416666, 37.52343749999999], [-8.79889322916666, 37.48697916666666], [-8.802148437499994, 37.48177083333333], [-8.80333042410463, 37.45970708338013], [-8.810714535459509, 37.43192115224156], [-8.812890624999994, 37.43033854166666], [-8.817152961372894, 37.41243672890048], [-8.831595661516563, 37.384734243445905], [-8.837630208333328, 37.38020833333333], [-8.841536458333328, 37.36555989583333], [-8.849348958333328, 37.36263020833333], [-8.851953124999994, 37.35384114583333], [-8.859765624999994, 37.34733072916666], [-8.86139322916666, 37.33919270833333], [-8.86529947916666, 37.33756510416666], [-8.874414062499994, 37.32584635416666], [-8.880273437499994, 37.32128906249999], [-8.880598958333328, 37.30175781249999], [-8.879296874999994, 37.29850260416666], [-8.874305368177245, 37.29625642609642], [-8.871230048984096, 37.28957773645467], [-8.870507812499994, 37.27994791666666], [-8.868880208333328, 37.27604166666666], [-8.866291199997006, 37.27431566110911], [-8.87200850294205, 37.2565950258164], [-8.87506510416666, 37.25455729166666], [-8.876367187499994, 37.24674479166666], [-8.880598958333328, 37.24348958333333], [-8.884505208333328, 37.23177083333333], [-8.888233703963072, 37.22484648430666], [-8.920975026596741, 37.19908496837399], [-8.912188580794426, 37.16930948349318], [-8.92010017374722, 37.15520692704249], [-8.92096354166666, 37.15494791666666], [-8.940540333318838, 37.11788087807816], [-8.953335810844779, 37.10165248755411], [-8.961653645833328, 37.09440104166666], [-8.964040958006253, 37.08808264070597], [-8.984274279337136, 37.06261520685242], [-8.989604770499948, 37.04905192702774], [-8.993936942753392, 37.031284697464024], [-8.99713541666666, 37.02669270833333], [-8.996809895833328, 37.02408854166666], [-8.993554687499994, 37.02278645833333], [-8.973398058236508, 37.02352389598931], [-8.971265328238788, 37.022448066280184], [-8.95611979166666, 37.01041666666666], [-8.953515624999994, 36.99772135416666], [-8.95221354166666, 36.99576822916666], [-8.947656249999994, 36.99479166666666], [-8.94440104166666, 36.99674479166666], [-8.942773437499994, 37.00325520833333], [-8.931054687499994, 37.00585937499999], [-8.929101562499994, 37.00716145833333], [-8.926171874999994, 37.01497395833333], [-8.917382812499994, 37.01757812499999], [-8.910872395833328, 37.02539062499999], [-8.902734374999994, 37.02701822916666], [-8.901757812499994, 37.03027343749999], [-8.897851562499994, 37.03190104166666], [-8.89744962762586, 37.03431265091146], [-8.888369246590289, 37.04157323159097], [-8.884179687499994, 37.04199218749999], [-8.87994791666666, 37.04557291666666], [-8.86822916666666, 37.04361979166666], [-8.863693958616182, 37.04384655206918], [-8.859417600486122, 37.04245918645146], [-8.837677196058465, 37.0580150160488], [-8.813910976179578, 37.063077475218506], [-8.797261992692487, 37.06455678886776], [-8.79596354166666, 37.06282552083333], [-8.789453124999994, 37.06282552083333], [-8.786848958333328, 37.06673177083333], [-8.779036458333328, 37.06803385416666], [-8.775130208333328, 37.07194010416666], [-8.747786458333328, 37.07389322916666], [-8.745833333333328, 37.07486979166666], [-8.74518229166666, 37.07714843749999], [-8.73736979166666, 37.07845052083333], [-8.73541666666666, 37.08138020833333], [-8.73151041666666, 37.08235677083333], [-8.68463541666666, 37.08300781249999], [-8.67291666666666, 37.08138020833333], [-8.672591145833328, 37.07910156249999], [-8.669661458333328, 37.07812499999999], [-8.66803385416666, 37.08203124999999], [-8.666731770833328, 37.09765624999999], [-8.663476562499994, 37.09960937499999], [-8.662495314887042, 37.105496860677704], [-8.652272866447115, 37.11337996464125], [-8.631143586082903, 37.11653645833333], [-8.591921465207268, 37.11848958333333], [-8.58756345177664, 37.11783854166666], [-8.58756345177664, 37.11653645833333], [-8.584311548223342, 37.11555989583333], [-8.577807741116741, 37.11490885416666], [-8.53878489847715, 37.11360677083333], [-8.53553299492385, 37.11263020833333], [-8.53455742385786, 37.11035156249999], [-8.53260628172588, 37.10970052083333], [-8.52252538071065, 37.10872395833333], [-8.519923857868012, 37.10742187499999], [-8.516671954314713, 37.10286458333333], [-8.512119289340093, 37.10058593749999], [-8.484474707659983, 37.09590462600239], [-8.47499035802358, 37.09514113959352], [-8.44164363162767, 37.08514242053508], [-8.437975888324866, 37.08333333333333], [-8.433423223350244, 37.08365885416666], [-8.432168596560789, 37.084914755983334], [-8.395552100072337, 37.088612586447844], [-8.36797321317563, 37.098652702826726], [-8.359930203045677, 37.09798177083333], [-8.358629441624357, 37.09570312499999], [-8.354727157360397, 37.09407552083333], [-8.338721296434029, 37.092111559091336], [-8.337166878172578, 37.08951822916666], [-8.328711928934002, 37.08756510416666], [-8.320907360406082, 37.07877604166666], [-8.316029505076134, 37.07584635416666], [-8.299444796954306, 37.07291666666666], [-8.27310437817258, 37.07389322916666], [-8.27017766497461, 37.07486979166666], [-8.269527284263951, 37.07714843749999], [-8.261722715736031, 37.07845052083333], [-8.259771573604052, 37.08138020833333], [-8.256519670050753, 37.08235677083333], [-8.21099302030456, 37.08430989583333], [-8.20286326142131, 37.08821614583333], [-8.183351840101516, 37.08756510416666], [-8.179774746192885, 37.08365885416666], [-8.172945748730953, 37.08268229166666], [-8.168067893401005, 37.07682291666666], [-8.164165609137047, 37.07486979166666], [-8.148556472081209, 37.07291666666666], [-8.122216053299484, 37.07194010416666], [-8.116362626903545, 37.06803385416666], [-8.106281725888318, 37.06705729166666], [-8.101729060913698, 37.06380208333333], [-8.098802347715726, 37.05924479166666], [-8.0887214467005, 37.05631510416666], [-8.08709549492385, 37.05305989583333], [-8.075388642131971, 37.05175781249999], [-8.073437499999992, 37.05110677083333], [-8.070510786802021, 37.04720052083333], [-8.063356598984765, 37.04589843749999], [-8.052625317258872, 37.03417968749999], [-8.049373413705574, 37.03222656249999], [-8.03604060913705, 37.02929687499999], [-8.02921161167512, 37.02148437499999], [-8.02010628172588, 37.01888020833333], [-8.015228426395932, 37.01236979166666], [-8.001895621827401, 37.00944010416666], [-7.998643718274103, 37.00748697916666], [-7.987912436548214, 36.99576822916666], [-7.981233682756722, 36.99431485065733], [-7.973278870558367, 36.98600260416666], [-7.954219, 36.977963313008125], [-7.954219, 36.974237707075865], [-7.948808307779621, 36.97277190823821], [-7.94693845177664, 36.97070312499999], [-7.9311701046132725, 36.96799358105814], [-7.923199555837555, 36.96777343749999], [-7.920923223350245, 36.96451822916666], [-7.913118654822327, 36.96321614583333], [-7.909216370558367, 36.95930989583333], [-7.89165609137055, 36.95833333333333], [-7.880924809644662, 36.96028645833333], [-7.874421002538062, 36.96679687499999], [-7.871169098984764, 36.96809895833333], [-7.854259200507606, 36.97070312499999], [-7.847105012690348, 36.97851562499999], [-7.840276015228417, 36.97949218749999], [-7.837674492385777, 36.98339843749999], [-7.82986992385786, 36.98470052083333], [-7.82629282994923, 36.98860677083333], [-7.803529505076134, 36.99055989583333], [-7.799952411167505, 36.99446614583333], [-7.792147842639586, 36.99576822916666], [-7.791172271573595, 36.99902343749999], [-7.787269987309636, 37.00065104166666], [-7.7862944162436465, 37.00651041666666], [-7.7843432741116665, 37.00976562499999], [-7.777514276649738, 37.01106770833333], [-7.7700348984771495, 37.02018229166666], [-7.766457804568519, 37.02148437499999], [-7.764506662436539, 37.02929687499999], [-7.759628807106591, 37.03124999999999], [-7.750848667512683, 37.03222656249999], [-7.749873096446692, 37.03450520833333], [-7.745970812182733, 37.03710937499999], [-7.732638007614206, 37.04134114583333], [-7.727109771573597, 37.04557291666666], [-7.723532677664966, 37.05045572916666], [-7.7043464467005, 37.05891927083333], [-7.7010945431471995, 37.06705729166666], [-7.6945907360406, 37.06803385416666], [-7.691664022842631, 37.07194010416666], [-7.689712880710651, 37.07259114583333], [-7.678006027918773, 37.07389322916666], [-7.676380076142124, 37.07714843749999], [-7.6662991751268965, 37.08007812499999], [-7.659795368020297, 37.08789062499999], [-7.652966370558367, 37.08886718749999], [-7.650364847715727, 37.09277343749999], [-7.642560279187809, 37.09407552083333], [-7.63995875634517, 37.09798177083333], [-7.631503807106591, 37.09993489583333], [-7.620447335025372, 37.11197916666666], [-7.600285532994915, 37.12141927083333], [-7.597033629441615, 37.12955729166666], [-7.590529822335018, 37.13053385416666], [-7.588578680203037, 37.13346354166666], [-7.584676395939079, 37.13509114583333], [-7.56906725888324, 37.13639322916666], [-7.565815355329941, 37.14029947916666], [-7.558010786802022, 37.14160156249999], [-7.555409263959382, 37.14550781249999], [-7.547604695431463, 37.14680989583333], [-7.545003172588824, 37.15071614583333], [-7.537198604060906, 37.15201822916666], [-7.535572652284256, 37.15527343749999], [-7.523865799492377, 37.15657552083333], [-7.518987944162427, 37.16080729166666], [-7.495574238578672, 37.16601562499999], [-7.491671954314713, 37.16731770833333], [-7.486794098984763, 37.17122395833333], [-7.460453680203037, 37.17513020833333], [-7.4458201142131895, 37.17578124999999], [-7.44289340101522, 37.17513020833333], [-7.44094225888324, 37.17220052083333], [-7.433137690355322, 37.17089843749999], [-7.430536167512681, 37.16699218749999], [-7.422731598984764, 37.16569010416666], [-7.420130076142124, 37.16178385416666], [-7.412325507614205, 37.16048177083333], [-7.409723984771565, 37.15657552083333], [-7.401919416243646, 37.15527343749999], [-7.401269035532986, 37.15299479166666], [-7.398992703045677, 37.15201822916666], [-7.378505710659891, 37.15104166666666], [-7.367124048223342, 37.15201822916666], [-7.361921002538063, 37.15592447916666], [-7.3521652918781655, 37.15690104166666], [-7.349238578680195, 37.16015624999999], [-7.3482630076142055, 37.16601562499999], [-7.344685913705575, 37.16731770833333], [-7.337206535532987, 37.17643229166666], [-7.330377538071058, 37.17740885416666], [-7.327450824873088, 37.18131510416666], [-7.325499682741109, 37.18196614583333], [-7.31541878172588, 37.18294270833333], [-7.312817258883241, 37.18424479166666], [-7.305988261421311, 37.19205729166666], [-7.299159263959383, 37.19303385416666], [-7.297208121827403, 37.19596354166666], [-7.288753172588824, 37.19694010416666], [-7.170383883248723, 37.19889322916666], [-7.1619289340101435, 37.19986979166666], [-7.161603743654814, 37.20214843749999], [-7.158677030456845, 37.20312499999999], [-7.157051078680196, 37.20214843749999], [-7.156725888324865, 37.19986979166666], [-7.148596129441616, 37.19889322916666], [-7.034779505076134, 37.19694010416666], [-7.026649746192885, 37.19596354166666], [-7.024698604060905, 37.19303385416666], [-7.018194796954306, 37.19238281249999], [-7.014292512690346, 37.18782552083333]], [[-9.006575520833328, 42.517921560402684], [-9.007226562499994, 42.521822567114086], [-9.011132812499994, 42.52117239932885], [-9.011132812499994, 42.517921560402684], [-9.009505208333328, 42.516946308724826], [-9.006575520833328, 42.517921560402684]], [[-8.897851562499994, 42.54717911073824], [-8.906640624999994, 42.5481543624161], [-8.910546874999994, 42.5462038590604], [-8.910546874999994, 42.54425335570469], [-8.90729166666666, 42.53970218120804], [-8.90143229166666, 42.53775167785234], [-8.89459635416666, 42.53807676174496], [-8.89166666666666, 42.53970218120805], [-8.89264322916666, 42.5426279362416], [-8.895898437499994, 42.54327810402684], [-8.897851562499994, 42.54717911073824]], [[-8.917382812499994, 42.55238045302012], [-8.916731770833328, 42.54847944630872], [-8.912825520833328, 42.54912961409396], [-8.912825520833328, 42.55238045302012], [-8.914453124999994, 42.55335570469798], [-8.917382812499994, 42.55238045302012]], [[-8.911523437499994, 42.53287541946308], [-8.907617187499994, 42.53352558724832], [-8.90826822916666, 42.53742659395972], [-8.911523437499994, 42.53742659395972], [-8.912499999999994, 42.53580117449663], [-8.911523437499994, 42.53287541946308]], [[-8.869856770833328, 42.14862625838926], [-8.864973958333328, 42.1476510067114], [-8.858138020833328, 42.14797609060402], [-8.855208333333328, 42.14960151006711], [-8.856184895833328, 42.15187709731542], [-8.861067708333328, 42.15285234899328], [-8.867903645833328, 42.15252726510066], [-8.870833333333328, 42.15090184563757], [-8.869856770833328, 42.14862625838926]], [[-9.516015624999994, 39.408153553299485], [-9.508203124999994, 39.41205583756344], [-9.50629339492362, 39.41818381945586], [-9.504867243603769, 39.41944015111884], [-9.506554957385223, 39.41983869992359], [-9.507226562499994, 39.424087880710644], [-9.512109374999994, 39.42376269035532], [-9.520898437499994, 39.416933692893394], [-9.52154947916666, 39.413031408629436], [-9.51764322916666, 39.41173064720812], [-9.516015624999994, 39.408153553299485]], [[-8.845117187499994, 43.35631291946308], [-8.84088541666666, 43.35436241610738], [-8.836328124999994, 43.35501258389261], [-8.834374999999994, 43.35826342281879], [-8.835351562499994, 43.362814597315435], [-8.840234374999994, 43.364765100671136], [-8.84674479166666, 43.3641149328859], [-8.848046874999994, 43.36086409395973], [-8.845117187499994, 43.35631291946308]], [[-9.184309895833328, 42.885916526845634], [-9.188216145833328, 42.885266359060395], [-9.18756510416666, 42.881365352348986], [-9.184309895833328, 42.881365352348986], [-9.183333333333328, 42.882990771812075], [-9.184309895833328, 42.885916526845634]], [[-9.007226562499994, 42.4847630033557], [-9.011132812499994, 42.48671350671141], [-9.012109374999994, 42.489964345637574], [-9.017968749999994, 42.49093959731543], [-9.019921874999994, 42.48963926174496], [-9.021874999999994, 42.48313758389261], [-9.02154947916666, 42.474035234899326], [-9.019921874999994, 42.47013422818791], [-9.01764322916666, 42.4698091442953], [-9.016015624999994, 42.4662332214765], [-9.01276041666666, 42.46688338926174], [-9.008203124999994, 42.47013422818791], [-9.006249999999994, 42.47598573825503], [-9.007226562499994, 42.4847630033557]], [[-8.92486979166666, 42.401541526845634], [-8.929427083333328, 42.402516778523484], [-8.93365885416666, 42.400566275167776], [-8.940169270833328, 42.39178901006711], [-8.94830729166666, 42.386262583892616], [-8.948632812499994, 42.38268666107382], [-8.944726562499994, 42.38106124161074], [-8.943749999999994, 42.37520973154362], [-8.944726562499994, 42.37195889261745], [-8.948632812499994, 42.3693582214765], [-8.948632812499994, 42.36285654362415], [-8.944075520833328, 42.359930788590596], [-8.942773437499994, 42.35602978187919], [-8.94049479166666, 42.35570469798657], [-8.939192708333328, 42.35700503355704], [-8.933984374999994, 42.37260906040268], [-8.931380208333328, 42.37651006711409], [-8.929101562499994, 42.37716023489933], [-8.92779947916666, 42.38496224832214], [-8.92389322916666, 42.3878880033557], [-8.92291666666666, 42.39276426174496], [-8.92486979166666, 42.401541526845634]], [[-8.94342447916666, 42.34952810402684], [-8.943098958333328, 42.34627726510066], [-8.935286458333328, 42.34595218120805], [-8.933333333333328, 42.34920302013422], [-8.934309895833328, 42.35505453020133], [-8.93756510416666, 42.35537961409395], [-8.938867187499994, 42.35147860738254], [-8.94342447916666, 42.34952810402684]], [[-8.92096354166666, 42.21559354026844], [-8.914453124999994, 42.21494337248321], [-8.912499999999994, 42.21331795302012], [-8.912825520833328, 42.2110423657718], [-8.916731770833328, 42.20974203020133], [-8.917708333333328, 42.20681627516778], [-8.916731770833328, 42.205190855704686], [-8.913476562499994, 42.204215604026835], [-8.912499999999994, 42.198364093959725], [-8.910872395833328, 42.196413590604024], [-8.902734374999994, 42.194463087248316], [-8.891341145833328, 42.19478817114093], [-8.886458333333328, 42.196413590604024], [-8.888411458333328, 42.199339345637576], [-8.896223958333328, 42.200639681208045], [-8.89752604166666, 42.20421560402684], [-8.90729166666666, 42.21201761744966], [-8.906966145833328, 42.21429320469798], [-8.904036458333328, 42.21526845637583], [-8.90240885416666, 42.22111996644295], [-8.902734374999994, 42.24095008389261], [-8.905989583333328, 42.24842701342281], [-8.910546874999994, 42.25102768456375], [-8.914453124999994, 42.25655411073824], [-8.92096354166666, 42.256229026845624], [-8.92291666666666, 42.250377516778514], [-8.92096354166666, 42.246151426174485], [-8.916406249999994, 42.243225671140934], [-8.91315104166666, 42.237699244966436], [-8.91315104166666, 42.22437080536912], [-8.916406249999994, 42.22046979865771], [-8.92096354166666, 42.22014471476509], [-8.92291666666666, 42.218519295302], [-8.92096354166666, 42.21559354026844]], [[-8.87701822916666, 42.15252726510066], [-8.88092447916666, 42.15187709731542], [-8.880273437499994, 42.14797609060402], [-8.87701822916666, 42.14797609060402], [-8.87604166666666, 42.14960151006711], [-8.87701822916666, 42.15252726510066]]], [[[-7.870518718274104, 36.97428385416666], [-7.874066594073889, 36.97487576772743], [-7.869563180686112, 36.9772469647287], [-7.870518718274104, 36.97428385416666]]], [[[-8.704817708333328, 38.429655774111666], [-8.70807291666666, 38.42868020304568], [-8.712630208333328, 38.42900539340101], [-8.714583333333328, 38.43063134517766], [-8.71393229166666, 38.432907677664964], [-8.710677083333328, 38.43388324873096], [-8.70611979166666, 38.43355805837563], [-8.70416666666666, 38.43193210659898], [-8.704817708333328, 38.429655774111666]]], [[[-8.746484374999994, 38.512904505076136], [-8.749739583333328, 38.51192893401014], [-8.754296874999994, 38.51225412436547], [-8.756249999999994, 38.51388007614212], [-8.755598958333328, 38.516156408629435], [-8.752343749999994, 38.51713197969543], [-8.747786458333328, 38.5168067893401], [-8.745833333333328, 38.51518083756345], [-8.746484374999994, 38.512904505076136]]], [[[-8.622033629441617, 42.319295302013415], [-8.622684010152277, 42.315394295302006], [-8.621312172795234, 42.30716596588037], [-8.62423110151483, 42.300762962002295], [-8.630935167714137, 42.29555675404875], [-8.636914076724313, 42.29245224097913], [-8.645448656937388, 42.29328859060402], [-8.650977553934004, 42.29523909395972], [-8.653059895833328, 42.30304110738254], [-8.65533854166666, 42.30369127516778], [-8.656966145833328, 42.30661703020134], [-8.656966145833328, 42.31636954697986], [-8.65533854166666, 42.319295302013415], [-8.65240885416666, 42.320270553691266], [-8.650977553934004, 42.323521392617444], [-8.638033391497455, 42.325796979865764], [-8.636472213409467, 42.3283976510067], [-8.637317576142124, 42.34107592281878], [-8.635366434010145, 42.34302642617449], [-8.626586294416235, 42.34205117449663], [-8.620153, 42.33658466448682], [-8.620153, 42.32161401473232], [-8.620732868020296, 42.319295302013415], [-8.622033629441617, 42.319295302013415]]], [[[-8.704492187499994, 42.42234689597315], [-8.70514322916666, 42.41844588926174], [-8.70904947916666, 42.41909605704697], [-8.70904947916666, 42.42234689597315], [-8.707421874999994, 42.423322147651], [-8.704492187499994, 42.42234689597315]]], [[[-9.168684895833328, 43.14663380872483], [-9.170657903111575, 43.14696220188255], [-9.168277733160009, 43.14785365716355], [-9.168684895833328, 43.14663380872483]]], [[[-8.28155932741116, 43.46391568791945], [-8.285461611675117, 43.4645658557047], [-8.284811230964458, 43.4684668624161], [-8.28155932741116, 43.4684668624161], [-8.28058375634517, 43.46684144295301], [-8.28155932741116, 43.46391568791945]]], [[[-8.269202093908621, 43.4684668624161], [-8.265299809644661, 43.46781669463087], [-8.265950190355321, 43.46391568791945], [-8.269202093908621, 43.46391568791945], [-8.27017766497461, 43.46554110738255], [-8.269202093908621, 43.4684668624161]]], [[[-8.249365482233493, 43.47594379194631], [-8.243512055837554, 43.47431837248321], [-8.229854060913697, 43.4739932885906], [-8.220098350253798, 43.474968540268456], [-8.218147208121819, 43.47594379194631], [-8.217496827411157, 43.47821937919463], [-8.21164340101522, 43.47919463087248], [-8.208391497461921, 43.47821937919463], [-8.20741592639593, 43.474968540268456], [-8.204489213197961, 43.4739932885906], [-8.202863261421312, 43.474968540268456], [-8.202212880710652, 43.47821937919463], [-8.199286167512682, 43.47919463087248], [-8.197660215736033, 43.47724412751678], [-8.197335025380703, 43.47269295302013], [-8.198310596446692, 43.46944211409395], [-8.201443344663009, 43.46850259731426], [-8.233023527169317, 43.465521781237705], [-8.235382296954306, 43.46814177852348], [-8.242211294416236, 43.4684668624161], [-8.244821285969309, 43.46440820473791], [-8.247786714097309, 43.464128301484145], [-8.250341053299483, 43.46781669463087], [-8.261722715736031, 43.47009228187919], [-8.26302347715735, 43.47659395973154], [-8.260421954314712, 43.485696308724826], [-8.257820431472073, 43.489597315436235], [-8.254893718274104, 43.487646812080534], [-8.253592956852783, 43.47984479865771], [-8.250341053299483, 43.47886954697986], [-8.249365482233493, 43.47594379194631]]], [[[-6.204555308798638, 36.49576822916666], [-6.209433164128587, 36.49479166666666], [-6.216262161590516, 36.49511718749999], [-6.219188874788485, 36.49674479166666], [-6.218213303722495, 36.49902343749999], [-6.213335448392546, 36.49999999999999], [-6.206506450930618, 36.49967447916666], [-6.203579737732648, 36.49804687499999], [-6.204555308798638, 36.49576822916666]]], [[[-6.199352263113358, 36.50553385416666], [-6.203254547377318, 36.50618489583333], [-6.202604166666658, 36.51009114583333], [-6.199352263113358, 36.51009114583333], [-6.198376692047368, 36.50846354166666], [-6.199352263113358, 36.50553385416666]]], [[[-6.265691095600667, 36.51888020833333], [-6.262764382402699, 36.52083333333333], [-6.2588620981387395, 36.51692708333333], [-6.257236146362089, 36.51236979166666], [-6.2577945539345725, 36.51189067018678], [-6.265642836576749, 36.51791404698049], [-6.265691095600667, 36.51888020833333]]], [[[-6.3866619077834095, 36.78157552083333], [-6.390564192047369, 36.78222656249999], [-6.389913811336709, 36.78613281249999], [-6.3866619077834095, 36.78613281249999], [-6.38568633671742, 36.78450520833333], [-6.3866619077834095, 36.78157552083333]]], [[[-6.376255816412851, 36.78678385416666], [-6.38015810067681, 36.78743489583333], [-6.379507719966151, 36.79134114583333], [-6.376255816412851, 36.79134114583333], [-6.375280245346861, 36.78971354166666], [-6.376255816412851, 36.78678385416666]]], [[[-6.849421002538063, 37.13118489583333], [-6.848770621827403, 37.13509114583333], [-6.844868337563443, 37.13444010416666], [-6.844868337563443, 37.13118489583333], [-6.846494289340092, 37.13020833333333], [-6.849421002538063, 37.13118489583333]]], [[[-6.855924809644661, 37.13574218749999], [-6.859827093908621, 37.13639322916666], [-6.859176713197962, 37.14029947916666], [-6.855924809644661, 37.14029947916666], [-6.854949238578672, 37.13867187499999], [-6.855924809644661, 37.13574218749999]]], [[[-6.907955266497453, 37.16178385416666], [-6.911857550761412, 37.16243489583333], [-6.911207170050753, 37.16634114583333], [-6.907955266497453, 37.16634114583333], [-6.906979695431463, 37.16471354166666], [-6.907955266497453, 37.16178385416666]]], [[[-6.913158312182732, 37.16699218749999], [-6.917060596446692, 37.16764322916666], [-6.9164102157360325, 37.17154947916666], [-6.913158312182732, 37.17154947916666], [-6.912182741116743, 37.16992187499999], [-6.913158312182732, 37.16699218749999]]], [[[-6.943075824873088, 37.20930989583333], [-6.942425444162429, 37.21321614583333], [-6.938523159898469, 37.21256510416666], [-6.938523159898469, 37.20930989583333], [-6.940149111675118, 37.20833333333333], [-6.943075824873088, 37.20930989583333]]], [[[-1.596628548895898, 43.4535130033557], [-1.5995563880126173, 43.44343540268456], [-1.6034601735015763, 43.441809983221475], [-1.6044361198738162, 43.43855914429528], [-1.6102917981072544, 43.43758389261744], [-1.6135449526813872, 43.43563338926174], [-1.6147628850353544, 43.43123906160014], [-1.6369533588555496, 43.422497934956795], [-1.6470799822519204, 43.4119800963419], [-1.6548600157728697, 43.4106019295302], [-1.6577878548895888, 43.40670092281878], [-1.6655954258675068, 43.40540058724831], [-1.6672220031545733, 43.40149958053691], [-1.6704751577287058, 43.400524328859056], [-1.6712163530623572, 43.3969691237126], [-1.6816418266375686, 43.3957389782969], [-1.6818611987381693, 43.39727348993288], [-1.6847890378548886, 43.400524328859056], [-1.6916206624605667, 43.40117449664429], [-1.6965003943217654, 43.400199244966444], [-1.6994282334384847, 43.39629823825502], [-1.7072358044164029, 43.39499790268455], [-1.708447591576613, 43.392576053503475], [-1.744227070906247, 43.38835428245815], [-1.7462736593059927, 43.391421979865775], [-1.7531052839116712, 43.39434773489931], [-1.7550571766561505, 43.39369756711409], [-1.759936908517349, 43.38752097315435], [-1.7745761041009456, 43.38459521812079], [-1.7765279968454248, 43.38069421140939], [-1.7788052050473175, 43.38036912751677], [-1.7804317823343836, 43.38134437919463], [-1.7817330441640369, 43.38524538590603], [-1.7849861987381694, 43.38622063758388], [-1.7872634069400621, 43.39402265100671], [-1.793769716088327, 43.39597315436241], [-1.802878548895898, 43.39564807046979], [-1.806782334384857, 43.39402265100669], [-1.8082620795195568, 43.39180461326438], [-1.8113613219662734, 43.393439744795465], [-1.830571545879822, 43.38591132758591], [-1.8425670347003145, 43.38524538590603], [-1.848422712933753, 43.383619966442936], [-1.8493986593059926, 43.38134437919463], [-1.8513505520504723, 43.38069421140939], [-1.863061908517349, 43.37939387583893], [-1.8650138012618285, 43.375492869127505], [-1.877050473186119, 43.366065436241605], [-1.8845327287066236, 43.35598783557046], [-1.8883104989775126, 43.353331296953165], [-1.9220895121236867, 43.342240088766275], [-1.9211979674845787, 43.341709413643905], [-1.9235705835962138, 43.3397336409396], [-1.9349566246056773, 43.33875838926174], [-1.9426022520548765, 43.33912220760308], [-1.9460557455873482, 43.341149346316406], [-1.9573589625346621, 43.34149312372254], [-1.959680599369084, 43.343634647651], [-1.9642350157728696, 43.34395973154362], [-1.9694400630914817, 43.34103397651006], [-1.9726918794859427, 43.33713457447121], [-1.9942328954969806, 43.326987277777725], [-2.007041234807769, 43.32358486794431], [-2.0097791798107245, 43.325104865771806], [-2.010755126182964, 43.328030620805364], [-2.013032334384857, 43.32835570469798], [-2.014658911671923, 43.327380453020126], [-2.0149842271293363, 43.325104865771806], [-2.0172614353312293, 43.32412961409395], [-2.0491423501577275, 43.32217911073824], [-2.0543473974763398, 43.31827810402684], [-2.0660587539432163, 43.31697776845637], [-2.068335962145109, 43.31372692953019], [-2.0839511041009455, 43.31242659395973], [-2.0865536277602517, 43.31177642617448], [-2.090782728706624, 43.30787541946308], [-2.102494085173501, 43.30657508389261], [-2.1047712933753937, 43.30332424496643], [-2.120711750788643, 43.30169882550335], [-2.1262421135646674, 43.29844798657717], [-2.130145899053627, 43.29259647651006], [-2.132748422712933, 43.291946308724825], [-2.134374999999999, 43.292921560402675], [-2.1347003154574122, 43.295197147651], [-2.1401601645498047, 43.295659892647336], [-2.141163636082335, 43.297758304967374], [-2.14505392096675, 43.299538549893654], [-2.1510616374387648, 43.29854911779373], [-2.1584662996943846, 43.29430484786645], [-2.16618139687953, 43.29373376598094], [-2.1749930882639803, 43.29602553513329], [-2.1843889358182005, 43.30333246908513], [-2.191331215138393, 43.31037921118261], [-2.1966110702854067, 43.31323947065293], [-2.214157776661927, 43.311184721127844], [-2.218631703470031, 43.31242659395973], [-2.2384759463722386, 43.31210151006711], [-2.2459582018927433, 43.30885067114093], [-2.248997592309828, 43.30505413747855], [-2.2544692054198734, 43.30458373810625], [-2.255067034700315, 43.30657508389261], [-2.258320189274447, 43.30755033557046], [-2.262874605678232, 43.30722525167785], [-2.2648264984227118, 43.30429949664429], [-2.2823935331230274, 43.3026740771812], [-2.2933593827289243, 43.3026740771812], [-2.3273779707078597, 43.30536496250448], [-2.36774297070786, 43.314235962504476], [-2.431202431280561, 43.336158813573235], [-2.433665220820188, 43.3381082214765], [-2.4414155824153827, 43.33968880204031], [-2.4650577686985833, 43.34786853378892], [-2.4843420044513356, 43.3693112107786], [-2.5081630169586324, 43.37595048747209], [-2.511090299684542, 43.37841862416107], [-2.5475493522220023, 43.38189145333165], [-2.5530559936908506, 43.38427013422818], [-2.554357255520504, 43.38687080536912], [-2.5596898319028316, 43.38914639261745], [-2.581457978797252, 43.39229123591469], [-2.6072478232214693, 43.400411676725916], [-2.6362012243935706, 43.40419143832781], [-2.6373968908629437, 43.40605075503355], [-2.640648794416243, 43.4070260067114], [-2.642599936548223, 43.416128355704686], [-2.645851840101522, 43.417103607382536], [-2.647152601522842, 43.42100461409396], [-2.6487785532994916, 43.4219798657718], [-2.6510548857868015, 43.42165478187919], [-2.653981598984771, 43.417103607382536], [-2.66178616751269, 43.41580327181207], [-2.6627617385786797, 43.4125524328859], [-2.66438769035533, 43.411577181208045], [-2.6666640228426397, 43.411902265100665], [-2.6686151649746193, 43.41580327181207], [-2.677395304568528, 43.416778523489924], [-2.6832487309644666, 43.41482802013422], [-2.690077728426396, 43.4070260067114], [-2.696906725888325, 43.40670092281878], [-2.6998334390862944, 43.41125209731543], [-2.7030853426395938, 43.412227348993284], [-2.7040609137055833, 43.418078859060394], [-2.7060120558375633, 43.42132969798657], [-2.712515862944162, 43.42230494966442], [-2.7157677664974615, 43.426205956375824], [-2.7206709829207774, 43.42661442397414], [-2.735737577365655, 43.43751795079764], [-2.745390334494656, 43.442813929189], [-2.7466608502538064, 43.45221266778523], [-2.7505631345177664, 43.45416317114094], [-2.7515387055837564, 43.45741401006711], [-2.7547906091370558, 43.45838926174496], [-2.760644035532995, 43.45741401006711], [-2.7612944162436546, 43.45513842281879], [-2.764221129441624, 43.453513003355695], [-2.775927982233502, 43.45221266778523], [-2.7782043147208118, 43.448961828859055], [-2.7944638324873092, 43.447011325503354], [-2.8021304288239275, 43.441544020078624], [-2.8068877543475423, 43.440180910805225], [-2.8542848336148854, 43.4367597628789], [-2.8731213519706493, 43.43736074770787], [-2.880314086294416, 43.43855914429528], [-2.8816148477157357, 43.441809983221475], [-2.884866751269035, 43.44278523489932], [-2.8907201776649742, 43.441809983221475], [-2.8920209390862937, 43.43855914429528], [-2.893815353832374, 43.43802099611125], [-2.901126269035532, 43.43855914429528], [-2.9017766497461923, 43.44083473154362], [-2.903727791878172, 43.441809983221475], [-2.921288071065989, 43.44278523489932], [-2.931043781725888, 43.441809983221475], [-2.9342956852791873, 43.43855914429528], [-2.936897208121827, 43.43790897651005], [-2.949904822335025, 43.4369337248322], [-2.953807106598984, 43.43368288590603], [-2.9547826776649746, 43.42783137583891], [-2.9577093908629433, 43.42653104026844], [-2.955758248730964, 43.42067953020133], [-2.956083439086294, 43.418729026845625], [-2.9580345812182736, 43.417428691275155], [-2.974294098984771, 43.41482802013422], [-2.98144828680203, 43.4070260067114], [-2.9895780456852785, 43.40540058724831], [-2.9905536167512685, 43.402149748322145], [-2.994781091370558, 43.400524328859056], [-3.0003093274111676, 43.39272231543623], [-3.0103902284263957, 43.38979656040269], [-3.012666560913705, 43.386545721476494], [-3.035429885786802, 43.38459521812079], [-3.0380314086294415, 43.38069421140939], [-3.041283312182741, 43.37971895973154], [-3.0422588832487305, 43.373867449664424], [-3.0412833121827405, 43.371266778523484], [-3.0295764593908623, 43.36086409395973], [-3.026649746192893, 43.35566275167785], [-3.025674175126903, 43.34981124161074], [-3.0227474619289336, 43.34851090604027], [-3.024698604060913, 43.34265939597315], [-3.0243734137055838, 43.33940855704698], [-3.0181947969543144, 43.33843330536913], [-3.016243654822335, 43.33680788590603], [-3.017219225888325, 43.334532298657706], [-3.0191703680203044, 43.333882130872475], [-3.0289260786802026, 43.333882130872475], [-3.031852791878172, 43.335507550335564], [-3.032828362944162, 43.33843330536913], [-3.036080266497462, 43.33940855704698], [-3.0383565989847714, 43.34688548657718], [-3.051276014480238, 43.346424229939245], [-3.0580629234124683, 43.35072084340151], [-3.0585184010152284, 43.35208682885906], [-3.061314548582017, 43.35230098514259], [-3.072938836274808, 43.357635224878294], [-3.0738023477157355, 43.362814597315435], [-3.075428299492385, 43.364765100671136], [-3.077704631979695, 43.36444001677852], [-3.0791186637109624, 43.360471070131], [-3.0894401268316574, 43.36520746002121], [-3.0908117622698454, 43.3644385955857], [-3.1134755710659894, 43.3641149328859], [-3.1203045685279185, 43.36086409395973], [-3.1206297588832483, 43.35631291946308], [-3.122255710659898, 43.35436241610738], [-3.124532043147208, 43.35468749999999], [-3.1255076142131974, 43.357613255033556], [-3.127783946700507, 43.358263422818794], [-3.1434719596586422, 43.356983187967764], [-3.1776398498296556, 43.364927534729134], [-3.2008057062380035, 43.38422531937511], [-3.210913428102241, 43.38837797744336], [-3.223632586746011, 43.39012648323956], [-3.225991434010152, 43.39824874161073], [-3.2292433375634513, 43.400199244966444], [-3.2487547588832486, 43.402149748322145], [-3.250380710659898, 43.40442533557045], [-3.2536326142131977, 43.40540058724831], [-3.2991592639593903, 43.40735109060401], [-3.3063134517766493, 43.411577181208045], [-3.3121668781725884, 43.4106019295302], [-3.312817258883248, 43.40832634228187], [-3.3147403328410503, 43.4072583176315], [-3.3259385896535276, 43.40839454987861], [-3.327450824873096, 43.409301593959725], [-3.3287515862944157, 43.419054110738244], [-3.3303775380710654, 43.4219798657718], [-3.333304251269035, 43.42100461409396], [-3.334279822335025, 43.41775377516777], [-3.3375317258883244, 43.416778523489924], [-3.343385152284264, 43.41775377516777], [-3.344360723350254, 43.42100461409396], [-3.345986675126903, 43.4219798657718], [-3.3482630076142126, 43.42165478187919], [-3.3505393401015224, 43.41775377516777], [-3.3570431472081217, 43.416778523489924], [-3.3693356110964374, 43.41877825907519], [-3.3700507614213193, 43.4200293624161], [-3.3733026649746187, 43.42100461409396], [-3.3924284275834005, 43.42306409563393], [-3.398786913518774, 43.421672475414084], [-3.4188293147208113, 43.42100461409396], [-3.422081218274111, 43.4200293624161], [-3.4240323604060903, 43.417103607382536], [-3.4290003496305386, 43.41702763645706], [-3.43183692893401, 43.418729026845625], [-3.4328125, 43.42523070469798], [-3.436714784263959, 43.42783137583891], [-3.437690355329949, 43.43108221476509], [-3.4357392131979694, 43.43790897651005], [-3.4292354060913706, 43.443110318791945], [-3.4272842639593906, 43.45058724832214], [-3.42825983502538, 43.46229026845637], [-3.4316502368796984, 43.46426735538918], [-3.4324873096446695, 43.46684144295301], [-3.4371948211782524, 43.46904493513806], [-3.478335193775171, 43.47425714647602], [-3.484842956852791, 43.47594379194631], [-3.4877696700507608, 43.48049496644295], [-3.49232233502538, 43.48374580536912], [-3.504354378172588, 43.485371224832214], [-3.507281091370557, 43.489272231543616], [-3.5141100888324868, 43.49024748322147], [-3.5189879441624363, 43.496098993288584], [-3.3972135762782427, 43.49804949664429], [-2.7844394525933156, 43.49999999999999], [-1.9251898799420317, 43.499349832214754], [-1.679690002041665, 43.49804949664429], [-1.5569400630914816, 43.496098993288584], [-1.56080905974283, 43.492524727223774], [-1.5617075444164354, 43.49018583457551], [-1.5699526813880116, 43.489597315436235], [-1.5738564668769706, 43.488296979865765], [-1.5764589905362765, 43.485696308724826], [-1.579712145110409, 43.47009228187919], [-1.5875197160883272, 43.46684144295302], [-1.5888209779179803, 43.46001468120805], [-1.596628548895898, 43.4535130033557]]], [[[-3.682233502538071, 43.48540147632517], [-3.6883086291870772, 43.48274094542859], [-3.698409657921033, 43.48222599504528], [-3.699793781725888, 43.48407088926174], [-3.706297588832487, 43.48407088926174], [-3.708459075479742, 43.48171367579937], [-3.7176523449914614, 43.48124500297568], [-3.72576778066267, 43.47821110100623], [-3.733613578680203, 43.47724412751678], [-3.7394670050761416, 43.47074244966443], [-3.746721616150088, 43.469292002461], [-3.754023, 43.469751688852504], [-3.7563769035532992, 43.47301803691275], [-3.772636421319797, 43.47529362416107], [-3.776775640929591, 43.47826274073221], [-3.773136227291848, 43.47946104139247], [-3.779551865333434, 43.48257989818806], [-3.7823921319796954, 43.486996644295296], [-3.7866196065989843, 43.490897651006705], [-3.7924730329949234, 43.493498322147644], [-3.7999524111675127, 43.494798657718114], [-3.8164066771157796, 43.49401537776312], [-3.8267232699974114, 43.49549944729528], [-3.856368721807619, 43.49092594377191], [-3.875110827715656, 43.482420938289124], [-3.87539657360406, 43.483420721476506], [-3.881249999999999, 43.484395973154356], [-3.8845019035532986, 43.483420721476506], [-3.8851522842639588, 43.48114513422818], [-3.887428616751268, 43.48016988255033], [-3.8890643367009745, 43.48006976921738], [-3.8937523759342727, 43.48325849618187], [-3.902588290689985, 43.47924204310892], [-3.9113380639430066, 43.47870651808639], [-3.922640430929958, 43.48106238406769], [-3.939469806536899, 43.47572929532828], [-3.947914022842639, 43.4720427852349], [-3.9491095570461723, 43.470608613871796], [-3.973099, 43.457865307334266], [-3.973099, 43.45333751609108], [-3.9721566668413497, 43.45275540202977], [-3.9807582487309645, 43.448961828859055], [-4.0043010918926445, 43.448387801162255], [-4.012752447027025, 43.45095464744455], [-4.015440856480773, 43.45025562134426], [-4.017179568527919, 43.452862835570464], [-4.021732233502538, 43.45318791946308], [-4.024984137055837, 43.45221266778523], [-4.027585659898477, 43.44831166107382], [-4.035390228426396, 43.447011325503354], [-4.036365799492385, 43.443760486577176], [-4.037991751269034, 43.44278523489932], [-4.040268083756345, 43.44311031879194], [-4.043194796954315, 43.447661493288585], [-4.0500237944162425, 43.447336409395966], [-4.054901649746193, 43.44148489932885], [-4.061405456852792, 43.43823406040267], [-4.077990164974619, 43.43790897651005], [-4.081242068527919, 43.43855914429528], [-4.083843591370558, 43.442460151006706], [-4.0861199238578685, 43.44278523489932], [-4.087745875634518, 43.441809983221475], [-4.088721446700507, 43.43855914429528], [-4.0965260152284255, 43.4369337248322], [-4.0974593878027505, 43.43413452382808], [-4.160408020370215, 43.419756225835435], [-4.183906297113798, 43.406329489618024], [-4.214570114213197, 43.40540058724831], [-4.2181472081218265, 43.40442533557045], [-4.218797588832486, 43.402149748322145], [-4.222526655564465, 43.40125399780466], [-4.227902918781725, 43.402149748322145], [-4.228553299492385, 43.40442533557045], [-4.231480012690355, 43.40605075503355], [-4.241235723350253, 43.40605075503355], [-4.245463197969542, 43.402149748322145], [-4.26107233502538, 43.400849412751676], [-4.263673857868019, 43.400199244966444], [-4.266188439006627, 43.39787885305839], [-4.288660520608263, 43.39614171540215], [-4.290664657360406, 43.39922399328859], [-4.297493654822334, 43.40117449664429], [-4.300745558375633, 43.400199244966444], [-4.302696700507613, 43.39694840604025], [-4.320932466467985, 43.39495487781165], [-4.332223107532511, 43.395902293309256], [-4.335540926395939, 43.39662332214764], [-4.335866116751269, 43.39987416107382], [-4.334565355329948, 43.40247483221476], [-4.335540926395939, 43.404425335570465], [-4.344321065989847, 43.40637583892617], [-4.362856916243655, 43.404425335570465], [-4.369360723350253, 43.39792365771811], [-4.376840101522842, 43.39597315436241], [-4.38854695431472, 43.39694840604025], [-4.38984771573604, 43.39922399328859], [-4.393749999999999, 43.400199244966444], [-4.413261421319796, 43.40117449664429], [-4.448381979695431, 43.400199244966444], [-4.45228426395939, 43.39922399328859], [-4.452813699612457, 43.39829778422274], [-4.4652918781725885, 43.39597315436241], [-4.471795685279187, 43.39694840604025], [-4.473096446700507, 43.39922399328859], [-4.476998730964466, 43.400199244966444], [-4.533411588721726, 43.402594822079045], [-4.535532994923857, 43.403125], [-4.536183375634517, 43.40540058724831], [-4.539435279187816, 43.40637583892617], [-4.545288705583756, 43.40540058724831], [-4.546592686907369, 43.40344525562039], [-4.710640258650534, 43.414029469122326], [-4.712256768189501, 43.416453439597305], [-4.72006133671742, 43.41775377516777], [-4.7223376692047285, 43.42100461409396], [-4.745100994077825, 43.42295511744966], [-4.748027707275795, 43.426205956375824], [-4.763636844331632, 43.427506291946294], [-4.766238367174273, 43.428156459731525], [-4.770140651438232, 43.43173238255034], [-4.8013589255499065, 43.436933724832194], [-4.806561971235186, 43.438234060402664], [-4.810789445854475, 43.441809983221475], [-4.8206988976879135, 43.44272636575443], [-4.836897717389405, 43.44831171354305], [-4.908012470607449, 43.45919044463484], [-4.930676242043977, 43.46806612432686], [-4.941075309488551, 43.47022463971741], [-4.9520141369439274, 43.46864023851946], [-4.9600809438742814, 43.4635477447643], [-5.007082440196862, 43.46433084657595], [-5.044855573774675, 43.47273484841283], [-5.052882789873047, 43.46892519745378], [-5.05941200356582, 43.46911907100192], [-5.0685127974415645, 43.480026194475364], [-5.091841821750982, 43.484779412605334], [-5.1219782914546075, 43.48586012151506], [-5.130126374788485, 43.487971895973146], [-5.143522605938813, 43.48663271143173], [-5.178106914358878, 43.487882208345226], [-5.215044324789, 43.498219467056686], [-4.948094133354477, 43.499674916107374], [-4.252468670685276, 43.49999999999999], [-3.7565689112732645, 43.49804949664429], [-3.6638966842963874, 43.49621252085854], [-3.6742414528025833, 43.48958846946124], [-3.6783312182741117, 43.488947147651], [-3.682233502538071, 43.48540147632517]]], [[[-3.7940989847715736, 43.45838926174496], [-3.7875951776649743, 43.45643875838926], [-3.7862944162436545, 43.45188758389261], [-3.7911722715736036, 43.448636744966436], [-3.7960501269035527, 43.447986577181204], [-3.807106598984771, 43.448636744966436], [-3.8097081218274105, 43.44993708053691], [-3.8103585025380706, 43.45188758389261], [-3.8067814086294414, 43.45643875838926], [-3.7940989847715736, 43.45838926174496]]], [[[-3.536223032994923, 43.49577390939597], [-3.5355726522842637, 43.499674916107374], [-3.531670368020304, 43.49902474832214], [-3.531670368020304, 43.49577390939597], [-3.5332963197969542, 43.494798657718114], [-3.536223032994923, 43.49577390939597]]]]}}, {"type": "Feature", "properties": {"t": "b10", "lvl": 10}, "geometry": {"type": "MultiPolygon", "coordinates": [[[[-8.496184961928925, 37.09830729166666], [-8.491957487309637, 37.09472656249999], [-8.467861747198615, 37.09300368909629], [-8.46359281282445, 37.091723687126105], [-8.46073921319796, 37.08886718749999], [-8.454235406091362, 37.08821614583333], [-8.452284263959383, 37.08528645833333], [-8.444479695431465, 37.08365885416666], [-8.41846446700507, 37.08365885416666], [-8.41065989847715, 37.08528645833333], [-8.409569257117736, 37.08719702036919], [-8.391148477157351, 37.08951822916666], [-8.383932990831045, 37.09284253269036], [-8.356027918781717, 37.09342447916666], [-8.348223350253798, 37.09179687499999], [-8.348223350253798, 37.09049479166666], [-8.344321065989838, 37.08789062499999], [-8.33098826142131, 37.08365885416666], [-8.325460025380703, 37.07942708333333], [-8.324159263959384, 37.07682291666666], [-8.319281408629434, 37.07486979166666], [-8.298794416243647, 37.07291666666666], [-8.27147842639593, 37.07324218749999], [-8.259771573604052, 37.07486979166666], [-8.258145621827403, 37.07714843749999], [-8.254893718274104, 37.07779947916666], [-8.238634200507605, 37.07779947916666], [-8.235382296954306, 37.07714843749999], [-8.231480012690348, 37.07389322916666], [-8.199611357868012, 37.07194010416666], [-8.197335025380703, 37.07096354166666], [-8.196359454314713, 37.06868489583333], [-8.184652601522835, 37.06738281249999], [-8.181725888324864, 37.06575520833333], [-8.181725888324864, 37.06445312499999], [-8.177173223350245, 37.06315104166666], [-8.122541243654814, 37.05794270833333], [-8.108883248730956, 37.05533854166666], [-8.107582487309637, 37.05305989583333], [-8.104980964466996, 37.05240885416666], [-8.091973350253799, 37.05175781249999], [-8.088071065989839, 37.05013020833333], [-8.08611992385786, 37.04720052083333], [-8.077339784263952, 37.04492187499999], [-8.070835977157351, 37.03710937499999], [-8.064006979695424, 37.03613281249999], [-8.061405456852784, 37.03222656249999], [-8.053600888324864, 37.03092447916666], [-8.050999365482223, 37.02701822916666], [-8.042544416243647, 37.02506510416666], [-8.031813134517758, 37.01334635416666], [-8.028561230964458, 37.01139322916666], [-8.016203997461922, 37.00944010416666], [-8.01457804568527, 37.00618489583333], [-8.00677347715735, 37.00488281249999], [-8.00417195431471, 37.00097656249999], [-7.996367385786794, 36.99934895833333], [-7.993440672588823, 36.99153645833333], [-7.9810834390862855, 36.98860677083333], [-7.977831535532986, 36.98665364583333], [-7.969051395939078, 36.97656249999999], [-7.965149111675119, 36.97395833333333], [-7.94888959390862, 36.96809895833333], [-7.9466132614213105, 36.96451822916666], [-7.934906408629432, 36.96321614583333], [-7.932955266497453, 36.96256510416666], [-7.931004124365473, 36.95930989583333], [-7.919297271573596, 36.95800781249999], [-7.9140942258883165, 36.95410156249999], [-7.902712563451768, 36.95312499999999], [-7.882225571065981, 36.95410156249999], [-7.879949238578671, 36.95507812499999], [-7.878973667512682, 36.95800781249999], [-7.875071383248723, 36.95930989583333], [-7.874095812182732, 36.96256510416666], [-7.866291243654814, 36.96386718749999], [-7.863364530456844, 36.96777343749999], [-7.851657677664967, 36.96907552083333], [-7.849706535532987, 36.96972656249999], [-7.846779822335018, 36.97363281249999], [-7.838975253807098, 36.97493489583333], [-7.837349302030447, 36.97819010416666], [-7.82564244923857, 36.97949218749999], [-7.820764593908621, 36.98372395833333], [-7.793448604060905, 36.99023437499999], [-7.791497461928926, 36.99153645833333], [-7.7905218908629355, 36.99446614583333], [-7.787269987309636, 36.99544270833333], [-7.7862944162436465, 37.00130208333333], [-7.782392131979687, 37.00553385416666], [-7.76580742385786, 37.01204427083333], [-7.76060437817258, 37.01888020833333], [-7.751499048223343, 37.02148437499999], [-7.744344860406082, 37.02929687499999], [-7.725158629441616, 37.03320312499999], [-7.722882296954307, 37.04101562499999], [-7.718980012690347, 37.04264322916666], [-7.718004441624356, 37.04589843749999], [-7.710199873096439, 37.04720052083333], [-7.7072731598984685, 37.05110677083333], [-7.69849302030456, 37.05208333333333], [-7.691664022842631, 37.05501302083333], [-7.681908312182734, 37.06673177083333], [-7.677355647208113, 37.06868489583333], [-7.676054885786794, 37.07194010416666], [-7.664348032994916, 37.07324218749999], [-7.662396890862936, 37.07389322916666], [-7.659470177664967, 37.07779947916666], [-7.6523159898477076, 37.07910156249999], [-7.641259517766489, 37.09114583333333], [-7.632804568527911, 37.09570312499999], [-7.623699238578672, 37.09863281249999], [-7.621097715736033, 37.10058593749999], [-7.618496192893393, 37.10774739583333], [-7.599309961928926, 37.11621093749999], [-7.592155774111666, 37.12434895833333], [-7.585326776649738, 37.12532552083333], [-7.582725253807098, 37.12923177083333], [-7.574920685279179, 37.13053385416666], [-7.57069321065989, 37.13476562499999], [-7.537848984771566, 37.14225260416666], [-7.5310199873096355, 37.14908854166666], [-7.527768083756337, 37.15039062499999], [-7.511833756345169, 37.15201822916666], [-7.50955742385786, 37.15527343749999], [-7.497850571065982, 37.15657552083333], [-7.495899428934002, 37.15722656249999], [-7.494923857868012, 37.15950520833333], [-7.491021573604053, 37.16015624999999], [-7.471510152284256, 37.15950520833333], [-7.436389593908621, 37.15559895833333], [-7.432487309644662, 37.15429687499999], [-7.432487309644662, 37.15299479166666], [-7.4295605964466915, 37.15136718749999], [-7.419479695431464, 37.15039062499999], [-7.416878172588824, 37.14908854166666], [-7.413626269035524, 37.14453124999999], [-7.405171319796946, 37.14029947916666], [-7.377530139593901, 37.13671874999999], [-7.37525380710659, 37.13736979166666], [-7.373953045685271, 37.13964843749999], [-7.354766814720803, 37.14257812499999], [-7.347612626903547, 37.15039062499999], [-7.340783629441615, 37.15136718749999], [-7.338182106598976, 37.15527343749999], [-7.330377538071058, 37.15657552083333], [-7.327776015228418, 37.16048177083333], [-7.31964625634517, 37.16210937499999], [-7.31314244923857, 37.16992187499999], [-7.304362309644661, 37.17220052083333], [-7.302411167512682, 37.17513020833333], [-7.2994844543147135, 37.17643229166666], [-7.264363895939077, 37.18164062499999], [-7.255583756345169, 37.18424479166666], [-7.255583756345169, 37.18554687499999], [-7.191196065989839, 37.18749999999999], [-7.11607709390862, 37.18717447916666], [-7.083883248730956, 37.18554687499999], [-7.082257296954307, 37.18326822916666], [-7.079005393401006, 37.18261718749999], [-7.059493972081209, 37.18131510416666], [-7.057217639593899, 37.17805989583333], [-7.049413071065982, 37.17578124999999], [-7.047461928934002, 37.16927083333333], [-7.046486357868012, 37.15755208333333], [-7.042584073604053, 37.15429687499999], [-7.041283312182733, 37.14648437499999], [-7.037706218274103, 37.14518229166666], [-7.033803934010144, 37.13932291666666], [-7.028600888324864, 37.13736979166666], [-7.006487944162428, 37.13541666666666], [-6.968440672588825, 37.13444010416666], [-6.959335342639585, 37.13053385416666], [-6.939823921319788, 37.12923177083333], [-6.938197969543139, 37.12695312499999], [-6.933320114213189, 37.12532552083333], [-6.913808692893392, 37.12402343749999], [-6.911207170050752, 37.12076822916666], [-6.899500317258875, 37.11946614583333], [-6.893646890862936, 37.11555989583333], [-6.852672906091362, 37.11360677083333], [-6.8497461928933925, 37.11263020833333], [-6.8477950507614125, 37.10970052083333], [-6.839990482233494, 37.10839843749999], [-6.838689720812174, 37.10546874999999], [-6.830234771573597, 37.10742187499999], [-6.8250317258883175, 37.10351562499999], [-6.819503489847707, 37.09667968749999], [-6.812674492385779, 37.09374999999999], [-6.80389435279187, 37.09277343749999], [-6.8009676395939, 37.08886718749999], [-6.794463832487301, 37.08886718749999], [-6.791537119289332, 37.09342447916666], [-6.788285215736032, 37.09342447916666], [-6.786659263959383, 37.08919270833333], [-6.778854695431464, 37.08398437499999], [-6.776253172588825, 37.07910156249999], [-6.767147842639586, 37.07714843749999], [-6.7645463197969455, 37.07324218749999], [-6.758042512690347, 37.07356770833333], [-6.756091370558368, 37.07682291666666], [-6.755115799492378, 37.08268229166666], [-6.751863895939078, 37.08300781249999], [-6.7502379441624285, 37.07910156249999], [-6.742433375634509, 37.07779947916666], [-6.73950666243654, 37.07389322916666], [-6.725848667512682, 37.07194010416666], [-6.7242227157360315, 37.06868489583333], [-6.715117385786794, 37.06673177083333], [-6.713816624365474, 37.06347656249999], [-6.704711294416235, 37.06152343749999], [-6.704060913705575, 37.05924479166666], [-6.700158629441615, 37.05664062499999], [-6.684549492385779, 37.05143229166666], [-6.681297588832479, 37.04720052083333], [-6.67349302030456, 37.04589843749999], [-6.67219225888324, 37.04264322916666], [-6.664062499999993, 37.04101562499999], [-6.6571717031514295, 37.03320312499999], [-6.641672945748722, 37.03027343749999], [-6.63933481387478, 37.02669270833333], [-6.623725676818941, 37.02115885416666], [-6.6198233925549825, 37.01692708333333], [-6.618847821488992, 37.01236979166666], [-6.606490587986455, 37.00944010416666], [-6.603238684433155, 37.00748697916666], [-6.593482973773257, 36.99576822916666], [-6.588930308798638, 36.99381510416666], [-6.587954737732648, 36.99055989583333], [-6.580150169204729, 36.98925781249999], [-6.577548646362089, 36.98535156249999], [-6.56974407783417, 36.98404947916666], [-6.567142554991531, 36.98014322916666], [-6.559337986463612, 36.97851562499999], [-6.555435702199652, 36.96940104166666], [-6.547631133671734, 36.96777343749999], [-6.5450296108290935, 36.96289062499999], [-6.5385258037224965, 36.95865885416666], [-6.535599090524526, 36.94986979166666], [-6.5307212351945765, 36.94791666666666], [-6.521941095600669, 36.94694010416666], [-6.519989953468689, 36.94303385416666], [-6.516738049915388, 36.94205729166666], [-6.515762478849399, 36.93619791666666], [-6.51381133671742, 36.93294270833333], [-6.506006768189501, 36.93131510416666], [-6.503405245346861, 36.92740885416666], [-6.495600676818942, 36.92610677083333], [-6.494625105752952, 36.92285156249999], [-6.490722821488993, 36.92089843749999], [-6.489096869712343, 36.90885416666666], [-6.4877961082910245, 36.90624999999999], [-6.4799915397631045, 36.89941406249999], [-6.479015968697114, 36.89257812499999], [-6.475113684433155, 36.88964843749999], [-6.474463303722496, 36.88769531249999], [-6.473162542301176, 36.87597656249999], [-6.469910638747876, 36.87434895833333], [-6.468935067681887, 36.87109374999999], [-6.469260258037217, 36.86653645833333], [-6.472186971235186, 36.86458333333333], [-6.4738129230118355, 36.86067708333333], [-6.474788494077826, 36.84733072916666], [-6.4760892554991445, 36.84407552083333], [-6.482593062605744, 36.83756510416666], [-6.4838938240270645, 36.83300781249999], [-6.483568633671735, 36.80924479166666], [-6.481292301184424, 36.80729166666666], [-6.477390016920465, 36.81217447916666], [-6.470886209813867, 36.81217447916666], [-6.466983925549907, 36.80664062499999], [-6.462431260575288, 36.80403645833333], [-6.459179357021988, 36.79850260416666], [-6.4575534052453385, 36.78255208333333], [-6.455277072758028, 36.78124999999999], [-6.4536511209813785, 36.77636718749999], [-6.4536511209813785, 36.76009114583333], [-6.455277072758028, 36.75520833333333], [-6.458203785955998, 36.75423177083333], [-6.459179357021988, 36.75097656249999], [-6.466983925549907, 36.74967447916666], [-6.469585448392547, 36.74576822916666], [-6.475438874788485, 36.74479166666666], [-6.478690778341784, 36.74088541666666], [-6.478365587986454, 36.72526041666666], [-6.474463303722496, 36.72298177083333], [-6.473487732656506, 36.71972656249999], [-6.465683164128587, 36.71842447916666], [-6.4637320219966075, 36.71679687499999], [-6.464057212351938, 36.71451822916666], [-6.466983925549908, 36.71354166666666], [-6.468609877326557, 36.71061197916666], [-6.467959496615897, 36.70084635416666], [-6.466008354483917, 36.69889322916666], [-6.456252643824017, 36.69661458333333], [-6.454301501692038, 36.69401041666666], [-6.452350359560059, 36.67838541666666], [-6.44909845600676, 36.67643229166666], [-6.44779769458544, 36.66861979166666], [-6.443245029610821, 36.66569010416666], [-6.44226945854483, 36.66243489583333], [-6.434464890016912, 36.66210937499999], [-6.432513747884932, 36.66536458333333], [-6.4315381768189415, 36.67122395833333], [-6.4292618443316325, 36.67187499999999], [-6.427635892554983, 36.67089843749999], [-6.426335131133663, 36.66699218749999], [-6.412677136209805, 36.65494791666666], [-6.411701565143815, 36.64973958333333], [-6.413002326565135, 36.64811197916666], [-6.431212986463612, 36.64876302083333], [-6.432513747884932, 36.64713541666666], [-6.4315381768189415, 36.64127604166666], [-6.427635892554983, 36.63964843749999], [-6.426660321488993, 36.63639322916666], [-6.4188557529610755, 36.63476562499999], [-6.415929039763105, 36.62695312499999], [-6.413977897631126, 36.62565104166666], [-6.402271044839248, 36.62402343749999], [-6.399344331641277, 36.61914062499999], [-6.391539763113359, 36.61393229166666], [-6.390239001692039, 36.61035156249999], [-6.380158100676811, 36.60742187499999], [-6.374629864636201, 36.59960937499999], [-6.371052770727571, 36.59960937499999], [-6.369752009306252, 36.60742187499999], [-6.366825296108283, 36.60937499999999], [-6.363898582910314, 36.60514322916666], [-6.355118443316404, 36.60416666666666], [-6.3502405879864545, 36.60221354166666], [-6.349265016920465, 36.59765624999999], [-6.346338303722496, 36.59440104166666], [-6.336582593062596, 36.59407552083333], [-6.333655879864628, 36.59570312499999], [-6.332680308798638, 36.59863281249999], [-6.329428405245338, 36.59960937499999], [-6.327152072758029, 36.60742187499999], [-6.324550549915389, 36.60872395833333], [-6.315445219966151, 36.60937499999999], [-6.308941412859552, 36.60839843749999], [-6.3056895093062515, 36.60449218749999], [-6.298860511844323, 36.60351562499999], [-6.2913811336717345, 36.59440104166666], [-6.287804039763104, 36.59277343749999], [-6.286828468697115, 36.58789062499999], [-6.287804039763104, 36.58105468749999], [-6.292681895093054, 36.57812499999999], [-6.301462034686962, 36.57714843749999], [-6.302762796108282, 36.57389322916666], [-6.306665080372242, 36.57194010416666], [-6.308616222504221, 36.55826822916666], [-6.3118681260575205, 36.55696614583333], [-6.3138192681895005, 36.55305989583333], [-6.325526120981379, 36.55175781249999], [-6.328452834179348, 36.55013020833333], [-6.327477263113359, 36.54720052083333], [-6.324225359560059, 36.54622395833333], [-6.32324978849407, 36.54036458333333], [-6.32520093062605, 36.53613281249999], [-6.3297535956006685, 36.53320312499999], [-6.333005499153967, 36.52766927083333], [-6.332680308798638, 36.51171874999999], [-6.330403976311327, 36.51041666666666], [-6.327477263113359, 36.51464843749999], [-6.3138192681895005, 36.51660156249999], [-6.310892554991531, 36.52050781249999], [-6.306339890016911, 36.52083333333333], [-6.303087986463612, 36.51888020833333], [-6.300486463620973, 36.51009114583333], [-6.292681895093054, 36.50455729166666], [-6.291055943316405, 36.50032552083333], [-6.287804039763104, 36.49934895833333], [-6.285852897631124, 36.49088541666666], [-6.272194902707268, 36.47786458333333], [-6.270894141285948, 36.47070312499999], [-6.266991857021988, 36.46777343749999], [-6.266341476311328, 36.46582031249999], [-6.265365905245337, 36.45572916666666], [-6.2562605752961, 36.44531249999999], [-6.2562605752961, 36.43522135416666], [-6.2595124788494, 36.43229166666666], [-6.265365905245337, 36.43131510416666], [-6.265365905245337, 36.42805989583333], [-6.25756133671742, 36.42643229166666], [-6.25495981387478, 36.41894531249999], [-6.25365905245346, 36.41829427083333], [-6.249106387478841, 36.41992187499999], [-6.245854483925541, 36.41861979166666], [-6.243252961082901, 36.40624999999999], [-6.235448392554984, 36.39941406249999], [-6.233822440778334, 36.39127604166666], [-6.2305705372250335, 36.38997395833333], [-6.229269775803713, 36.38216145833333], [-6.224717110829095, 36.37923177083333], [-6.223741539763105, 36.37597656249999], [-6.215936971235186, 36.37467447916666], [-6.213335448392546, 36.37076822916666], [-6.205530879864629, 36.36946614583333], [-6.202278976311328, 36.36555989583333], [-6.190572123519449, 36.36458333333333], [-6.1840683164128505, 36.36165364583333], [-6.1817919839255415, 36.34993489583333], [-6.177889699661582, 36.34798177083333], [-6.176588938240262, 36.34407552083333], [-6.173337034686963, 36.34309895833333], [-6.172036273265643, 36.33528645833333], [-6.167483608291024, 36.33138020833333], [-6.166182846869704, 36.32356770833333], [-6.165113508922006, 36.3230324959967], [-6.160979801184425, 36.30957031249999], [-6.15832642174939, 36.305454284282696], [-6.149272948392547, 36.29817708333333], [-6.146346235194577, 36.29296874999999], [-6.145370664128587, 36.28710937499999], [-6.141468379864628, 36.28548177083333], [-6.140492808798638, 36.28222656249999], [-6.1330134306260495, 36.28190104166666], [-6.133989001692038, 36.28971354166666], [-6.132688240270719, 36.29101562499999], [-6.126321380140392, 36.29165295805166], [-6.121253965930028, 36.28946776993288], [-6.120331006768181, 36.28515624999999], [-6.11740429357021, 36.28190104166666], [-6.105697440778334, 36.28027343749999], [-6.104396679357014, 36.27701822916666], [-6.100494395093054, 36.27506510416666], [-6.098543252961074, 36.26139322916666], [-6.094966159052444, 36.25911458333333], [-6.089763113367166, 36.24348958333333], [-6.0884623519458465, 36.24088541666666], [-6.0845600676818865, 36.23828124999999], [-6.079031831641277, 36.22233072916666], [-6.077080689509297, 36.21907552083333], [-6.06895093062605, 36.21191406249999], [-6.0673249788494, 36.20377604166666], [-6.06342269458544, 36.20214843749999], [-6.0624471235194495, 36.19889322916666], [-6.054317364636201, 36.19661458333333], [-6.047163176818942, 36.18098958333333], [-6.039683798646354, 36.17708333333333], [-6.027976945854475, 36.17805989583333], [-6.025700613367166, 36.18131510416666], [-6.020822758037217, 36.18229166666666], [-6.013993760575287, 36.18196614583333], [-6.011067047377318, 36.18033854166666], [-6.011067047377318, 36.17903645833333], [-6.007815143824018, 36.17805989583333], [-5.978548011844323, 36.17708333333333], [-5.962288494077826, 36.17805989583333], [-5.959036590524526, 36.17903645833333], [-5.958061019458537, 36.18131510416666], [-5.956109877326556, 36.18196614583333], [-5.949280879864627, 36.18229166666666], [-5.944403024534679, 36.18131510416666], [-5.941476311336709, 36.17805989583333], [-5.914160321488993, 36.17610677083333], [-5.9083068950930535, 36.17122395833333], [-5.895299280879856, 36.16699218749999], [-5.892697758037217, 36.16503906249999], [-5.890421425549907, 36.15820312499999], [-5.888470283417927, 36.15690104166666], [-5.876763430626049, 36.15527343749999], [-5.8738367174280794, 36.15039062499999], [-5.865056577834171, 36.14420572916666], [-5.86050391285955, 36.13736979166666], [-5.851723773265643, 36.13444010416666], [-5.849772631133663, 36.12955729166666], [-5.848797060067674, 36.12076822916666], [-5.844894775803715, 36.11881510416666], [-5.843919204737724, 36.11555989583333], [-5.834813874788486, 36.11360677083333], [-5.833838303722495, 36.11035156249999], [-5.829285638747876, 36.10742187499999], [-5.827984877326557, 36.09960937499999], [-5.824407783417927, 36.09830729166666], [-5.818879547377318, 36.09016927083333], [-5.810099407783409, 36.08398437499999], [-5.80684750423011, 36.07910156249999], [-5.791238367174271, 36.07845052083333], [-5.787336082910313, 36.08007812499999], [-5.785384940778332, 36.08300781249999], [-5.780832275803714, 36.08333333333333], [-5.776604801184425, 36.08138020833333], [-5.773678087986456, 36.07682291666666], [-5.770426184433157, 36.07454427083333], [-5.74180943316412, 36.06803385416666], [-5.733354483925542, 36.06380208333333], [-5.729452199661582, 36.05924479166666], [-5.720346869712343, 36.05729166666666], [-5.708640016920466, 36.05794270833333], [-5.702136209813867, 36.06119791666666], [-5.698087237273664, 36.06606162148629], [-5.692380499153968, 36.06770833333333], [-5.689778976311328, 36.06673177083333], [-5.678722504230111, 36.05501302083333], [-5.670267554991532, 36.05208333333333], [-5.658560702199654, 36.05110677083333], [-5.654333227580365, 36.04524739583333], [-5.642626374788486, 36.03613281249999], [-5.641000423011836, 36.03222656249999], [-5.631895093062598, 36.03027343749999], [-5.630594331641277, 36.02669270833333], [-5.622789763113358, 36.02083333333333], [-5.61986304991539, 36.00618489583333], [-5.61596076565143, 36.00423177083333], [-5.6156355752961, 36.00195312499999], [-6.55020390492808, 36.00032552083333], [-8.730863340736033, 35.99999999999999], [-9.665431670368013, 36.46874999999999], [-10.288477223456, 37.40624999999999], [-10.599999999999994, 38.81249999999999], [-10.599999999999994, 40.68749999999999], [-10.457963197969537, 42.09374999999999], [-10.173889593908623, 43.03124999999999], [-9.747779187817251, 43.49999999999999], [-8.753521573604054, 43.499349832214754], [-8.46944796954314, 43.49804949664429], [-8.327411167512683, 43.496098993288584], [-8.328386738578672, 43.49024748322147], [-8.3319638324873, 43.488947147651], [-8.33749206852791, 43.480820050335566], [-8.347572969543139, 43.47236786912751], [-8.347898159898469, 43.46554110738255], [-8.343345494923849, 43.46261535234899], [-8.34236992385786, 43.45936451342281], [-8.33424016497461, 43.45903942953019], [-8.329362309644662, 43.46489093959731], [-8.323834073604054, 43.46814177852348], [-8.314403553299483, 43.46879194630872], [-8.306924175126895, 43.46684144295302], [-8.304647842639586, 43.46489093959731], [-8.303021890862937, 43.46033976510067], [-8.303672271573596, 43.45903942953019], [-8.311151649746183, 43.45643875838926], [-8.312127220812174, 43.44993708053691], [-8.316679885786794, 43.447011325503354], [-8.316354695431464, 43.443760486577176], [-8.308550126903544, 43.442460151006706], [-8.306598984771565, 43.43953439597314], [-8.302696700507607, 43.43790897651005], [-8.287087563451768, 43.43660864093958], [-8.281884517766489, 43.43173238255034], [-8.268876903553291, 43.427506291946294], [-8.26627538071065, 43.42555578859059], [-8.264974619289331, 43.42067953020133], [-8.26302347715735, 43.418729026845625], [-8.253267766497453, 43.416778523489924], [-8.235707487309636, 43.41580327181207], [-8.233756345177657, 43.41482802013421], [-8.231805203045678, 43.41092701342282], [-8.227252538071056, 43.40832634228187], [-8.224000634517758, 43.40279991610738], [-8.223350253807098, 43.39337248322147], [-8.225301395939077, 43.386870805369114], [-8.233105964466997, 43.38459521812079], [-8.235057106598976, 43.38134437919463], [-8.246763959390854, 43.38036912751677], [-8.253267766497453, 43.38134437919463], [-8.255218908629434, 43.38459521812079], [-8.26302347715735, 43.38589555369126], [-8.264974619289331, 43.38882130872483], [-8.268876903553291, 43.39044672818792], [-8.281884517766489, 43.39044672818792], [-8.284556140359864, 43.38933391654541], [-8.292684389112672, 43.39312484246014], [-8.294241751269027, 43.39857382550335], [-8.298469225888315, 43.402474832214764], [-8.305623413705575, 43.40507550335569], [-8.328711928934002, 43.40637583892617], [-8.348223350253798, 43.40442533557045], [-8.34919892131979, 43.40149958053691], [-8.352450824873088, 43.400199244966444], [-8.354401967005067, 43.386545721476494], [-8.358629441624357, 43.383619966442936], [-8.357979060913696, 43.38134437919463], [-8.352125634517758, 43.38036912751677], [-8.34887373096446, 43.377443372483214], [-8.348223350253798, 43.37061661073825], [-8.34919892131979, 43.367690855704694], [-8.354076776649737, 43.364765100671136], [-8.362856916243647, 43.36378984899328], [-8.364808058375626, 43.359888842281876], [-8.368059961928926, 43.358913590604026], [-8.368554009345907, 43.35654293937429], [-8.376736784616137, 43.3618773678518], [-8.384969860406082, 43.37081360555752], [-8.384969860406082, 43.37321728187919], [-8.386683330905964, 43.374359221568476], [-8.389373676154069, 43.384154723294806], [-8.390898301741558, 43.383860011006945], [-8.39374999999999, 43.38557046979865], [-8.399603426395931, 43.386545721476494], [-8.40220494923857, 43.39044672818792], [-8.40870875634517, 43.38979656040269], [-8.411202094053351, 43.379935259163894], [-8.420074040740252, 43.378220299289595], [-8.427569796954305, 43.37971895973155], [-8.432772842639585, 43.38459521812079], [-8.435374365482225, 43.38524538590603], [-8.448381979695423, 43.38492030201341], [-8.452284263959383, 43.38166946308724], [-8.453259835025372, 43.375817953020125], [-8.458137690355322, 43.37321728187919], [-8.46236516497461, 43.36671560402684], [-8.472446065989839, 43.36378984899328], [-8.474072017766488, 43.360539010067114], [-8.485778870558367, 43.359888842281876], [-8.488705583756337, 43.36151426174497], [-8.489355964466998, 43.36378984899328], [-8.495209390862936, 43.364765100671136], [-8.498461294416234, 43.36378984899328], [-8.500087246192885, 43.360539010067114], [-8.508867385786795, 43.35956375838926], [-8.513745241116743, 43.357613255033556], [-8.514720812182732, 43.35566275167785], [-8.514070431472073, 43.3511115771812], [-8.510818527918774, 43.3491610738255], [-8.504965101522833, 43.348185822147656], [-8.504965101522833, 43.344609899328844], [-8.512769670050753, 43.33940855704699], [-8.515371192893394, 43.334532298657706], [-8.52545209390862, 43.33160654362415], [-8.53032994923857, 43.3251048657718], [-8.544963515228417, 43.32217911073824], [-8.547890228426386, 43.31827810402684], [-8.554394035532987, 43.31827810402684], [-8.556345177664966, 43.32120385906039], [-8.561352249894238, 43.32217911073824], [-8.571366394352784, 43.322829278523486], [-8.631451261104054, 43.32217911073824], [-8.636458333333328, 43.32120385906039], [-8.638021824767337, 43.31827810402684], [-8.643688861569366, 43.31730285234899], [-8.652670262267337, 43.30950083892616], [-8.681380208333328, 43.30657508389261], [-8.684960937499994, 43.30332424496643], [-8.688216145833328, 43.3026740771812], [-8.707747395833328, 43.301373741610725], [-8.71002604166666, 43.298122902684554], [-8.713281249999994, 43.2971476510067], [-8.71783854166666, 43.29747273489932], [-8.71979166666666, 43.300398489932874], [-8.722395833333328, 43.301373741610725], [-8.74782671519934, 43.30273428159934], [-8.76151920346018, 43.30472501559817], [-8.76178385416666, 43.30657508389261], [-8.763411458333328, 43.30755033557046], [-8.76569010416666, 43.30722525167785], [-8.766887181330608, 43.30536563113502], [-8.76872174901247, 43.30558456880368], [-8.78112998294168, 43.309475318018954], [-8.78229166666666, 43.31080117449663], [-8.787844205384467, 43.31227986400215], [-8.79827636606367, 43.320040054235555], [-8.79889322916666, 43.322504194630866], [-8.802148437499994, 43.32347944630872], [-8.804101562499994, 43.327380453020126], [-8.809231647367083, 43.32818937915388], [-8.817751736028741, 43.334527232917175], [-8.825565548964335, 43.33776051406333], [-8.828515624999994, 43.34103397651006], [-8.83697916666666, 43.34395973154362], [-8.84869791666666, 43.34298447986576], [-8.850976562499994, 43.33908347315436], [-8.854231770833328, 43.33778313758389], [-8.855208333333328, 43.329005872483215], [-8.859114583333328, 43.326080117449656], [-8.878645833333328, 43.3231543624161], [-8.905989583333328, 43.322504194630866], [-8.917708333333328, 43.31925335570469], [-8.916731770833328, 43.31340184563758], [-8.914453124999994, 43.31275167785234], [-8.912825520833328, 43.30982592281878], [-8.912825520833328, 43.306807857781635], [-8.92982637840518, 43.29840527767339], [-8.943006888917372, 43.29408397722388], [-8.947656249999994, 43.29682256711409], [-8.960677083333328, 43.29682256711409], [-8.964583333333328, 43.295197147651], [-8.966536458333328, 43.292271392617444], [-8.974348958333328, 43.29097105704697], [-8.976953124999994, 43.287070050335565], [-8.984765624999994, 43.285769714765095], [-8.985742187499994, 43.28251887583892], [-8.98932291666666, 43.2802432885906], [-8.98736979166666, 43.26854026845637], [-8.984765624999994, 43.26463926174496], [-8.980859374999994, 43.26203859060402], [-8.97565104166666, 43.26073825503355], [-8.964257812499994, 43.26041317114094], [-8.959374999999994, 43.25878775167784], [-8.95904947916666, 43.25651216442952], [-8.95611979166666, 43.25553691275167], [-8.954492187499994, 43.252611157718114], [-8.954492187499994, 43.242858640939595], [-8.95611979166666, 43.239932885906036], [-8.95904947916666, 43.23895763422818], [-8.96002604166666, 43.23570679530201], [-8.96783854166666, 43.234406459731545], [-8.97174479166666, 43.22985528523489], [-8.978255208333328, 43.22985528523489], [-8.981184895833328, 43.234406459731545], [-8.98346354166666, 43.23473154362416], [-8.985091145833328, 43.23278104026845], [-8.98630904976554, 43.22548342529745], [-9.00450204902199, 43.237256], [-9.00684380376344, 43.237256], [-9.00787760416666, 43.238632550335566], [-9.01276041666666, 43.239932885906036], [-9.016015624999994, 43.23700713087248], [-9.01764322916666, 43.22530411073824], [-9.02154947916666, 43.22335360738254], [-9.021874999999994, 43.221078020134215], [-9.025781249999994, 43.21945260067113], [-9.038802083333328, 43.21815226510066], [-9.041406249999994, 43.216201761744955], [-9.044661458333328, 43.20352348993288], [-9.052473958333328, 43.19767197986577], [-9.053671724238537, 43.19438254490998], [-9.062890624999994, 43.19214555369127], [-9.06484252126715, 43.19086531141654], [-9.068707795477833, 43.190309394869196], [-9.069075520833328, 43.19214555369127], [-9.070703124999994, 43.19312080536912], [-9.073632812499994, 43.19214555369127], [-9.074710919584694, 43.189453903788525], [-9.084696245257978, 43.188243123701085], [-9.089583333333328, 43.18986996644295], [-9.09283854166666, 43.19442114093958], [-9.097395833333328, 43.19637164429529], [-9.132273636941749, 43.19813970066362], [-9.13787429486786, 43.199931594711146], [-9.14850260416666, 43.19637164429529], [-9.168144377348149, 43.187899837241844], [-9.173242187499994, 43.18759437919462], [-9.178124999999994, 43.18596895973154], [-9.179101562499994, 43.18304320469798], [-9.182356770833328, 43.18206795302012], [-9.183072965469632, 43.17777655321279], [-9.209028539334717, 43.15953239421483], [-9.210351562499994, 43.16158766778523], [-9.213606770833328, 43.160937499999996], [-9.21387442314979, 43.15612622507107], [-9.215655851920786, 43.15487405974001], [-9.214106919853704, 43.15194690177065], [-9.213606770833328, 43.14728397651006], [-9.21028345833202, 43.1447213583775], [-9.209374999999994, 43.13655620805369], [-9.207421874999994, 43.131679949664424], [-9.199609374999994, 43.12972944630872], [-9.197981770833328, 43.126478607382545], [-9.185937499999994, 43.12615352348993], [-9.183333333333328, 43.1274538590604], [-9.176171874999994, 43.13590604026845], [-9.17389322916666, 43.13558095637583], [-9.17096354166666, 43.13102978187919], [-9.16315104166666, 43.12972944630872], [-9.162825520833328, 43.126478607382545], [-9.167382812499994, 43.123552852348986], [-9.168684895833328, 43.11575083892616], [-9.17194010416666, 43.11477558724831], [-9.17486979166666, 43.11022441275166], [-9.18268229166666, 43.1089240771812], [-9.184309895833328, 43.105023070469784], [-9.18756510416666, 43.10404781879193], [-9.188037056506552, 43.101219905711034], [-9.18984563413158, 43.10082244741993], [-9.193472073326177, 43.10154983623102], [-9.195703124999994, 43.1089240771812], [-9.20221354166666, 43.10957424496643], [-9.205591121011611, 43.10495917180581], [-9.210490290805438, 43.10810276116218], [-9.216210937499994, 43.11445050335569], [-9.223046874999994, 43.11477558724831], [-9.225976562499994, 43.11022441275166], [-9.229231770833328, 43.1089240771812], [-9.230208333333328, 43.100146812080524], [-9.231835937499994, 43.09722105704697], [-9.235091145833328, 43.095270553691265], [-9.246484374999994, 43.094295302013414], [-9.251367187499994, 43.09201971476509], [-9.254622395833328, 43.08746854026845], [-9.256249999999994, 43.080641778523486], [-9.257530469465012, 43.059453328870774], [-9.270641061953445, 43.05900570014653], [-9.27775996234755, 43.05436260826042], [-9.2773421072127, 43.053024004680545], [-9.282942708333328, 43.053334731543615], [-9.286848958333328, 43.05463506711409], [-9.294335937499994, 43.06146182885905], [-9.301171874999994, 43.058210989932874], [-9.303124999999994, 43.05398489932885], [-9.302148437499994, 43.048133389261736], [-9.298242187499994, 43.046507969798654], [-9.297265624999994, 43.04325713087248], [-9.289453124999994, 43.040981543624156], [-9.287499999999994, 43.03447986577181], [-9.286523437499994, 43.02277684563758], [-9.28326822916666, 43.02082634228187], [-9.280989583333328, 43.01302432885906], [-9.261458333333328, 43.009123322147644], [-9.26178385416666, 43.00684773489931], [-9.26569010416666, 43.00554739932885], [-9.26666666666666, 43.00392197986575], [-9.26569010416666, 43.00099622483221], [-9.262434895833328, 43.000020973154356], [-9.261458333333328, 42.99416946308724], [-9.262434895833328, 42.99091862416107], [-9.26569010416666, 42.98896812080537], [-9.26666666666666, 42.97726510067113], [-9.26861979166666, 42.97076342281879], [-9.27740885416666, 42.96751258389261], [-9.281640624999994, 42.96101090604026], [-9.286523437499994, 42.958410234899326], [-9.28815104166666, 42.95028313758389], [-9.29401041666666, 42.94540687919462], [-9.297265624999994, 42.93988045302013], [-9.29791666666666, 42.93045302013422], [-9.29596354166666, 42.92395134228187], [-9.28815104166666, 42.92167575503355], [-9.28717447916666, 42.918424916107384], [-9.28424479166666, 42.917449664429526], [-9.282617187499994, 42.91354865771811], [-9.282617187499994, 42.90054530201341], [-9.28424479166666, 42.896644295302], [-9.28717447916666, 42.894693791946295], [-9.286848958333328, 42.88819211409395], [-9.283593749999994, 42.886241610738246], [-9.277734374999994, 42.885266359060395], [-9.275130208333328, 42.881365352348986], [-9.267317708333328, 42.88201552013422], [-9.266341145833328, 42.885266359060395], [-9.263411458333328, 42.886241610738246], [-9.262109374999994, 42.88851719798657], [-9.257721878566977, 42.91152063566088], [-9.252908150438573, 42.92111930464064], [-9.247708649722178, 42.927094405264626], [-9.23151041666666, 42.92882760067114], [-9.228255208333328, 42.93272860738254], [-9.220442708333328, 42.932078439597305], [-9.21881510416666, 42.9281774328859], [-9.215559895833328, 42.92720218120805], [-9.213281249999994, 42.91940016778523], [-9.206770833333328, 42.917449664429526], [-9.195052083333328, 42.91647441275168], [-9.193098958333328, 42.91322357382549], [-9.187239583333328, 42.91224832214765], [-9.183984374999994, 42.91712458053691], [-9.183333333333328, 42.92850251677852], [-9.184309895833328, 42.93662961409396], [-9.188216145833328, 42.9392302852349], [-9.18854166666666, 42.941505872483205], [-9.18463541666666, 42.94345637583892], [-9.179210168782477, 42.9425533815602], [-9.17779947916666, 42.9392302852349], [-9.17376313992644, 42.93611055026507], [-9.172591145833328, 42.92557676174496], [-9.17194010416666, 42.92362625838925], [-9.16803385416666, 42.920700503355704], [-9.16705729166666, 42.91419882550335], [-9.163802083333328, 42.91224832214765], [-9.157942708333328, 42.91127307046979], [-9.15631510416666, 42.90802223154361], [-9.14459635416666, 42.90672189597315], [-9.14166666666666, 42.90509647651006], [-9.141992187499994, 42.90282088926173], [-9.145898437499994, 42.90087038590603], [-9.147200520833328, 42.8891673657718], [-9.151106770833328, 42.88461619127516], [-9.151757812499994, 42.88136535234898], [-9.152083333333328, 42.86998741610738], [-9.150130208333328, 42.86088506711408], [-9.141341145833328, 42.853408137583884], [-9.136132812499994, 42.846256291946304], [-9.119531249999994, 42.83910444630872], [-9.115624999999994, 42.83162751677852], [-9.11627604166666, 42.82252516778523], [-9.117578124999994, 42.81992449664429], [-9.125390624999994, 42.81764890939596], [-9.127343749999994, 42.81439807046979], [-9.142968749999994, 42.81407298657718], [-9.146874999999994, 42.81732382550335], [-9.147851562499994, 42.82317533557047], [-9.150130208333328, 42.8238255033557], [-9.151106770833328, 42.821875], [-9.152083333333328, 42.81212248322147], [-9.151106770833328, 42.79456795302012], [-9.150130208333328, 42.79261744966442], [-9.147200520833328, 42.79164219798657], [-9.146223958333328, 42.78839135906039], [-9.140364583333328, 42.78741610738254], [-9.137109374999994, 42.78546560402683], [-9.135481770833328, 42.77766359060402], [-9.132552083333328, 42.776363255033544], [-9.134505208333328, 42.77051174496644], [-9.133203124999994, 42.76726090604026], [-9.123763020833328, 42.76596057046979], [-9.121809895833328, 42.76466023489932], [-9.119531249999994, 42.758158557046976], [-9.116927083333328, 42.756858221476506], [-9.101302083333328, 42.75523280201342], [-9.099023437499994, 42.75133179530201], [-9.09576822916666, 42.75035654362415], [-9.093489583333328, 42.74255453020133], [-9.08697916666666, 42.74060402684563], [-9.081770833333328, 42.74060402684563], [-9.07526041666666, 42.74255453020133], [-9.073958333333328, 42.74450503355703], [-9.07428385416666, 42.74905620805369], [-9.078841145833328, 42.75198196308724], [-9.078841145833328, 42.75523280201342], [-9.074934895833328, 42.75653313758389], [-9.073151574271797, 42.759586156740426], [-9.070496761597942, 42.76061386010862], [-9.057031249999994, 42.761734479865765], [-9.053124999999994, 42.76335989932885], [-9.05279947916666, 42.765635486577175], [-9.04889322916666, 42.767911073825495], [-9.047657009334209, 42.780478456623456], [-9.04596354166666, 42.78611577181207], [-9.03815104166666, 42.78839135906039], [-9.037499999999994, 42.79066694630872], [-9.034570312499994, 42.7922923657718], [-9.024804687499994, 42.79196728187918], [-9.022851562499994, 42.79066694630872], [-9.020247395833328, 42.78416526845636], [-9.016992187499994, 42.7828649328859], [-8.996484374999994, 42.78026426174496], [-8.988671874999994, 42.771812080536904], [-8.985742187499994, 42.773762583892605], [-8.98444010416666, 42.78026426174496], [-8.97955729166666, 42.78221476510066], [-8.97076822916666, 42.78123951342281], [-8.969140624999994, 42.77798867449663], [-8.96588541666666, 42.77701342281878], [-8.961328124999994, 42.7773385067114], [-8.958398437499994, 42.78123951342281], [-8.953515624999994, 42.78221476510066], [-8.946679687499994, 42.78156459731542], [-8.943749999999994, 42.77831375838926], [-8.944726562499994, 42.77246224832214], [-8.94830729166666, 42.771161912751666], [-8.953841145833328, 42.76303481543623], [-8.96490885416666, 42.75458263422818], [-8.970335970184097, 42.74661229408414], [-8.974023437499994, 42.74613045302013], [-8.974999999999994, 42.74905620805369], [-8.977929687499994, 42.75068162751677], [-8.984765624999994, 42.75100671140939], [-8.990624999999994, 42.74905620805369], [-8.995507812499994, 42.74255453020133], [-9.005598958333328, 42.73865352348993], [-9.007204048587269, 42.73095943179211], [-9.011132812499994, 42.72825083892617], [-9.021290534644727, 42.714911318170984], [-9.02643229166666, 42.71264681208053], [-9.030006193852474, 42.70308735040004], [-9.037499999999994, 42.6970427852349], [-9.03717447916666, 42.69476719798657], [-9.033353396959654, 42.69231408519097], [-9.035806413447366, 42.68298327231272], [-9.03717447916666, 42.682414010067106], [-9.03815104166666, 42.67916317114093], [-9.04401041666666, 42.67818791946308], [-9.04596354166666, 42.67558724832214], [-9.048858770415007, 42.64667382296952], [-9.060088411752025, 42.62735544203653], [-9.066796874999994, 42.62487416107382], [-9.070703124999994, 42.60666946308724], [-9.078515624999994, 42.60439387583892], [-9.079492187499994, 42.601143036912745], [-9.083398437499994, 42.599192533557044], [-9.086328124999994, 42.58456375838925], [-9.09479166666666, 42.577411912751664], [-9.094140624999994, 42.57513632550335], [-9.086328124999994, 42.573835989932874], [-9.083398437499994, 42.56993498322147], [-9.078515624999994, 42.568959731543615], [-9.069726562499994, 42.56993498322147], [-9.066796874999994, 42.573835989932874], [-9.060286458333328, 42.573835989932874], [-9.056380208333328, 42.568309563758376], [-9.047591145833328, 42.56213296979865], [-9.04205729166666, 42.554005872483216], [-9.037825520833328, 42.55238045302012], [-9.03815104166666, 42.54912961409396], [-9.04596354166666, 42.54685402684563], [-9.04791666666666, 42.54035234899328], [-9.04889322916666, 42.52864932885905], [-9.05279947916666, 42.526373741610726], [-9.053124999999994, 42.52409815436241], [-9.052148437499994, 42.522472734899324], [-9.04889322916666, 42.52149748322147], [-9.04791666666666, 42.515645973154356], [-9.045638020833328, 42.51402055369127], [-9.018294270833328, 42.51499580536912], [-9.01373697916666, 42.513695469798655], [-9.011458333333328, 42.511094798657716], [-9.012434895833328, 42.50231753355704], [-9.016341145833328, 42.50036703020133], [-9.017317708333328, 42.49711619127517], [-9.023177083333328, 42.49614093959731], [-9.02643229166666, 42.4922399328859], [-9.027083333333328, 42.48313758389261], [-9.025130208333328, 42.47533557046979], [-9.021223958333328, 42.47338506711408], [-9.016992187499994, 42.46688338926173], [-9.01276041666666, 42.46493288590603], [-9.00690104166666, 42.46590813758388], [-9.005273437499994, 42.4698091442953], [-9.001367187499994, 42.47110947986576], [-9.001367187499994, 42.47436031879194], [-9.005273437499994, 42.47631082214764], [-9.006249999999994, 42.485088087248315], [-9.004296874999994, 42.48996434563758], [-8.997786458333328, 42.49191484899328], [-8.995833333333328, 42.50069211409396], [-8.997786458333328, 42.50654362416107], [-9.002343749999994, 42.50979446308724], [-9.005598958333328, 42.51434563758389], [-9.006249999999994, 42.521497483221474], [-9.002343749999994, 42.52637374161073], [-8.99322916666666, 42.527348993288584], [-8.98932291666666, 42.52994966442952], [-8.986718749999994, 42.5351510067114], [-8.984793761186657, 42.55166199124794], [-8.981937986938183, 42.55245208197595], [-8.976064730747842, 42.56908784567377], [-8.96588541666666, 42.56993498322147], [-8.96393229166666, 42.573185822147636], [-8.95611979166666, 42.57448615771811], [-8.95416666666666, 42.577411912751664], [-8.95026041666666, 42.57903733221475], [-8.937239583333328, 42.57903733221475], [-8.933333333333328, 42.577411912751664], [-8.932356770833328, 42.57448615771811], [-8.929101562499994, 42.57481124161073], [-8.927473958333328, 42.58293833892616], [-8.919661458333328, 42.58944001677852], [-8.917708333333328, 42.593666107382546], [-8.918684895833328, 42.599517617449656], [-8.92096354166666, 42.600167785234895], [-8.922591145833328, 42.60309354026845], [-8.92194010416666, 42.61349622483221], [-8.91755038335315, 42.61904907435523], [-8.904068166703816, 42.62683241522553], [-8.892087669367767, 42.631239259196015], [-8.89166666666666, 42.62682466442952], [-8.89264322916666, 42.62194840604026], [-8.89654947916666, 42.61999790268456], [-8.896874999999994, 42.61772231543624], [-8.893945312499994, 42.61609689597314], [-8.884179687499994, 42.61479656040268], [-8.882226562499994, 42.61284605704697], [-8.881249999999994, 42.606019295302005], [-8.878320312499994, 42.601143036912745], [-8.875390624999994, 42.600167785234895], [-8.867903645833328, 42.601143036912745], [-8.861718749999994, 42.606019295302005], [-8.859114583333328, 42.60992030201342], [-8.849023437499994, 42.61479656040268], [-8.825585937499994, 42.61544672818791], [-8.818749999999994, 42.61382130872482], [-8.818098958333328, 42.611220637583884], [-8.810286458333328, 42.605369127516774], [-8.808333333333328, 42.59951761744966], [-8.808984374999994, 42.592690855704696], [-8.812239583333328, 42.58976510067114], [-8.818098958333328, 42.58878984899329], [-8.819726562499994, 42.58553901006711], [-8.828515624999994, 42.58456375838925], [-8.83209635416666, 42.58293833892616], [-8.838281249999994, 42.574811241610725], [-8.843489583333328, 42.56343330536912], [-8.84869791666666, 42.55855704697986], [-8.853255208333328, 42.55953229865771], [-8.855208333333328, 42.56830956375838], [-8.859114583333328, 42.57318582214764], [-8.874739583333328, 42.57513632550335], [-8.87701822916666, 42.57903733221475], [-8.879296874999994, 42.57936241610737], [-8.882226562499994, 42.57513632550335], [-8.893945312499994, 42.573835989932874], [-8.896874999999994, 42.572210570469785], [-8.89654947916666, 42.56993498322147], [-8.891992187499994, 42.567984479865764], [-8.885156249999994, 42.55920721476509], [-8.88385416666666, 42.55628145973154], [-8.885156249999994, 42.55335570469798], [-8.88971354166666, 42.55303062080536], [-8.89361979166666, 42.54945469798657], [-8.91705729166666, 42.55205536912751], [-8.92291666666666, 42.55140520134227], [-8.92194010416666, 42.54847944630872], [-8.918684895833328, 42.54717911073825], [-8.917708333333328, 42.53840184563757], [-8.915755208333328, 42.53547609060402], [-8.911848958333328, 42.53352558724831], [-8.887434895833328, 42.53059983221476], [-8.884505208333328, 42.52864932885905], [-8.882552083333328, 42.52279781879194], [-8.885481770833328, 42.521172399328854], [-8.886132812499994, 42.519221895973146], [-8.887434895833328, 42.50751887583892], [-8.891341145833328, 42.50556837248321], [-8.892317708333328, 42.50231753355705], [-8.900130208333328, 42.50036703020134], [-8.903015898158296, 42.49019279551051], [-8.917048293589732, 42.48581544200801], [-8.927473958333328, 42.48606333892617], [-8.933333333333328, 42.48768875838926], [-8.935286458333328, 42.49061451342281], [-8.939843749999994, 42.49093959731543], [-8.943098958333328, 42.489964345637574], [-8.944726562499994, 42.48606333892617], [-8.948632812499994, 42.484763003355695], [-8.948632812499994, 42.48151216442953], [-8.944726562499994, 42.478911493288585], [-8.943749999999994, 42.4642827181208], [-8.94244791666666, 42.45908137583892], [-8.939843749999994, 42.455180369127504], [-8.935937499999994, 42.452579697986565], [-8.926497395833328, 42.45095427852348], [-8.923242187499994, 42.451604446308714], [-8.91510416666666, 42.45908137583892], [-8.907942708333328, 42.45973154362415], [-8.902083333333328, 42.45778104026844], [-8.896874999999994, 42.451279362416095], [-8.894270833333328, 42.44997902684563], [-8.884179687499994, 42.448028523489924], [-8.881249999999994, 42.441526845637576], [-8.88190104166666, 42.43209941275167], [-8.885156249999994, 42.42657298657717], [-8.891015624999994, 42.42169672818791], [-8.891015624999994, 42.41486996644294], [-8.88776041666666, 42.41291946308724], [-8.88190104166666, 42.41194421140939], [-8.87994791666666, 42.408693372483214], [-8.86822916666666, 42.40771812080536], [-8.861718749999994, 42.405767617449655], [-8.85846354166666, 42.396990352348986], [-8.851953124999994, 42.39276426174496], [-8.848372395833328, 42.3878880033557], [-8.828515624999994, 42.387562919463086], [-8.824609374999994, 42.38886325503355], [-8.817773437499994, 42.3953649328859], [-8.799218749999994, 42.397315436241605], [-8.789453124999994, 42.3953649328859], [-8.787499999999994, 42.393414429530196], [-8.786523437499994, 42.38886325503355], [-8.784570312499994, 42.387562919463086], [-8.774804687499994, 42.38723783557047], [-8.772851562499994, 42.3878880033557], [-8.769921874999994, 42.391789010067114], [-8.762109374999994, 42.39308934563758], [-8.760481770833328, 42.39699035234899], [-8.757226562499994, 42.397965604026844], [-8.756249999999994, 42.403817114093954], [-8.753320312499994, 42.40706795302013], [-8.741601562499994, 42.408693372483214], [-8.739973958333328, 42.41194421140939], [-8.732161458333328, 42.41324454697986], [-8.729231770833328, 42.41714555369127], [-8.727278645833328, 42.41779572147651], [-8.720442708333328, 42.41812080536912], [-8.715559895833328, 42.41617030201341], [-8.714257812499994, 42.409668624161064], [-8.71100260416666, 42.40674286912751], [-8.718489583333328, 42.395039848993285], [-8.73053385416666, 42.39016359060402], [-8.73541666666666, 42.38301174496644], [-8.74811197916666, 42.37260906040268], [-8.751394487016206, 42.365293637529696], [-8.763457489458979, 42.35473878991684], [-8.769136902482678, 42.34467341839204], [-8.771874999999994, 42.34335151006711], [-8.775331782636108, 42.3392901657619], [-8.777182105539609, 42.33867702505009], [-8.801495079631438, 42.34289001076386], [-8.80572916666666, 42.34465184563757], [-8.823958333333328, 42.34530201342281], [-8.831445312499994, 42.34400167785234], [-8.83600260416666, 42.3414010067114], [-8.837630208333328, 42.33749999999999], [-8.834374999999994, 42.32774748322147], [-8.831770833333328, 42.323846476510056], [-8.825263028372245, 42.31799731382289], [-8.825863052731469, 42.29605658983095], [-8.83138897677096, 42.288764336327745], [-8.84186197916666, 42.29718959731543], [-8.84674479166666, 42.30824244966442], [-8.853255208333328, 42.30921770134228], [-8.856184895833328, 42.31376887583892], [-8.85944010416666, 42.31376887583892], [-8.860742187499994, 42.30986786912751], [-8.864648437499994, 42.30856753355704], [-8.865624999999994, 42.30694211409396], [-8.86529947916666, 42.30466652684563], [-8.86236979166666, 42.30369127516778], [-8.860742187499994, 42.30076552013422], [-8.861067708333328, 42.29068791946308], [-8.86236979166666, 42.28808724832214], [-8.868880208333328, 42.282560822147644], [-8.87018229166666, 42.279309983221474], [-8.87115885416666, 42.26598154362415], [-8.872786458333328, 42.26208053691274], [-8.875716145833328, 42.26013003355704], [-8.875716145833328, 42.25362835570469], [-8.87115885416666, 42.25070260067113], [-8.87018229166666, 42.247451761744955], [-8.86432291666666, 42.246476510067104], [-8.861067708333328, 42.24940226510066], [-8.859114583333328, 42.25915478187918], [-8.85756673876153, 42.26031410707524], [-8.847395833333328, 42.26208053691274], [-8.84088541666666, 42.26013003355704], [-8.838606770833328, 42.252328020134215], [-8.834700520833328, 42.25070260067113], [-8.833723958333328, 42.247451761744955], [-8.830468749999994, 42.246476510067104], [-8.825585937499994, 42.247126677852336], [-8.819075520833328, 42.25492869127516], [-8.814843749999994, 42.25687919463086], [-8.808984374999994, 42.25590394295301], [-8.807031249999994, 42.252328020134215], [-8.800520833333328, 42.249727348993275], [-8.791406249999994, 42.24810192953019], [-8.788802083333328, 42.24875209731543], [-8.786523437499994, 42.256229026845624], [-8.78326822916666, 42.257204278523474], [-8.781640624999994, 42.26078020134227], [-8.773828124999994, 42.25752936241609], [-8.770898437499994, 42.252653104026834], [-8.762109374999994, 42.25167785234898], [-8.756249999999994, 42.25362835570469], [-8.749414062499994, 42.2614303691275], [-8.74127604166666, 42.26305578859059], [-8.74029947916666, 42.26630662751678], [-8.735742187499994, 42.26923238255033], [-8.73444010416666, 42.277034395973146], [-8.731184895833328, 42.278009647651004], [-8.730208333333328, 42.28093540268456], [-8.727278645833328, 42.282560822147644], [-8.717513020833328, 42.282560822147644], [-8.714583333333328, 42.28093540268456], [-8.71393229166666, 42.278659815436235], [-8.710677083333328, 42.277684563758385], [-8.704817708333328, 42.278659815436235], [-8.70416666666666, 42.28093540268456], [-8.70221354166666, 42.28191065436241], [-8.69244791666666, 42.28288590604026], [-8.67486979166666, 42.28191065436241], [-8.67291666666666, 42.279635067114086], [-8.687004849775784, 42.26711886882096], [-8.693089163116388, 42.262861390392956], [-8.704817708333328, 42.26208053691274], [-8.71295572916666, 42.25915478187918], [-8.71479901425749, 42.25225174106923], [-8.718949634415521, 42.25096271088888], [-8.735265442164527, 42.241588647519414], [-8.754622395833328, 42.240299916107375], [-8.75690104166666, 42.2370490771812], [-8.76471354166666, 42.23574874161073], [-8.767317708333328, 42.23184773489932], [-8.775781249999994, 42.229572147651], [-8.783593749999994, 42.21786912751677], [-8.790755208333328, 42.21136744966442], [-8.807031249999994, 42.2090918624161], [-8.808984374999994, 42.205841023489924], [-8.814843749999994, 42.204865771812074], [-8.819075520833328, 42.197063758389255], [-8.824760618328522, 42.169454630774695], [-8.838197417770024, 42.164184862613105], [-8.83990885416666, 42.16748112416107], [-8.84283854166666, 42.16845637583892], [-8.844466145833328, 42.16748112416107], [-8.845442708333328, 42.16423028523489], [-8.85455729166666, 42.16227978187919], [-8.85553385416666, 42.159028942953015], [-8.85944010416666, 42.157728607382545], [-8.861718749999994, 42.153827600671136], [-8.877343749999994, 42.15252726510066], [-8.881249999999994, 42.15090184563757], [-8.881249999999994, 42.14960151006711], [-8.877343749999994, 42.14797609060402], [-8.861718749999994, 42.14667575503354], [-8.85846354166666, 42.14244966442952], [-8.856184895833328, 42.14277474832214], [-8.855208333333328, 42.14570050335569], [-8.852278645833328, 42.14732592281878], [-8.842513020833328, 42.14700083892616], [-8.840559895833328, 42.1457005033557], [-8.839583333333328, 42.14114932885905], [-8.843489583333328, 42.13789848993288], [-8.85651041666666, 42.1365981543624], [-8.86041666666666, 42.13334731543623], [-8.86236979166666, 42.12749580536912], [-8.868880208333328, 42.126520553691265], [-8.870060264831883, 42.124752844896115], [-8.884144372788596, 42.12455028278632], [-8.89413583147994, 42.1181751732426], [-8.894475280708276, 42.11627280889601], [-8.898177083333328, 42.11319211409395], [-8.900781249999994, 42.10669043624161], [-8.902083333333328, 42.08393456375838], [-8.901106770833328, 42.067680369127515], [-8.900130208333328, 42.06442953020134], [-8.897200520833328, 42.06247902684564], [-8.895898437499994, 42.05467701342282], [-8.89361979166666, 42.05402684563758], [-8.89264322916666, 42.05142617449664], [-8.89069010416666, 42.01501677852349], [-8.88971354166666, 42.01241610738254], [-8.887914995208753, 42.01190292672495], [-8.887147819324305, 42.00438373763258], [-8.887434895833328, 42.00266359060402], [-8.89069010416666, 42.000261632115965], [-8.89264322916666, 41.975736562276424], [-8.89361979166666, 41.9739847715736], [-8.89557291666666, 41.973786058920716], [-8.89264322916666, 41.96964907760705], [-8.89166666666666, 41.953281074336516], [-8.89264322916666, 41.94451892694103], [-8.895898437499994, 41.942116116751265], [-8.896874999999994, 41.93626269035532], [-8.895898437499994, 41.93301078680202], [-8.89264322916666, 41.93105964467004], [-8.891341145833328, 41.9154505076142], [-8.89069010416666, 41.912848984771564], [-8.887434895833328, 41.909597081218266], [-8.88678385416666, 41.9056947969543], [-8.885481770833328, 41.88228109137055], [-8.881575520833328, 41.87740323604061], [-8.881575520833328, 41.867647525380704], [-8.883203124999994, 41.86472081218273], [-8.886132812499994, 41.86374524111674], [-8.886458333333328, 41.86146890862943], [-8.885481770833328, 41.85984295685279], [-8.883203124999994, 41.859517766497454], [-8.882226562499994, 41.856916243654815], [-8.880273437499994, 41.82049492385786], [-8.879296874999994, 41.81789340101522], [-8.87701822916666, 41.817568210659886], [-8.87604166666666, 41.81594225888324], [-8.876367187499994, 41.813665926395934], [-8.88092447916666, 41.81073921319796], [-8.882226562499994, 41.802934644670046], [-8.886132812499994, 41.8003331218274], [-8.886132812499994, 41.7938293147208], [-8.882226562499994, 41.79090260152283], [-8.881249999999994, 41.78212246192893], [-8.882226562499994, 41.777244606598984], [-8.884505208333328, 41.77626903553299], [-8.887109374999994, 41.77041560913705], [-8.88971354166666, 41.756757614213186], [-8.889388020833328, 41.746026332487304], [-8.883203124999994, 41.73952252538071], [-8.88190104166666, 41.7362706218274], [-8.881249999999994, 41.72684010152283], [-8.879296874999994, 41.720336294416235], [-8.872460937499994, 41.71773477157359], [-8.870507812499994, 41.71513324873095], [-8.864973958333328, 41.69952411167512], [-8.860742187499994, 41.69627220812182], [-8.85944010416666, 41.6884676395939], [-8.85553385416666, 41.685866116751264], [-8.85455729166666, 41.67936230964467], [-8.851302083333328, 41.67741116751268], [-8.845442708333328, 41.67643559644669], [-8.844466145833328, 41.67318369289339], [-8.841536458333328, 41.6722081218274], [-8.840559895833328, 41.6699317893401], [-8.83990885416666, 41.642615799492376], [-8.843489583333328, 41.631884517766494], [-8.840234374999994, 41.61887690355329], [-8.837630208333328, 41.614974619289335], [-8.836328124999994, 41.614974619289335], [-8.834700520833328, 41.616925761421314], [-8.833398437499994, 41.62473032994923], [-8.83014322916666, 41.62505552030456], [-8.828841145833328, 41.621153236040605], [-8.824934895833328, 41.61920209390862], [-8.822981770833328, 41.605544098984765], [-8.819075520833328, 41.60261738578679], [-8.819075520833328, 41.596113578680196], [-8.822656249999994, 41.59351205583756], [-8.820052083333328, 41.584406725888314], [-8.822981770833328, 41.583105964466995], [-8.823958333333328, 41.57725253807106], [-8.822005208333328, 41.57400063451776], [-8.81549479166666, 41.57302506345177], [-8.81354166666666, 41.57139911167512], [-8.813867187499994, 41.56912277918781], [-8.816796874999994, 41.56814720812182], [-8.81842447916666, 41.56522049492385], [-8.81842447916666, 41.55546478426395], [-8.813867187499994, 41.54961135786802], [-8.81256510416666, 41.53790450507613], [-8.809309895833328, 41.53627855329948], [-8.808007812499994, 41.528473984771566], [-8.804101562499994, 41.52587246192893], [-8.803124999999994, 41.52262055837563], [-8.803450520833328, 41.51806789340101], [-8.805078124999994, 41.51611675126903], [-8.808007812499994, 41.517092322335024], [-8.808984374999994, 41.52034422588832], [-8.812239583333328, 41.52131979695431], [-8.818098958333328, 41.52034422588832], [-8.818749999999994, 41.51806789340101], [-8.817773437499994, 41.51644194162436], [-8.813867187499994, 41.51514118020304], [-8.812890624999994, 41.51188927664974], [-8.805078124999994, 41.50961294416243], [-8.803124999999994, 41.50310913705583], [-8.802148437499994, 41.491402284263955], [-8.798242187499994, 41.48912595177664], [-8.79694010416666, 41.485223667512685], [-8.793684895833328, 41.48424809644669], [-8.791731770833328, 41.475142766497456], [-8.788476562499994, 41.47416719543147], [-8.787499999999994, 41.47254124365482], [-8.787825520833328, 41.470264911167504], [-8.791731770833328, 41.46766338832487], [-8.793684895833328, 41.44490006345177], [-8.797591145833328, 41.441322969543144], [-8.797591145833328, 41.43481916243654], [-8.792708333333328, 41.43091687817258], [-8.79303385416666, 41.428640545685276], [-8.79596354166666, 41.42766497461928], [-8.797591145833328, 41.42473826142131], [-8.797265624999994, 41.41465736040608], [-8.79596354166666, 41.41205583756344], [-8.789453124999994, 41.406852791878165], [-8.785546874999994, 41.391243654822325], [-8.780989583333328, 41.38799175126903], [-8.7786104471268, 41.38466434209328], [-8.776106770833328, 41.3714070431472], [-8.772200520833328, 41.36848032994923], [-8.770898437499994, 41.36067576142131], [-8.76764322916666, 41.35904980964466], [-8.76569010416666, 41.346692576142125], [-8.754296874999994, 41.33466053299492], [-8.75299479166666, 41.326205583756334], [-8.75494791666666, 41.31449873096446], [-8.75201822916666, 41.31222239847715], [-8.74908854166666, 41.2975888324873], [-8.742578124999994, 41.29206059644669], [-8.739648437499994, 41.272874365482224], [-8.73736979166666, 41.271573604060904], [-8.73639322916666, 41.268972081218266], [-8.73444010416666, 41.232550761421315], [-8.73346354166666, 41.229949238578676], [-8.73053385416666, 41.22799809644669], [-8.729231770833328, 41.220193527918774], [-8.725976562499994, 41.21856757614212], [-8.723046874999994, 41.203934010152274], [-8.716536458333328, 41.19840577411166], [-8.713606770833328, 41.18182106598984], [-8.708723958333328, 41.17791878172588], [-8.699934895833328, 41.176943210659886], [-8.697981770833328, 41.17304092639593], [-8.694726562499994, 41.17174016497461], [-8.691796874999994, 41.15710659898476], [-8.685286458333328, 41.15222874365482], [-8.68268229166666, 41.143123413705574], [-8.67682291666666, 41.13824555837563], [-8.67486979166666, 41.129140228426394], [-8.67291666666666, 41.08751586294415], [-8.67389322916666, 41.01434803299492], [-8.67486979166666, 41.00621827411167], [-8.67779947916666, 41.00426713197969], [-8.678450520833328, 40.99776332487309], [-8.682356770833328, 40.994836611675126], [-8.683007812499994, 40.99288546954314], [-8.684309895833328, 40.981178616751265], [-8.68756510416666, 40.97955266497461], [-8.688867187499994, 40.971748096446696], [-8.691796874999994, 40.96979695431472], [-8.692773437499994, 40.9652442893401], [-8.69342447916666, 40.91061230964467], [-8.691796874999994, 40.89695431472081], [-8.688867187499994, 40.89500317258883], [-8.688867187499994, 40.888499365482225], [-8.693098958333328, 40.88524746192893], [-8.69830729166666, 40.86963832487309], [-8.70319010416666, 40.8644352791878], [-8.704492187499994, 40.84882614213197], [-8.70514322916666, 40.84622461928933], [-8.708723958333328, 40.84232233502537], [-8.714257812499994, 40.81077887055837], [-8.718489583333328, 40.801348350253804], [-8.723046874999994, 40.7980964467005], [-8.725976562499994, 40.78346288071066], [-8.729231770833328, 40.781186548223346], [-8.73053385416666, 40.765577411167506], [-8.731184895833328, 40.76297588832487], [-8.73444010416666, 40.75972398477157], [-8.735091145833328, 40.7558217005076], [-8.73639322916666, 40.732407994923854], [-8.74127604166666, 40.726554568527916], [-8.747460937499994, 40.70996986040609], [-8.754296874999994, 40.70346605329948], [-8.757226562499994, 40.67517449238578], [-8.761132812499994, 40.67029663705583], [-8.762434895833328, 40.65858978426395], [-8.76569010416666, 40.6569638324873], [-8.767317708333328, 40.64883407360405], [-8.773177083333328, 40.643956218274106], [-8.77643229166666, 40.63745241116751], [-8.776757812499994, 40.62086770304568], [-8.775130208333328, 40.61598984771573], [-8.772200520833328, 40.61403870558375], [-8.772200520833328, 40.60753489847715], [-8.776106770833328, 40.60428299492385], [-8.778059895833328, 40.58607233502537], [-8.781966145833328, 40.58282043147207], [-8.78326822916666, 40.575015862944156], [-8.786523437499994, 40.5733899111675], [-8.787825520833328, 40.56168305837562], [-8.789453124999994, 40.558756345177656], [-8.791731770833328, 40.55778077411166], [-8.79303385416666, 40.54607392131979], [-8.79694010416666, 40.541196065989844], [-8.79889322916666, 40.51388007614212], [-8.802148437499994, 40.51095336294415], [-8.805078124999994, 40.49631979695431], [-8.81158854166666, 40.49144194162436], [-8.813867187499994, 40.48266180203045], [-8.817773437499994, 40.47875951776649], [-8.819075520833328, 40.455345812182735], [-8.819726562499994, 40.45144352791878], [-8.822981770833328, 40.44819162436548], [-8.823632812499994, 40.44559010152284], [-8.824934895833328, 40.429980964467006], [-8.82819010416666, 40.42802982233502], [-8.829492187499994, 40.4202252538071], [-8.833398437499994, 40.417298540609124], [-8.83404947916666, 40.41534739847715], [-8.834700520833328, 40.40559168781725], [-8.838606770833328, 40.40103902284264], [-8.839257812499994, 40.39778711928933], [-8.840559895833328, 40.378275697969535], [-8.844466145833328, 40.3746986040609], [-8.84576822916666, 40.36689403553299], [-8.849023437499994, 40.365268083756334], [-8.850976562499994, 40.35161008883249], [-8.854231770833328, 40.349984137055834], [-8.85553385416666, 40.34217956852792], [-8.85944010416666, 40.33892766497461], [-8.86139322916666, 40.32071700507613], [-8.864648437499994, 40.318765862944154], [-8.865950520833328, 40.31096129441624], [-8.87018229166666, 40.30770939086294], [-8.875390624999994, 40.2921002538071], [-8.880273437499994, 40.286897208121815], [-8.883203124999994, 40.26771097715735], [-8.88971354166666, 40.26250793147207], [-8.89264322916666, 40.25242703045684], [-8.89654947916666, 40.249825507614204], [-8.897200520833328, 40.24332170050761], [-8.900130208333328, 40.24137055837563], [-8.901757812499994, 40.23746827411167], [-8.903059895833328, 40.22185913705583], [-8.90631510416666, 40.21990799492385], [-8.907617187499994, 40.212103426395934], [-8.911523437499994, 40.209501903553296], [-8.912825520833328, 40.20169733502537], [-8.915755208333328, 40.19974619289339], [-8.917382812499994, 40.19584390862943], [-8.917382812499994, 40.182836294416234], [-8.915755208333328, 40.178934010152275], [-8.913476562499994, 40.17860881979695], [-8.910546874999994, 40.174056154822324], [-8.90338541666666, 40.172755393401005], [-8.892968749999994, 40.16104854060913], [-8.88776041666666, 40.15812182741116], [-8.885156249999994, 40.15812182741116], [-8.883203124999994, 40.15519511421319], [-8.881249999999994, 40.14056154822334], [-8.881575520833328, 40.120074555837554], [-8.883203124999994, 40.111294416243645], [-8.884505208333328, 40.111294416243645], [-8.886132812499994, 40.10836770304568], [-8.887109374999994, 40.09828680203045], [-8.890364583333328, 40.09373413705583], [-8.894921874999994, 40.09080742385787], [-8.897851562499994, 40.08072652284263], [-8.901106770833328, 40.07877538071065], [-8.902734374999994, 40.062841053299486], [-8.904036458333328, 40.05958914974619], [-8.910546874999994, 40.05406091370558], [-8.911848958333328, 40.05145939086294], [-8.914453124999994, 40.03845177664974], [-8.92096354166666, 40.03292354060913], [-8.92486979166666, 40.012761738578675], [-8.931380208333328, 40.007431789340096], [-8.933984374999994, 39.996803616751265], [-8.943098958333328, 39.98699238578679], [-8.944075520833328, 39.97691148477156], [-8.944726562499994, 39.97496034263959], [-8.948632812499994, 39.97203362944162], [-8.949934895833328, 39.964229060913695], [-8.95319010416666, 39.96260310913705], [-8.954817708333328, 39.95057106598984], [-8.96393229166666, 39.940164974619286], [-8.965559895833328, 39.92813293147208], [-8.96881510416666, 39.926506979695425], [-8.970117187499994, 39.9187024111675], [-8.974023437499994, 39.91577569796953], [-8.97467447916666, 39.91382455583756], [-8.975976562499994, 39.902117703045676], [-8.979231770833328, 39.90049175126903], [-8.98053385416666, 39.892687182741106], [-8.98444010416666, 39.889760469543134], [-8.98639322916666, 39.87610247461929], [-8.989648437499994, 39.874476522842635], [-8.99127604166666, 39.86667195431472], [-8.99713541666666, 39.86472081218273], [-9.001367187499994, 39.858867385786795], [-9.00690104166666, 39.83545368020304], [-9.010481770833328, 39.8328521573604], [-9.013411458333328, 39.82277125634518], [-9.021223958333328, 39.816267449238566], [-9.022851562499994, 39.80813769035532], [-9.026106770833328, 39.80651173857867], [-9.028059895833328, 39.79285374365482], [-9.031640624999994, 39.790577411167504], [-9.036848958333328, 39.77496827411167], [-9.039453124999994, 39.771065989847706], [-9.041731770833328, 39.770415609137046], [-9.043684895833328, 39.76131027918781], [-9.04694010416666, 39.75935913705583], [-9.04986979166666, 39.74017290609136], [-9.056380208333328, 39.734644670050756], [-9.059309895833328, 39.7200111040609], [-9.06256510416666, 39.718385152284256], [-9.063867187499994, 39.71058058375634], [-9.067773437499994, 39.70700348984771], [-9.069726562499994, 39.68424016497461], [-9.074609374999994, 39.67871192893401], [-9.079817708333328, 39.663102791878174], [-9.08404947916666, 39.65985088832487], [-9.085351562499994, 39.652046319796945], [-9.088606770833328, 39.650095177664966], [-9.090559895833328, 39.63188451776649], [-9.094466145833328, 39.6276570431472], [-9.094466145833328, 39.61790133248731], [-9.09381510416666, 39.61595019035532], [-9.08990885416666, 39.61302347715735], [-9.08893229166666, 39.60651967005075], [-9.087833933285832, 39.60615392228536], [-9.086849276310728, 39.596819354487906], [-9.087844063880732, 39.588239374908085], [-9.08893229166666, 39.587333439086294], [-9.090559895833328, 39.57920368020304], [-9.09381510416666, 39.57822810913705], [-9.09576822916666, 39.573675444162426], [-9.10748697916666, 39.56424492385786], [-9.11236979166666, 39.55318845177664], [-9.12018229166666, 39.55156249999999], [-9.121484374999994, 39.547985406091364], [-9.129622395833328, 39.54245717005075], [-9.138085937499994, 39.532376269035524], [-9.146223958333328, 39.53075031725888], [-9.147200520833328, 39.52749841370558], [-9.151757812499994, 39.52457170050761], [-9.153059895833328, 39.51676713197969], [-9.15631510416666, 39.5157915609137], [-9.15826822916666, 39.51188927664974], [-9.16705729166666, 39.51091370558375], [-9.17194010416666, 39.50896256345177], [-9.17486979166666, 39.50115799492385], [-9.18268229166666, 39.4995320431472], [-9.183984374999994, 39.49595494923857], [-9.192122395833328, 39.49042671319796], [-9.198632812499994, 39.48164657360406], [-9.207747395833328, 39.478394670050754], [-9.216210937499994, 39.45920843908628], [-9.224348958333328, 39.45302982233502], [-9.22565104166666, 39.449452728426394], [-9.23151041666666, 39.4484771573604], [-9.234765624999994, 39.44652601522842], [-9.23639322916666, 39.4387214467005], [-9.239973958333328, 39.43742068527918], [-9.245507812499994, 39.42961611675126], [-9.254622395833328, 39.42701459390862], [-9.261132812499994, 39.4192100253807], [-9.272200520833328, 39.41530774111674], [-9.27740885416666, 39.40847874365481], [-9.294661458333328, 39.40164974619289], [-9.307143515159977, 39.389788624172844], [-9.31256510416666, 39.38701618020304], [-9.332747395833328, 39.385065038071055], [-9.33502604166666, 39.38213832487309], [-9.343489583333328, 39.38408946700507], [-9.35748697916666, 39.3714070431472], [-9.361067708333328, 39.37043147208121], [-9.369856770833328, 39.3714070431472], [-9.372786458333328, 39.37628489847715], [-9.380598958333328, 39.37953680203045], [-9.381249999999994, 39.37758565989847], [-9.386132812499994, 39.375959708121826], [-9.393420600041031, 39.37547434887036], [-9.397802035190525, 39.37645642664983], [-9.40672029283897, 39.37427466360127], [-9.40924479166666, 39.36978109137055], [-9.415429687499994, 39.36555361675126], [-9.415755208333328, 39.36132614213197], [-9.414453124999994, 39.35872461928933], [-9.409895833333328, 39.355472715736035], [-9.399804687499994, 39.35449714467005], [-9.396874999999994, 39.352871192893396], [-9.395898437499994, 39.35059486040609], [-9.384179687499994, 39.34929409898477], [-9.381249999999994, 39.34766814720812], [-9.380273437499994, 39.345391814720806], [-9.37416683322274, 39.34471399197869], [-9.366395016325113, 39.338394483206834], [-9.365950520833328, 39.33173381979695], [-9.367578124999994, 39.32880710659898], [-9.370507812499994, 39.32783153553299], [-9.370833333333328, 39.325555203045674], [-9.361067708333328, 39.31677506345177], [-9.360091145833328, 39.30994606598984], [-9.356184895833328, 39.30701935279187], [-9.35553385416666, 39.3050682106599], [-9.354231770833328, 39.293361357868015], [-9.350976562499994, 39.29173540609136], [-9.34967447916666, 39.283930837563446], [-9.34674479166666, 39.28197969543147], [-9.345117187499994, 39.27807741116751], [-9.345117187499994, 39.26506979695431], [-9.349023437499994, 39.25889118020304], [-9.34967447916666, 39.254338515228426], [-9.350976562499994, 39.227022525380704], [-9.35455729166666, 39.22246986040608], [-9.355859374999994, 39.21791719543147], [-9.361067708333328, 39.190601205583754], [-9.36529947916666, 39.18637373096446], [-9.366601562499994, 39.17856916243654], [-9.370507812499994, 39.1759676395939], [-9.371809895833328, 39.16816307106598], [-9.37408854166666, 39.16751269035532], [-9.376692708333328, 39.163610406091365], [-9.38190104166666, 39.148001269035525], [-9.388085937499994, 39.143773794416234], [-9.397200520833328, 39.13206694162436], [-9.401106770833328, 39.13011579949237], [-9.40240885416666, 39.1184089467005], [-9.403059895833328, 39.116457804568526], [-9.406966145833328, 39.113531091370554], [-9.40826822916666, 39.10572652284263], [-9.41217447916666, 39.104100571065985], [-9.421289062499994, 39.0923937182741], [-9.427148437499994, 39.08914181472081], [-9.428450520833328, 39.085239530456846], [-9.433007812499994, 39.082312817258874], [-9.43268229166666, 39.07548381979694], [-9.42486979166666, 39.068980012690346], [-9.42308836245209, 39.06512416793353], [-9.424045962023625, 39.05883808055583], [-9.427148437499994, 39.0575983502538], [-9.428124999999994, 39.0543464467005], [-9.426536223106982, 39.048309542447896], [-9.435038286433116, 39.0293799384985], [-9.430023535803366, 39.01254352836805], [-9.432356770833328, 39.01044574873096], [-9.433333333333328, 39.00556789340101], [-9.433007812499994, 38.99873889593908], [-9.429101562499994, 38.994186230964466], [-9.427148437499994, 38.97142290609136], [-9.42389322916666, 38.9684961928934], [-9.423242187499994, 38.96589467005076], [-9.423242187499994, 38.95288705583756], [-9.42389322916666, 38.95028553299492], [-9.42779947916666, 38.94605805837563], [-9.429101562499994, 38.93435120558375], [-9.432356770833328, 38.9327252538071], [-9.43365885416666, 38.92492068527918], [-9.43756510416666, 38.92199397208121], [-9.43951822916666, 38.90833597715736], [-9.442773437499994, 38.90638483502538], [-9.44342447916666, 38.90443369289339], [-9.444726562499994, 38.89272684010152], [-9.447981770833328, 38.891100888324864], [-9.44928385416666, 38.88329631979695], [-9.453841145833328, 38.87939403553299], [-9.454817708333328, 38.87256503807105], [-9.462630208333328, 38.865410850253795], [-9.465234374999994, 38.84882614213197], [-9.468489583333328, 38.84492385786801], [-9.474348958333328, 38.84297271573603], [-9.475976562499994, 38.835168147208115], [-9.479882812499994, 38.83256662436548], [-9.480653139742198, 38.827949353260934], [-9.490743918928787, 38.818302585113685], [-9.495967, 38.80935425991741], [-9.49615885416666, 38.79907201776649], [-9.50006510416666, 38.79744606598984], [-9.501367187499994, 38.78964149746192], [-9.505273437499994, 38.78703997461928], [-9.506249999999994, 38.783788071065985], [-9.504296874999994, 38.776959073604054], [-9.496484374999994, 38.77045526649745], [-9.49518229166666, 38.76362626903553], [-9.491927083333328, 38.76167512690355], [-9.487940713485361, 38.761011406441554], [-9.483519677495197, 38.74589775333416], [-9.489787636965628, 38.72743487917305], [-9.490165290710713, 38.70874519432408], [-9.48754165794221, 38.70807329796024], [-9.484765624999994, 38.70314086294415], [-9.480859374999994, 38.700539340101514], [-9.46100260416666, 38.6982630076142], [-9.459374999999994, 38.695986675126896], [-9.454492187499994, 38.69436072335024], [-9.434960937499994, 38.693059961928924], [-9.432356770833328, 38.68980805837563], [-9.427473958333328, 38.68883248730964], [-9.420312499999994, 38.6894828680203], [-9.417708333333328, 38.69078362944162], [-9.414453124999994, 38.69533629441624], [-9.406966145833328, 38.698588197969535], [-9.38678385416666, 38.698588197969535], [-9.379296874999994, 38.69533629441624], [-9.37799479166666, 38.6927347715736], [-9.373437499999994, 38.6894828680203], [-9.36334635416666, 38.68818210659898], [-9.36139322916666, 38.68688134517766], [-9.359114583333328, 38.680377538071056], [-9.35651041666666, 38.67907677664974], [-9.343489583333328, 38.678101205583744], [-9.339583333333328, 38.6764752538071], [-9.34088541666666, 38.67387373096446], [-9.359114583333328, 38.66639435279187], [-9.361067708333328, 38.659240164974605], [-9.368880208333328, 38.65241116751268], [-9.37018229166666, 38.64980964467004], [-9.370833333333328, 38.642655456852786], [-9.368880208333328, 38.63680203045685], [-9.365950520833328, 38.63875317258883], [-9.364648437499994, 38.646557741116744], [-9.361067708333328, 38.647858502538064], [-9.355208333333328, 38.65566307106598], [-9.342513020833328, 38.65826459390862], [-9.340559895833328, 38.65956535532994], [-9.338281249999994, 38.66639435279187], [-9.335677083333328, 38.668345494923855], [-9.32379923030503, 38.67299874758827], [-9.322050842592366, 38.672133924599905], [-9.311187743445407, 38.68245541285565], [-9.30377604166666, 38.684605012690355], [-9.30279947916666, 38.687856916243646], [-9.29889322916666, 38.689157677664966], [-9.297265624999994, 38.693059961928924], [-9.289453124999994, 38.69436072335024], [-9.287499999999994, 38.697287436548216], [-9.277734374999994, 38.69891338832487], [-9.268863270446747, 38.69903998972995], [-9.23541666666666, 38.69653913124441], [-9.230859374999994, 38.69533629441624], [-9.22174479166666, 38.69533629441624], [-9.16705729166666, 38.699888959390854], [-9.162499999999994, 38.701189720812174], [-9.160546874999994, 38.70346605329948], [-9.142968749999994, 38.70444162436547], [-9.131249999999994, 38.70736833756344], [-9.126280320589876, 38.712332971613755], [-9.113466702702004, 38.71548944530187], [-9.107877492230601, 38.72477251419846], [-9.106184895833328, 38.72460342639593], [-9.104882812499994, 38.716798857868014], [-9.100325520833328, 38.71387214467004], [-9.099999999999994, 38.711595812182736], [-9.101953124999994, 38.70996986040609], [-9.10846354166666, 38.70931947969543], [-9.11041666666666, 38.70639276649745], [-9.10651041666666, 38.7047668147208], [-9.09088541666666, 38.70346605329948], [-9.089583333333328, 38.70249048223349], [-9.090559895833328, 38.70021414974619], [-9.104231770833328, 38.6982630076142], [-9.107161458333328, 38.69436072335024], [-9.113671874999994, 38.69371034263959], [-9.115624999999994, 38.69078362944162], [-9.122460937499994, 38.689157677664966], [-9.149804687499994, 38.68980805837563], [-9.152083333333328, 38.69078362944162], [-9.153059895833328, 38.69371034263959], [-9.15533854166666, 38.69403553299492], [-9.156966145833328, 38.693059961928924], [-9.15729166666666, 38.69078362944162], [-9.16022135416666, 38.689157677664966], [-9.16998697916666, 38.68850729695431], [-9.174218749999994, 38.684605012690355], [-9.189843749999994, 38.683304251269035], [-9.193749999999994, 38.68167829949238], [-9.193749999999994, 38.680377538071056], [-9.20026041666666, 38.67940196700507], [-9.27838541666666, 38.678101205583744], [-9.29791666666666, 38.6764752538071], [-9.30084635416666, 38.67159739847715], [-9.31256510416666, 38.66249206852791], [-9.31451822916666, 38.657939403553286], [-9.32037760416666, 38.654687499999994], [-9.329492187499994, 38.64298064720812], [-9.33404947916666, 38.64102950507613], [-9.334374999999994, 38.63875317258883], [-9.325585937499994, 38.637127220812175], [-9.296289062499994, 38.637127220812175], [-9.287499999999994, 38.63875317258883], [-9.285546874999994, 38.64135469543147], [-9.275781249999994, 38.643956218274106], [-9.26178385416666, 38.64558217005076], [-9.257226562499994, 38.64493178934009], [-9.254296874999994, 38.643305837563446], [-9.249414062499994, 38.63745241116751], [-9.24127604166666, 38.635826459390856], [-9.239648437499994, 38.6319241751269], [-9.23639322916666, 38.630948604060904], [-9.23541666666666, 38.62509517766497], [-9.23248697916666, 38.61989213197969], [-9.22076822916666, 38.60948604060913], [-9.219466145833328, 38.60233185279187], [-9.215559895833328, 38.59907994923857], [-9.213606770833328, 38.58282043147207], [-9.211653645833328, 38.578918147208114], [-9.201562499999994, 38.568837246192885], [-9.198958333333328, 38.56298381979695], [-9.193098958333328, 38.53501744923857], [-9.18951822916666, 38.531765545685275], [-9.18854166666666, 38.52688769035532], [-9.18951822916666, 38.51810755076142], [-9.192773437499994, 38.51648159898477], [-9.193749999999994, 38.51322969543147], [-9.192773437499994, 38.507376269035525], [-9.19049479166666, 38.506725888324866], [-9.188867187499994, 38.5037991751269], [-9.18854166666666, 38.49697017766496], [-9.18951822916666, 38.49209232233501], [-9.192773437499994, 38.489815989847706], [-9.19440104166666, 38.47420685279187], [-9.197656249999994, 38.470304568527915], [-9.203515624999994, 38.46835342639593], [-9.204817708333328, 38.461524428934], [-9.212630208333328, 38.454695431472075], [-9.213059666343044, 38.45255032141339], [-9.218910033020583, 38.44795923086933], [-9.226142237167181, 38.439314442499196], [-9.229860391815375, 38.436702488066075], [-9.23226439611939, 38.431130138551254], [-9.232483736226081, 38.42461915333503], [-9.229746717310906, 38.42013391120397], [-9.22496489335378, 38.4196609834897], [-9.223046874999994, 38.41567258883248], [-9.219140624999994, 38.41307106598984], [-9.213281249999994, 38.41111992385786], [-9.195703124999994, 38.40916878172588], [-9.193749999999994, 38.40981916243654], [-9.191796874999994, 38.4137214467005], [-9.188481405114077, 38.41605218650073], [-9.182662768517279, 38.4170561376878], [-9.16635417275587, 38.42652141796185], [-9.158593749999994, 38.42868020304568], [-9.129296874999994, 38.429655774111666], [-9.12604166666666, 38.43063134517766], [-9.12604166666666, 38.43193210659898], [-9.12311197916666, 38.43355805837563], [-9.11627604166666, 38.43388324873096], [-9.110022484884846, 38.43629976911425], [-9.086975314832156, 38.438505185399194], [-9.081445312499994, 38.43420843908629], [-9.071679687499994, 38.43420843908629], [-9.069726562499994, 38.43485881979694], [-9.067773437499994, 38.43811072335024], [-9.048906359651406, 38.44214805753988], [-9.026160081535313, 38.44968871877499], [-9.01861979166666, 38.45046795685279], [-9.01604222255304, 38.453042909144976], [-8.995425335106905, 38.45987765209326], [-8.99694667070264, 38.4607970771622], [-8.993880208333328, 38.464776332487304], [-8.98932291666666, 38.46510152284263], [-8.985091145833328, 38.46315038071065], [-8.98053385416666, 38.456646573604054], [-8.970442708333328, 38.45371986040608], [-8.968489583333328, 38.45046795685279], [-8.952864583333328, 38.44916719543147], [-8.948958333333328, 38.44754124365482], [-8.948958333333328, 38.4462404822335], [-8.935286458333328, 38.44363895939085], [-8.880598958333328, 38.438435913705575], [-8.87604166666666, 38.437135152284256], [-8.87506510416666, 38.43485881979694], [-8.86139322916666, 38.432907677664964], [-8.859114583333328, 38.429655774111666], [-8.85413470157404, 38.428896902342586], [-8.819774720094676, 38.39976428743363], [-8.816796874999994, 38.39225888324872], [-8.812746771532346, 38.38902208989874], [-8.809767107047696, 38.384461717436224], [-8.80768229166666, 38.37404822335024], [-8.806380208333328, 38.371446700507605], [-8.80182291666666, 38.368194796954306], [-8.797591145833328, 38.35876427664974], [-8.793359374999994, 38.33242385786801], [-8.79205729166666, 38.32722081218273], [-8.788476562499994, 38.322993337563446], [-8.787825520833328, 38.31974143401014], [-8.786523437499994, 38.30023001269034], [-8.78424479166666, 38.298604060913696], [-8.78326822916666, 38.295026967005064], [-8.78131510416666, 38.24494765228426], [-8.78033854166666, 38.24137055837563], [-8.778059895833328, 38.24039498730964], [-8.77740885416666, 38.238443845177656], [-8.777083333333328, 38.231614847715726], [-8.778059895833328, 38.22673699238578], [-8.78033854166666, 38.22576142131979], [-8.78131510416666, 38.223485088832476], [-8.78326822916666, 38.19161643401014], [-8.786848958333328, 38.187063769035525], [-8.78815104166666, 38.18251110406091], [-8.793359374999994, 38.15519511421319], [-8.79694010416666, 38.1509676395939], [-8.798567708333328, 38.12722874365481], [-8.80182291666666, 38.11974936548223], [-8.806380208333328, 38.11649746192893], [-8.809309895833328, 38.101863895939076], [-8.81256510416666, 38.10023794416243], [-8.813867187499994, 38.09243337563451], [-8.817773437499994, 38.08918147208121], [-8.819726562499994, 38.070970812182736], [-8.822981770833328, 38.06901967005076], [-8.825911458333328, 38.05893876903552], [-8.832421874999994, 38.05406091370558], [-8.835351562499994, 38.03942734771573], [-8.838606770833328, 38.03780139593908], [-8.83990885416666, 38.02999682741116], [-8.844466145833328, 38.0260945431472], [-8.845442708333328, 38.019265545685265], [-8.85358072916666, 38.01198379335871], [-8.85553385416666, 38.00847676078679], [-8.861067708333328, 37.991011659263954], [-8.86627604166666, 37.98763020833333], [-8.872460937499994, 37.97884114583333], [-8.880598958333328, 37.97330729166666], [-8.88190104166666, 37.96972656249999], [-8.88971354166666, 37.96842447916666], [-8.89264322916666, 37.96386718749999], [-8.89557291666666, 37.96334569321065], [-8.89264322916666, 37.96021342269458], [-8.891925935713171, 37.95462144662419], [-8.89275208729956, 37.953178907830456], [-8.88971354166666, 37.95025843379864], [-8.883415575153796, 37.94856180604621], [-8.863150603033352, 37.93854035076673], [-8.86041666666666, 37.93424479166666], [-8.84576822916666, 37.93131510416666], [-8.843164062499994, 37.92805989583333], [-8.82037760416666, 37.92610677083333], [-8.817773437499994, 37.92220052083333], [-8.815268371062, 37.92144900090193], [-8.813216145833328, 37.91341145833333], [-8.809309895833328, 37.91048177083333], [-8.80865885416666, 37.90852864583333], [-8.807356770833328, 37.89680989583333], [-8.804427083333328, 37.89518229166666], [-8.807031249999994, 37.88606770833333], [-8.804101562499994, 37.88444010416666], [-8.802148437499994, 37.87076822916666], [-8.79986979166666, 37.86979166666666], [-8.798242187499994, 37.86686197916666], [-8.798242187499994, 37.85709635416666], [-8.802148437499994, 37.85253906249999], [-8.803124999999994, 37.83789062499999], [-8.802148437499994, 37.82975260416666], [-8.799539730640578, 37.82801346626038], [-8.80077303143205, 37.822678246820374], [-8.802148437499994, 37.82226562499999], [-8.803450520833328, 37.81445312499999], [-8.808007812499994, 37.81152343749999], [-8.808984374999994, 37.80826822916666], [-8.816796874999994, 37.80696614583333], [-8.818749999999994, 37.80533854166666], [-8.818098958333328, 37.80305989583333], [-8.810286458333328, 37.80078124999999], [-8.808333333333328, 37.79427083333333], [-8.80933322968672, 37.782538749702816], [-8.81158854166666, 37.78124999999999], [-8.814192708333328, 37.77343749999999], [-8.81744791666666, 37.74218749999999], [-8.816796874999994, 37.73958333333333], [-8.81549479166666, 37.73958333333333], [-8.813765293086902, 37.73698908546369], [-8.810286458333328, 37.72656249999999], [-8.80670572916666, 37.72005208333333], [-8.79791666666666, 37.71679687499999], [-8.798242187499994, 37.71451822916666], [-8.801171874999994, 37.71354166666666], [-8.802473958333328, 37.70996093749999], [-8.808984374999994, 37.65983072916666], [-8.810286458333328, 37.65624999999999], [-8.813216145833328, 37.65429687499999], [-8.813867187499994, 37.64778645833333], [-8.816796874999994, 37.64583333333333], [-8.817773437499994, 37.64160156249999], [-8.818741636577105, 37.62062391582925], [-8.824989175763148, 37.6004669076793], [-8.822972818404505, 37.588289268919155], [-8.816801222487982, 37.582385029505254], [-8.814843749999994, 37.57812499999999], [-8.81182182996525, 37.57762134666087], [-8.809940748207834, 37.57579264787984], [-8.79995485198527, 37.559718529141136], [-8.798566500402938, 37.554191660981665], [-8.798242187499994, 37.50846354166666], [-8.79986979166666, 37.49479166666666], [-8.801171874999994, 37.49479166666666], [-8.80279947916666, 37.48893229166666], [-8.803450520833328, 37.46940104166666], [-8.805078124999994, 37.46354166666666], [-8.806380208333328, 37.46354166666666], [-8.808007812499994, 37.46061197916666], [-8.809309895833328, 37.44889322916666], [-8.812239583333328, 37.44726562499999], [-8.80963541666666, 37.43815104166666], [-8.81256510416666, 37.43652343749999], [-8.813867187499994, 37.42480468749999], [-8.81451822916666, 37.42285156249999], [-8.817773437499994, 37.42089843749999], [-8.819075520833328, 37.40917968749999], [-8.819960920256106, 37.40705079418291], [-8.823632812499994, 37.40429687499999], [-8.825309175690583, 37.39679232679751], [-8.836653645833328, 37.38639322916666], [-8.838606770833328, 37.38313802083333], [-8.841536458333328, 37.36979166666666], [-8.849348958333328, 37.36393229166666], [-8.851953124999994, 37.35872395833333], [-8.85846354166666, 37.35449218749999], [-8.86139322916666, 37.34440104166666], [-8.864648437499994, 37.34342447916666], [-8.866601562499994, 37.33886718749999], [-8.875390624999994, 37.33203124999999], [-8.880273437499994, 37.32291666666666], [-8.881249999999994, 37.31640624999999], [-8.880598958333328, 37.30240885416666], [-8.879296874999994, 37.29785156249999], [-8.874739583333328, 37.29361979166666], [-8.871484374999994, 37.28613281249999], [-8.871809895833328, 37.26236979166666], [-8.875716145833328, 37.25846354166666], [-8.87701822916666, 37.25065104166666], [-8.88092447916666, 37.24804687499999], [-8.882226562499994, 37.24023437499999], [-8.886132812499994, 37.23763020833333], [-8.887434895833328, 37.23046874999999], [-8.901106770833328, 37.21744791666666], [-8.90246759241399, 37.21306304712897], [-8.920975026596741, 37.19908496837399], [-8.92053711350322, 37.1976622171939], [-8.92291666666666, 37.19596354166666], [-8.92194010416666, 37.19303385416666], [-8.918715534815853, 37.191744026426335], [-8.917382812499994, 37.18001302083333], [-8.915755208333328, 37.17708333333333], [-8.914053416526187, 37.176597107102715], [-8.912855222833594, 37.17270425366825], [-8.913476562499994, 37.16731770833333], [-8.917382812499994, 37.16471354166666], [-8.918489175568137, 37.1580753632578], [-8.919329810713005, 37.15657858422682], [-8.92194010416666, 37.15527343749999], [-8.922674282762644, 37.15062363972543], [-8.931388521620327, 37.13474210516156], [-8.93854166666666, 37.12695312499999], [-8.942877300609183, 37.114909697381876], [-8.953554428656373, 37.101375367569034], [-8.961653645833328, 37.09440104166666], [-8.964040958006253, 37.08808264070597], [-8.984274279337136, 37.06261520685242], [-8.989604770499948, 37.04905192702774], [-8.993893575055578, 37.03146255831479], [-9.000390624999994, 37.02929687499999], [-9.00104166666666, 37.02473958333333], [-8.99420572916666, 37.02246093749999], [-8.974628470152071, 37.024138988272675], [-8.97140527877269, 37.02252769036489], [-8.95611979166666, 37.01041666666666], [-8.953515624999994, 36.99772135416666], [-8.95221354166666, 36.99576822916666], [-8.947656249999994, 36.99479166666666], [-8.94440104166666, 36.99674479166666], [-8.942773437499994, 37.00325520833333], [-8.930403645833328, 37.00618489583333], [-8.927148437499994, 37.00813802083333], [-8.916406249999994, 37.01985677083333], [-8.907942708333328, 37.02180989583333], [-8.906966145833328, 37.02506510416666], [-8.90240885416666, 37.02701822916666], [-8.89557291666666, 37.03580729166666], [-8.89166666666666, 37.03873697916666], [-8.886458333333328, 37.04069010416666], [-8.862570764464513, 37.0434821576708], [-8.859417600486122, 37.04245918645146], [-8.83899169464251, 37.057157498134934], [-8.83209635416666, 37.05761718749999], [-8.828584134551225, 37.05995866724362], [-8.82017831175474, 37.061747832589326], [-8.79986979166666, 37.06249999999999], [-8.78424479166666, 37.06445312499999], [-8.775781249999994, 37.07096354166666], [-8.74713541666666, 37.07356770833333], [-8.741927083333328, 37.07486979166666], [-8.738671874999994, 37.07682291666666], [-8.73736979166666, 37.07942708333333], [-8.732812499999994, 37.08138020833333], [-8.724999999999994, 37.08268229166666], [-8.688867187499994, 37.08300781249999], [-8.678124999999994, 37.08138020833333], [-8.676171874999994, 37.07845052083333], [-8.669661458333328, 37.07845052083333], [-8.666731770833328, 37.08300781249999], [-8.663476562499994, 37.08430989583333], [-8.660546874999994, 37.09895833333333], [-8.654036458333328, 37.10384114583333], [-8.652083333333328, 37.11067708333333], [-8.644863710871398, 37.11393229166666], [-8.615985221023681, 37.11555989583333], [-8.613578680203037, 37.11653645833333], [-8.611627538071058, 37.11946614583333], [-8.607074873096437, 37.11979166666666], [-8.59992068527918, 37.11555989583333], [-8.554394035532985, 37.11360677083333], [-8.551142131979686, 37.11263020833333], [-8.549841370558365, 37.11035156249999], [-8.53423223350253, 37.10904947916666], [-8.53163071065989, 37.10839843749999], [-8.528053616751262, 37.10481770833333], [-8.496184961928925, 37.09830729166666]], [[-6.162280562605744, 36.28841145833333], [-6.158053087986454, 36.28645833333333], [-6.153500423011836, 36.28710937499999], [-6.151549280879856, 36.29036458333333], [-6.152524851945847, 36.29492187499999], [-6.1574027072757955, 36.29687499999999], [-6.1639065143823935, 36.29622395833333], [-6.165207275803714, 36.29296874999999], [-6.162280562605744, 36.28841145833333]], [[-6.093340207275795, 36.23470052083333], [-6.089437923011836, 36.23535156249999], [-6.090088303722496, 36.23925781249999], [-6.093340207275795, 36.23925781249999], [-6.094315778341785, 36.23763020833333], [-6.093340207275795, 36.23470052083333]], [[-9.54694010416666, 39.48002062182741], [-9.54303385416666, 39.48067100253806], [-9.543684895833328, 39.484573286802025], [-9.54694010416666, 39.484573286802025], [-9.54791666666666, 39.48294733502537], [-9.54694010416666, 39.48002062182741]], [[-9.51080729166666, 39.41140545685278], [-9.50494791666666, 39.41530774111674], [-9.502669270833328, 39.418884835025366], [-9.504296874999994, 39.42376269035532], [-9.508203124999994, 39.42766497461928], [-9.511132812499994, 39.4266894035533], [-9.512109374999994, 39.4234375], [-9.519921874999994, 39.42148635786801], [-9.521874999999994, 39.41660850253806], [-9.519921874999994, 39.40782836294416], [-9.515364583333328, 39.406852791878165], [-9.511458333333328, 39.408803934010145], [-9.51080729166666, 39.41140545685278]], [[-8.835351562499994, 43.35631291946308], [-8.834374999999994, 43.35826342281879], [-8.835351562499994, 43.362814597315435], [-8.840234374999994, 43.364765100671136], [-8.849023437499994, 43.362814597315435], [-8.849999999999994, 43.36086409395973], [-8.849023437499994, 43.35631291946308], [-8.844140624999994, 43.35436241610738], [-8.835351562499994, 43.35631291946308]], [[-9.183984374999994, 42.88201552013422], [-9.183333333333328, 42.884291107382545], [-9.187239583333328, 42.886241610738246], [-9.193098958333328, 42.885266359060395], [-9.193098958333328, 42.88201552013422], [-9.189843749999994, 42.88104026845637], [-9.183984374999994, 42.88201552013422]], [[-8.90924479166666, 42.49646602348993], [-8.90729166666666, 42.49939177852348], [-8.91119791666666, 42.50134228187919], [-8.91705729166666, 42.50036703020133], [-8.91705729166666, 42.49711619127517], [-8.90924479166666, 42.49646602348993]], [[-8.953841145833328, 42.3693582214765], [-8.953515624999994, 42.362531459731535], [-8.945703124999994, 42.35602978187919], [-8.943098958333328, 42.34725251677851], [-8.937239583333328, 42.34530201342281], [-8.933984374999994, 42.35115352348993], [-8.932356770833328, 42.37455956375839], [-8.928450520833328, 42.37846057046979], [-8.927148437499994, 42.386262583892616], [-8.923242187499994, 42.38886325503355], [-8.92194010416666, 42.396665268456374], [-8.918684895833328, 42.397640520134225], [-8.917708333333328, 42.400566275167776], [-8.925520833333328, 42.402516778523484], [-8.93463541666666, 42.40219169463087], [-8.93854166666666, 42.400566275167776], [-8.938867187499994, 42.398290687919456], [-8.94342447916666, 42.3953649328859], [-8.944726562499994, 42.387562919463086], [-8.947981770833328, 42.3859375], [-8.94928385416666, 42.37423447986577], [-8.953841145833328, 42.3693582214765]], [[-8.907617187499994, 42.398290687919456], [-8.90826822916666, 42.40219169463087], [-8.91217447916666, 42.401541526845634], [-8.91217447916666, 42.398290687919456], [-8.910546874999994, 42.397315436241605], [-8.907617187499994, 42.398290687919456]], [[-8.92096354166666, 42.22014471476509], [-8.92291666666666, 42.218519295302], [-8.922591145833328, 42.21624370805368], [-8.918684895833328, 42.21396812080536], [-8.916406249999994, 42.198364093959725], [-8.913802083333328, 42.195763422818786], [-8.909895833333328, 42.194463087248316], [-8.898177083333328, 42.193487835570465], [-8.894921874999994, 42.18958682885905], [-8.888411458333328, 42.18991191275167], [-8.886458333333328, 42.193162751677846], [-8.887109374999994, 42.197713926174494], [-8.894921874999994, 42.200964765100665], [-8.896874999999994, 42.20746644295301], [-8.897851562499994, 42.21916946308724], [-8.902083333333328, 42.22242030201342], [-8.901757812499994, 42.22469588926174], [-8.898828124999994, 42.22567114093959], [-8.897200520833328, 42.22859689597315], [-8.897851562499994, 42.240299916107375], [-8.901106770833328, 42.24192533557046], [-8.902083333333328, 42.247776845637574], [-8.905989583333328, 42.2520029362416], [-8.91901041666666, 42.25525377516777], [-8.92291666666666, 42.25297818791945], [-8.922265624999994, 42.24810192953019], [-8.914453124999994, 42.240950083892606], [-8.912499999999994, 42.23347315436241], [-8.91315104166666, 42.22437080536912], [-8.916406249999994, 42.22046979865771], [-8.92096354166666, 42.22014471476509]], [[-8.907617187499994, 42.17983431208053], [-8.90826822916666, 42.18373531879194], [-8.91217447916666, 42.18308515100671], [-8.91217447916666, 42.17983431208053], [-8.910546874999994, 42.17885906040268], [-8.907617187499994, 42.17983431208053]], [[-6.406173329103206, 36.61263020833333], [-6.405848138747876, 36.60611979166666], [-6.402596235194577, 36.60416666666666], [-6.398368760575288, 36.60481770833333], [-6.398043570219957, 36.60807291666666], [-6.399344331641278, 36.61067708333333], [-6.403246615905237, 36.61458333333333], [-6.406173329103206, 36.61263020833333]], [[-6.3138192681895005, 36.47884114583333], [-6.31251850676818, 36.47493489583333], [-6.3095917935702115, 36.47395833333333], [-6.307965841793562, 36.47493489583333], [-6.306990270727572, 36.47819010416666], [-6.299185702199653, 36.47949218749999], [-6.297234560067674, 36.48111979166666], [-6.297559750423004, 36.48339843749999], [-6.3014620346869625, 36.48535156249999], [-6.302762796108282, 36.49707031249999], [-6.304388747884931, 36.49999999999999], [-6.307315461082902, 36.49902343749999], [-6.308616222504222, 36.49576822916666], [-6.3203230752961, 36.49446614583333], [-6.32324978849407, 36.49283854166666], [-6.32227421742808, 36.48990885416666], [-6.319022313874781, 36.48893229166666], [-6.3177215524534605, 36.48111979166666], [-6.316095600676811, 36.47916666666666], [-6.3138192681895005, 36.47884114583333]], [[-6.287804039763104, 36.44335937499999], [-6.286828468697115, 36.44661458333333], [-6.287153659052445, 36.45117187499999], [-6.288779610829094, 36.45312499999999], [-6.291055943316405, 36.45247395833333], [-6.292031514382394, 36.44921874999999], [-6.291706324027064, 36.44466145833333], [-6.290080372250415, 36.44270833333333], [-6.287804039763104, 36.44335937499999]], [[-6.285852897631125, 36.43684895833333], [-6.286828468697115, 36.43359374999999], [-6.286503278341784, 36.42903645833333], [-6.284877326565135, 36.42708333333333], [-6.282600994077825, 36.42773437499999], [-6.281625423011835, 36.43098958333333], [-6.281950613367165, 36.43554687499999], [-6.2835765651438145, 36.43749999999999], [-6.285852897631125, 36.43684895833333]], [[-6.276747567681887, 36.41992187499999], [-6.275446806260567, 36.41210937499999], [-6.272194902707268, 36.41113281249999], [-6.270894141285948, 36.40722656249999], [-6.267967428087977, 36.40624999999999], [-6.266016285955998, 36.41210937499999], [-6.266991857021988, 36.42089843749999], [-6.270894141285948, 36.42285156249999], [-6.271869712351938, 36.42610677083333], [-6.275121615905237, 36.42708333333333], [-6.280975042301176, 36.42610677083333], [-6.281625423011835, 36.42382812499999], [-6.276747567681887, 36.41992187499999]], [[-6.240976628595591, 36.34309895833333], [-6.239675867174271, 36.33528645833333], [-6.2367491539763025, 36.33333333333333], [-6.2367491539763025, 36.34505208333333], [-6.239350676818942, 36.35872395833333], [-6.241952199661581, 36.36458333333333], [-6.244228532148892, 36.36328124999999], [-6.245204103214881, 36.35677083333333], [-6.244878912859551, 36.34765624999999], [-6.243252961082902, 36.34374999999999], [-6.240976628595591, 36.34309895833333]], [[-6.226668252961074, 36.32356770833333], [-6.2263430626057445, 36.32682291666666], [-6.228944585448384, 36.33138020833333], [-6.232846869712344, 36.33333333333333], [-6.2344728214889935, 36.33138020833333], [-6.234147631133664, 36.32486979166666], [-6.230895727580364, 36.32291666666666], [-6.226668252961074, 36.32356770833333]], [[-6.18471869712351, 36.30208333333333], [-6.183092745346861, 36.30501302083333], [-6.183743126057521, 36.31673177083333], [-6.187645410321481, 36.31868489583333], [-6.188620981387471, 36.32194010416666], [-6.196425549915388, 36.32421874999999], [-6.198376692047368, 36.33072916666666], [-6.199352263113358, 36.34244791666666], [-6.201628595600669, 36.34374999999999], [-6.203579737732648, 36.33203124999999], [-6.202604166666658, 36.31445312499999], [-6.201628595600669, 36.31249999999999], [-6.198701882402698, 36.31152343749999], [-6.197726311336709, 36.30826822916666], [-6.188620981387471, 36.30631510416666], [-6.187645410321481, 36.30305989583333], [-6.18471869712351, 36.30208333333333]], [[-6.110250105752953, 36.24576822916666], [-6.1109004864636125, 36.24967447916666], [-6.114802770727572, 36.24902343749999], [-6.114802770727572, 36.24576822916666], [-6.113176818950922, 36.24479166666666], [-6.110250105752953, 36.24576822916666]], [[-6.101469966159044, 36.22005208333333], [-6.099518824027064, 36.22656249999999], [-6.100169204737724, 36.23567708333333], [-6.103421108291023, 36.23958333333333], [-6.107973773265644, 36.23828124999999], [-6.109924915397623, 36.23177083333333], [-6.109274534686962, 36.22265624999999], [-6.106022631133664, 36.21874999999999], [-6.101469966159044, 36.22005208333333]], [[-6.115453151438231, 36.18847656249999], [-6.116103532148891, 36.19238281249999], [-6.12000581641285, 36.19173177083333], [-6.12000581641285, 36.18847656249999], [-6.118379864636201, 36.18749999999999], [-6.115453151438231, 36.18847656249999]], [[-6.100494395093054, 36.17773437499999], [-6.099518824027064, 36.18098958333333], [-6.099844014382394, 36.18554687499999], [-6.101469966159043, 36.18749999999999], [-6.103746298646354, 36.18684895833333], [-6.1047218697123435, 36.18359374999999], [-6.104396679357014, 36.17903645833333], [-6.102770727580364, 36.17708333333333], [-6.100494395093054, 36.17773437499999]]], [[[-8.965559895833328, 38.4550206218274], [-8.969466145833328, 38.45567100253807], [-8.96881510416666, 38.459573286802026], [-8.965559895833328, 38.459573286802026], [-8.964583333333328, 38.45794733502537], [-8.965559895833328, 38.4550206218274]]], [[[-8.85065104166666, 38.47485723350253], [-8.849999999999994, 38.472255710659894], [-8.850976562499994, 38.47128013959391], [-8.855859374999994, 38.470304568527915], [-8.864648437499994, 38.47128013959391], [-8.86627604166666, 38.47485723350253], [-8.875390624999994, 38.482336611675116], [-8.875390624999994, 38.489165609137046], [-8.87213541666666, 38.491116751269026], [-8.86725260416666, 38.490466370558366], [-8.85651041666666, 38.47875951776649], [-8.85065104166666, 38.47485723350253]]], [[[-8.891015624999994, 38.50249841370558], [-8.885156249999994, 38.50152284263959], [-8.88190104166666, 38.49957170050761], [-8.881249999999994, 38.495019035532984], [-8.883203124999994, 38.491767131979685], [-8.88971354166666, 38.49144194162435], [-8.89166666666666, 38.49436865482233], [-8.89752604166666, 38.495994606598984], [-8.92096354166666, 38.49534422588832], [-8.92291666666666, 38.49436865482233], [-8.924455593702445, 38.4912939254757], [-8.927005215283971, 38.49212246577549], [-8.93948220892666, 38.48200157610258], [-8.933172205028484, 38.480072729307494], [-8.934309895833328, 38.47615799492385], [-8.93756510416666, 38.47518242385786], [-8.93951822916666, 38.47128013959391], [-8.95319010416666, 38.46932899746192], [-8.95611979166666, 38.46542671319796], [-8.96197916666666, 38.46607709390862], [-8.960677083333328, 38.47095494923857], [-8.955468749999994, 38.4777839467005], [-8.95026041666666, 38.48071065989847], [-8.945703124999994, 38.48136104060913], [-8.941796874999994, 38.490466370558366], [-8.933984374999994, 38.49209232233502], [-8.932356770833328, 38.495994606598984], [-8.929101562499994, 38.49697017766497], [-8.927148437499994, 38.506075507614206], [-8.92389322916666, 38.50705107868019], [-8.92194010416666, 38.51095336294415], [-8.91022135416666, 38.51225412436547], [-8.905434326666759, 38.51384332497041], [-8.899558366494686, 38.512227704196775], [-8.899804687499994, 38.507376269035525], [-8.89361979166666, 38.50640069796954], [-8.891015624999994, 38.50249841370558]]], [[[-9.100976562499994, 38.72557899746192], [-9.104882812499994, 38.72622937817258], [-9.104231770833328, 38.73013166243655], [-9.100976562499994, 38.73013166243655], [-9.099999999999994, 38.728505710659896], [-9.100976562499994, 38.72557899746192]]], [[[-8.809309895833328, 41.562293781725884], [-8.808333333333328, 41.559041878172586], [-8.80865885416666, 41.55448921319796], [-8.810286458333328, 41.55253807106598], [-8.81256510416666, 41.55318845177664], [-8.81354166666666, 41.55644035532994], [-8.813216145833328, 41.560993020304565], [-8.81158854166666, 41.562944162436544], [-8.809309895833328, 41.562293781725884]]], [[[-8.85846354166666, 42.51304530201342], [-8.858138020833328, 42.51629614093959], [-8.85065104166666, 42.517921560402684], [-8.849023437499994, 42.521822567114086], [-8.84576822916666, 42.52149748322147], [-8.84479166666666, 42.515645973154356], [-8.84674479166666, 42.51141988255033], [-8.85358072916666, 42.50816904362416], [-8.857161458333328, 42.51044463087248], [-8.85846354166666, 42.51304530201342]]], [[[-8.229528870558369, 43.46911703020133], [-8.233431154822327, 43.46976719798657], [-8.232780774111667, 43.47366820469798], [-8.229528870558369, 43.47366820469798], [-8.228553299492377, 43.47204278523489], [-8.229528870558369, 43.46911703020133]]], [[[-8.260096763959382, 43.46911703020133], [-8.264974619289331, 43.47074244966442], [-8.264974619289331, 43.47204278523489], [-8.26399904822334, 43.47366820469798], [-8.260096763959382, 43.474968540268456], [-8.259121192893392, 43.47821937919463], [-8.255869289340094, 43.47919463087248], [-8.251316624365472, 43.47886954697986], [-8.248715101522833, 43.474968540268456], [-8.240910532994915, 43.47366820469798], [-8.238959390862936, 43.47204278523489], [-8.240585342639585, 43.46976719798657], [-8.260096763959382, 43.46911703020133]]], [[[-4.5930916878172585, 36.56347656249999], [-4.592116116751269, 36.56673177083333], [-4.584311548223349, 36.56803385416666], [-4.58236040609137, 36.57096354166666], [-4.57975888324873, 36.57194010416666], [-4.556345177664975, 36.57291666666666], [-4.5423619923857865, 36.57486979166666], [-4.538784898477157, 36.57682291666666], [-4.535237897087937, 36.58108364394517], [-4.525641546037392, 36.58213464964904], [-4.5181400664343805, 36.59227303612794], [-4.505290291878172, 36.59570312499999], [-4.502363578680202, 36.60449218749999], [-4.494559010152283, 36.61100260416666], [-4.4919574873096435, 36.62011718749999], [-4.484152918781726, 36.62662760416666], [-4.482852157360406, 36.63346354166666], [-4.473746827411167, 36.63736979166666], [-4.472446065989847, 36.64420572916666], [-4.4633407360406085, 36.65169270833333], [-4.462039974619289, 36.65527343749999], [-4.453910215736039, 36.65755208333333], [-4.445455266497461, 36.67675781249999], [-4.437325507614213, 36.68391927083333], [-4.435699555837563, 36.69205729166666], [-4.432447652284263, 36.69303385416666], [-4.430821700507613, 36.69694010416666], [-4.423017131979695, 36.69856770833333], [-4.420415609137056, 36.70638020833333], [-4.412611040609137, 36.70898437499999], [-4.410659898477157, 36.71484374999999], [-4.402530139593908, 36.71647135416666], [-4.386270621827411, 36.71712239583333], [-4.361881345177665, 36.71679687499999], [-4.288713515228426, 36.71289062499999], [-4.280583756345177, 36.71158854166666], [-4.280583756345177, 36.71028645833333], [-4.26204790609137, 36.70865885416666], [-4.187904505076141, 36.70930989583333], [-4.1817258883248725, 36.71028645833333], [-4.1817258883248725, 36.71158854166666], [-4.176848032994923, 36.71321614583333], [-4.157336611675126, 36.71451822916666], [-4.155710659898476, 36.71679687499999], [-4.152783946700507, 36.71777343749999], [-4.111809961928934, 36.71972656249999], [-4.108883248730964, 36.72070312499999], [-4.106932106598984, 36.72363281249999], [-4.1004282994923855, 36.72460937499999], [-4.0984771573604055, 36.72786458333333], [-4.097501586294415, 36.73372395833333], [-4.093599302030457, 36.73535156249999], [-4.092906194398196, 36.737664269199776], [-4.090791069243852, 36.738912524863615], [-4.084819162436547, 36.73990885416666], [-4.081242068527919, 36.74381510416666], [-4.07311230964467, 36.74479166666666], [-4.061730647208122, 36.74446614583333], [-4.056852791878172, 36.74283854166666], [-4.056852791878172, 36.74153645833333], [-4.045145939086294, 36.73990885416666], [-4.008683082860588, 36.73889496772294], [-3.9846605329949236, 36.73339843749999], [-3.982059010152284, 36.72949218749999], [-3.9742544416243653, 36.72819010416666], [-3.9723032994923857, 36.72493489583333], [-3.9605964467005075, 36.72395833333333], [-3.954092639593908, 36.72493489583333], [-3.949865164974619, 36.72884114583333], [-3.9397842639593903, 36.72981770833333], [-3.9371827411167506, 36.73111979166666], [-3.9348475552438096, 36.7343923743077], [-3.9168363566471935, 36.73857180046004], [-3.8773477157360396, 36.74153645833333], [-3.8727950507614204, 36.74348958333333], [-3.868567576142132, 36.74804687499999], [-3.840276015228426, 36.75097656249999], [-3.8383248730964463, 36.75195312499999], [-3.8378628890046436, 36.75334048576349], [-3.831495875634517, 36.75097656249999], [-3.781653841259525, 36.738474771809905], [-3.779140228426395, 36.73470052083333], [-3.771335659898477, 36.73339843749999], [-3.770360088832487, 36.73014322916666], [-3.768734137055837, 36.72916666666666], [-3.7664578045685273, 36.72981770833333], [-3.7656932600850292, 36.73440963709093], [-3.7403244935351814, 36.727948252473915], [-3.738816624365482, 36.72070312499999], [-3.7355647208121825, 36.71874999999999], [-3.7297112944162434, 36.71972656249999], [-3.7287357233502534, 36.72298177083333], [-3.724833439086294, 36.72460937499999], [-3.724565597361036, 36.726218058532794], [-3.680380009612236, 36.73026318774021], [-3.6750793147208123, 36.73307291666666], [-3.674167212792693, 36.73489897438861], [-3.667109487635555, 36.74016521904489], [-3.663376671152436, 36.74100404986027], [-3.6511292403192988, 36.7417076499713], [-3.647763324873096, 36.74055989583333], [-3.6087404822335016, 36.73925781249999], [-3.5989847715736034, 36.73763020833333], [-3.596058058375634, 36.73274739583333], [-3.5843512055837556, 36.72363281249999], [-3.583375634517766, 36.72070312499999], [-3.5791481598984767, 36.71972656249999], [-3.5635916244437453, 36.719327271604044], [-3.549866373725344, 36.713995554029374], [-3.539128590199502, 36.718699376859135], [-3.5157360406091365, 36.71679687499999], [-3.513784898477157, 36.71386718749999], [-3.505980329949238, 36.71256510416666], [-3.505004758883248, 36.70930989583333], [-3.5007772842639593, 36.70768229166666], [-3.49459866751269, 36.69986979166666], [-3.475412436548223, 36.69694010416666], [-3.472810913705583, 36.69368489583333], [-3.4663071065989843, 36.69270833333333], [-3.4572017766497454, 36.69303385416666], [-3.4510231598984764, 36.69694010416666], [-3.448336844174526, 36.69732425355517], [-3.415505783752741, 36.69701932273313], [-3.382746775842866, 36.713567659704836], [-3.371351522842639, 36.71451822916666], [-3.3680996192893398, 36.71842447916666], [-3.3602950507614207, 36.71972656249999], [-3.3576935279187814, 36.72460937499999], [-3.3508645304568523, 36.72884114583333], [-3.345986675126903, 36.73567708333333], [-3.341434010152284, 36.73763020833333], [-3.322572969543147, 36.73958333333333], [-3.2903791243654816, 36.74055989583333], [-3.2868020304568524, 36.74153645833333], [-3.2868020304568524, 36.74283854166666], [-3.283875317258883, 36.74446614583333], [-3.2721684644670046, 36.74576822916666], [-3.270542512690355, 36.74902343749999], [-3.262737944162436, 36.75032552083333], [-3.2608804658431265, 36.75311456983412], [-3.2559261879927703, 36.75359828477943], [-3.231194479695431, 36.75065104166666], [-3.224365482233502, 36.74804687499999], [-3.2230647208121823, 36.74576822916666], [-3.2165609137055835, 36.74479166666666], [-3.2048540609137053, 36.74576822916666], [-3.2022525380710656, 36.74902343749999], [-3.1957487309644663, 36.74999999999999], [-3.1840418781725885, 36.74902343749999], [-3.1827411167512687, 36.74674479166666], [-3.1794892131979693, 36.74576822916666], [-3.163229695431472, 36.74479166666666], [-3.1339625634517767, 36.74576822916666], [-3.1299782429920464, 36.747771217392234], [-3.1078831537618727, 36.749211040421386], [-3.1063213832487304, 36.74902343749999], [-3.1046954314720807, 36.74674479166666], [-3.0998175761421316, 36.74576822916666], [-3.0315276015228423, 36.74381510416666], [-3.022097081218274, 36.74055989583333], [-2.9967326910885577, 36.73990885416666], [-2.9878103461741, 36.73863717818977], [-2.983048796130975, 36.73990885416666], [-2.9674651015228424, 36.73990885416666], [-2.953807106598984, 36.74153645833333], [-2.953807106598984, 36.74283854166666], [-2.9515307741116747, 36.74381510416666], [-2.9469781091370555, 36.74446614583333], [-2.9242147842639588, 36.74446614583333], [-2.91738578680203, 36.74283854166666], [-2.915434644670051, 36.73990885416666], [-2.9076300761421314, 36.73860677083333], [-2.905028553299492, 36.73470052083333], [-2.897223984771573, 36.73339843749999], [-2.8962484137055835, 36.73014322916666], [-2.892346129441624, 36.72851562499999], [-2.891370558375634, 36.72265624999999], [-2.889419416243654, 36.71940104166666], [-2.8816148477157357, 36.71777343749999], [-2.879013324873096, 36.71289062499999], [-2.872509517766497, 36.70865885416666], [-2.8695828045685277, 36.69986979166666], [-2.864704949238578, 36.69791666666666], [-2.8559248096446694, 36.69694010416666], [-2.85397366751269, 36.69303385416666], [-2.8507217639593905, 36.69205729166666], [-2.8490958121827408, 36.68424479166666], [-2.8458439086294414, 36.68229166666666], [-2.8399904822335023, 36.68326822916666], [-2.8386897208121824, 36.68652343749999], [-2.835437817258883, 36.68749999999999], [-2.8295843908629434, 36.68652343749999], [-2.8286088197969534, 36.68326822916666], [-2.8256821065989843, 36.68229166666666], [-2.814625634517766, 36.69498697916666], [-2.812024111675127, 36.69694010416666], [-2.8068210659898476, 36.69791666666666], [-2.803569162436548, 36.69694010416666], [-2.8009676395939085, 36.69303385416666], [-2.7931630710659894, 36.69173177083333], [-2.7921874999999994, 36.68847656249999], [-2.7882852157360407, 36.68684895833333], [-2.7873096446700503, 36.68098958333333], [-2.7811310279187813, 36.67903645833333], [-2.7502379441624365, 36.67708333333333], [-2.706662436548223, 36.67773437499999], [-2.686500634517766, 36.68098958333333], [-2.6851998730964466, 36.68359374999999], [-2.6806472081218273, 36.68684895833333], [-2.6676395939086297, 36.68945312499999], [-2.6629351869077382, 36.69499334606154], [-2.6593293831823464, 36.69638834195583], [-2.642925126903553, 36.69889322916666], [-2.639673223350253, 36.70279947916666], [-2.631868654822335, 36.70410156249999], [-2.629267131979695, 36.70898437499999], [-2.6227633248730964, 36.71321614583333], [-2.6201618020304567, 36.72233072916666], [-2.6123572335025376, 36.72884114583333], [-2.609430520304568, 36.73893229166666], [-2.6061786167512686, 36.74055989583333], [-2.604749700755816, 36.75227864583333], [-2.6038430108968913, 36.75423177083333], [-2.5993095616022663, 36.75651041666666], [-2.5984028717433416, 36.75911458333333], [-2.596973580441639, 36.77473958333333], [-2.592093848580441, 36.77799479166666], [-2.585912854889589, 36.78678385416666], [-2.5790812302839106, 36.79134114583333], [-2.576478706624605, 36.80045572916666], [-2.5673698738170336, 36.80794270833333], [-2.5660686119873803, 36.81152343749999], [-2.558261041009463, 36.81282552083333], [-2.5550078864353303, 36.81673177083333], [-2.5393927444794944, 36.81803385416666], [-2.5328864353312293, 36.82194010416666], [-2.5094637223974754, 36.82291666666666], [-2.495475157728706, 36.82486979166666], [-2.49189668769716, 36.82682291666666], [-2.488912644018987, 36.83040602971961], [-2.4813244837306883, 36.831437923177916], [-2.4773811261433165, 36.830727324085075], [-2.471076498422712, 36.82291666666666], [-2.4687992902208196, 36.82324218749999], [-2.4658714511040998, 36.82779947916666], [-2.464992535462072, 36.82779947916666], [-2.4576609993651353, 36.82524165150922], [-2.456762618296529, 36.82389322916666], [-2.4475902436796133, 36.82172816441958], [-2.4466778391167177, 36.81868489583333], [-2.442448738170346, 36.81705729166666], [-2.436593059936908, 36.80924479166666], [-2.42683359621451, 36.80729166666666], [-2.421953864353312, 36.80826822916666], [-2.419026025236592, 36.81217447916666], [-2.4121944006309137, 36.81315104166666], [-2.4053627760252354, 36.82096354166666], [-2.4027602523659293, 36.82226562499999], [-2.3897476340693995, 36.82486979166666], [-2.3848679022082004, 36.83138020833333], [-2.3760843848580433, 36.83365885416666], [-2.3736074729559493, 36.83636264574022], [-2.361652986857764, 36.838277679360736], [-2.3491185720676726, 36.83688104954212], [-2.3468059936908507, 36.83430989583333], [-2.3442034700315446, 36.83365885416666], [-2.3285883280757087, 36.83235677083333], [-2.325335173501576, 36.82845052083333], [-2.3175276025236586, 36.82714843749999], [-2.315901025236592, 36.82389322916666], [-2.3044499348874323, 36.82262008254745], [-2.3017231561879528, 36.82125351120193], [-2.299309936908516, 36.81803385416666], [-2.291290465977917, 36.81602499174031], [-2.2905264195583586, 36.81347656249999], [-2.2866226340694, 36.81184895833333], [-2.2846707413249203, 36.80403645833333], [-2.2797910094637217, 36.80208333333333], [-2.271007492113564, 36.80110677083333], [-2.2690555993690844, 36.79720052083333], [-2.2658024447949514, 36.79622395833333], [-2.264501182965298, 36.78841145833333], [-2.259946766561513, 36.78548177083333], [-2.2589708201892735, 36.78222656249999], [-2.250512618296529, 36.77994791666666], [-2.237499999999999, 36.76171874999999], [-2.2290417981072546, 36.75944010416666], [-2.228065851735015, 36.75618489583333], [-2.2241620662460555, 36.75423177083333], [-2.223186119873816, 36.74544270833333], [-2.2212342271293366, 36.74055989583333], [-2.2134266561514186, 36.73860677083333], [-2.2118000788643526, 36.73470052083333], [-2.200088722397475, 36.72558593749999], [-2.1971608832807563, 36.72070312499999], [-2.190329258675078, 36.71907552083333], [-2.1675571766561506, 36.71907552083333], [-2.1630027602523647, 36.71972656249999], [-2.156821766561513, 36.72363281249999], [-2.141206624605677, 36.72493489583333], [-2.136977523659305, 36.72884114583333], [-2.125266167192428, 36.73014322916666], [-2.1236395899053617, 36.73372395833333], [-2.1155067034700306, 36.73990885416666], [-2.1067097503645127, 36.757387435047235], [-2.1041206624605664, 36.75911458333333], [-2.0868789432176644, 36.76139322916666], [-2.0823245268138786, 36.76334635416666], [-2.073541009463722, 36.77311197916666], [-2.0637815457413238, 36.77734374999999], [-2.0618296529968445, 36.78385416666666], [-2.060853706624605, 36.79557291666666], [-2.0569499211356455, 36.79980468749999], [-2.056299290220819, 36.80957031249999], [-2.054672712933753, 36.81249999999999], [-2.0517448738170336, 36.81347656249999], [-2.0507689274447936, 36.81673177083333], [-2.042636041009463, 36.81835937499999], [-2.0361297318611973, 36.82617187499999], [-2.026044952681387, 36.82910156249999], [-2.0240930599369076, 36.83235677083333], [-2.0058753943217655, 36.83430989583333], [-2.0035981861198726, 36.83821614583333], [-2.0003450315457405, 36.83919270833333], [-1.998393138801261, 36.84830729166666], [-1.9951399842271285, 36.84928385416666], [-1.9941640378548886, 36.85091145833333], [-1.9951399842271285, 36.85384114583333], [-1.9974171924290212, 36.85416666666666], [-1.9990437697160872, 36.86002604166666], [-1.998393138801261, 36.88346354166666], [-1.9944893533123018, 36.88736979166666], [-1.9931880914826487, 36.89518229166666], [-1.9899349369085162, 36.89615885416666], [-1.9889589905362766, 36.89908854166666], [-1.9850552050473176, 36.90071614583333], [-1.9694400630914817, 36.90201822916666], [-1.9674881703470022, 36.90527343749999], [-1.9593552839116708, 36.90755208333333], [-1.9533006471390704, 36.92230311429336], [-1.9422051692693596, 36.93114003012376], [-1.93538169203606, 36.933693316045016], [-1.9264669987253653, 36.93422732287446], [-1.9235705835962136, 36.93261718749999], [-1.9134858044164027, 36.93294270833333], [-1.9087709331617344, 36.93642269527405], [-1.9060495749142228, 36.93729139551463], [-1.901732346616721, 36.941895967493615], [-1.9011549941175605, 36.94496618132308], [-1.8972200315457404, 36.94759114583333], [-1.8952681388012609, 36.95442708333333], [-1.8962440851735007, 36.95768229166666], [-1.899497239747633, 36.95930989583333], [-1.900473186119873, 36.96809895833333], [-1.899497239747633, 36.97298177083333], [-1.8962440851735007, 36.97428385416666], [-1.8952681388012609, 36.97721354166666], [-1.9001478706624595, 36.98111979166666], [-1.8998225552050463, 36.98763020833333], [-1.8920149842271283, 36.99055989583333], [-1.8890871451104092, 37.00292968749999], [-1.8871352523659295, 37.00618489583333], [-1.874447949526813, 37.01757812499999], [-1.8747732649842264, 37.01985677083333], [-1.8793276813880118, 37.02278645833333], [-1.8790023659305986, 37.02929687499999], [-1.8698935331230273, 37.03320312499999], [-1.8682669558359613, 37.04101562499999], [-1.8633872239747624, 37.04361979166666], [-1.8591581230283905, 37.05045572916666], [-1.852326498422712, 37.05533854166666], [-1.8503746056782324, 37.05924479166666], [-1.848422712933753, 37.07486979166666], [-1.8474467665615133, 37.10123697916666], [-1.8464708201892734, 37.10416666666666], [-1.8425670347003145, 37.10611979166666], [-1.838337933753942, 37.11263020833333], [-1.8315063091482642, 37.11458333333333], [-1.8292291009463715, 37.11848958333333], [-1.8256506309148253, 37.13802083333333], [-1.8217468454258667, 37.17317708333333], [-1.8204455835962137, 37.17708333333333], [-1.8175177444794943, 37.17903645833333], [-1.8162164826498415, 37.18684895833333], [-1.812963328075709, 37.18782552083333], [-1.8116620662460559, 37.19173177083333], [-1.8077582807570967, 37.19368489583333], [-1.8064570189274438, 37.20540364583333], [-1.8058063880126172, 37.20735677083333], [-1.8019026025236584, 37.21028645833333], [-1.8009266561514186, 37.21679687499999], [-1.797673501577286, 37.21874999999999], [-1.7927937697160872, 37.21940104166666], [-1.7862874605678223, 37.22721354166666], [-1.7762026813880119, 37.23014322916666], [-1.775226735015772, 37.23339843749999], [-1.7713229495268128, 37.23502604166666], [-1.77002168769716, 37.24283854166666], [-1.766117902208201, 37.24576822916666], [-1.7641883239573661, 37.25565583363064], [-1.7558870203636923, 37.262328998179], [-1.7521293375394311, 37.26367187499999], [-1.7456230283911662, 37.26822916666666], [-1.7449749945444222, 37.27110084262804], [-1.7295494827055486, 37.28350094070684], [-1.71413319238839, 37.3012530800291], [-1.7056092271293366, 37.30338541666666], [-1.703657334384857, 37.30598958333333], [-1.7024055383615646, 37.314757687423246], [-1.6899940851735007, 37.33203124999999], [-1.6870662460567813, 37.33723958333333], [-1.6852949893107003, 37.343388344683774], [-1.682511829652996, 37.34440104166666], [-1.6766561514195573, 37.35221354166666], [-1.6708004731861186, 37.35416666666666], [-1.6639688485804407, 37.35384114583333], [-1.6610410094637214, 37.35221354166666], [-1.6600650630914815, 37.34928385416666], [-1.656811908517349, 37.34928385416666], [-1.655510646687696, 37.35319010416666], [-1.6516068611987371, 37.35481770833333], [-1.6506309148264975, 37.36067708333333], [-1.648679022082018, 37.36393229166666], [-1.6418473974763397, 37.36523437499999], [-1.6333891955835953, 37.37434895833333], [-1.6242803627760243, 37.37695312499999], [-1.6177740536277594, 37.38476562499999], [-1.6102917981072544, 37.38639322916666], [-1.6024842271293365, 37.39518229166666], [-1.595327287066245, 37.40006510416666], [-1.5790615141955826, 37.40201822916666], [-1.5777602523659295, 37.40429687499999], [-1.5738564668769706, 37.40592447916666], [-1.5582413249211347, 37.40722656249999], [-1.5562894321766552, 37.41015624999999], [-1.5484818611987372, 37.40787760416666], [-1.5471805993690841, 37.40852864583333], [-1.5445780757097782, 37.41601562499999], [-1.5377464511040997, 37.41731770833333], [-1.532866719242901, 37.42317708333333], [-1.5253844637223966, 37.42643229166666], [-1.5055402208201882, 37.42675781249999], [-1.5016364353312293, 37.42610677083333], [-1.4983832807570967, 37.42317708333333], [-1.4866719242902198, 37.42513020833333], [-1.483093454258674, 37.42740885416666], [-1.4811415615141947, 37.43066406249999], [-1.4817921924290212, 37.44759114583333], [-1.4743099369085164, 37.45572916666666], [-1.4726833596214501, 37.46777343749999], [-1.4687795741324912, 37.47070312499999], [-1.4674783123028383, 37.47851562499999], [-1.4638998422712926, 37.47981770833333], [-1.4577188485804404, 37.48795572916666], [-1.4408024447949517, 37.49446614583333], [-1.4363600680819086, 37.49860476285342], [-1.4308446757889823, 37.49955417919393], [-1.4209746067049158, 37.504537431120745], [-1.4076202681388006, 37.50618489583333], [-1.4040417981072548, 37.51009114583333], [-1.3975354889589895, 37.51106770833333], [-1.3936317034700305, 37.52115885416666], [-1.3871253943217656, 37.52539062499999], [-1.3841975552050463, 37.53027343749999], [-1.3754140378548885, 37.53124999999999], [-1.3705343059936896, 37.53320312499999], [-1.3676064668769703, 37.54199218749999], [-1.3611001577287056, 37.54622395833333], [-1.3596723191513516, 37.54817224013869], [-1.3534977250743097, 37.55143681206311], [-1.3376774447949513, 37.55273437499999], [-1.3311711356466867, 37.55598958333333], [-1.3275926656151409, 37.56054687499999], [-1.3201104100946361, 37.56249999999999], [-1.310971902264375, 37.562155725214915], [-1.3048205835962137, 37.55826822916666], [-1.272939668769715, 37.55631510416666], [-1.2706624605678223, 37.55533854166666], [-1.2696865141955826, 37.55240885416666], [-1.2674093059936897, 37.55208333333333], [-1.2657827287066237, 37.55305989583333], [-1.264806782334384, 37.55631510416666], [-1.256999211356466, 37.55826822916666], [-1.2550473186119864, 37.56705729166666], [-1.2517941640378538, 37.56998697916666], [-1.2355283911671915, 37.57291666666666], [-1.2134481570765032, 37.57260103561477], [-1.2000690063091473, 37.56803385416666], [-1.1873817034700305, 37.56575520833333], [-1.181526025236592, 37.55794270833333], [-1.1779475552050465, 37.55664062499999], [-1.1759956624605667, 37.54752604166666], [-1.1727425078864342, 37.54654947916666], [-1.1717665615141946, 37.54361979166666], [-1.169814668769715, 37.54264322916666], [-1.1423174117711359, 37.54051923778866], [-1.1392350157728697, 37.53743489583333], [-1.1366324921135638, 37.53678385416666], [-1.1210173501577279, 37.53548177083333], [-1.118740141955835, 37.53157552083333], [-1.1164629337539425, 37.53124999999999], [-1.114836356466876, 37.53320312499999], [-1.114836356466876, 37.535354966973976], [-1.1089074869457998, 37.534247539856935], [-1.1181776560118244, 37.54868401155275], [-1.1211638069610055, 37.55780108730431], [-1.11744038351395, 37.566730868231204], [-1.1099566246056773, 37.56868489583333], [-1.1086553627760243, 37.57161458333333], [-1.0995465299684533, 37.56901041666666], [-1.0969440063091471, 37.57259114583333], [-1.0891364353312292, 37.57389322916666], [-1.0865339116719235, 37.57779947916666], [-1.0787263406940055, 37.57910156249999], [-1.0777503943217657, 37.58235677083333], [-1.0761238170346994, 37.58333333333333], [-1.0738466088328065, 37.58300781249999], [-1.0728706624605668, 37.58007812499999], [-1.0705934542586741, 37.57910156249999], [-1.0432669558359613, 37.57779947916666], [-1.0387125394321757, 37.57714843749999], [-1.032531545741324, 37.57324218749999], [-1.023422712933753, 37.57291666666666], [-1.016916403785488, 37.57486979166666], [-1.0146391955835954, 37.58138020833333], [-1.0126873028391157, 37.58268229166666], [-1.0058421844115715, 37.582877254269924], [-1.0029278391167182, 37.48437499999999], [-1.0009759463722387, 37.28645833333333], [-0.999999999999999, 36.59374999999999], [-1.2881520331006753, 36.29687499999999], [-1.8644560993020278, 36.09895833333333], [-2.728912198604057, 35.99999999999999], [-4.745976430308792, 36.00065104166666], [-5.322280496510144, 36.00195312499999], [-5.61043252961082, 36.00390624999999], [-5.61043252961082, 36.00651041666666], [-5.608481387478841, 36.00846354166666], [-5.604658816737563, 36.00973902682254], [-5.581165397631125, 36.01139322916666], [-5.577263113367166, 36.01529947916666], [-5.569458544839247, 36.01660156249999], [-5.568808164128587, 36.01888020833333], [-5.564905879864628, 36.02148437499999], [-5.5492967428087905, 36.02669270833333], [-5.547655080318282, 36.028701223812625], [-5.539202537725268, 36.031157998915035], [-5.522631133671734, 36.03320312499999], [-5.519506665223922, 36.03688270584779], [-5.466325414820481, 36.0523579434938], [-5.454341159052445, 36.05403645833333], [-5.45401918242068, 36.056292585239845], [-5.446217195482177, 36.05878709554267], [-5.439622943051474, 36.06393897513222], [-5.433171380041754, 36.07035066679903], [-5.432422821318058, 36.073034057487135], [-5.430277072758028, 36.07389322916666], [-5.428325930626049, 36.07877604166666], [-5.42897631133671, 36.08561197916666], [-5.433225516654978, 36.08870805254716], [-5.438544570448224, 36.09811346335367], [-5.439191029509943, 36.10156638904426], [-5.435480118443309, 36.10416666666666], [-5.432553405245338, 36.11881510416666], [-5.429301501692039, 36.12076822916666], [-5.42865112098138, 36.13248697916666], [-5.429301501692039, 36.13444010416666], [-5.433203785955998, 36.13736979166666], [-5.434179357021988, 36.14420572916666], [-5.442806836479043, 36.15197835166531], [-5.441248390141136, 36.156438332787886], [-5.439707593062597, 36.15690104166666], [-5.438385948206484, 36.16307498562526], [-5.430001235316821, 36.1708287479582], [-5.428472834246947, 36.17541442072268], [-5.415968697123511, 36.17708333333333], [-5.404261844331633, 36.17708333333333], [-5.388652707275795, 36.17513020833333], [-5.384750423011836, 36.17317708333333], [-5.381823709813866, 36.16829427083333], [-5.3730435702199575, 36.16113281249999], [-5.370116857021989, 36.14192708333333], [-5.366214572758029, 36.13867187499999], [-5.364913811336709, 36.13085937499999], [-5.361011527072749, 36.12923177083333], [-5.35971076565143, 36.12532552083333], [-5.35645886209813, 36.12434895833333], [-5.35353214890016, 36.11425781249999], [-5.345727580372243, 36.11067708333333], [-5.344752009306252, 36.11360677083333], [-5.341825296108282, 36.11458333333333], [-5.340849725042292, 36.11816406249999], [-5.339752560060422, 36.14635324883129], [-5.337119049679608, 36.17241151946628], [-5.334996298646354, 36.17382812499999], [-5.333695537225034, 36.18164062499999], [-5.3304436336717345, 36.18391927083333], [-5.328942719138852, 36.20144773577951], [-5.303764364472088, 36.239340332203724], [-5.294347504230109, 36.24153645833333], [-5.2920711717427995, 36.24934895833333], [-5.288168887478841, 36.25195312499999], [-5.286868126057521, 36.25976562499999], [-5.283616222504222, 36.26139322916666], [-5.2816650803722425, 36.27376302083333], [-5.276787225042293, 36.27994791666666], [-5.268975915872368, 36.28712062082041], [-5.254826338576862, 36.2980622719561], [-5.2475200930625965, 36.30989583333333], [-5.23956431945088, 36.32683802410535], [-5.237764382402699, 36.32812499999999], [-5.236836107351748, 36.33277109209952], [-5.229406916633113, 36.34892742161999], [-5.229041948087659, 36.35314678122482], [-5.22638271996615, 36.35514322916666], [-5.22522395969936, 36.36326279424747], [-5.211423963620973, 36.38248697916666], [-5.204920156514374, 36.38639322916666], [-5.195814826565135, 36.39811197916666], [-5.189961400169196, 36.40136718749999], [-5.188985829103206, 36.40429687499999], [-5.187034686971227, 36.40559895833333], [-5.159718697123511, 36.41210937499999], [-5.157117174280872, 36.41569010416666], [-5.147036273265643, 36.41861979166666], [-5.1441095600676725, 36.42317708333333], [-5.141276247073764, 36.425067878251355], [-5.121320618320645, 36.427043747892526], [-5.109256918314087, 36.43042831584797], [-5.074748144825324, 36.44774317357393], [-5.055982973773258, 36.44889322916666], [-5.050779928087978, 36.45279947916666], [-5.0390730752961, 36.45410156249999], [-5.037833636240832, 36.45548011655311], [-4.994608511199055, 36.45856622459804], [-4.9141999788494, 36.50423177083333], [-4.893062605752953, 36.50520833333333], [-4.855015334179349, 36.50423177083333], [-4.850787859560059, 36.50325520833333], [-4.84948709813874, 36.50097656249999], [-4.846885575296099, 36.50032552083333], [-4.831276438240262, 36.49902343749999], [-4.829975676818942, 36.49674479166666], [-4.826073392554983, 36.49511718749999], [-4.810464255499145, 36.49381510416666], [-4.806887161590516, 36.49055989583333], [-4.775018506768181, 36.48860677083333], [-4.769815461082902, 36.48470052083333], [-4.758108608291024, 36.48339843749999], [-4.755181895093054, 36.48014322916666], [-4.745426184433156, 36.47916666666666], [-4.727865905245339, 36.48014322916666], [-4.722988049915389, 36.48404947916666], [-4.711281197123511, 36.48535156249999], [-4.709004864636201, 36.48860677083333], [-4.6898186336717345, 36.49153645833333], [-4.683965207275795, 36.49804687499999], [-4.680713303722495, 36.49934895833333], [-4.664778976311328, 36.50097656249999], [-4.6634782148900085, 36.50325520833333], [-4.659575930626049, 36.50488281249999], [-4.643966793570211, 36.50618489583333], [-4.640714890016912, 36.51009114583333], [-4.632910321488993, 36.51139322916666], [-4.631934750423003, 36.51464843749999], [-4.627382085448384, 36.51757812499999], [-4.626081324027064, 36.52539062499999], [-4.616077358623636, 36.53169372342514], [-4.59978704690401, 36.55758371518204], [-4.596018401015227, 36.56249999999999], [-4.5930916878172585, 36.56347656249999]]], [[[-6.271869712351938, 36.54785156249999], [-6.275121615905237, 36.54687499999999], [-6.279674280879855, 36.54720052083333], [-6.281625423011835, 36.54882812499999], [-6.280975042301176, 36.55110677083333], [-6.277723138747875, 36.55208333333333], [-6.273170473773257, 36.55175781249999], [-6.271219331641277, 36.55013020833333], [-6.271869712351938, 36.54785156249999]]], [[[-6.282600994077825, 36.55240885416666], [-6.286503278341784, 36.55305989583333], [-6.285852897631125, 36.55696614583333], [-6.282600994077825, 36.55696614583333], [-6.281625423011835, 36.55533854166666], [-6.282600994077825, 36.55240885416666]]], [[[-6.454301501692038, 36.71907552083333], [-6.458203785955998, 36.71972656249999], [-6.4575534052453385, 36.72363281249999], [-6.454301501692038, 36.72363281249999], [-6.453325930626049, 36.72200520833333], [-6.454301501692038, 36.71907552083333]]], [[[-6.762269987309636, 37.07877604166666], [-6.764546319796946, 37.07812499999999], [-6.7664974619289255, 37.08203124999999], [-6.765521890862936, 37.08789062499999], [-6.762269987309636, 37.08789062499999], [-6.761294416243646, 37.08463541666666], [-6.762269987309636, 37.07877604166666]]], [[[-3.0224222715736038, 43.333882130872475], [-3.0263245558375633, 43.334532298657706], [-3.025674175126903, 43.33843330536913], [-3.0224222715736038, 43.33843330536913], [-3.0214467005076138, 43.33680788590603], [-3.0224222715736038, 43.333882130872475]]], [[[-2.7030853426395938, 43.413527684563746], [-2.7050364847715738, 43.42132969798657], [-2.7082883883248723, 43.42230494966442], [-2.710889911167512, 43.426205956375824], [-2.7210414152805065, 43.426882501752786], [-2.735737577365655, 43.43751795079764], [-2.745390334494656, 43.442813929189], [-2.7466608502538064, 43.45221266778523], [-2.7505631345177664, 43.45416317114094], [-2.7515387055837564, 43.45741401006711], [-2.7547906091370558, 43.45838926174496], [-2.759343274111675, 43.45806417785234], [-2.7612944162436546, 43.45513842281879], [-2.765196700507614, 43.453513003355695], [-2.7808058375634515, 43.45221266778523], [-2.783082170050761, 43.448961828859055], [-2.797715736040609, 43.446036073825496], [-2.8006049308468803, 43.441992525330704], [-2.8072069845829932, 43.440157813729705], [-2.835701562453613, 43.438096162469954], [-2.8621034263959384, 43.43790897651005], [-2.8757614213197966, 43.43953439597314], [-2.877062182741116, 43.441809983221475], [-2.8796637055837557, 43.442460151006706], [-2.8887690355329942, 43.44278523489932], [-2.8952728426395935, 43.441809983221475], [-2.8974167597066067, 43.43813590005754], [-2.9009328525574367, 43.43824808206595], [-2.9017766497461923, 43.44083473154362], [-2.9040529822335017, 43.441809983221475], [-2.931368972081218, 43.442460151006706], [-2.938197969543147, 43.44083473154362], [-2.9391735406091364, 43.43855914429528], [-2.9411246827411164, 43.43790897651005], [-2.9528315355329946, 43.43660864093958], [-2.9547826776649746, 43.43270763422818], [-2.958034581218273, 43.43173238255033], [-2.9590101522842636, 43.42588087248321], [-2.9609612944162427, 43.42263003355704], [-2.9681154822335025, 43.42100461409396], [-2.9788467639593907, 43.409301593959725], [-2.98209866751269, 43.40735109060401], [-2.994455901015228, 43.404425335570465], [-2.9973826142131976, 43.39662332214764], [-3.0051871827411163, 43.39499790268455], [-3.0077887055837556, 43.39109689597315], [-3.015593274111675, 43.38979656040269], [-3.0175444162436547, 43.386545721476494], [-3.0357550761421317, 43.38459521812079], [-3.0380314086294415, 43.38069421140939], [-3.041283312182741, 43.37971895973154], [-3.0416085025380704, 43.3715918624161], [-3.033478743654822, 43.36444001677852], [-3.029901649746192, 43.35696308724832], [-3.0282756979695433, 43.34786073825504], [-3.0305520304568523, 43.34395973154362], [-3.0364054568527914, 43.344934983221464], [-3.0383565989847714, 43.34786073825504], [-3.0504984557678045, 43.345931977978175], [-3.058268272647219, 43.35085084459871], [-3.0588435913705583, 43.35241191275168], [-3.060794733502538, 43.35371224832214], [-3.065391298000507, 43.35417175428693], [-3.0727665094033987, 43.35755614623973], [-3.0721763959390858, 43.35858850671141], [-3.0565672588832484, 43.359888842281876], [-3.052664974619289, 43.36151426174497], [-3.0542909263959386, 43.36378984899328], [-3.0575428299492384, 43.36444001677852], [-3.0770542512690353, 43.36378984899328], [-3.0796550335244532, 43.360717203506894], [-3.0894401268316574, 43.36520746002121], [-3.091732475794147, 43.36392249351921], [-3.1134755710659894, 43.36444001677852], [-3.1180282360406086, 43.36378984899328], [-3.1242068527918776, 43.359888842281876], [-3.1398159898477154, 43.35858850671141], [-3.141104891597372, 43.35644104040891], [-3.177514125171365, 43.36486503504148], [-3.2008057062380035, 43.38422531937511], [-3.210913428102241, 43.38837797744336], [-3.2235671689985983, 43.3901174902461], [-3.225666243654822, 43.39824874161073], [-3.2282677664974617, 43.400199244966444], [-3.243876903553299, 43.402149748322145], [-3.245177664974619, 43.40442533557045], [-3.2484295685279183, 43.40540058724831], [-3.2939562182741113, 43.40735109060401], [-3.2972081218274107, 43.40832634228187], [-3.298508883248731, 43.4106019295302], [-3.3050126903553294, 43.411577181208045], [-3.3167195431472076, 43.4106019295302], [-3.318450927658911, 43.407634813505695], [-3.3231518090399472, 43.408111788905025], [-3.324198921319797, 43.41125209731543], [-3.327450824873096, 43.412227348993284], [-3.328426395939086, 43.418078859060394], [-3.331027918781725, 43.41970427852348], [-3.344035532994923, 43.4200293624161], [-3.3668093917821036, 43.41813216217037], [-3.3749286167512684, 43.42165478187919], [-3.3944400380710658, 43.42295511744966], [-3.398017131979695, 43.426205956375824], [-3.4155774111675123, 43.42718120805368], [-3.4214308375634515, 43.429456795302], [-3.425333121827411, 43.43400796979864], [-3.4272842639593906, 43.44083473154362], [-3.42825983502538, 43.461315016778514], [-3.42923540609137, 43.46359060402684], [-3.4317516478312022, 43.4644290766795], [-3.4324873096446695, 43.46684144295301], [-3.43433756268414, 43.4670264076823], [-3.4371948211782524, 43.46904493513806], [-3.47428695050671, 43.47374426100292], [-3.475087246192893, 43.47854446308724], [-3.4786643401015223, 43.47984479865771], [-3.4825666243654814, 43.485696308724826], [-3.485493337563451, 43.487646812080534], [-3.5098826142131974, 43.49024748322147], [-3.5157360406091365, 43.493498322147644], [-3.5157360406091365, 43.496098993288584], [-3.393311292014283, 43.49804949664429], [-2.781187549040016, 43.49999999999999], [-1.9245396243334554, 43.499349832214754], [-1.680340758058575, 43.49804949664429], [-1.5588919558359613, 43.496098993288584], [-1.5621451104100936, 43.49154781879194], [-1.57678430599369, 43.488622063758385], [-1.5787361987381694, 43.48472105704697], [-1.5819893533123017, 43.48374580536912], [-1.5839412460567812, 43.47529362416107], [-1.5956526025236584, 43.46456585570469], [-1.5976044952681376, 43.461315016778514], [-1.599231072555204, 43.45091233221476], [-1.600532334384857, 43.448961828859055], [-1.6083399053627752, 43.446036073825496], [-1.6109424290220808, 43.43823406040267], [-1.6177740536277594, 43.4369337248322], [-1.6249309936908507, 43.428806627516764], [-1.6418473974763397, 43.42230494966443], [-1.6451005520504722, 43.42035444630872], [-1.650956230283911, 43.413202600671134], [-1.6675473186119865, 43.40702600671139], [-1.6734029968454247, 43.402149748322145], [-1.7007294952681375, 43.400199244966444], [-1.7046332807570965, 43.39629823825502], [-1.712440851735015, 43.39499790268455], [-1.7139792214852905, 43.39192335325687], [-1.7433118449820035, 43.38846227380904], [-1.7452977129337528, 43.39824874161073], [-1.7501774447949514, 43.40117449664429], [-1.7589609621451094, 43.39922399328859], [-1.760912854889589, 43.39142197986577], [-1.7641660094637213, 43.39044672818792], [-1.7664432176656142, 43.386545721476494], [-1.7729495268138793, 43.38557046979865], [-1.78205835962145, 43.38622063758388], [-1.7846608832807562, 43.38752097315435], [-1.7869380914826487, 43.39532298657717], [-1.790841876971608, 43.39694840604025], [-1.7918178233438478, 43.400199244966444], [-1.7996253943217657, 43.400849412751676], [-1.8025532334384846, 43.39629823825502], [-1.8064570189274438, 43.39499790268455], [-1.8074329652996837, 43.39174706375839], [-1.8113613219662734, 43.393439744795465], [-1.8311370524295563, 43.38568970761624], [-1.8464708201892734, 43.38459521812079], [-1.8493986593059926, 43.38134437919463], [-1.863061908517349, 43.37939387583893], [-1.8659897476340683, 43.375492869127505], [-1.8724960567823334, 43.374517617449655], [-1.874447949526813, 43.371266778523484], [-1.8754238958990528, 43.36541526845637], [-1.8812795741324913, 43.36183934563758], [-1.8876375290700995, 43.35355226401678], [-1.9168810560631142, 43.34395026514858], [-1.9248718454258664, 43.34298447986576], [-1.928124999999999, 43.3397336409396], [-1.9362578864353304, 43.33875838926174], [-1.9427153237314796, 43.33918857864761], [-1.9460557455873482, 43.341149346316406], [-1.9527890020805396, 43.34135413239305], [-1.955451498422712, 43.343634647651], [-1.9655362776025227, 43.34330956375838], [-1.970090694006308, 43.340058724832204], [-1.9719950640725215, 43.33746370505287], [-1.9942328954969806, 43.326987277777725], [-2.007041234807769, 43.32358486794431], [-2.0097791798107245, 43.325104865771806], [-2.010755126182964, 43.328030620805364], [-2.013032334384857, 43.32835570469798], [-2.014658911671923, 43.327380453020126], [-2.0149842271293363, 43.325104865771806], [-2.0172614353312293, 43.32412961409395], [-2.0491423501577275, 43.32217911073824], [-2.0527208201892733, 43.31892827181207], [-2.0709384858044158, 43.31697776845637], [-2.0732156940063087, 43.31372692953019], [-2.084927050473185, 43.31242659395973], [-2.0878548895899045, 43.31080117449663], [-2.0888308359621446, 43.30852558724831], [-2.100542192429021, 43.30722525167785], [-2.1047712933753937, 43.30332424496643], [-2.1073738170346994, 43.3026740771812], [-2.1229889589905353, 43.301373741610725], [-2.124290220820188, 43.29909815436241], [-2.129169952681387, 43.29747273489932], [-2.141432158098499, 43.29788118413203], [-2.14505392096675, 43.299538549893654], [-2.1492960071471985, 43.29883990569879], [-2.152267350157728, 43.30234899328858], [-2.1545445583596203, 43.30202390939597], [-2.1571470820189265, 43.298122902684554], [-2.160400236593059, 43.29747273489932], [-2.1776776653798673, 43.298048239247116], [-2.191331215138393, 43.31037921118261], [-2.1966110702854067, 43.31323947065293], [-2.2137212080362505, 43.31127342949827], [-2.2381506309148254, 43.31242659395973], [-2.2420544164037848, 43.31177642617448], [-2.245307570977917, 43.30852558724831], [-2.2479100946372226, 43.30787541946308], [-2.260922712933753, 43.30722525167785], [-2.2648264984227118, 43.30559983221476], [-2.2648264984227118, 43.30429949664429], [-2.279465694006308, 43.3026740771812], [-2.2933593827289243, 43.3026740771812], [-2.3273779707078597, 43.30536496250448], [-2.3679110047096747, 43.31428329220765], [-2.384241337210577, 43.31992757227662], [-2.386494479495267, 43.32217911073824], [-2.3918077867122896, 43.32254277684229], [-2.431202431280561, 43.336158813573235], [-2.433665220820188, 43.3381082214765], [-2.4414155824153827, 43.33968880204031], [-2.4649160047096745, 43.34781129220765], [-2.4843420044513356, 43.3693112107786], [-2.5081630169586324, 43.37595048747209], [-2.511090299684542, 43.37841862416107], [-2.543886864156152, 43.38133901004352], [-2.550453470031545, 43.38329488255033], [-2.5550078864353303, 43.38622063758389], [-2.5602129337539425, 43.39304739932885], [-2.565417981072554, 43.39597315436241], [-2.5699723974763398, 43.39564807046979], [-2.571924290220819, 43.392722315436245], [-2.580822585135555, 43.39209116969728], [-2.6072478232214693, 43.400411676725916], [-2.6286682517566033, 43.403208036047985], [-2.6377220812182736, 43.40637583892615], [-2.641624365482233, 43.412227348993284], [-2.642274746192893, 43.419054110738244], [-2.6455266497461927, 43.4219798657718], [-2.650079314720812, 43.42165478187919], [-2.654306789340101, 43.41775377516777], [-2.686175444162436, 43.41580327181207], [-2.688451776649746, 43.41482802013421], [-2.6894273477157356, 43.4125524328859], [-2.694305203045685, 43.411577181208045], [-2.7030853426395938, 43.413527684563746]]], [[[-4.71973614636209, 43.41775377516777], [-4.720711717428079, 43.4200293624161], [-4.725589572758029, 43.42165478187919], [-4.745100994077825, 43.42295511744966], [-4.748027707275795, 43.426205956375824], [-4.7506292301184345, 43.42685612416106], [-4.766238367174273, 43.428156459731525], [-4.769490270727571, 43.43205746644295], [-4.777294839255491, 43.43335780201342], [-4.7789207910321405, 43.43660864093958], [-4.790627643824019, 43.43790897651005], [-4.795830689509298, 43.441809983221475], [-4.822834555487162, 43.44346273987218], [-4.8338779610829015, 43.447661493288585], [-4.850648790851829, 43.45041346934826], [-4.8520886209813785, 43.45221266778523], [-4.854690143824019, 43.452862835570464], [-4.870299280879856, 43.45416317114094], [-4.873551184433156, 43.45838926174496], [-4.8764778976311245, 43.45741401006711], [-4.876803087986455, 43.45513842281879], [-4.878492753116688, 43.454669225052726], [-4.90784963265305, 43.45915621962497], [-4.930784686971226, 43.46879194630872], [-4.932085208762592, 43.46835858096907], [-4.941075309488551, 43.47022463971741], [-4.9520141369439274, 43.46864023851946], [-4.953900923691556, 43.467449129098775], [-5.010891705168318, 43.4651783555535], [-5.044855573774675, 43.47273484841283], [-5.051612267639957, 43.46952817689079], [-5.056633354483917, 43.46976719798657], [-5.060210448392546, 43.47269295302013], [-5.062157207029518, 43.47240914366449], [-5.0685127974415645, 43.480026194475364], [-5.091841821750982, 43.484779412605334], [-5.119651486757275, 43.485776681132286], [-5.122972186971227, 43.488622063758385], [-5.126224090524526, 43.489272231543616], [-5.142483608291023, 43.489272231543616], [-5.1457355118443235, 43.488622063758385], [-5.147066146884034, 43.48675978458626], [-5.178106914358878, 43.487882208345226], [-5.214905657421196, 43.498151932511824], [-4.649968935067676, 43.49999999999999], [-3.954343472398475, 43.499674916107374], [-3.6588486407319443, 43.4980638377638], [-3.666350886779487, 43.49531246789983], [-3.6748956454542974, 43.48911390303521], [-3.6822335025380704, 43.487646812080534], [-3.685509450497663, 43.483904097268336], [-3.6878928661097112, 43.48282202991068], [-3.6979398416922913, 43.48224994627376], [-3.7007693527918777, 43.48407088926174], [-3.7105250634517764, 43.48407088926174], [-3.713580767341918, 43.481452571979446], [-3.7176523449914614, 43.48124500297568], [-3.7246079798935594, 43.47899530470675], [-3.738816624365482, 43.47724412751678], [-3.746210224697471, 43.469237016097054], [-3.749152121489232, 43.469553337785385], [-3.75117385786802, 43.47301803691275], [-3.769384517766497, 43.474968540268456], [-3.7716608502538067, 43.47886954697986], [-3.7749998148316255, 43.48036699378955], [-3.775888324873096, 43.485696308724826], [-3.7778394670050757, 43.488947147651], [-3.784343274111675, 43.48992239932885], [-3.7862944162436545, 43.492848154362406], [-3.789221129441624, 43.49382340604026], [-3.803854695431472, 43.494798657718114], [-3.8181677794159006, 43.49426871704835], [-3.8267232699974114, 43.49549944729528], [-3.856368721807619, 43.49092594377191], [-3.8750982528864735, 43.4824266446378], [-3.87539657360406, 43.483420721476506], [-3.881249999999999, 43.484395973154356], [-3.8845019035532986, 43.483420721476506], [-3.8851522842639588, 43.48114513422818], [-3.887753807106598, 43.48016988255033], [-3.8891125555059887, 43.480113286568475], [-3.8937523759342727, 43.48325849618187], [-3.9018376655733293, 43.4795832472332], [-3.9132613831001155, 43.479107414834715], [-3.922640430929958, 43.48106238406769], [-3.946288071065989, 43.47301803691275], [-3.9485310820506485, 43.470915902549], [-3.957561103810069, 43.46611911191313], [-3.9671002538071054, 43.46294043624161], [-3.968525231882463, 43.460294914777236], [-3.973099, 43.457865307334266], [-3.9742544416243653, 43.45416317114094], [-3.982059010152284, 43.452862835570464], [-3.985961294416243, 43.448961828859055], [-4.004420002977747, 43.448449254818996], [-4.012752447027025, 43.45095464744455], [-4.015372597514816, 43.45027336968193], [-4.016203997461928, 43.45221266778523], [-4.018155139593908, 43.452862835570464], [-4.024984137055837, 43.45318791946308], [-4.029861992385786, 43.45221266778523], [-4.032463515228425, 43.448961828859055], [-4.056202411167512, 43.446036073825496], [-4.062055837563451, 43.43953439597314], [-4.067909263959391, 43.43758389261744], [-4.076689403553299, 43.43855914429528], [-4.079616116751269, 43.442460151006706], [-4.086119923857868, 43.442460151006706], [-4.088721446700507, 43.43855914429528], [-4.0988023477157345, 43.43563338926174], [-4.100161978657752, 43.43351910021133], [-4.160408020370215, 43.419756225835435], [-4.1833141374648415, 43.40666784512774], [-4.244162436548223, 43.40540058724831], [-4.249365482233502, 43.40442533557045], [-4.250991434010151, 43.402149748322145], [-4.273754758883248, 43.400199244966444], [-4.275905543739851, 43.39712770108053], [-4.28294601697166, 43.39658345816679], [-4.285136421319796, 43.39694840604025], [-4.285786802030456, 43.39922399328859], [-4.287737944162436, 43.400199244966444], [-4.297493654822334, 43.40117449664429], [-4.315053934010152, 43.400199244966444], [-4.318956218274112, 43.39629823825502], [-4.32546002538071, 43.39629823825502], [-4.328386738578679, 43.400849412751676], [-4.3316386421319795, 43.401824664429526], [-4.333264593908629, 43.409626677852344], [-4.336516497461928, 43.411577181208045], [-4.342369923857868, 43.4106019295302], [-4.343345494923858, 43.40735109060401], [-4.344971446700507, 43.40637583892617], [-4.347247779187816, 43.40670092281878], [-4.350174492385786, 43.41125209731543], [-4.356678299492385, 43.41125209731543], [-4.359605012690355, 43.40735109060401], [-4.371311865482233, 43.40605075503355], [-4.375539340101522, 43.402149748322145], [-4.3781408629441625, 43.40149958053691], [-4.39114847715736, 43.40149958053691], [-4.393749999999999, 43.402149748322145], [-4.397001903553299, 43.40540058724831], [-4.400904187817258, 43.40605075503355], [-4.420415609137056, 43.40605075503355], [-4.424317893401015, 43.40540058724831], [-4.428545368020305, 43.402149748322145], [-4.460414022842639, 43.400199244966444], [-4.462690355329949, 43.39922399328859], [-4.4633407360406085, 43.39694840604025], [-4.466592639593908, 43.39597315436241], [-4.472446065989847, 43.39694840604025], [-4.473096446700507, 43.39922399328859], [-4.476023159898476, 43.400849412751676], [-4.4877300126903545, 43.402149748322145], [-4.4896811548223345, 43.40540058724831], [-4.4916322969543145, 43.40605075503355], [-4.501388007614213, 43.40605075503355], [-4.503339149746193, 43.40540058724831], [-4.504314720812182, 43.403125], [-4.507241434010152, 43.402474832214764], [-4.548215418781726, 43.40507550335569], [-4.551428543386996, 43.4037572610765], [-4.579278691322417, 43.40555412956213], [-4.5810596446700504, 43.40637583892617], [-4.585668565450885, 43.405966398950255], [-4.705166290662786, 43.41367629324005], [-4.706078151438232, 43.41580327181207], [-4.71973614636209, 43.41775377516777]]]]}}, {"type": "Feature", "properties": {"t": "b15", "lvl": 15}, "geometry": {"type": "MultiPolygon", "coordinates": [[[[-6.282600994077825, 36.45865885416666], [-6.284877326565135, 36.45833333333333], [-6.286503278341784, 36.46223958333333], [-6.286503278341784, 36.47526041666666], [-6.284877326565135, 36.47916666666666], [-6.281950613367165, 36.47721354166666], [-6.280649851945846, 36.46940104166666], [-6.277397948392546, 36.46842447916666], [-6.276422377326557, 36.46679687499999], [-6.276747567681887, 36.46451822916666], [-6.280649851945846, 36.46321614583333], [-6.282600994077825, 36.45865885416666]]], [[[-8.345947017766488, 37.08235677083333], [-8.33716687817258, 37.07747395833333], [-8.313753172588823, 37.07226562499999], [-8.311151649746183, 37.06868489583333], [-8.303347081218266, 37.06738281249999], [-8.301395939086285, 37.06445312499999], [-8.298144035532987, 37.06380208333333], [-8.252617385786792, 37.06640624999999], [-8.244487626903544, 37.06282552083333], [-8.224976205583747, 37.06152343749999], [-8.22074873096446, 37.05826822916666], [-8.189530456852783, 37.05696614583333], [-8.181725888324864, 37.05533854166666], [-8.181725888324864, 37.05403645833333], [-8.179124365482226, 37.05305989583333], [-8.147906091370551, 37.05175781249999], [-8.140101522842631, 37.05013020833333], [-8.140101522842631, 37.04882812499999], [-8.136199238578673, 37.04720052083333], [-8.122866434010145, 37.04622395833333], [-8.119614530456843, 37.04492187499999], [-8.112785532994916, 37.03808593749999], [-8.084168781725882, 37.03157552083333], [-8.075713832487303, 37.02734374999999], [-8.074413071065981, 37.02473958333333], [-8.069860406091362, 37.02148437499999], [-8.057828362944154, 37.01985677083333], [-8.056202411167504, 37.01660156249999], [-8.048397842639584, 37.01529947916666], [-8.045471129441616, 37.01139322916666], [-8.043519987309637, 37.01074218749999], [-8.031813134517758, 37.00944010416666], [-8.030187182741109, 37.00618489583333], [-8.02010628172588, 37.00325520833333], [-8.017179568527911, 36.99869791666666], [-8.0116513324873, 36.99446614583333], [-7.994741434010144, 36.98795572916666], [-7.988562817258876, 36.97981770833333], [-7.984335342639586, 36.97819010416666], [-7.983359771573596, 36.97493489583333], [-7.975230012690347, 36.97330729166666], [-7.968075824873088, 36.96516927083333], [-7.964823921319789, 36.96321614583333], [-7.95149111675126, 36.95898437499999], [-7.946288071065981, 36.95410156249999], [-7.930678934010143, 36.95279947916666], [-7.928077411167504, 36.95214843749999], [-7.926776649746184, 36.94986979166666], [-7.923524746192885, 36.94921874999999], [-7.894257614213189, 36.95117187499999], [-7.877998096446692, 36.95475260416666], [-7.874746192893393, 36.95703124999999], [-7.874746192893393, 36.95963541666666], [-7.871819479695423, 36.96289062499999], [-7.862063769035524, 36.96386718749999], [-7.859137055837555, 36.96549479166666], [-7.858161484771565, 36.96777343749999], [-7.846454631979687, 36.96907552083333], [-7.841576776649738, 36.97330729166666], [-7.817837880710651, 36.97884114583333], [-7.810358502538063, 36.98307291666666], [-7.807106598984763, 36.98763020833333], [-7.791497461928925, 36.99153645833333], [-7.784668464466996, 36.99934895833333], [-7.777839467005068, 37.00032552083333], [-7.775237944162428, 37.00423177083333], [-7.767433375634509, 37.00553385416666], [-7.76353109137055, 37.00976562499999], [-7.740117385786793, 37.01497395833333], [-7.734263959390854, 37.01757812499999], [-7.732312817258875, 37.02050781249999], [-7.725483819796946, 37.02148437499999], [-7.717028870558368, 37.03059895833333], [-7.708899111675119, 37.03222656249999], [-7.707598350253798, 37.03580729166666], [-7.69946859137055, 37.04134114583333], [-7.692314403553291, 37.05045572916666], [-7.673128172588823, 37.05794270833333], [-7.669876269035525, 37.06217447916666], [-7.663372461928926, 37.06315104166666], [-7.660445748730956, 37.07096354166666], [-7.6584946065989765, 37.07226562499999], [-7.648413705583748, 37.07356770833333], [-7.645812182741109, 37.07486979166666], [-7.638983185279179, 37.08268229166666], [-7.6321541878172505, 37.08365885416666], [-7.629552664974611, 37.08756510416666], [-7.621748096446692, 37.08886718749999], [-7.619146573604053, 37.09277343749999], [-7.610691624365474, 37.09472656249999], [-7.597033629441616, 37.10937499999999], [-7.594106916243646, 37.10839843749999], [-7.593131345177657, 37.10514322916666], [-7.587277918781718, 37.10416666666666], [-7.583050444162428, 37.10611979166666], [-7.577847398477148, 37.11263020833333], [-7.558661167512682, 37.11555989583333], [-7.557360406091362, 37.11783854166666], [-7.554758883248723, 37.11881510416666], [-7.5183375634517695, 37.12076822916666], [-7.515736040609129, 37.12174479166666], [-7.514760469543139, 37.12402343749999], [-7.50988261421319, 37.12499999999999], [-7.50110247461928, 37.12402343749999], [-7.499801713197961, 37.12076822916666], [-7.496874999999991, 37.11979166666666], [-7.493297906091362, 37.12402343749999], [-7.473786484771566, 37.12532552083333], [-7.468908629441616, 37.12695312499999], [-7.467282677664967, 37.12923177083333], [-7.459152918781718, 37.13020833333333], [-7.44451935279187, 37.12923177083333], [-7.4415926395939005, 37.12597656249999], [-7.425983502538063, 37.12467447916666], [-7.422081218274103, 37.12304687499999], [-7.422081218274103, 37.12174479166666], [-7.417528553299484, 37.12076822916666], [-7.394765228426388, 37.11979166666666], [-7.362246192893393, 37.12076822916666], [-7.351840101522836, 37.12272135416666], [-7.345336294416237, 37.12565104166666], [-7.339157677664965, 37.13248697916666], [-7.334605012690346, 37.13444010416666], [-7.313467639593901, 37.13736979166666], [-7.30728902284263, 37.14420572916666], [-7.290704314720803, 37.15039062499999], [-7.284525697969534, 37.15559895833333], [-7.2526570431472, 37.16210937499999], [-7.248429568527911, 37.16666666666666], [-7.24550285532994, 37.16569010416666], [-7.24452728426395, 37.16243489583333], [-7.241275380710651, 37.16145833333333], [-7.2367227157360325, 37.16178385416666], [-7.234121192893392, 37.16569010416666], [-7.230869289340093, 37.16666666666666], [-7.225015862944153, 37.16569010416666], [-7.224040291878163, 37.16243489583333], [-7.222414340101514, 37.16145833333333], [-7.220138007614205, 37.16178385416666], [-7.219162436548215, 37.16471354166666], [-7.2168861040609045, 37.16569010416666], [-7.189570114213189, 37.16634114583333], [-7.18501744923857, 37.16569010416666], [-7.178838832487301, 37.16178385416666], [-7.163229695431464, 37.16048177083333], [-7.159977791878164, 37.15624999999999], [-7.1577014593908554, 37.15657552083333], [-7.156725888324865, 37.15950520833333], [-7.1537991751268954, 37.16113281249999], [-7.144043464466996, 37.16113281249999], [-7.142092322335016, 37.16048177083333], [-7.140141180203036, 37.15722656249999], [-7.131361040609129, 37.15624999999999], [-7.126483185279179, 37.15722656249999], [-7.125182423857859, 37.16048177083333], [-7.122255710659889, 37.16145833333333], [-7.119003807106591, 37.15722656249999], [-7.102744289340093, 37.15494791666666], [-7.095590101522834, 37.14843749999999], [-7.087785532994917, 37.13671874999999], [-7.080306154822325, 37.13476562499999], [-7.073802347715728, 37.12695312499999], [-7.065022208121819, 37.12467447916666], [-7.063071065989839, 37.12174479166666], [-7.05916878172588, 37.12044270833333], [-7.004536802030448, 37.11393229166666], [-7.000634517766489, 37.11263020833333], [-7.000309327411159, 37.11035156249999], [-6.99868337563451, 37.10937499999999], [-6.996407043147199, 37.10970052083333], [-6.99543147208121, 37.11263020833333], [-6.992179568527911, 37.11360677083333], [-6.975920050761413, 37.11458333333333], [-6.946652918781718, 37.11360677083333], [-6.943401015228418, 37.11263020833333], [-6.941449873096438, 37.10970052083333], [-6.9368972081218185, 37.10937499999999], [-6.93364530456852, 37.11035156249999], [-6.93266973350253, 37.11360677083333], [-6.929743020304559, 37.11458333333333], [-6.92616592639593, 37.11035156249999], [-6.903402601522834, 37.10839843749999], [-6.899825507614205, 37.10481770833333], [-6.895923223350246, 37.10351562499999], [-6.872509517766489, 37.09830729166666], [-6.86925761421319, 37.09472656249999], [-6.851046954314713, 37.09277343749999], [-6.8477950507614125, 37.08886718749999], [-6.839990482233494, 37.08756510416666], [-6.839014911167504, 37.08430989583333], [-6.837388959390855, 37.08333333333333], [-6.835112626903545, 37.08365885416666], [-6.8334866751268954, 37.08723958333333], [-6.824381345177656, 37.08463541666666], [-6.822755393401007, 37.08821614583333], [-6.820479060913697, 37.08854166666666], [-6.817552347715727, 37.08430989583333], [-6.80389435279187, 37.08235677083333], [-6.80226840101522, 37.07910156249999], [-6.794463832487301, 37.07779947916666], [-6.789911167512681, 37.07356770833333], [-6.758042512690348, 37.06770833333333], [-6.746986040609128, 37.06184895833333], [-6.744384517766489, 37.05794270833333], [-6.7382059010152195, 37.05305989583333], [-6.725848667512682, 37.05013020833333], [-6.724873096446692, 37.04557291666666], [-6.720970812182733, 37.04134114583333], [-6.705361675126895, 37.03580729166666], [-6.702109771573595, 37.03157552083333], [-6.694305203045678, 37.03027343749999], [-6.693004441624358, 37.02669270833333], [-6.684874682741109, 37.02115885416666], [-6.678370875634508, 37.01236979166666], [-6.668289974619281, 37.00846354166666], [-6.667314403553291, 37.00195312499999], [-6.665688451776642, 36.99999999999999], [-6.663412119289331, 37.00032552083333], [-6.662436548223342, 37.00325520833333], [-6.659324436865473, 37.00488281249999], [-6.648950732339247, 37.00423177083333], [-6.645838620981379, 36.99934895833333], [-6.644863049915388, 36.99055989583333], [-6.64096076565143, 36.98860677083333], [-6.63998519458544, 36.98535156249999], [-6.630879864636202, 36.98339843749999], [-6.6299042935702115, 36.98014322916666], [-6.625351628595592, 36.97721354166666], [-6.624701247884932, 36.97070312499999], [-6.621774534686962, 36.96874999999999], [-6.620798963620972, 36.96614583333333], [-6.6198233925549825, 36.94270833333333], [-6.617547060067672, 36.93489583333333], [-6.612994395093054, 36.92968749999999], [-6.606165397631125, 36.92708333333333], [-6.585678405245339, 36.92610677083333], [-6.5834020727580285, 36.92513020833333], [-6.582426501692039, 36.92220052083333], [-6.579174598138739, 36.92089843749999], [-6.577548646362089, 36.90917968749999], [-6.576247884940769, 36.90722656249999], [-6.56974407783417, 36.90527343749999], [-6.565841793570211, 36.89062499999999], [-6.559337986463612, 36.88509114583333], [-6.556411273265643, 36.86588541666666], [-6.552508989001684, 36.86360677083333], [-6.551533417935694, 36.86035156249999], [-6.545679991539755, 36.85937499999999], [-6.541452516920465, 36.85253906249999], [-6.535924280879857, 36.82519531249999], [-6.5323471869712275, 36.82128906249999], [-6.531046425549907, 36.80175781249999], [-6.5303960448392475, 36.79850260416666], [-6.527144141285947, 36.79524739583333], [-6.525192999153967, 36.77246093749999], [-6.521290714890009, 36.76888020833333], [-6.519989953468689, 36.76106770833333], [-6.516738049915388, 36.75944010416666], [-6.515112098138738, 36.74772135416666], [-6.51186019458544, 36.74479166666666], [-6.506006768189501, 36.74381510416666], [-6.505031197123511, 36.74055989583333], [-6.50080372250422, 36.73828124999999], [-6.496901438240261, 36.72656249999999], [-6.492348773265642, 36.72005208333333], [-6.480316730118434, 36.71777343749999], [-6.479015968697114, 36.71451822916666], [-6.475113684433155, 36.71223958333333], [-6.473162542301176, 36.69401041666666], [-6.469260258037217, 36.69173177083333], [-6.468284686971227, 36.68847656249999], [-6.462431260575288, 36.68749999999999], [-6.459179357021988, 36.68554687499999], [-6.4575534052453385, 36.67773437499999], [-6.454626692047368, 36.67643229166666], [-6.457228214890009, 36.66731770833333], [-6.4539763113367075, 36.66536458333333], [-6.447472504230111, 36.64713541666666], [-6.443245029610821, 36.64388020833333], [-6.44226945854483, 36.63736979166666], [-6.433164128595592, 36.63346354166666], [-6.4315381768189415, 36.62565104166666], [-6.427635892554983, 36.62402343749999], [-6.426660321488993, 36.62076822916666], [-6.4188557529610755, 36.61946614583333], [-6.415929039763105, 36.61490885416666], [-6.412677136209805, 36.61393229166666], [-6.411376374788485, 36.60611979166666], [-6.4068237098138665, 36.60319010416666], [-6.405848138747876, 36.59993489583333], [-6.3967428087986375, 36.59798177083333], [-6.395767237732647, 36.59472656249999], [-6.394141285955998, 36.59374999999999], [-6.391864953468689, 36.59407552083333], [-6.389588620981379, 36.59765624999999], [-6.371377961082902, 36.59505208333333], [-6.369101628595592, 36.59863281249999], [-6.365849725042294, 36.59863281249999], [-6.363898582910314, 36.59472656249999], [-6.355118443316404, 36.59374999999999], [-6.3502405879864545, 36.59179687499999], [-6.348289445854475, 36.58398437499999], [-6.345037542301176, 36.58300781249999], [-6.343086400169197, 36.57910156249999], [-6.329428405245338, 36.57714843749999], [-6.328127643824018, 36.57389322916666], [-6.324225359560059, 36.57194010416666], [-6.3235749788494, 36.56022135416666], [-6.324225359560059, 36.55826822916666], [-6.328127643824018, 36.55533854166666], [-6.329428405245338, 36.54752604166666], [-6.333330689509297, 36.54589843749999], [-6.334306260575287, 36.54264322916666], [-6.342110829103207, 36.54101562499999], [-6.3440619712351864, 36.53776041666666], [-6.343086400169197, 36.53190104166666], [-6.339834496615897, 36.52994791666666], [-6.338858925549907, 36.51822916666666], [-6.336907783417927, 36.51432291666666], [-6.333005499153968, 36.51171874999999], [-6.327152072758029, 36.51041666666666], [-6.313819268189501, 36.50976562499999], [-6.310567364636201, 36.50846354166666], [-6.3095917935702115, 36.50651041666666], [-6.31251850676818, 36.50195312499999], [-6.322599407783409, 36.49902343749999], [-6.3235749788494, 36.49576822916666], [-6.327477263113359, 36.49414062499999], [-6.328127643824018, 36.48632812499999], [-6.324225359560059, 36.48372395833333], [-6.32227421742808, 36.47460937499999], [-6.318371933164121, 36.47298177083333], [-6.317071171742801, 36.46907552083333], [-6.3138192681895005, 36.46809895833333], [-6.31251850676818, 36.46028645833333], [-6.308616222504221, 36.45703124999999], [-6.306665080372242, 36.43880208333333], [-6.305689509306252, 36.43749999999999], [-6.303413176818942, 36.43815104166666], [-6.302112415397621, 36.44596354166666], [-6.300486463620973, 36.44791666666666], [-6.297559750423004, 36.44694010416666], [-6.296258989001684, 36.44303385416666], [-6.293007085448384, 36.44205729166666], [-6.292356704737724, 36.43424479166666], [-6.296909369712344, 36.43131510416666], [-6.297234560067674, 36.42903645833333], [-6.2952834179356945, 36.42740885416666], [-6.288779610829094, 36.42610677083333], [-6.286828468697115, 36.42122395833333], [-6.285852897631125, 36.41243489583333], [-6.281950613367165, 36.41048177083333], [-6.280975042301176, 36.40722656249999], [-6.271869712351938, 36.40527343749999], [-6.270894141285948, 36.40201822916666], [-6.266991857021988, 36.40039062499999], [-6.264065143824018, 36.39029947916666], [-6.2562605752961, 36.38378906249999], [-6.25528500423011, 36.37695312499999], [-6.25138271996615, 36.37337239583333], [-6.250081958544831, 36.35384114583333], [-6.249431577834171, 36.35058593749999], [-6.246179674280871, 36.34765624999999], [-6.245529293570211, 36.34505208333333], [-6.244553722504222, 36.33170572916666], [-6.241301818950921, 36.32617187499999], [-6.235448392554984, 36.32128906249999], [-6.234798011844323, 36.31640624999999], [-6.232846869712343, 36.31315104166666], [-6.2263430626057445, 36.31315104166666], [-6.223416349407775, 36.32096354166666], [-6.221465207275795, 36.32226562499999], [-6.214636209813866, 36.32291666666666], [-6.211059115905237, 36.32161458333333], [-6.207807212351937, 36.31901041666666], [-6.199352263113359, 36.30598958333333], [-6.196100359560059, 36.30338541666666], [-6.182767554991531, 36.30013020833333], [-6.177889699661582, 36.29361979166666], [-6.168784369712342, 36.29101562499999], [-6.1616301818950845, 36.28320312499999], [-6.142443950930618, 36.28027343749999], [-6.139192047377318, 36.27636718749999], [-6.1313874788494, 36.27506510416666], [-6.12976152707275, 36.27180989583333], [-6.118054674280871, 36.27050781249999], [-6.116103532148891, 36.26985677083333], [-6.1131768189509215, 36.26595052083333], [-6.1066730118443235, 36.26497395833333], [-6.1047218697123435, 36.26171874999999], [-6.105372250423004, 36.25716145833333], [-6.1086241539763035, 36.25520833333333], [-6.114477580372242, 36.25423177083333], [-6.115453151438231, 36.25097656249999], [-6.119355435702191, 36.24967447916666], [-6.120331006768181, 36.24804687499999], [-6.12000581641285, 36.24576822916666], [-6.116103532148891, 36.24381510416666], [-6.114802770727572, 36.23209635416666], [-6.113176818950922, 36.22916666666666], [-6.1109004864636125, 36.22851562499999], [-6.109924915397623, 36.22265624999999], [-6.104071489001684, 36.21940104166666], [-6.0845600676818865, 36.21809895833333], [-6.080657783417927, 36.21679687499999], [-6.078706641285947, 36.21484374999999], [-6.077731070219958, 36.20898437499999], [-6.072853214890008, 36.20638020833333], [-6.068625740270719, 36.19986979166666], [-6.059845600676811, 36.19694010416666], [-6.055943316412851, 36.18229166666666], [-6.049439509306252, 36.17773437499999], [-6.046187605752952, 36.17285156249999], [-6.030578468697115, 36.17220052083333], [-6.027976945854475, 36.17285156249999], [-6.026676184433156, 36.17513020833333], [-6.013018189509298, 36.17675781249999], [-5.958386209813866, 36.17805989583333], [-5.953833544839247, 36.17903645833333], [-5.952857973773257, 36.18196614583333], [-5.950581641285947, 36.18229166666666], [-5.948955689509297, 36.18131510416666], [-5.947980118443308, 36.17805989583333], [-5.94017554991539, 36.17675781249999], [-5.93659845600676, 36.17285156249999], [-5.913835131133663, 36.17089843749999], [-5.911558798646354, 36.16764322916666], [-5.901477897631125, 36.16471354166666], [-5.894974090524527, 36.15690104166666], [-5.885868760575287, 36.15429687499999], [-5.879364953468688, 36.14648437499999], [-5.870259623519451, 36.14388020833333], [-5.8637558164128505, 36.13606770833333], [-5.855626057529603, 36.13444010416666], [-5.854000105752953, 36.13053385416666], [-5.850748202199653, 36.12955729166666], [-5.847821489001684, 36.11946614583333], [-5.838065778341784, 36.11197916666666], [-5.828635258037217, 36.09993489583333], [-5.824732973773257, 36.09830729166666], [-5.821806260575288, 36.08821614583333], [-5.814977263113359, 36.08365885416666], [-5.8078230752961, 36.07486979166666], [-5.800343697123512, 36.07291666666666], [-5.791238367174271, 36.07324218749999], [-5.787336082910313, 36.07486979166666], [-5.7863605118443235, 36.07779947916666], [-5.784084179357013, 36.07812499999999], [-5.779856704737724, 36.07356770833333], [-5.7479880499153895, 36.06705729166666], [-5.74571171742808, 36.06575520833333], [-5.74506133671742, 36.06347656249999], [-5.737256768189501, 36.06217447916666], [-5.734655245346861, 36.05826822916666], [-5.726850676818943, 36.05696614583333], [-5.723923963620973, 36.05305989583333], [-5.721972821488993, 36.05240885416666], [-5.711891920473765, 36.05273437499999], [-5.701485829103207, 36.06184895833333], [-5.691079737732648, 36.06184895833333], [-5.68847821489001, 36.06054687499999], [-5.682949978849399, 36.05403645833333], [-5.666365270727572, 36.05110677083333], [-5.663763747884932, 36.04915364583333], [-5.661487415397623, 36.03743489583333], [-5.657585131133664, 36.03548177083333], [-5.656284369712344, 36.03222656249999], [-5.642626374788486, 36.03027343749999], [-5.6403500423011765, 36.02669270833333], [-5.624740905245337, 36.02083333333333], [-5.620838620981379, 36.01497395833333], [-5.61986304991539, 36.00618489583333], [-5.61596076565143, 36.00423177083333], [-5.6156355752961, 36.00195312499999], [-6.55020390492808, 36.00032552083333], [-8.730863340736033, 35.99999999999999], [-9.665431670368013, 36.46874999999999], [-10.288477223456, 37.40624999999999], [-10.599999999999994, 38.81249999999999], [-10.599999999999994, 40.68749999999999], [-10.458288388324867, 42.09374999999999], [-10.174865164974614, 43.03124999999999], [-9.749730329949234, 43.49999999999999], [-8.757749048223342, 43.499349832214754], [-8.474325824873087, 43.49804949664429], [-8.332614213197962, 43.496098993288584], [-8.333589784263951, 43.490897651006705], [-8.342369923857861, 43.48309563758389], [-8.347247779187809, 43.4759437919463], [-8.348223350253798, 43.46619127516778], [-8.346922588832479, 43.46229026845637], [-8.344321065989838, 43.45968959731543], [-8.34041878172588, 43.45838926174496], [-8.33098826142131, 43.45903942953019], [-8.327736357868012, 43.46033976510067], [-8.322208121827405, 43.46684144295302], [-8.319606598984763, 43.46814177852348], [-8.309525697969534, 43.46814177852348], [-8.307574555837554, 43.46684144295302], [-8.306598984771565, 43.46229026845637], [-8.308550126903544, 43.45903942953019], [-8.313102791878165, 43.45838926174496], [-8.316354695431464, 43.45546350671141], [-8.317005076142124, 43.448636744966436], [-8.315053934010145, 43.443760486577176], [-8.307249365482225, 43.441809983221475], [-8.306598984771565, 43.43953439597314], [-8.303672271573596, 43.43790897651005], [-8.291965418781716, 43.43660864093958], [-8.290339467005065, 43.43335780201342], [-8.28123413705583, 43.43140729865772], [-8.27993337563451, 43.428156459731525], [-8.27212880710659, 43.42653104026844], [-8.27017766497461, 43.42328020134227], [-8.2711532360406, 43.417428691275155], [-8.2744051395939, 43.416453439597305], [-8.27538071065989, 43.41352768456376], [-8.269527284263951, 43.409626677852344], [-8.26692576142131, 43.4050755033557], [-8.26725095177664, 43.40312499999999], [-8.27277918781725, 43.40117449664429], [-8.284486040609128, 43.400199244966444], [-8.287737944162428, 43.39597315436241], [-8.290014276649737, 43.39662332214764], [-8.290989847715727, 43.40247483221476], [-8.301721129441615, 43.40572567114093], [-8.326760786802021, 43.40637583892617], [-8.348223350253798, 43.40442533557045], [-8.35017449238578, 43.40052432885906], [-8.356678299492376, 43.3959731543624], [-8.358629441624357, 43.39012164429529], [-8.356678299492376, 43.38036912751678], [-8.35017449238578, 43.375492869127505], [-8.348223350253798, 43.371266778523484], [-8.348223350253798, 43.368666107382545], [-8.350499682741109, 43.36639052013422], [-8.355052347715727, 43.36444001677851], [-8.370986675126895, 43.36151426174497], [-8.376480215898024, 43.36168587869071], [-8.38146516274072, 43.36700627928455], [-8.381717956852782, 43.37029152684564], [-8.3867730260573, 43.37468580010347], [-8.389373676154069, 43.384154723294806], [-8.390621850342761, 43.38391344945432], [-8.390823286802021, 43.38492030201341], [-8.394075190355322, 43.38589555369126], [-8.395050761421311, 43.38882130872483], [-8.398953045685271, 43.39044672818792], [-8.411960659898469, 43.3901216442953], [-8.415862944162429, 43.38687080536912], [-8.41683851522842, 43.38231963087247], [-8.421716370558368, 43.38036912751677], [-8.428545368020295, 43.38069421140939], [-8.433098032994915, 43.38459521812079], [-8.436349936548215, 43.38524538590603], [-8.447731598984763, 43.38557046979865], [-8.452934644670043, 43.384270134228174], [-8.456836928934003, 43.38166946308725], [-8.46431630710659, 43.3660654362416], [-8.472446065989839, 43.36378984899328], [-8.475047588832478, 43.359888842281876], [-8.481551395939078, 43.359888842281876], [-8.483502538071058, 43.36281459731542], [-8.489355964466997, 43.36346476510066], [-8.503013959390854, 43.36151426174497], [-8.512769670050753, 43.357938338926175], [-8.514720812182732, 43.35566275167785], [-8.514395621827402, 43.3511115771812], [-8.509842956852783, 43.348185822147656], [-8.510168147208113, 43.344934983221464], [-8.517972715736033, 43.34330956375838], [-8.52187499999999, 43.334207214765094], [-8.528703997461921, 43.332906879194624], [-8.53358185279187, 43.32705536912751], [-8.53780932741116, 43.3251048657718], [-8.555044416243646, 43.3231543624161], [-8.577807741116741, 43.32347944630872], [-8.58756345177664, 43.325104865771806], [-8.58756345177664, 43.326405201342276], [-8.59049016497461, 43.328030620805364], [-8.600245875634508, 43.328030620805364], [-8.605252947863782, 43.32412961409395], [-8.634377974302025, 43.32217911073824], [-8.639388020833328, 43.31827810402684], [-8.651106770833328, 43.31697776845637], [-8.652734374999994, 43.31372692953019], [-8.660546874999994, 43.31242659395973], [-8.66412760416666, 43.30852558724831], [-8.68365885416666, 43.30722525167785], [-8.692773437499994, 43.30332424496643], [-8.743554687499994, 43.3026740771812], [-8.756249999999994, 43.30429949664429], [-8.756249999999994, 43.30559983221476], [-8.760156249999994, 43.30722525167785], [-8.775781249999994, 43.30852558724831], [-8.77838541666666, 43.3121015100671], [-8.796614583333328, 43.31957843959731], [-8.79986979166666, 43.327705536912745], [-8.80768229166666, 43.32933095637583], [-8.810286458333328, 43.33323196308724], [-8.817122395833328, 43.334207214765094], [-8.823632812499994, 43.342009228187905], [-8.832421874999994, 43.34526006711408], [-8.834374999999994, 43.35176174496644], [-8.834374999999994, 43.35696308724832], [-8.835677083333328, 43.360864093959734], [-8.838281249999994, 43.36346476510066], [-8.842187499999994, 43.364765100671136], [-8.853906249999994, 43.36378984899328], [-8.855208333333328, 43.36281459731542], [-8.854882812499994, 43.360539010067114], [-8.850976562499994, 43.359238674496645], [-8.849348958333328, 43.35533766778522], [-8.841536458333328, 43.35403733221476], [-8.839583333333328, 43.351111577181214], [-8.840559895833328, 43.34948615771812], [-8.844466145833328, 43.348185822147656], [-8.845442708333328, 43.344934983221464], [-8.85358072916666, 43.34265939597314], [-8.85846354166666, 43.33095637583892], [-8.86334635416666, 43.327055369127514], [-8.871809895833328, 43.32445469798657], [-8.91119791666666, 43.32217911073825], [-8.91901041666666, 43.32022860738254], [-8.92291666666666, 43.31730285234899], [-8.92291666666666, 43.31340184563757], [-8.92096354166666, 43.30852558724831], [-8.914356393472586, 43.30605123242127], [-8.921886315688914, 43.30232960988757], [-8.926171874999994, 43.30202390939597], [-8.927977531634152, 43.299319059995], [-8.930403645833328, 43.29844798657717], [-8.950911458333328, 43.300398489932874], [-8.962304687499994, 43.300073406040255], [-8.964583333333328, 43.29844798657717], [-8.965559895833328, 43.293896812080526], [-8.967513020833328, 43.29259647651006], [-8.97760416666666, 43.29129614093959], [-8.980208333333328, 43.28999580536912], [-8.987044270833328, 43.282193791946305], [-8.99518229166666, 43.28056837248321], [-8.99518229166666, 43.27699244966442], [-8.986067708333328, 43.26951552013422], [-8.984114583333328, 43.26268875838925], [-8.97760416666666, 43.26073825503355], [-8.972395833333328, 43.26073825503355], [-8.968489583333328, 43.25911283557046], [-8.96588541666666, 43.25586199664429], [-8.964583333333328, 43.25098573825503], [-8.96490885416666, 43.23960780201342], [-8.966536458333328, 43.23473154362416], [-8.969466145833328, 43.23375629194631], [-8.970442708333328, 43.23050545302012], [-8.978255208333328, 43.22985528523489], [-8.981184895833328, 43.234406459731545], [-8.98346354166666, 43.23473154362416], [-8.989791560692067, 43.22770984913511], [-9.00450204902199, 43.237256], [-9.006749508568545, 43.237256], [-9.00690104166666, 43.23798238255033], [-9.01276041666666, 43.239932885906036], [-9.016015624999994, 43.23700713087248], [-9.01861979166666, 43.22530411073824], [-9.02643229166666, 43.22335360738254], [-9.02838541666666, 43.220102768456364], [-9.04010416666666, 43.219127516778514], [-9.04401041666666, 43.217827181208044], [-9.046614583333328, 43.215226510067104], [-9.04791666666666, 43.20612416107382], [-9.049218749999994, 43.20222315436241], [-9.05182291666666, 43.19962248322147], [-9.06744791666666, 43.19734689597315], [-9.070703124999994, 43.19344588926174], [-9.078515624999994, 43.19214555369127], [-9.080901386546138, 43.18857171491879], [-9.08795572916666, 43.18856963087248], [-9.09283854166666, 43.19442114093958], [-9.098046874999994, 43.19637164429529], [-9.12018229166666, 43.198322147651], [-9.131905611137217, 43.19802195320302], [-9.13787429486786, 43.199931594711146], [-9.143420479045522, 43.197727096492514], [-9.15826822916666, 43.19734689597315], [-9.162499999999994, 43.1963716442953], [-9.162499999999994, 43.19507130872482], [-9.165429687499994, 43.19344588926174], [-9.177148437499994, 43.19214555369127], [-9.179101562499994, 43.18824454697986], [-9.182356770833328, 43.187269295302], [-9.183984374999994, 43.17946728187919], [-9.192122395833328, 43.17621644295301], [-9.196184826611352, 43.16856023302383], [-9.209028539334717, 43.15953239421483], [-9.210351562499994, 43.16158766778523], [-9.212630208333328, 43.161912751677846], [-9.214257812499994, 43.160937499999996], [-9.215234374999994, 43.15768666107382], [-9.221093749999994, 43.15671140939597], [-9.224348958333328, 43.15476090604026], [-9.224999999999994, 43.150209731543626], [-9.224023437499994, 43.14825922818792], [-9.212304687499994, 43.14565855704697], [-9.209374999999994, 43.14240771812079], [-9.210351562499994, 43.13655620805369], [-9.212630208333328, 43.13590604026845], [-9.214257812499994, 43.13298028523489], [-9.214583333333328, 43.126153523489926], [-9.213606770833328, 43.12127726510066], [-9.21002604166666, 43.11965184563757], [-9.207421874999994, 43.1164010067114], [-9.20611979166666, 43.11380033557046], [-9.206445312499994, 43.11054949664428], [-9.212630208333328, 43.11022441275166], [-9.215559895833328, 43.11412541946308], [-9.224348958333328, 43.11510067114093], [-9.229231770833328, 43.11217491610737], [-9.231184895833328, 43.10047189597314], [-9.235091145833328, 43.09852139261744], [-9.23541666666666, 43.09624580536912], [-9.24029947916666, 43.094620385906026], [-9.256575520833328, 43.093970218120795], [-9.261458333333328, 43.092344798657706], [-9.261132812499994, 43.090069211409386], [-9.258203124999994, 43.089093959731535], [-9.257226562499994, 43.08714345637583], [-9.256249999999994, 43.06958892617449], [-9.25739676211093, 43.0594964670858], [-9.270641061953445, 43.05900570014653], [-9.27775996234755, 43.05436260826042], [-9.277364222409767, 43.05309485096075], [-9.284570312499994, 43.053334731543615], [-9.287499999999994, 43.05658557046979], [-9.288476562499994, 43.0624370805369], [-9.291731770833328, 43.06341233221475], [-9.29303385416666, 43.06731333892617], [-9.29596354166666, 43.06828859060402], [-9.297591145833328, 43.06633808724832], [-9.298567708333328, 43.05951132550335], [-9.306054687499994, 43.053009647651], [-9.30670572916666, 43.051059144295294], [-9.303450520833328, 43.044232382550334], [-9.293359374999994, 43.041306627516775], [-9.292382812499994, 43.0380557885906], [-9.288476562499994, 43.03545511744966], [-9.28717447916666, 43.015950083892605], [-9.285546874999994, 43.011073825503345], [-9.282617187499994, 43.0100985738255], [-9.281640624999994, 43.00717281879193], [-9.273828124999994, 43.008798238255025], [-9.271874999999994, 43.00327181208053], [-9.272851562499994, 42.99156879194631], [-9.275130208333328, 42.99026845637583], [-9.277734374999994, 42.98441694630871], [-9.282942708333328, 42.961010906040265], [-9.28717447916666, 42.957109899328856], [-9.28815104166666, 42.9506082214765], [-9.29401041666666, 42.9486577181208], [-9.297265624999994, 42.94378145973154], [-9.29791666666666, 42.932403523489924], [-9.29694010416666, 42.926877097315426], [-9.29498697916666, 42.922325922818786], [-9.28522135416666, 42.91354865771812], [-9.28229166666666, 42.90834731543623], [-9.282942708333328, 42.90347105704697], [-9.29303385416666, 42.895018875838915], [-9.29596354166666, 42.890142617449655], [-9.295638020833328, 42.88819211409395], [-9.29010416666666, 42.886241610738246], [-9.27838541666666, 42.885266359060395], [-9.275130208333328, 42.881365352348986], [-9.268294270833328, 42.881690436241605], [-9.262109374999994, 42.88949244966442], [-9.257226562499994, 42.893068372483214], [-9.25592447916666, 42.912573406040266], [-9.254296874999994, 42.917449664429526], [-9.251367187499994, 42.918424916107384], [-9.250390624999994, 42.92167575503355], [-9.242578124999994, 42.92297609060402], [-9.240624999999994, 42.92590184563758], [-9.235742187499994, 42.92752726510067], [-9.219466145833328, 42.92720218120805], [-9.214583333333328, 42.923951342281875], [-9.213281249999994, 42.91940016778523], [-9.206770833333328, 42.917449664429526], [-9.19733072916666, 42.916799496644295], [-9.191796874999994, 42.91354865771812], [-9.186914062499994, 42.907697147651], [-9.180078124999994, 42.90737206375838], [-9.178124999999994, 42.91029781879193], [-9.182356770833328, 42.91354865771811], [-9.183333333333328, 42.925251677852344], [-9.181380208333328, 42.931753355704686], [-9.17682291666666, 42.93305369127516], [-9.173567708333328, 42.930127936241604], [-9.17096354166666, 42.91744966442953], [-9.16315104166666, 42.9115981543624], [-9.16217447916666, 42.90802223154361], [-9.15826822916666, 42.90672189597315], [-9.156640624999994, 42.90314597315435], [-9.150781249999994, 42.90509647651006], [-9.148828124999994, 42.90477139261744], [-9.14752604166666, 42.90282088926173], [-9.147200520833328, 42.890142617449655], [-9.148828124999994, 42.886241610738246], [-9.15143229166666, 42.884941275167776], [-9.154036458333328, 42.87843959731543], [-9.155664062499994, 42.86901216442952], [-9.155013020833328, 42.86576132550335], [-9.14752604166666, 42.85860947986576], [-9.145898437499994, 42.85048238255033], [-9.14264322916666, 42.84950713087248], [-9.13971354166666, 42.844955956375834], [-9.13190104166666, 42.843655620805364], [-9.130598958333328, 42.84007969798657], [-9.122786458333328, 42.83455327181208], [-9.120833333333328, 42.83032718120805], [-9.121809895833328, 42.82447567114094], [-9.12506510416666, 42.82350041946309], [-9.12701822916666, 42.81959941275167], [-9.13190104166666, 42.81862416107382], [-9.14069010416666, 42.81959941275167], [-9.142317708333328, 42.82285025167785], [-9.150130208333328, 42.82415058724832], [-9.153059895833328, 42.828701761744966], [-9.15533854166666, 42.82902684563758], [-9.15924479166666, 42.80952181208053], [-9.16119791666666, 42.80822147651006], [-9.165755208333328, 42.80854656040268], [-9.169661458333328, 42.81342281879194], [-9.172591145833328, 42.811472315436234], [-9.172265624999994, 42.804970637583885], [-9.16901041666666, 42.803020134228184], [-9.16315104166666, 42.802044882550334], [-9.16217447916666, 42.79879404362415], [-9.15826822916666, 42.79716862416106], [-9.155989583333328, 42.78871644295302], [-9.140364583333328, 42.77798867449664], [-9.13776041666666, 42.77473783557046], [-9.134505208333328, 42.762384647651], [-9.127669270833328, 42.76075922818791], [-9.122786458333328, 42.75490771812079], [-9.11725260416666, 42.75165687919463], [-9.100325520833328, 42.74905620805369], [-9.095117187499994, 42.74255453020133], [-9.08502604166666, 42.73962877516778], [-9.08404947916666, 42.7363779362416], [-9.08111979166666, 42.73540268456375], [-9.079492187499994, 42.7363779362416], [-9.078841145833328, 42.73962877516778], [-9.074934895833328, 42.74157927852348], [-9.072981770833328, 42.75523280201342], [-9.069075520833328, 42.75718330536912], [-9.067773437499994, 42.760434144295296], [-9.054101562499994, 42.762384647651], [-9.05279947916666, 42.765635486577175], [-9.04889322916666, 42.767585989932876], [-9.04694010416666, 42.78123951342281], [-9.04303385416666, 42.78319001677851], [-9.04205729166666, 42.78644085570469], [-9.032942708333328, 42.78839135906039], [-9.031640624999994, 42.79131711409395], [-9.023828124999994, 42.78806627516777], [-9.020247395833328, 42.78319001677851], [-9.005598958333328, 42.78221476510066], [-8.997460937499994, 42.78026426174496], [-8.994856770833328, 42.773762583892605], [-8.989973958333328, 42.771812080536904], [-8.983138020833328, 42.77246224832214], [-8.980208333333328, 42.775713087248306], [-8.97955729166666, 42.78026426174496], [-8.97369791666666, 42.78221476510066], [-8.970442708333328, 42.78026426174496], [-8.96881510416666, 42.773762583892605], [-8.95709635416666, 42.771161912751666], [-8.95416666666666, 42.7679110738255], [-8.95611979166666, 42.762059563758385], [-8.96295572916666, 42.76075922818791], [-8.970442708333328, 42.75295721476509], [-8.99420572916666, 42.75003145973154], [-8.997786458333328, 42.74613045302013], [-9.005598958333328, 42.74483011744966], [-9.006575520833328, 42.74157927852348], [-9.010481770833328, 42.73962877516778], [-9.01239007038135, 42.72628860866294], [-9.016341145833328, 42.724024748322144], [-9.017317708333328, 42.720773909395966], [-9.023177083333328, 42.719798657718115], [-9.02740885416666, 42.715897651006706], [-9.032942708333328, 42.70029362416107], [-9.036523437499994, 42.69801803691275], [-9.03815104166666, 42.686315016778515], [-9.039453124999994, 42.68436451342281], [-9.047265624999994, 42.681438758389255], [-9.04889322916666, 42.67363674496643], [-9.05279947916666, 42.6710360738255], [-9.05279947916666, 42.66453439597315], [-9.04986979166666, 42.66258389261744], [-9.048242187499994, 42.65770763422818], [-9.047957456171, 42.64775541435302], [-9.055564077675688, 42.63545268281799], [-9.064843749999994, 42.63105075503355], [-9.06744791666666, 42.62779991610738], [-9.069726562499994, 42.61187080536912], [-9.073632812499994, 42.6095952181208], [-9.074934895833328, 42.606344379194624], [-9.086653645833328, 42.604068791946304], [-9.089583333333328, 42.59756711409395], [-9.090559895833328, 42.58586409395972], [-9.094466145833328, 42.58261325503355], [-9.094466145833328, 42.576111577181194], [-9.08990885416666, 42.573185822147636], [-9.08893229166666, 42.56993498322147], [-9.08111979166666, 42.568634647650995], [-9.077864583333328, 42.565058724832205], [-9.066145833333328, 42.567009228187906], [-9.05963541666666, 42.566684144295294], [-9.056380208333328, 42.55823196308724], [-9.05182291666666, 42.555306208053686], [-9.049544270833328, 42.54490352348992], [-9.05182291666666, 42.515320889261744], [-9.051171874999994, 42.50654362416107], [-9.04889322916666, 42.50686870805369], [-9.046614583333328, 42.51076971476509], [-9.030989583333328, 42.512070050335566], [-9.027083333333328, 42.513695469798655], [-9.02643229166666, 42.515645973154356], [-9.02057291666666, 42.513695469798655], [-9.017317708333328, 42.51011954697986], [-9.017317708333328, 42.50296770134228], [-9.025130208333328, 42.49549077181208], [-9.027083333333328, 42.486388422818784], [-9.026106770833328, 42.471759647651], [-9.022200520833328, 42.46915897651006], [-9.020898437499994, 42.46590813758388], [-9.009179687499994, 42.46525796979865], [-9.006249999999994, 42.46688338926174], [-9.005273437499994, 42.4698091442953], [-9.00201822916666, 42.47045931208053], [-9.001367187499994, 42.47436031879194], [-9.004296874999994, 42.47533557046979], [-9.00592447916666, 42.47826132550335], [-9.005273437499994, 42.48801384228187], [-9.003320312499994, 42.48996434563758], [-8.993554687499994, 42.49126468120805], [-8.990624999999994, 42.49289010067114], [-8.991601562499994, 42.49581585570469], [-8.994856770833328, 42.49711619127516], [-8.997786458333328, 42.51174496644295], [-9.004296874999994, 42.51662122483221], [-9.006249999999994, 42.523447986577175], [-9.003320312499994, 42.526698825503345], [-8.996484374999994, 42.527348993288584], [-8.991601562499994, 42.526373741610726], [-8.989648437499994, 42.522472734899324], [-8.98736979166666, 42.522147651006705], [-8.985742187499994, 42.52994966442952], [-8.984833092117073, 42.551651109784366], [-8.981937986938183, 42.55245208197595], [-8.978051423266018, 42.56346061842512], [-8.972395833333328, 42.563758389261736], [-8.96588541666666, 42.56570889261744], [-8.963281249999994, 42.57221057046979], [-8.960677083333328, 42.573510906040255], [-8.945052083333328, 42.57513632550335], [-8.941796874999994, 42.57936241610737], [-8.93951822916666, 42.57903733221475], [-8.93854166666666, 42.5761115771812], [-8.93561197916666, 42.57448615771811], [-8.92584635416666, 42.575136325503344], [-8.92389322916666, 42.57708682885905], [-8.92096354166666, 42.58976510067114], [-8.912499999999994, 42.596916946308724], [-8.912825520833328, 42.599192533557044], [-8.916731770833328, 42.601143036912745], [-8.917708333333328, 42.606019295302005], [-8.917708333333328, 42.60992030201342], [-8.913802083333328, 42.61577181208053], [-8.904687499999994, 42.6190226510067], [-8.897200520833328, 42.61869756711409], [-8.890039062499994, 42.611220637583884], [-8.883203124999994, 42.609920302013414], [-8.87994791666666, 42.6021182885906], [-8.873437499999994, 42.600167785234895], [-8.863997395833328, 42.600817953020126], [-8.860742187499994, 42.6021182885906], [-8.85455729166666, 42.60861996644295], [-8.845442708333328, 42.61057046979865], [-8.830794270833328, 42.6095952181208], [-8.82819010416666, 42.605694211409386], [-8.824934895833328, 42.60439387583892], [-8.823958333333328, 42.59561661073825], [-8.82526041666666, 42.59236577181208], [-8.827864583333328, 42.58976510067114], [-8.83697916666666, 42.58651426174496], [-8.843489583333328, 42.58196308724831], [-8.84674479166666, 42.569934983221465], [-8.853255208333328, 42.569284815436234], [-8.85651041666666, 42.573185822147636], [-8.874739583333328, 42.57513632550335], [-8.87701822916666, 42.57903733221475], [-8.879296874999994, 42.57936241610737], [-8.882552083333328, 42.57513632550335], [-8.894270833333328, 42.57416107382549], [-8.899804687499994, 42.57221057046979], [-8.900130208333328, 42.570260067114084], [-8.897200520833328, 42.56570889261744], [-8.887109374999994, 42.561807885906035], [-8.886458333333328, 42.55725671140939], [-8.88873697916666, 42.55530620805368], [-8.900130208333328, 42.55335570469798], [-8.91608072916666, 42.55270553691274], [-8.92291666666666, 42.54945469798657], [-8.92194010416666, 42.54360318791946], [-8.91901041666666, 42.54230285234898], [-8.92096354166666, 42.53645134228187], [-8.920638020833328, 42.5332005033557], [-8.91315104166666, 42.531575083892605], [-8.911848958333328, 42.52832424496644], [-8.904036458333328, 42.5276740771812], [-8.901106770833328, 42.531575083892605], [-8.896223958333328, 42.53255033557046], [-8.889388020833328, 42.53222525167784], [-8.886458333333328, 42.530599832214754], [-8.88678385416666, 42.52832424496644], [-8.89069010416666, 42.526048657718114], [-8.89264322916666, 42.50784395973154], [-8.895898437499994, 42.50621854026845], [-8.898177083333328, 42.50231753355705], [-8.913802083333328, 42.50101719798657], [-8.917708333333328, 42.49939177852348], [-8.916731770833328, 42.49711619127517], [-8.907942708333328, 42.49614093959731], [-8.903059895833328, 42.49419043624161], [-8.90225163174956, 42.49042360013578], [-8.911577518510779, 42.48760722907118], [-8.912499999999994, 42.488989093959724], [-8.918359374999994, 42.49061451342281], [-8.937890624999994, 42.49061451342281], [-8.943749999999994, 42.488989093959724], [-8.944075520833328, 42.48671350671141], [-8.947005208333328, 42.48573825503355], [-8.948632812499994, 42.481837248322144], [-8.947981770833328, 42.4662332214765], [-8.944075520833328, 42.46298238255032], [-8.942773437499994, 42.45518036912751], [-8.93951822916666, 42.45420511744966], [-8.93854166666666, 42.4512793624161], [-8.935937499999994, 42.450304110738244], [-8.904687499999994, 42.44900377516778], [-8.896874999999994, 42.447378355704686], [-8.89654947916666, 42.445102768456366], [-8.892968749999994, 42.443477348993284], [-8.894921874999994, 42.43762583892617], [-8.89459635416666, 42.434374999999996], [-8.888411458333328, 42.433399748322145], [-8.886458333333328, 42.43047399328859], [-8.894921874999994, 42.42364723154362], [-8.897851562499994, 42.41356963087248], [-8.901106770833328, 42.41259437919463], [-8.902734374999994, 42.408693372483214], [-8.910546874999994, 42.40739303691275], [-8.914453124999994, 42.403492030201335], [-8.932031249999994, 42.402516778523484], [-8.941796874999994, 42.400566275167776], [-8.943749999999994, 42.398615771812075], [-8.945703124999994, 42.39178901006711], [-8.95221354166666, 42.38691275167785], [-8.95416666666666, 42.38106124161074], [-8.954492187499994, 42.37423447986577], [-8.95611979166666, 42.37130872483221], [-8.958398437499994, 42.37065855704698], [-8.959374999999994, 42.364807046979855], [-8.956445312499994, 42.35960570469798], [-8.947005208333328, 42.35180369127516], [-8.945703124999994, 42.34920302013422], [-8.946679687499994, 42.34237625838925], [-8.935937499999994, 42.34335151006711], [-8.932356770833328, 42.34562709731543], [-8.930403645833328, 42.3488779362416], [-8.932031249999994, 42.364807046979855], [-8.929101562499994, 42.367082634228176], [-8.92779947916666, 42.37878565436241], [-8.927148437499994, 42.38073615771812], [-8.923242187499994, 42.38366191275167], [-8.922265624999994, 42.39016359060402], [-8.91901041666666, 42.39211409395973], [-8.91315104166666, 42.39308934563758], [-8.910546874999994, 42.39699035234899], [-8.902734374999994, 42.398290687919456], [-8.900130208333328, 42.40219169463087], [-8.892317708333328, 42.403492030201335], [-8.890039062499994, 42.40674286912751], [-8.875390624999994, 42.40771812080536], [-8.86725260416666, 42.405767617449655], [-8.865624999999994, 42.403817114093954], [-8.864648437499994, 42.397965604026844], [-8.861067708333328, 42.396665268456374], [-8.857161458333328, 42.39081375838926], [-8.84967447916666, 42.387562919463086], [-8.829492187499994, 42.387562919463086], [-8.824934895833328, 42.38886325503355], [-8.81842447916666, 42.3953649328859], [-8.815169270833328, 42.396665268456374], [-8.80182291666666, 42.39699035234899], [-8.79791666666666, 42.3953649328859], [-8.79694010416666, 42.392439177852346], [-8.793684895833328, 42.391463926174495], [-8.792708333333328, 42.38561241610738], [-8.790755208333328, 42.38236157718121], [-8.78619791666666, 42.38171140939597], [-8.782942708333328, 42.38268666107382], [-8.78229166666666, 42.38496224832214], [-8.77838541666666, 42.38756291946308], [-8.76471354166666, 42.39211409395973], [-8.757552083333328, 42.39796560402684], [-8.75494791666666, 42.40186661073825], [-8.744856770833328, 42.40771812080536], [-8.721419270833328, 42.41129404362415], [-8.714583333333328, 42.40901845637583], [-8.716536458333328, 42.402191694630865], [-8.723046874999994, 42.39796560402684], [-8.726302083333328, 42.39276426174496], [-8.738020833333328, 42.388863255033556], [-8.744531249999994, 42.38431208053691], [-8.746484374999994, 42.37390939597315], [-8.749739583333328, 42.3693582214765], [-8.754296874999994, 42.366107382550325], [-8.755111108463947, 42.36204167988468], [-8.763457489458979, 42.35473878991684], [-8.768709744957242, 42.34543045070774], [-8.77447916666666, 42.34465184563757], [-8.779036458333328, 42.3414010067114], [-8.780427892137592, 42.33923945943247], [-8.799064319843364, 42.342468805352205], [-8.805403645833328, 42.34465184563757], [-8.831770833333328, 42.34465184563757], [-8.839583333333328, 42.3414010067114], [-8.838606770833328, 42.33554949664429], [-8.834700520833328, 42.33294882550335], [-8.833398437499994, 42.32514681208053], [-8.829492187499994, 42.32254614093959], [-8.82819010416666, 42.314744127516775], [-8.82535081624534, 42.313893484477795], [-8.82545416713573, 42.30906212905409], [-8.82819010416666, 42.30824244966442], [-8.82916666666666, 42.30499161073825], [-8.82819010416666, 42.29914010067114], [-8.825688681925733, 42.29809924040981], [-8.825863052731469, 42.29605658983095], [-8.827926025321021, 42.293300095513125], [-8.83307291666666, 42.29426384228187], [-8.843489583333328, 42.30629194630872], [-8.853255208333328, 42.313443791946305], [-8.856184895833328, 42.317669882550334], [-8.864973958333328, 42.31279362416107], [-8.870833333333328, 42.30694211409396], [-8.870507812499994, 42.30466652684563], [-8.867578124999994, 42.30369127516778], [-8.865950520833328, 42.29979026845637], [-8.865950520833328, 42.28678691275167], [-8.866601562499994, 42.28418624161073], [-8.869856770833328, 42.281585570469794], [-8.870833333333328, 42.26988255033556], [-8.872786458333328, 42.26338087248321], [-8.879296874999994, 42.2614303691275], [-8.881249999999994, 42.25817953020133], [-8.880273437499994, 42.252328020134215], [-8.87701822916666, 42.251352768456364], [-8.87604166666666, 42.24842701342281], [-8.87311197916666, 42.24680159395972], [-8.86334635416666, 42.247126677852336], [-8.86139322916666, 42.24842701342281], [-8.859114583333328, 42.25492869127516], [-8.85260416666666, 42.25687919463086], [-8.847395833333328, 42.25687919463086], [-8.84088541666666, 42.25492869127516], [-8.839583333333328, 42.250377516778514], [-8.837304687499994, 42.24875209731543], [-8.804427083333328, 42.24940226510066], [-8.801171874999994, 42.247776845637574], [-8.796289062499994, 42.24192533557046], [-8.791406249999994, 42.241275167785226], [-8.78815104166666, 42.242250419463076], [-8.786523437499994, 42.246151426174485], [-8.78326822916666, 42.247126677852336], [-8.781966145833328, 42.25492869127516], [-8.78033854166666, 42.25687919463086], [-8.778059895833328, 42.256229026845624], [-8.777083333333328, 42.250377516778514], [-8.775130208333328, 42.247126677852336], [-8.76861979166666, 42.24680159395972], [-8.766015624999994, 42.25070260067113], [-8.75592447916666, 42.25362835570469], [-8.75104166666666, 42.26013003355704], [-8.73834635416666, 42.26273070469797], [-8.73541666666666, 42.26598154362415], [-8.73541666666666, 42.2685822147651], [-8.72662760416666, 42.272808305369125], [-8.69733072916666, 42.2760591442953], [-8.69147135416666, 42.275408976510064], [-8.68854166666666, 42.273783557046976], [-8.68854166666666, 42.271182885906036], [-8.69049479166666, 42.267932046979865], [-8.69830729166666, 42.26630662751678], [-8.699934895833328, 42.26305578859059], [-8.711653645833328, 42.26110528523489], [-8.713606770833328, 42.25915478187918], [-8.715252555199337, 42.25211088790999], [-8.726884539212396, 42.246403800809716], [-8.734114583333328, 42.245501258389254], [-8.73541666666666, 42.243225671140934], [-8.74029947916666, 42.24160025167784], [-8.75983072916666, 42.240299916107375], [-8.764388020833328, 42.23639890939596], [-8.776106770833328, 42.235098573825496], [-8.778059895833328, 42.23119756711408], [-8.78131510416666, 42.23022231543623], [-8.78326822916666, 42.22242030201342], [-8.78815104166666, 42.22046979865771], [-8.795312499999994, 42.21981963087247], [-8.79791666666666, 42.21851929530201], [-8.80475260416666, 42.210717281879184], [-8.812890624999994, 42.2090918624161], [-8.814192708333328, 42.205515939597305], [-8.822005208333328, 42.19901426174496], [-8.824934895833328, 42.17528313758389], [-8.82819010416666, 42.17300755033556], [-8.829064771932673, 42.16776658804365], [-8.837874354071964, 42.164311564719334], [-8.839583333333328, 42.16715604026845], [-8.840559895833328, 42.17300755033556], [-8.84283854166666, 42.1736577181208], [-8.854882812499994, 42.16097944630872], [-8.85944010416666, 42.159028942953015], [-8.876367187499994, 42.157728607382545], [-8.881249999999994, 42.156103187919456], [-8.881575520833328, 42.153827600671136], [-8.884505208333328, 42.15285234899328], [-8.885156249999994, 42.15090184563758], [-8.883203124999994, 42.14635067114093], [-8.880598958333328, 42.14440016778522], [-8.871484374999994, 42.14244966442952], [-8.860091145833328, 42.1421245805369], [-8.855208333333328, 42.14049916107381], [-8.856184895833328, 42.13757340604026], [-8.867903645833328, 42.12847105704697], [-8.870388941320703, 42.12474811776656], [-8.884144372788596, 42.12455028278632], [-8.891981475741213, 42.11954977271348], [-8.892317708333328, 42.12066904362415], [-8.90143229166666, 42.12261954697986], [-8.903059895833328, 42.126520553691265], [-8.90631510416666, 42.12587038590603], [-8.906966145833328, 42.114167365771806], [-8.90631510416666, 42.1122168624161], [-8.904036458333328, 42.11124161073825], [-8.90240885416666, 42.10148909395973], [-8.901106770833328, 42.06247902684564], [-8.897200520833328, 42.05532718120805], [-8.895898437499994, 42.039723154362406], [-8.89166666666666, 42.03647231543623], [-8.891992187499994, 42.03419672818791], [-8.895898437499994, 42.032896392617445], [-8.896874999999994, 42.03127097315435], [-8.89654947916666, 42.02899538590603], [-8.89361979166666, 42.02802013422818], [-8.89264322916666, 42.024968114417604], [-8.891992187499994, 41.98834387669062], [-8.89264322916666, 41.98223983706946], [-8.895898437499994, 41.97593591370558], [-8.897851562499994, 41.93040926395938], [-8.898828124999994, 41.927157360406085], [-8.900130208333328, 41.927157360406085], [-8.901757812499994, 41.92423064720812], [-8.902083333333328, 41.91740164974618], [-8.900130208333328, 41.911548223350245], [-8.89557291666666, 41.908296319796946], [-8.892317708333328, 41.902768083756335], [-8.88971354166666, 41.885858185279176], [-8.883203124999994, 41.8806551395939], [-8.881249999999994, 41.876427664974614], [-8.881575520833328, 41.871874999999996], [-8.885481770833328, 41.86894828680202], [-8.886458333333328, 41.86407043147208], [-8.886132812499994, 41.85724143401015], [-8.884505208333328, 41.85431472081218], [-8.883203124999994, 41.85431472081218], [-8.881575520833328, 41.84553458121827], [-8.882226562499994, 41.815617068527914], [-8.884179687499994, 41.80846288071065], [-8.887109374999994, 41.8035850253807], [-8.896874999999994, 41.79513007614212], [-8.896223958333328, 41.79252855329948], [-8.890364583333328, 41.788626269035525], [-8.889062499999994, 41.78537436548223], [-8.889062499999994, 41.78017131979695], [-8.89459635416666, 41.75708280456851], [-8.894921874999994, 41.75025380710659], [-8.891992187499994, 41.74830266497461], [-8.89069010416666, 41.74049809644669], [-8.887434895833328, 41.73887214467004], [-8.884505208333328, 41.72423857868019], [-8.87799479166666, 41.71936072335025], [-8.87506510416666, 41.70927982233502], [-8.871809895833328, 41.707328680203034], [-8.868880208333328, 41.68814244923857], [-8.86236979166666, 41.68293940355329], [-8.85846354166666, 41.67285850253806], [-8.85065104166666, 41.67123255076141], [-8.84967447916666, 41.66798064720811], [-8.84576822916666, 41.66602950507614], [-8.844466145833328, 41.65432265228425], [-8.84283854166666, 41.651395939086285], [-8.840559895833328, 41.650745558375625], [-8.839583333333328, 41.64749365482233], [-8.839583333333328, 41.64489213197969], [-8.841536458333328, 41.642615799492376], [-8.846093749999994, 41.64424175126903], [-8.849348958333328, 41.64294098984771], [-8.85065104166666, 41.63351046954314], [-8.853906249999994, 41.63058375634517], [-8.85846354166666, 41.62993337563451], [-8.86041666666666, 41.62407994923857], [-8.85651041666666, 41.619852474619286], [-8.847395833333328, 41.616925761421314], [-8.84186197916666, 41.61334866751268], [-8.843489583333328, 41.60521890862943], [-8.840559895833328, 41.60359295685278], [-8.839257812499994, 41.591886104060904], [-8.837630208333328, 41.58895939086294], [-8.835351562499994, 41.587983819796946], [-8.833723958333328, 41.57627696700507], [-8.830468749999994, 41.5733502538071], [-8.825911458333328, 41.57237468274111], [-8.823958333333328, 41.56749682741116], [-8.822981770833328, 41.55871668781725], [-8.819726562499994, 41.556115164974614], [-8.817773437499994, 41.53335184010151], [-8.81354166666666, 41.529774746192885], [-8.813867187499994, 41.52749841370558], [-8.816796874999994, 41.52652284263959], [-8.81842447916666, 41.523596129441614], [-8.81842447916666, 41.51384041878171], [-8.813867187499994, 41.50798699238578], [-8.81256510416666, 41.49628013959391], [-8.80865885416666, 41.49432899746192], [-8.80768229166666, 41.49107709390863], [-8.80182291666666, 41.490101522842636], [-8.79986979166666, 41.48489847715736], [-8.79596354166666, 41.406852791878165], [-8.79303385416666, 41.404901649746186], [-8.791731770833328, 41.39709708121827], [-8.787825520833328, 41.39449555837563], [-8.786848958333328, 41.3876665609137], [-8.778710937499994, 41.37953680203045], [-8.771223958333328, 41.34669257614212], [-8.769921874999994, 41.34441624365481], [-8.766992187499994, 41.34344067258883], [-8.766015624999994, 41.34018876903553], [-8.760156249999994, 41.339213197969535], [-8.758203124999994, 41.33693686548222], [-8.756249999999994, 41.325555203045674], [-8.755273437499994, 41.3050682106599], [-8.751367187499994, 41.300840736040605], [-8.75006510416666, 41.29303616751268], [-8.746809895833328, 41.2910850253807], [-8.744856770833328, 41.272874365482224], [-8.740950520833328, 41.26864689086294], [-8.740950520833328, 41.25889118020304], [-8.742578124999994, 41.25596446700507], [-8.745507812499994, 41.25498889593908], [-8.745833333333328, 41.252712563451766], [-8.741601562499994, 41.249785850253794], [-8.74029947916666, 41.238078997461926], [-8.73639322916666, 41.23385152284263], [-8.734765624999994, 41.21791719543147], [-8.73346354166666, 41.21466529187816], [-8.726302083333328, 41.20783629441624], [-8.72369791666666, 41.20263324873096], [-8.718489583333328, 41.18637373096446], [-8.713281249999994, 41.174992068527914], [-8.710677083333328, 41.1727157360406], [-8.703841145833328, 41.17076459390862], [-8.699609374999994, 41.164260786802025], [-8.694726562499994, 41.1606836928934], [-8.692773437499994, 41.14052189086294], [-8.687890624999994, 41.132392131979685], [-8.681054687499994, 41.12686389593908], [-8.678124999999994, 41.12003489847715], [-8.678124999999994, 41.11613261421319], [-8.679101562499994, 41.11125475888325], [-8.683007812499994, 41.108328045685276], [-8.683984374999994, 41.101499048223346], [-8.691796874999994, 41.09369447969542], [-8.694726562499994, 41.06540291878172], [-8.697981770833328, 41.06215101522842], [-8.698632812499994, 41.059549492385784], [-8.699934895833328, 41.043940355329944], [-8.703841145833328, 41.04068845177664], [-8.703841145833328, 41.03418464467004], [-8.700911458333328, 41.03223350253806], [-8.69928385416666, 41.02540450507614], [-8.699934895833328, 40.998088515228424], [-8.70319010416666, 40.994186230964466], [-8.70611979166666, 40.970447335025376], [-8.710677083333328, 40.96654505076141], [-8.712630208333328, 40.96199238578679], [-8.714583333333328, 40.943131345177655], [-8.715559895833328, 40.910937499999996], [-8.720442708333328, 40.90053140862943], [-8.72565104166666, 40.87321541878171], [-8.726953124999994, 40.870939086294406], [-8.728255208333328, 40.870939086294406], [-8.72955729166666, 40.867361992385774], [-8.736067708333328, 40.81728267766497], [-8.73736979166666, 40.81370558375634], [-8.74029947916666, 40.81175444162436], [-8.741601562499994, 40.80394987309644], [-8.743880208333328, 40.80329949238578], [-8.746484374999994, 40.799397208121825], [-8.751692708333328, 40.783788071065985], [-8.755273437499994, 40.781186548223346], [-8.756575520833328, 40.765577411167506], [-8.757226562499994, 40.76297588832487], [-8.760481770833328, 40.76037436548222], [-8.76178385416666, 40.74476522842639], [-8.762434895833328, 40.74216370558375], [-8.766341145833328, 40.737936230964465], [-8.76764322916666, 40.72622937817258], [-8.769921874999994, 40.72525380710659], [-8.771223958333328, 40.72265228426395], [-8.777734374999994, 40.686230964467], [-8.781966145833328, 40.68167829949238], [-8.78326822916666, 40.67387373096446], [-8.786523437499994, 40.672247779187806], [-8.787825520833328, 40.660540926395925], [-8.789453124999994, 40.65761421319796], [-8.790755208333328, 40.65761421319796], [-8.79205729166666, 40.653711928934], [-8.798567708333328, 40.59907994923857], [-8.79986979166666, 40.595177664974614], [-8.801171874999994, 40.595177664974614], [-8.80279947916666, 40.59225095177665], [-8.804101562499994, 40.58054409898476], [-8.807356770833328, 40.57794257614212], [-8.809309895833328, 40.555179251269024], [-8.813216145833328, 40.5516021573604], [-8.81451822916666, 40.54379758883248], [-8.817773437499994, 40.54152125634518], [-8.819726562499994, 40.51875793147208], [-8.823632812499994, 40.51518083756345], [-8.824934895833328, 40.507376269035525], [-8.82819010416666, 40.50575031725887], [-8.829492187499994, 40.494043464467], [-8.83014322916666, 40.49209232233501], [-8.833398437499994, 40.49014118020303], [-8.834700520833328, 40.478434327411165], [-8.838606770833328, 40.47355647208121], [-8.840559895833328, 40.44624048223349], [-8.844466145833328, 40.44136262690354], [-8.84576822916666, 40.42965577411167], [-8.849023437499994, 40.427704631979694], [-8.84967447916666, 40.42575348984771], [-8.850976562499994, 40.41404663705583], [-8.853255208333328, 40.41307106598984], [-8.85455729166666, 40.4104695431472], [-8.861067708333328, 40.37404822335024], [-8.86529947916666, 40.369495558375625], [-8.866601562499994, 40.36169098984771], [-8.869856770833328, 40.360065038071056], [-8.87115885416666, 40.34835818527918], [-8.872786458333328, 40.34543147208121], [-8.87506510416666, 40.34445590101522], [-8.876367187499994, 40.33274904822334], [-8.880273437499994, 40.32819638324873], [-8.883203124999994, 40.30445748730964], [-8.891015624999994, 40.29600253807106], [-8.89264322916666, 40.28397049492385], [-8.895898437499994, 40.282344543147204], [-8.897200520833328, 40.27453997461928], [-8.901106770833328, 40.27128807106598], [-8.903059895833328, 40.25307741116751], [-8.906966145833328, 40.249825507614204], [-8.90826822916666, 40.24202093908629], [-8.911523437499994, 40.24039498730964], [-8.913476562499994, 40.22673699238578], [-8.916731770833328, 40.22511104060913], [-8.91803385416666, 40.21730647208121], [-8.92194010416666, 40.21307899746192], [-8.92291666666666, 40.20169733502537], [-8.92194010416666, 40.18121034263959], [-8.92096354166666, 40.178934010152275], [-8.918684895833328, 40.178283629441616], [-8.917382812499994, 40.1704790609137], [-8.913476562499994, 40.16787753807106], [-8.91217447916666, 40.160072969543144], [-8.90924479166666, 40.15812182741116], [-8.90826822916666, 40.15552030456852], [-8.90729166666666, 40.142512690355325], [-8.90826822916666, 40.11909898477157], [-8.90924479166666, 40.11649746192893], [-8.91217447916666, 40.11454631979695], [-8.913476562499994, 40.10674175126903], [-8.917382812499994, 40.10414022842639], [-8.918684895833328, 40.09633565989847], [-8.92194010416666, 40.09405932741116], [-8.92389322916666, 40.07129600253806], [-8.927148437499994, 40.06901967005076], [-8.930078124999994, 40.05893876903552], [-8.93463541666666, 40.056012055837556], [-8.936914062499994, 40.05276015228426], [-8.94342447916666, 40.024143401015216], [-8.94537760416666, 40.01894035532994], [-8.95221354166666, 40.011984454314714], [-8.953515624999994, 40.00847874365481], [-8.954817708333328, 39.99387690355329], [-8.95611979166666, 39.99102157360406], [-8.962630208333328, 39.98829314720811], [-8.96393229166666, 39.98569162436547], [-8.965559895833328, 39.97008248730964], [-8.969140624999994, 39.967480964467], [-8.974348958333328, 39.95187182741117], [-8.97955729166666, 39.94601840101522], [-8.986067708333328, 39.9187024111675], [-8.99029947916666, 39.91480012690354], [-8.991601562499994, 39.90699555837563], [-8.995507812499994, 39.90439403553299], [-8.996809895833328, 39.89658946700507], [-9.000716145833328, 39.893987944162426], [-9.00201822916666, 39.88618337563451], [-9.005273437499994, 39.88423223350253], [-9.008203124999994, 39.865046002538065], [-9.01471354166666, 39.859517766497454], [-9.016015624999994, 39.856916243654815], [-9.01861979166666, 39.843908629441614], [-9.025130208333328, 39.83838039340101], [-9.028059895833328, 39.81919416243654], [-9.031966145833328, 39.81594225888324], [-9.032942708333328, 39.80911326142131], [-9.04108072916666, 39.80098350253807], [-9.048567708333328, 39.76813927664974], [-9.05279947916666, 39.76391180203045], [-9.054101562499994, 39.75610723350253], [-9.056380208333328, 39.75545685279187], [-9.05768229166666, 39.75318052030457], [-9.062890624999994, 39.725864530456846], [-9.064192708333328, 39.72131186548222], [-9.067773437499994, 39.71773477157359], [-9.06842447916666, 39.71513324873095], [-9.068749999999994, 39.706027918781714], [-9.070703124999994, 39.698548540609124], [-9.07721354166666, 39.69302030456852], [-9.079817708333328, 39.680012690355326], [-9.087630208333328, 39.67123255076141], [-9.090559895833328, 39.64294098984771], [-9.09381510416666, 39.64001427664974], [-9.095117187499994, 39.62830742385786], [-9.09674479166666, 39.62538071065989], [-9.099023437499994, 39.62473032994923], [-9.099999999999994, 39.61887690355329], [-9.098046874999994, 39.61464942893401], [-9.090234374999994, 39.60912119289339], [-9.08893229166666, 39.605544098984765], [-9.08774882078605, 39.60534705408688], [-9.086851751314162, 39.59648272827403], [-9.08778049552527, 39.58876745087388], [-9.090559895833328, 39.57920368020304], [-9.09381510416666, 39.57822810913705], [-9.095442708333328, 39.574325824873085], [-9.103255208333328, 39.57302506345177], [-9.106184895833328, 39.568472398477155], [-9.10944010416666, 39.56749682741116], [-9.110742187499994, 39.55969225888324], [-9.11529947916666, 39.556765545685266], [-9.11627604166666, 39.553513642131975], [-9.125390624999994, 39.55156249999999], [-9.126692708333328, 39.547985406091364], [-9.13483072916666, 39.54245717005075], [-9.141341145833328, 39.53367703045684], [-9.15143229166666, 39.529774746192885], [-9.154036458333328, 39.52197017766497], [-9.158593749999994, 39.52131979695431], [-9.163802083333328, 39.51839308375634], [-9.174218749999994, 39.50668623096446], [-9.18365885416666, 39.50375951776649], [-9.190169270833328, 39.49497937817259], [-9.19830729166666, 39.489451142131976], [-9.199609374999994, 39.485874048223344], [-9.208723958333328, 39.48392290609136], [-9.209700520833328, 39.48067100253806], [-9.213606770833328, 39.47871986040609], [-9.215234374999994, 39.46668781725887], [-9.216536458333328, 39.464086294416234], [-9.224348958333328, 39.45725729695431], [-9.22565104166666, 39.45042829949238], [-9.228906249999994, 39.4484771573604], [-9.234765624999994, 39.44750158629441], [-9.235742187499994, 39.444249682741116], [-9.24029947916666, 39.44229854060913], [-9.249739583333328, 39.430591687817255], [-9.25494791666666, 39.42766497461928], [-9.26080729166666, 39.4266894035533], [-9.262434895833328, 39.42278711928933], [-9.266341145833328, 39.42148635786801], [-9.267317708333328, 39.418234454314714], [-9.275130208333328, 39.41660850253806], [-9.278059895833328, 39.408803934010145], [-9.292708333333328, 39.404901649746186], [-9.299544270833328, 39.39709708121827], [-9.306380208333328, 39.396121510152284], [-9.308984374999994, 39.39221922588832], [-9.316796874999994, 39.390918464467], [-9.320703124999994, 39.387016180203034], [-9.348046874999994, 39.385065038071055], [-9.352929687499994, 39.381162753807104], [-9.364648437499994, 39.37986199238578], [-9.36627604166666, 39.37661008883248], [-9.369531249999994, 39.37563451776649], [-9.375390624999994, 39.37661008883248], [-9.37799479166666, 39.38148794416243], [-9.38483072916666, 39.384414657360395], [-9.38678385416666, 39.38376427664974], [-9.391992187499994, 39.37758565989847], [-9.408919270833328, 39.37433375634517], [-9.414453124999994, 39.367829949238576], [-9.415755208333328, 39.36262690355329], [-9.414453124999994, 39.356123096446694], [-9.403059895833328, 39.35384676395938], [-9.40143229166666, 39.35059486040609], [-9.39361979166666, 39.34929409898477], [-9.390364583333328, 39.34506662436547], [-9.374739583333328, 39.33953838832487], [-9.370833333333328, 39.33531091370558], [-9.371809895833328, 39.32945748730964], [-9.37506510416666, 39.328481916243646], [-9.37604166666666, 39.325555203045674], [-9.36334635416666, 39.3138483502538], [-9.36041666666666, 39.30539340101522], [-9.35944010416666, 39.29368654822335], [-9.356184895833328, 39.29173540609136], [-9.354882812499994, 39.283930837563446], [-9.350976562499994, 39.28132931472081], [-9.349999999999994, 39.27807741116751], [-9.350325520833328, 39.273524746192884], [-9.353255208333328, 39.271573604060904], [-9.354231770833328, 39.26864689086294], [-9.356184895833328, 39.22767290609136], [-9.357161458333328, 39.22474619289339], [-9.35944010416666, 39.223120241116746], [-9.360091145833328, 39.21986833756344], [-9.36139322916666, 39.20035691624365], [-9.36529947916666, 39.19677982233502], [-9.366601562499994, 39.1889752538071], [-9.368880208333328, 39.18832487309644], [-9.371484374999994, 39.18442258883248], [-9.376692708333328, 39.16881345177664], [-9.380273437499994, 39.16653711928933], [-9.382226562499994, 39.15287912436547], [-9.38580729166666, 39.151253172588824], [-9.391341145833328, 39.143123413705574], [-9.400130208333328, 39.13629441624365], [-9.402734374999994, 39.12328680203045], [-9.404036458333328, 39.12068527918781], [-9.411848958333328, 39.11385628172589], [-9.413476562499994, 39.10572652284263], [-9.41705729166666, 39.10442576142131], [-9.422591145833328, 39.09629600253807], [-9.431380208333328, 39.0901173857868], [-9.43365885416666, 39.085239530456846], [-9.438216145833328, 39.082312817258874], [-9.437890624999994, 39.07580901015228], [-9.430078124999994, 39.072882296954305], [-9.428124999999994, 39.06800444162436], [-9.429101562499994, 39.059224302030444], [-9.432356770833328, 39.057273159898465], [-9.433333333333328, 39.05239530456852], [-9.432356770833328, 39.04361516497461], [-9.429524457356644, 39.041656323260476], [-9.435038286433116, 39.0293799384985], [-9.43287000859409, 39.02210021161476], [-9.432356770833328, 38.974024428934], [-9.431380208333328, 38.96979695431472], [-9.428450520833328, 38.96784581218274], [-9.428450520833328, 38.96134200507613], [-9.432356770833328, 38.95809010152283], [-9.434309895833328, 38.939879441624356], [-9.43756510416666, 38.93792829949238], [-9.438867187499994, 38.93012373096446], [-9.442773437499994, 38.926546637055836], [-9.444075520833328, 38.90703521573604], [-9.444726562499994, 38.90378331218274], [-9.448632812499994, 38.899230647208114], [-9.449609374999994, 38.889149746192885], [-9.450911458333328, 38.886548223350246], [-9.457421874999994, 38.88134517766497], [-9.460351562499994, 38.866711611675115], [-9.464257812499994, 38.86378489847715], [-9.465559895833328, 38.85598032994923], [-9.46881510416666, 38.854679568527914], [-9.470442708333328, 38.84654980964466], [-9.47955729166666, 38.83809486040609], [-9.48053385416666, 38.83126586294416], [-9.484765624999994, 38.82801395939086], [-9.486843235635975, 38.82203163186476], [-9.490743918928787, 38.818302585113685], [-9.495967, 38.80935425991741], [-9.495967, 38.80556237853806], [-9.500390624999994, 38.80167354060914], [-9.501367187499994, 38.7948445431472], [-9.505273437499994, 38.79191782994923], [-9.506249999999994, 38.78703997461928], [-9.50592447916666, 38.78021097715735], [-9.505273437499994, 38.778259835025366], [-9.501367187499994, 38.7753331218274], [-9.50006510416666, 38.767528553299485], [-9.49615885416666, 38.76590260152284], [-9.49518229166666, 38.76265069796954], [-9.48932291666666, 38.76167512690355], [-9.486067708333328, 38.753870558375624], [-9.485517961683469, 38.73849327949551], [-9.489787636965628, 38.72743487917305], [-9.489938619903091, 38.71996289311317], [-9.493880208333328, 38.71940038071065], [-9.495833333333328, 38.716148477157354], [-9.494856770833328, 38.71029505076142], [-9.49127604166666, 38.7089942893401], [-9.48736979166666, 38.70314086294415], [-9.476953124999994, 38.69891338832487], [-9.44147135416666, 38.69338515228426], [-9.43561197916666, 38.689157677664966], [-9.42389322916666, 38.687856916243646], [-9.422265624999994, 38.68493020304568], [-9.414453124999994, 38.68818210659898], [-9.412499999999994, 38.69208439086294], [-9.410546874999994, 38.693059961928924], [-9.392968749999994, 38.69403553299492], [-9.383203124999994, 38.693059961928924], [-9.379296874999994, 38.689157677664966], [-9.371484374999994, 38.687856916243646], [-9.368880208333328, 38.68395463197969], [-9.361067708333328, 38.68265387055837], [-9.360742187499994, 38.67940196700507], [-9.36529947916666, 38.677450824873084], [-9.374414062499994, 38.665743972081216], [-9.379296874999994, 38.662817258883244], [-9.38092447916666, 38.6569638324873], [-9.381249999999994, 38.643305837563446], [-9.378320312499994, 38.63355012690354], [-9.375390624999994, 38.631598984771564], [-9.366601562499994, 38.629647842639585], [-9.364648437499994, 38.62184327411167], [-9.36139322916666, 38.62086770304568], [-9.36041666666666, 38.61794098984771], [-9.34869791666666, 38.616315038071065], [-9.30963541666666, 38.616315038071065], [-9.29791666666666, 38.61794098984771], [-9.29791666666666, 38.61924175126903], [-9.29401041666666, 38.62086770304568], [-9.27838541666666, 38.622168464466995], [-9.275130208333328, 38.62542036802029], [-9.257552083333328, 38.62639593908629], [-9.245833333333328, 38.62444479695431], [-9.243880208333328, 38.62054251269035], [-9.23736979166666, 38.61631503807106], [-9.23444010416666, 38.60623413705583], [-9.23053385416666, 38.60363261421319], [-9.229231770833328, 38.59582804568527], [-9.225325520833328, 38.593226522842635], [-9.224348958333328, 38.5863975253807], [-9.216536458333328, 38.57989371827411], [-9.21393229166666, 38.570788388324864], [-9.205794270833328, 38.56363420050761], [-9.203841145833328, 38.5603822969543], [-9.199609374999994, 38.54704949238578], [-9.197005208333328, 38.54314720812182], [-9.195703124999994, 38.54314720812182], [-9.194075520833328, 38.530464784263955], [-9.193749999999994, 38.50087246192893], [-9.196679687499994, 38.4777839467005], [-9.199609374999994, 38.47160532994923], [-9.208398437499994, 38.46380076142131], [-9.209700520833328, 38.456646573604054], [-9.21393229166666, 38.453394670050756], [-9.214792394945361, 38.451190558113076], [-9.218910033020583, 38.44795923086933], [-9.226142237167181, 38.439314442499196], [-9.229860391815375, 38.436702488066075], [-9.23226439611939, 38.431130138551254], [-9.232483736226081, 38.42461915333503], [-9.228255208333328, 38.41827411167512], [-9.225976562499994, 38.41794892131979], [-9.224999999999994, 38.41502220812182], [-9.223046874999994, 38.4137214467005], [-9.205468749999994, 38.40981916243654], [-9.194726562499994, 38.410144352791875], [-9.191796874999994, 38.41177030456852], [-9.18911138719663, 38.41594348899933], [-9.182662768517279, 38.4170561376878], [-9.166664588133337, 38.42638479572957], [-9.162853190060904, 38.427609467788145], [-9.12408854166666, 38.429655774111666], [-9.120833333333328, 38.43063134517766], [-9.118880208333328, 38.43355805837563], [-9.11236979166666, 38.43420843908629], [-9.111039073178807, 38.43620249034321], [-9.100184205411109, 38.43724120798582], [-9.07135416666666, 38.43518401015228], [-9.068749999999994, 38.43583439086294], [-9.068749999999994, 38.437135152284256], [-9.065820312499994, 38.43876110406091], [-9.054101562499994, 38.44006186548222], [-9.053266218956972, 38.44173085643924], [-9.048906359651406, 38.44214805753988], [-9.025730163561565, 38.4498312416872], [-9.018294270833328, 38.45046795685279], [-9.015883092680461, 38.4530956625869], [-8.995425335106905, 38.45987765209326], [-8.996028625149117, 38.46024225277059], [-8.991601562499994, 38.460874048223346], [-8.989648437499994, 38.464776332487304], [-8.98736979166666, 38.46510152284263], [-8.978906249999994, 38.455345812182735], [-8.96686197916666, 38.4494923857868], [-8.931054687499994, 38.44363895939085], [-8.926171874999994, 38.44006186548222], [-8.898828124999994, 38.43811072335024], [-8.89557291666666, 38.43485881979694], [-8.892968749999994, 38.43420843908629], [-8.877343749999994, 38.432907677664964], [-8.87408854166666, 38.429655774111666], [-8.852546218901958, 38.42742952041654], [-8.834381939504715, 38.41181189932575], [-8.832421874999994, 38.40851840101522], [-8.829681772825426, 38.407948125943356], [-8.819685278582662, 38.399641465552016], [-8.817773437499994, 38.38803140862943], [-8.81549479166666, 38.387055837563445], [-8.812890624999994, 38.38315355329948], [-8.80768229166666, 38.367544416243646], [-8.804101562499994, 38.365268083756334], [-8.80279947916666, 38.35356123096446], [-8.801171874999994, 38.350634517766494], [-8.79986979166666, 38.350634517766494], [-8.798567708333328, 38.346732233502536], [-8.79205729166666, 38.2921002538071], [-8.790755208333328, 38.28819796954314], [-8.788476562499994, 38.28657201776649], [-8.78717447916666, 38.2670605964467], [-8.78326822916666, 38.25893083756345], [-8.78229166666666, 38.22966370558375], [-8.78326822916666, 38.213404187817254], [-8.78424479166666, 38.210152284263955], [-8.786523437499994, 38.208201142131976], [-8.78717447916666, 38.20429885786802], [-8.788476562499994, 38.180885152284255], [-8.791731770833328, 38.17795843908628], [-8.79303385416666, 38.16625158629441], [-8.79694010416666, 38.16137373096446], [-8.79889322916666, 38.13405774111674], [-8.80279947916666, 38.1291798857868], [-8.804101562499994, 38.11747303299492], [-8.80768229166666, 38.11519670050761], [-8.812890624999994, 38.09958756345177], [-8.817773437499994, 38.094384517766485], [-8.819726562499994, 38.076173857868014], [-8.823632812499994, 38.072921954314715], [-8.824934895833328, 38.06511738578679], [-8.828841145833328, 38.06251586294415], [-8.83014322916666, 38.05471129441624], [-8.83404947916666, 38.0521097715736], [-8.835351562499994, 38.04430520304568], [-8.838606770833328, 38.042679251269035], [-8.841536458333328, 38.02804568527918], [-8.848046874999994, 38.02316782994923], [-8.85065104166666, 38.01406249999999], [-8.85846354166666, 38.00710593802876], [-8.86139322916666, 37.99068646890862], [-8.86529947916666, 37.98860677083333], [-8.86627604166666, 37.98535156249999], [-8.875390624999994, 37.98339843749999], [-8.876367187499994, 37.98014322916666], [-8.880273437499994, 37.97851562499999], [-8.882226562499994, 37.97070312499999], [-8.893945312499994, 37.96744791666666], [-8.896874999999994, 37.96093749999999], [-8.896874999999994, 37.95572916666666], [-8.894921874999994, 37.95182291666666], [-8.891015624999994, 37.94921874999999], [-8.882480493517392, 37.94809938849408], [-8.863172738372109, 37.93855129715768], [-8.860742187499994, 37.93098958333333], [-8.85651041666666, 37.92708333333333], [-8.85065104166666, 37.92610677083333], [-8.84869791666666, 37.92317708333333], [-8.830468749999994, 37.92578124999999], [-8.828515624999994, 37.92285156249999], [-8.820703124999994, 37.92089843749999], [-8.818098958333328, 37.90917968749999], [-8.816796874999994, 37.90722656249999], [-8.812239583333328, 37.90624999999999], [-8.808007812499994, 37.89355468749999], [-8.804427083333328, 37.84277343749999], [-8.805078124999994, 37.83854166666666], [-8.808007812499994, 37.83658854166666], [-8.809309895833328, 37.82877604166666], [-8.81256510416666, 37.82779947916666], [-8.81354166666666, 37.82617187499999], [-8.813216145833328, 37.82389322916666], [-8.80865885416666, 37.82096354166666], [-8.808984374999994, 37.81477864583333], [-8.816796874999994, 37.81575520833333], [-8.818749999999994, 37.81184895833333], [-8.81842447916666, 37.80501302083333], [-8.817773437499994, 37.80305989583333], [-8.81549479166666, 37.80208333333333], [-8.814843749999994, 37.79752604166666], [-8.81744791666666, 37.73372395833333], [-8.816796874999994, 37.72916666666666], [-8.813867187499994, 37.72721354166666], [-8.812890624999994, 37.72037760416666], [-8.805078124999994, 37.71321614583333], [-8.803124999999994, 37.70052083333333], [-8.804101562499994, 37.69401041666666], [-8.806380208333328, 37.69270833333333], [-8.808984374999994, 37.68587239583333], [-8.814192708333328, 37.65852864583333], [-8.817773437499994, 37.65364583333333], [-8.819075520833328, 37.62239583333333], [-8.820703124999994, 37.61458333333333], [-8.822005208333328, 37.61458333333333], [-8.823632812499994, 37.61067708333333], [-8.823868305710562, 37.60408327343743], [-8.824989175763148, 37.6004669076793], [-8.822972818404505, 37.588289268919155], [-8.818186805295776, 37.58371058819957], [-8.817773437499994, 37.58040364583333], [-8.815820312499994, 37.57714843749999], [-8.804101562499994, 37.56640624999999], [-8.80279947916666, 37.55924479166666], [-8.79986979166666, 37.55729166666666], [-8.79889322916666, 37.55403645833333], [-8.79791666666666, 37.53776041666666], [-8.79889322916666, 37.50846354166666], [-8.80279947916666, 37.50130208333333], [-8.804101562499994, 37.48567708333333], [-8.807356770833328, 37.48274739583333], [-8.80865885416666, 37.46321614583333], [-8.809309895833328, 37.45996093749999], [-8.812890624999994, 37.45540364583333], [-8.82037760416666, 37.41341145833333], [-8.822656249999994, 37.40950520833333], [-8.828515624999994, 37.40462239583333], [-8.829492187499994, 37.39778645833333], [-8.833398437499994, 37.39518229166666], [-8.834700520833328, 37.38736979166666], [-8.83893229166666, 37.38411458333333], [-8.844466145833328, 37.36848958333333], [-8.846419270833328, 37.36588541666666], [-8.85358072916666, 37.36328124999999], [-8.861067708333328, 37.34505208333333], [-8.864648437499994, 37.34342447916666], [-8.866601562499994, 37.33886718749999], [-8.875390624999994, 37.33203124999999], [-8.880273437499994, 37.32194010416666], [-8.881249999999994, 37.31445312499999], [-8.880273437499994, 37.29394531249999], [-8.876367187499994, 37.28971354166666], [-8.875716145833328, 37.28320312499999], [-8.872786458333328, 37.28124999999999], [-8.87213541666666, 37.27734374999999], [-8.875390624999994, 37.26432291666666], [-8.880273437499994, 37.25911458333333], [-8.883203124999994, 37.23990885416666], [-8.891015624999994, 37.23274739583333], [-8.89361979166666, 37.22363281249999], [-8.90143229166666, 37.21712239583333], [-8.902199827978727, 37.213284714273], [-8.920975026596741, 37.19908496837399], [-8.920526663257649, 37.197628265025216], [-8.922591145833328, 37.19694010416666], [-8.922591145833328, 37.19368489583333], [-8.919661458333328, 37.19270833333333], [-8.918684895833328, 37.19075520833333], [-8.917708333333328, 37.17317708333333], [-8.918684895833328, 37.16341145833333], [-8.922591145833328, 37.15852864583333], [-8.923665598912846, 37.14885856811766], [-8.92517657630448, 37.146168222264414], [-8.927148437499994, 37.14518229166666], [-8.92803566840718, 37.140923583312166], [-8.930292204862504, 37.13676332638832], [-8.936914062499994, 37.13411458333333], [-8.938867187499994, 37.13151041666666], [-8.94440104166666, 37.11588541666666], [-8.94830729166666, 37.11393229166666], [-8.953841145833328, 37.10579427083333], [-8.962630208333328, 37.09863281249999], [-8.964304756449959, 37.0877482497419], [-8.976875682123403, 37.07181334165003], [-8.98151041666666, 37.06868489583333], [-8.984114583333328, 37.06542968749999], [-8.984949553824736, 37.06089699054664], [-8.99029947916666, 37.04915364583333], [-8.992701856652568, 37.036350068137324], [-9.000390624999994, 37.02962239583333], [-9.00104166666666, 37.02473958333333], [-9.00006510416666, 37.02278645833333], [-8.99518229166666, 37.02083333333333], [-8.98834635416666, 37.02115885416666], [-8.98541666666666, 37.02278645833333], [-8.98444010416666, 37.02571614583333], [-8.982161458333328, 37.02604166666666], [-8.979231770833328, 37.02180989583333], [-8.968633346796267, 37.020337892494844], [-8.964583333333328, 37.01692708333333], [-8.963606770833328, 37.01106770833333], [-8.961328124999994, 37.01041666666666], [-8.958723958333328, 37.00651041666666], [-8.954492187499994, 36.99348958333333], [-8.952539062499994, 36.99088541666666], [-8.947656249999994, 36.98958333333333], [-8.94440104166666, 36.99153645833333], [-8.943749999999994, 36.99609374999999], [-8.940820312499994, 36.99934895833333], [-8.929101562499994, 37.00097656249999], [-8.926171874999994, 37.00585937499999], [-8.919661458333328, 37.01009114583333], [-8.915755208333328, 37.02018229166666], [-8.908593749999994, 37.02180989583333], [-8.900781249999994, 37.03059895833333], [-8.89654947916666, 37.03320312499999], [-8.89069010416666, 37.03450520833333], [-8.862695312499994, 37.03352864583333], [-8.86041666666666, 37.03515624999999], [-8.85846354166666, 37.04199218749999], [-8.851953124999994, 37.04622395833333], [-8.84645685798989, 37.05178562878002], [-8.824609374999994, 37.05664062499999], [-8.818749999999994, 37.05924479166666], [-8.81744791666666, 37.06152343749999], [-8.80182291666666, 37.06217447916666], [-8.79791666666666, 37.06054687499999], [-8.79596354166666, 37.05761718749999], [-8.789453124999994, 37.05761718749999], [-8.785546874999994, 37.06217447916666], [-8.779036458333328, 37.06282552083333], [-8.776106770833328, 37.06673177083333], [-8.774153645833328, 37.06738281249999], [-8.762434895833328, 37.06868489583333], [-8.75983072916666, 37.07194010416666], [-8.74029947916666, 37.07324218749999], [-8.73541666666666, 37.07486979166666], [-8.73541666666666, 37.07617187499999], [-8.72369791666666, 37.07779947916666], [-8.68463541666666, 37.07779947916666], [-8.67291666666666, 37.07617187499999], [-8.67194010416666, 37.07324218749999], [-8.668684895833328, 37.07324218749999], [-8.667382812499994, 37.07714843749999], [-8.663476562499994, 37.07910156249999], [-8.662499999999994, 37.08789062499999], [-8.659570312499994, 37.09472656249999], [-8.649804687499994, 37.10253906249999], [-8.645898437499994, 37.10839843749999], [-8.634179687499994, 37.10970052083333], [-8.632226562499994, 37.11035156249999], [-8.631249999999994, 37.11263020833333], [-8.625009914340096, 37.11425781249999], [-8.604209628807098, 37.11393229166666], [-8.600049571700499, 37.11263020833333], [-8.5979695431472, 37.11067708333333], [-8.5979695431472, 37.10807291666666], [-8.586262690355321, 37.10481770833333], [-8.53943527918781, 37.10319010416666], [-8.53553299492385, 37.10221354166666], [-8.53423223350253, 37.09993489583333], [-8.53163071065989, 37.09928385416666], [-8.516021573604053, 37.09798177083333], [-8.514720812182732, 37.09570312499999], [-8.512119289340093, 37.09472656249999], [-8.475697969543138, 37.09277343749999], [-8.47016973350253, 37.08886718749999], [-8.458462880710652, 37.08756510416666], [-8.455536167512683, 37.08365885416666], [-8.447731598984763, 37.08235677083333], [-8.446105647208114, 37.07910156249999], [-8.434398794416236, 37.07779947916666], [-8.429846129441614, 37.07389322916666], [-8.426594225888316, 37.07324218749999], [-8.40708280456852, 37.07194010416666], [-8.4025301395939, 37.06803385416666], [-8.392774428934002, 37.06803385416666], [-8.389847715736032, 37.06966145833333], [-8.391798857868011, 37.07259114583333], [-8.399603426395931, 37.07389322916666], [-8.399603426395931, 37.07714843749999], [-8.391798857868011, 37.07845052083333], [-8.389847715736032, 37.08138020833333], [-8.386921002538063, 37.08235677083333], [-8.372287436548215, 37.08333333333333], [-8.345947017766488, 37.08235677083333]], [[-8.384969860406082, 37.06347656249999], [-8.385620241116742, 37.06738281249999], [-8.389522525380702, 37.06673177083333], [-8.389522525380702, 37.06347656249999], [-8.387896573604053, 37.06249999999999], [-8.384969860406082, 37.06347656249999]], [[-8.62840127961082, 37.10904947916666], [-8.626238301078674, 37.10546874999999], [-8.6266315699027, 37.10904947916666], [-8.62840127961082, 37.10904947916666]], [[-8.373913388324866, 37.06152343749999], [-8.373263007614206, 37.05761718749999], [-8.369360723350248, 37.05826822916666], [-8.369360723350248, 37.06152343749999], [-8.370986675126897, 37.06249999999999], [-8.373913388324866, 37.06152343749999]], [[-8.364157677664966, 37.05305989583333], [-8.364808058375626, 37.05696614583333], [-8.368710342639586, 37.05631510416666], [-8.368710342639586, 37.05305989583333], [-8.367084390862937, 37.05208333333333], [-8.364157677664966, 37.05305989583333]], [[-8.343345494923849, 37.04785156249999], [-8.343995875634509, 37.05175781249999], [-8.347898159898469, 37.05110677083333], [-8.347898159898469, 37.04785156249999], [-8.34627220812182, 37.04687499999999], [-8.343345494923849, 37.04785156249999]], [[-8.332939403553292, 37.04264322916666], [-8.333589784263951, 37.04654947916666], [-8.33749206852791, 37.04589843749999], [-8.33749206852791, 37.04264322916666], [-8.33586611675126, 37.04166666666666], [-8.332939403553292, 37.04264322916666]], [[-9.53815104166666, 39.48392290609136], [-9.541406249999994, 39.48489847715735], [-9.54596354166666, 39.484573286802025], [-9.54791666666666, 39.48294733502537], [-9.547265624999994, 39.48067100253806], [-9.54401041666666, 39.479695431472074], [-9.539453124999994, 39.48002062182741], [-9.537499999999994, 39.48164657360405], [-9.53815104166666, 39.48392290609136]], [[-9.50592447916666, 39.41628331218273], [-9.50299479166666, 39.41725888324872], [-9.502343749999994, 39.4192100253807], [-9.504296874999994, 39.42376269035532], [-9.50787760416666, 39.42701459390862], [-9.51471354166666, 39.42733978426395], [-9.51764322916666, 39.42278711928933], [-9.520898437499994, 39.42148635786801], [-9.521874999999994, 39.4127062182741], [-9.519921874999994, 39.40782836294416], [-9.513411458333328, 39.40717798223349], [-9.510481770833328, 39.41173064720812], [-9.507226562499994, 39.41238102791877], [-9.50592447916666, 39.41628331218273]], [[-8.697656249999994, 43.3231543624161], [-8.695703124999994, 43.32477978187919], [-8.693749999999994, 43.332906879194624], [-8.69440104166666, 43.34428481543624], [-8.697656249999994, 43.3491610738255], [-8.70026041666666, 43.3491610738255], [-8.70221354166666, 43.34753565436242], [-8.70416666666666, 43.33940855704697], [-8.703515624999994, 43.32803062080536], [-8.70026041666666, 43.3231543624161], [-8.697656249999994, 43.3231543624161]], [[-9.183984374999994, 42.88201552013422], [-9.183333333333328, 42.884291107382545], [-9.187239583333328, 42.886241610738246], [-9.193098958333328, 42.885266359060395], [-9.193098958333328, 42.88201552013422], [-9.189843749999994, 42.88104026845637], [-9.183984374999994, 42.88201552013422]], [[-9.18365885416666, 42.83000209731543], [-9.184309895833328, 42.833903104026845], [-9.188216145833328, 42.83325293624161], [-9.188216145833328, 42.83000209731543], [-9.18658854166666, 42.82902684563758], [-9.18365885416666, 42.83000209731543]], [[-9.20514322916666, 42.762059563758385], [-9.20416666666666, 42.76531040268455], [-9.204492187499994, 42.7698615771812], [-9.20611979166666, 42.771812080536904], [-9.208398437499994, 42.771161912751666], [-9.209374999999994, 42.7679110738255], [-9.20904947916666, 42.76335989932885], [-9.207421874999994, 42.761409395973146], [-9.20514322916666, 42.762059563758385]], [[-9.058984374999994, 42.69996854026845], [-9.058333333333328, 42.70224412751678], [-9.062239583333328, 42.70419463087248], [-9.068098958333328, 42.70321937919463], [-9.068098958333328, 42.69996854026845], [-9.064843749999994, 42.6989932885906], [-9.058984374999994, 42.69996854026845]], [[-9.104882812499994, 42.6450293624161], [-9.10455729166666, 42.638527684563755], [-9.101302083333328, 42.63657718120805], [-9.097070312499994, 42.63722734899328], [-9.09674479166666, 42.640478187919456], [-9.101953124999994, 42.646979865771804], [-9.104882812499994, 42.6450293624161]], [[-8.949934895833328, 42.559207214765095], [-8.948958333333328, 42.562458053691266], [-8.94928385416666, 42.56700922818791], [-8.950911458333328, 42.568959731543615], [-8.95319010416666, 42.568309563758376], [-8.95416666666666, 42.565058724832205], [-8.953841145833328, 42.56050755033556], [-8.95221354166666, 42.55855704697986], [-8.949934895833328, 42.559207214765095]], [[-8.928450520833328, 42.512720218120805], [-8.929101562499994, 42.51662122483221], [-8.933007812499994, 42.51597105704697], [-8.933007812499994, 42.512720218120805], [-8.931380208333328, 42.51174496644295], [-8.928450520833328, 42.512720218120805]], [[-8.928450520833328, 42.26305578859059], [-8.929101562499994, 42.26695679530201], [-8.933007812499994, 42.26630662751678], [-8.933007812499994, 42.26305578859059], [-8.931380208333328, 42.26208053691274], [-8.928450520833328, 42.26305578859059]], [[-8.92096354166666, 42.22079488255033], [-8.92291666666666, 42.2165687919463], [-8.92194010416666, 42.210717281879184], [-8.918684895833328, 42.209416946308714], [-8.917708333333328, 42.20616610738254], [-8.918684895833328, 42.200314597315426], [-8.92194010416666, 42.199339345637576], [-8.92291666666666, 42.196413590604024], [-8.914453124999994, 42.189586828859056], [-8.91217447916666, 42.18080956375839], [-8.90924479166666, 42.17885906040268], [-8.907617187499994, 42.18080956375839], [-8.90631510416666, 42.1886115771812], [-8.90240885416666, 42.19023699664429], [-8.901106770833328, 42.1941380033557], [-8.897851562499994, 42.1941380033557], [-8.894921874999994, 42.18958682885905], [-8.890364583333328, 42.18926174496644], [-8.886132812499994, 42.191212248322145], [-8.883203124999994, 42.197713926174494], [-8.887109374999994, 42.199664429530195], [-8.893945312499994, 42.200314597315426], [-8.896874999999994, 42.203565436241604], [-8.895898437499994, 42.209416946308714], [-8.89264322916666, 42.210392197986565], [-8.89166666666666, 42.21331795302012], [-8.895898437499994, 42.21689387583892], [-8.897851562499994, 42.23964974832214], [-8.901757812499994, 42.243225671140934], [-8.903059895833328, 42.251027684563745], [-8.90631510416666, 42.252002936241595], [-8.90729166666666, 42.254928691275154], [-8.91022135416666, 42.25655411073824], [-8.91998697916666, 42.25590394295301], [-8.92291666666666, 42.25102768456375], [-8.92096354166666, 42.241275167785226], [-8.914453124999994, 42.236398909395966], [-8.912499999999994, 42.23217281879194], [-8.91315104166666, 42.22729656040268], [-8.92096354166666, 42.22079488255033]], [[-6.1008195854483835, 36.17643229166666], [-6.097567681895084, 36.17220052083333], [-6.091063874788486, 36.17252604166666], [-6.089112732656506, 36.17578124999999], [-6.089763113367166, 36.18033854166666], [-6.0988684433164035, 36.18424479166666], [-6.100494395093054, 36.19205729166666], [-6.103746298646354, 36.19303385416666], [-6.1047218697123435, 36.19596354166666], [-6.1066730118443235, 36.19726562499999], [-6.12423329103214, 36.20117187499999], [-6.135940143824018, 36.20117187499999], [-6.133989001692039, 36.19824218749999], [-6.12618443316412, 36.19694010416666], [-6.124558481387471, 36.19303385416666], [-6.12130657783417, 36.19205729166666], [-6.119030245346861, 36.18391927083333], [-6.1008195854483835, 36.17643229166666]], [[-6.12130657783417, 36.13606770833333], [-6.120331006768181, 36.13932291666666], [-6.120656197123511, 36.14388020833333], [-6.12228214890016, 36.14583333333333], [-6.124558481387471, 36.14518229166666], [-6.12553405245346, 36.14192708333333], [-6.12520886209813, 36.13736979166666], [-6.123582910321481, 36.13541666666666], [-6.12130657783417, 36.13606770833333]]], [[[-8.86139322916666, 38.47583280456852], [-8.86529947916666, 38.476483185279186], [-8.864648437499994, 38.48038546954314], [-8.86139322916666, 38.48038546954314], [-8.86041666666666, 38.47875951776649], [-8.86139322916666, 38.47583280456852]]], [[[-8.875390624999994, 38.48884041878171], [-8.87213541666666, 38.489165609137046], [-8.86627604166666, 38.48526332487309], [-8.865624999999994, 38.48266180203045], [-8.867578124999994, 38.4810358502538], [-8.87213541666666, 38.48071065989847], [-8.875390624999994, 38.48266180203045], [-8.875390624999994, 38.48884041878171]]], [[[-8.886458333333328, 38.49827093908629], [-8.88873697916666, 38.49762055837563], [-8.90924479166666, 38.49957170050761], [-8.920638020833328, 38.499246510152275], [-8.92291666666666, 38.49762055837563], [-8.92389322916666, 38.491767131979685], [-8.927005215283971, 38.49212246577549], [-8.93948220892666, 38.48200157610258], [-8.93551492980854, 38.48078885520166], [-8.938867187499994, 38.47648318527918], [-8.941796874999994, 38.47550761421319], [-8.94342447916666, 38.47745875634517], [-8.942773437499994, 38.48461294416243], [-8.931054687499994, 38.49501903553299], [-8.928124999999994, 38.50022208121827], [-8.927148437499994, 38.506075507614206], [-8.92389322916666, 38.50705107868019], [-8.92291666666666, 38.509977791878164], [-8.90924479166666, 38.508026649746185], [-8.893294270833328, 38.503148794416234], [-8.886458333333328, 38.49957170050761], [-8.886458333333328, 38.49827093908629]]], [[[-8.903059895833328, 38.51225412436547], [-8.906966145833328, 38.512904505076136], [-8.90682226751404, 38.51376689857572], [-8.902773720199836, 38.51311177966504], [-8.903059895833328, 38.51225412436547]]], [[[-9.155989583333328, 38.6927347715736], [-9.16022135416666, 38.689157677664966], [-9.17194010416666, 38.687856916243646], [-9.174218749999994, 38.684605012690355], [-9.189843749999994, 38.683304251269035], [-9.193749999999994, 38.68167829949238], [-9.193749999999994, 38.680377538071056], [-9.20026041666666, 38.67940196700507], [-9.27838541666666, 38.678101205583744], [-9.29791666666666, 38.6764752538071], [-9.298567708333328, 38.67419892131979], [-9.306380208333328, 38.672898159898466], [-9.309309895833328, 38.66834549492385], [-9.31256510416666, 38.66736992385786], [-9.314843749999994, 38.659240164974605], [-9.33111979166666, 38.65241116751268], [-9.347070312499994, 38.63777760152284], [-9.35455729166666, 38.63680203045685], [-9.35748697916666, 38.63745241116751], [-9.36041666666666, 38.64070431472081], [-9.35846354166666, 38.64753331218273], [-9.35065104166666, 38.65306154822334], [-9.349348958333328, 38.656638642131966], [-9.341210937499994, 38.65826459390862], [-9.332747395833328, 38.66736992385786], [-9.324609374999994, 38.668995875634515], [-9.32330729166666, 38.67257296954314], [-9.322050842592366, 38.672133924599905], [-9.310716172197946, 38.68290347256924], [-9.300520833333328, 38.68427982233502], [-9.29596354166666, 38.68753172588832], [-9.29303385416666, 38.69208439086294], [-9.28424479166666, 38.69436072335024], [-9.28033854166666, 38.6982630076142], [-9.267787709050713, 38.698959568206085], [-9.252619320310364, 38.69782540241925], [-9.25104166666666, 38.695986675126896], [-9.24127604166666, 38.69436072335024], [-9.208723958333328, 38.69436072335024], [-9.20221354166666, 38.69501110406091], [-9.19635416666666, 38.6982630076142], [-9.191145833333328, 38.69891338832487], [-9.159895833333328, 38.70021414974619], [-9.155664062499994, 38.70346605329948], [-9.136132812499994, 38.7047668147208], [-9.131249999999994, 38.70639276649745], [-9.129296874999994, 38.70931947969543], [-9.124739583333328, 38.70964467005076], [-9.121484374999994, 38.70769352791878], [-9.119856770833328, 38.699888959390854], [-9.116601562499994, 38.69891338832487], [-9.115624999999994, 38.697287436548216], [-9.115624999999994, 38.695986675126896], [-9.119531249999994, 38.69436072335024], [-9.135156249999994, 38.693059961928924], [-9.13776041666666, 38.69013324873096], [-9.155989583333328, 38.6927347715736]]], [[[-9.179101562499994, 43.11542575503354], [-9.183007812499994, 43.11607592281879], [-9.182356770833328, 43.11997692953019], [-9.179101562499994, 43.11997692953019], [-9.178124999999994, 43.1183515100671], [-9.179101562499994, 43.11542575503354]]], [[[-9.197981770833328, 43.125178271812075], [-9.194726562499994, 43.124853187919456], [-9.19440104166666, 43.11705117449664], [-9.197656249999994, 43.11510067114093], [-9.203515624999994, 43.11607592281879], [-9.203841145833328, 43.11932676174496], [-9.199934895833328, 43.12062709731542], [-9.197981770833328, 43.125178271812075]]], [[[-9.17389322916666, 43.12127726510066], [-9.176171874999994, 43.12030201342281], [-9.178124999999994, 43.126153523489926], [-9.17779947916666, 43.13298028523489], [-9.176171874999994, 43.13590604026845], [-9.17389322916666, 43.1349307885906], [-9.17291666666666, 43.130054530201335], [-9.17389322916666, 43.12127726510066]]], [[[-8.243512055837556, 43.39889890939597], [-8.240260152284257, 43.39922399328859], [-8.235707487309636, 43.39662332214763], [-8.233756345177657, 43.392722315436245], [-8.235707487309636, 43.39109689597315], [-8.240260152284257, 43.39077181208053], [-8.243512055837556, 43.39272231543623], [-8.243512055837556, 43.39889890939597]]], [[[-8.249040291878163, 43.46976719798657], [-8.248389911167504, 43.47366820469798], [-8.244487626903545, 43.47301803691275], [-8.244487626903545, 43.46976719798657], [-8.246113578680195, 43.46879194630872], [-8.249040291878163, 43.46976719798657]]], [[[-8.258796002538062, 43.46944211409395], [-8.259771573604052, 43.47269295302013], [-8.259446383248722, 43.47724412751678], [-8.257820431472073, 43.47919463087248], [-8.255544098984764, 43.47854446308724], [-8.254568527918773, 43.47529362416107], [-8.254893718274104, 43.47074244966443], [-8.256519670050753, 43.46879194630872], [-8.258796002538062, 43.46944211409395]]], [[[-6.100494395093054, 36.25032552083333], [-6.104396679357014, 36.25097656249999], [-6.103746298646354, 36.25488281249999], [-6.100494395093054, 36.25488281249999], [-6.099518824027064, 36.25325520833333], [-6.100494395093054, 36.25032552083333]]], [[[-5.6062050549915305, 36.00553385416666], [-5.603603532148892, 36.00944010416666], [-5.584092110829095, 36.01074218749999], [-5.580840207275795, 36.01139322916666], [-5.576287542301175, 36.01529947916666], [-5.564580689509298, 36.01660156249999], [-5.562629547377318, 36.02050781249999], [-5.55872726311336, 36.02180989583333], [-5.557751692047369, 36.02506510416666], [-5.549947123519449, 36.02636718749999], [-5.547865865703396, 36.028639957953224], [-5.539202537725268, 36.031157998915035], [-5.522631133671734, 36.03320312499999], [-5.519257852105882, 36.03695502466391], [-5.474954711997314, 36.04983196084963], [-5.473202199661582, 36.04720052083333], [-5.466698392554983, 36.04720052083333], [-5.463771679357014, 36.05110677083333], [-5.4520648265651355, 36.05273437499999], [-5.449138113367166, 36.05598958333333], [-5.448810379814454, 36.05795798302493], [-5.446217195482177, 36.05878709554267], [-5.434179357021988, 36.06868489583333], [-5.432679157530802, 36.07211515802805], [-5.430277072758029, 36.07291666666666], [-5.42865112098138, 36.07584635416666], [-5.429301501692039, 36.08756510416666], [-5.433203785955998, 36.08951822916666], [-5.434179357021988, 36.09277343749999], [-5.435670421568759, 36.09302220080937], [-5.438740658263464, 36.099005088444784], [-5.435480118443309, 36.10026041666666], [-5.433528976311329, 36.10677083333333], [-5.432553405245338, 36.11848958333333], [-5.42865112098138, 36.12272135416666], [-5.42865112098138, 36.13248697916666], [-5.429301501692039, 36.13444010416666], [-5.432553405245338, 36.13639322916666], [-5.434504547377318, 36.15006510416666], [-5.438406831641277, 36.15201822916666], [-5.438732021996607, 36.15429687499999], [-5.434504547377318, 36.15755208333333], [-5.433682696437176, 36.16742431718748], [-5.430001235316821, 36.1708287479582], [-5.428977630816134, 36.17389987593169], [-5.42474883671742, 36.17578124999999], [-5.404261844331633, 36.17708333333333], [-5.388652707275795, 36.17513020833333], [-5.384750423011836, 36.17317708333333], [-5.381823709813866, 36.16829427083333], [-5.3730435702199575, 36.16080729166666], [-5.369141285955999, 36.13606770833333], [-5.361336717428079, 36.12955729166666], [-5.35971076565143, 36.12532552083333], [-5.35645886209813, 36.12434895833333], [-5.35353214890016, 36.11425781249999], [-5.345727580372243, 36.11067708333333], [-5.344101628595593, 36.11425781249999], [-5.3428766078738175, 36.113601179721364], [-5.342632306069927, 36.11469905722188], [-5.340849725042292, 36.11523437499999], [-5.339548963620972, 36.12304687499999], [-5.335646679357013, 36.12565104166666], [-5.334671108291023, 36.12890624999999], [-5.334996298646354, 36.13346354166666], [-5.337923011844323, 36.13541666666666], [-5.3385733925549825, 36.13802083333333], [-5.335321489001683, 36.16927083333333], [-5.332719966159044, 36.17708333333333], [-5.331419204737724, 36.17708333333333], [-5.329793252961075, 36.18001302083333], [-5.328817681895085, 36.19010416666666], [-5.327516920473765, 36.19270833333333], [-5.322964255499146, 36.19596354166666], [-5.320687923011835, 36.20149739583333], [-5.322291269550582, 36.21145794884625], [-5.303891806997175, 36.23914853539117], [-5.2940223138747795, 36.24055989583333], [-5.2920711717427995, 36.24446614583333], [-5.288819268189501, 36.24576822916666], [-5.2858925549915305, 36.26041666666666], [-5.278087986463612, 36.26725260416666], [-5.276462034686963, 36.27539062499999], [-5.272559750423003, 36.27701822916666], [-5.271258989001684, 36.28092447916666], [-5.268007085448383, 36.28190104166666], [-5.265963356551655, 36.28894770628518], [-5.254826338576862, 36.2980622719561], [-5.252677575404624, 36.30165690716346], [-5.250121615905236, 36.30208333333333], [-5.246869712351937, 36.30501302083333], [-5.243421375629539, 36.31845004848843], [-5.236463620981379, 36.32454427083333], [-5.235488049915389, 36.33138020833333], [-5.231585765651429, 36.33398437499999], [-5.23028500423011, 36.34179687499999], [-5.22638271996615, 36.34505208333333], [-5.22345600676818, 36.36425781249999], [-5.215651438240263, 36.37044270833333], [-5.212074344331633, 36.37662760416666], [-5.199391920473765, 36.38671874999999], [-5.192562923011836, 36.39615885416666], [-5.185733925549906, 36.40039062499999], [-5.1824820219966075, 36.40527343749999], [-5.1642713620981295, 36.40722656249999], [-5.16166983925549, 36.41080729166666], [-5.146060702199653, 36.41601562499999], [-5.142158417935693, 36.41861979166666], [-5.141508037225034, 36.42089843749999], [-5.1337034686971155, 36.42220052083333], [-5.130126374788486, 36.42610677083333], [-5.109964572758028, 36.42805989583333], [-5.1054119077834095, 36.43001302083333], [-5.100161909953727, 36.4349917575428], [-5.084627356326197, 36.442786256121096], [-5.080697440778333, 36.44368489583333], [-5.080112254013571, 36.445051719255765], [-5.0751692047377235, 36.44726562499999], [-5.020537225042293, 36.45247395833333], [-5.006879230118435, 36.45507812499999], [-5.005052808328405, 36.4578205418646], [-4.994608511199055, 36.45856622459804], [-4.9738477975756314, 36.470252337504945], [-4.97110829103214, 36.47070312499999], [-4.96884257120348, 36.47306975705856], [-4.939293608097978, 36.48970273631913], [-4.935012161590516, 36.49055989583333], [-4.933000161018021, 36.49324528955136], [-4.930302967082187, 36.49476352796251], [-4.924280879864628, 36.49576822916666], [-4.922654928087978, 36.49902343749999], [-4.9109480752960994, 36.50032552083333], [-4.90802136209813, 36.50195312499999], [-4.90802136209813, 36.50325520833333], [-4.9047694585448305, 36.50423177083333], [-4.8885099407783335, 36.50520833333333], [-4.859242808798638, 36.50423177083333], [-4.8520886209813785, 36.50032552083333], [-4.836479483925542, 36.49902343749999], [-4.834528341793562, 36.49576822916666], [-4.826723773265643, 36.49446614583333], [-4.824772631133663, 36.49153645833333], [-4.822171108291023, 36.49055989583333], [-4.785749788494069, 36.48860677083333], [-4.7831482656514295, 36.48763020833333], [-4.782172694585439, 36.48535156249999], [-4.770465841793561, 36.48404947916666], [-4.768514699661582, 36.48339843749999], [-4.767539128595592, 36.48111979166666], [-4.764287225042293, 36.48014322916666], [-4.748027707275796, 36.47916666666666], [-4.7187605752961, 36.48014322916666], [-4.715508671742801, 36.48111979166666], [-4.714533100676811, 36.48339843749999], [-4.712581958544831, 36.48404947916666], [-4.700875105752952, 36.48535156249999], [-4.6998995346869625, 36.48763020833333], [-4.696972821488993, 36.48925781249999], [-4.685265968697115, 36.49055989583333], [-4.684290397631125, 36.49283854166666], [-4.6816888747884855, 36.49414062499999], [-4.644291983925542, 36.50162760416666], [-4.640714890016913, 36.50390624999999], [-4.637788176818942, 36.50846354166666], [-4.6309591793570135, 36.51041666666666], [-4.628357656514375, 36.51269531249999], [-4.622470443935757, 36.52830431684557], [-4.616077358623636, 36.53169372342514], [-4.603267720334092, 36.55205192377349], [-4.598811931577832, 36.55403645833333], [-4.596018401015227, 36.56184895833333], [-4.589514593908629, 36.56282552083333], [-4.58658788071066, 36.56673177083333], [-4.58463673857868, 36.56738281249999], [-4.5729298857868015, 36.56868489583333], [-4.571954314720812, 36.57096354166666], [-4.569677982233502, 36.57194010416666], [-4.537809327411167, 36.57389322916666], [-4.535532994923857, 36.57486979166666], [-4.534882614213197, 36.57714843749999], [-4.529029187817258, 36.57812499999999], [-4.523826142131979, 36.58105468749999], [-4.51342005076142, 36.59277343749999], [-4.504965101522842, 36.59472656249999], [-4.503664340101523, 36.59830729166666], [-4.494559010152283, 36.60579427083333], [-4.4939086294416235, 36.61067708333333], [-4.490981916243654, 36.61588541666666], [-4.479275063451776, 36.62630208333333], [-4.477323921319796, 36.63476562499999], [-4.473746827411167, 36.63606770833333], [-4.466267449238578, 36.64518229166666], [-4.461389593908629, 36.64583333333333], [-4.456186548223349, 36.64876302083333], [-4.4467560279187826, 36.66048177083333], [-4.442853743654822, 36.66210937499999], [-4.441552982233501, 36.66992187499999], [-4.437650697969543, 36.67252604166666], [-4.435699555837563, 36.68164062499999], [-4.432447652284263, 36.68326822916666], [-4.430496510152283, 36.69498697916666], [-4.425618654822334, 36.69791666666666], [-4.4168385152284255, 36.69889322916666], [-4.415537753807106, 36.70214843749999], [-4.411635469543146, 36.70410156249999], [-4.410659898477157, 36.71289062499999], [-4.407407994923857, 36.71582031249999], [-4.400904187817258, 36.71777343749999], [-4.39114847715736, 36.71874999999999], [-4.361881345177665, 36.71777343749999], [-4.358629441624365, 36.71679687499999], [-4.357653870558375, 36.71451822916666], [-4.3459470177664965, 36.71321614583333], [-4.343995875634517, 36.71256510416666], [-4.343020304568528, 36.71028645833333], [-4.337166878172589, 36.70865885416666], [-4.313753172588832, 36.70930989583333], [-4.311802030456852, 36.71028645833333], [-4.310826459390862, 36.71321614583333], [-4.308550126903553, 36.71354166666666], [-4.306924175126904, 36.71256510416666], [-4.306598984771573, 36.71028645833333], [-4.303997461928933, 36.70930989583333], [-4.272779187817258, 36.70800781249999], [-4.267576142131979, 36.70735677083333], [-4.26139752538071, 36.70410156249999], [-4.218472398477157, 36.70345052083333], [-4.211318210659898, 36.70410156249999], [-4.204489213197969, 36.70735677083333], [-4.19798540609137, 36.70800781249999], [-4.158962563451776, 36.70930989583333], [-4.155710659898476, 36.71028645833333], [-4.153759517766497, 36.71321614583333], [-4.145954949238578, 36.71451822916666], [-4.145304568527918, 36.71679687499999], [-4.142703045685279, 36.71777343749999], [-4.110834390862944, 36.72005208333333], [-4.104330583756345, 36.72265624999999], [-4.099777918781726, 36.72656249999999], [-4.097176395939085, 36.73177083333333], [-4.089371827411167, 36.73567708333333], [-4.076364213197969, 36.73828124999999], [-4.058153553299492, 36.73958333333333], [-4.007555789078594, 36.738645385468274], [-3.9990396898373, 36.736759925543296], [-3.9976681472081217, 36.73470052083333], [-3.9911643401015224, 36.73404947916666], [-3.988237626903553, 36.73014322916666], [-3.976205583756345, 36.72851562499999], [-3.965799492385786, 36.71940104166666], [-3.958645304568527, 36.71874999999999], [-3.9527918781725884, 36.72070312499999], [-3.945962880710659, 36.72851562499999], [-3.93913388324873, 36.72949218749999], [-3.936532360406091, 36.73339843749999], [-3.9287277918781722, 36.73470052083333], [-3.9278519046452365, 36.736015686876684], [-3.91541335425308, 36.73890200243905], [-3.8802744289340096, 36.74023437499999], [-3.8695431472081214, 36.74348958333333], [-3.8695431472081214, 36.74609374999999], [-3.866291243654822, 36.74804687499999], [-3.8597874365482228, 36.74934895833333], [-3.837024111675127, 36.74999999999999], [-3.822226882415113, 36.749111263974314], [-3.8106836928934005, 36.74414062499999], [-3.787595177664974, 36.73990885416666], [-3.7823921319796945, 36.73795572916666], [-3.779140228426395, 36.73567708333333], [-3.776213515228426, 36.73111979166666], [-3.771986040609137, 36.72916666666666], [-3.7661326142131974, 36.73014322916666], [-3.764078615944828, 36.7339983897885], [-3.7444242512690535, 36.72899245426839], [-3.743694479695431, 36.72460937499999], [-3.7404425761421316, 36.72363281249999], [-3.738816624365482, 36.71972656249999], [-3.7355647208121825, 36.71874999999999], [-3.7297112944162434, 36.71972656249999], [-3.7287357233502534, 36.72298177083333], [-3.724833439086294, 36.72460937499999], [-3.724565597361036, 36.726218058532794], [-3.680380009612236, 36.73026318774021], [-3.6750793147208123, 36.73307291666666], [-3.6684205187661387, 36.73918697031291], [-3.663372461928934, 36.73990885416666], [-3.6626138884096267, 36.74104787080769], [-3.6511292403192988, 36.7417076499713], [-3.647763324873096, 36.74055989583333], [-3.6022366751269033, 36.73860677083333], [-3.5989847715736034, 36.73763020833333], [-3.598009200507614, 36.73470052083333], [-3.5863023477157356, 36.72558593749999], [-3.5817496827411164, 36.71972656249999], [-3.559763238513418, 36.717840094942126], [-3.5554092639593904, 36.71354166666666], [-3.552415807294721, 36.71498590823464], [-3.549866373725344, 36.713995554029374], [-3.5400436466741647, 36.71829852471626], [-3.5180123730964463, 36.71777343749999], [-3.5157360406091365, 36.71679687499999], [-3.513784898477157, 36.71289062499999], [-3.505980329949238, 36.70768229166666], [-3.504679568527918, 36.70410156249999], [-3.4968749999999993, 36.70279947916666], [-3.4936230964467, 36.69889322916666], [-3.4780139593908626, 36.69759114583333], [-3.4718353426395936, 36.69368489583333], [-3.4513483502538067, 36.69270833333333], [-3.439966687817259, 36.69368489583333], [-3.43477478101542, 36.697198290792635], [-3.415505783752741, 36.69701932273313], [-3.380583132008229, 36.71466063258609], [-3.360620241116751, 36.71907552083333], [-3.3547668147208123, 36.72233072916666], [-3.350539340101523, 36.72656249999999], [-3.347937817258883, 36.73177083333333], [-3.342409581218274, 36.73567708333333], [-3.3339546319796955, 36.73828124999999], [-3.2903791243654816, 36.74055989583333], [-3.2868020304568524, 36.74153645833333], [-3.2858264593908624, 36.74381510416666], [-3.274119606598984, 36.74511718749999], [-3.2711928934010146, 36.74674479166666], [-3.2711928934010146, 36.74804687499999], [-3.2653394670050755, 36.74967447916666], [-3.2458280456852786, 36.74967447916666], [-3.241925761421319, 36.74902343749999], [-3.2399746192893395, 36.74674479166666], [-3.2272921954314717, 36.74511718749999], [-3.1765624999999993, 36.74381510416666], [-3.1723350253807103, 36.74283854166666], [-3.17168464467005, 36.74055989583333], [-3.1684327411167508, 36.73958333333333], [-3.1638800761421315, 36.73990885416666], [-3.161928934010152, 36.74283854166666], [-3.1463197969543146, 36.74446614583333], [-3.094289340101523, 36.74446614583333], [-3.078680203045685, 36.74283854166666], [-3.0770542512690353, 36.74055989583333], [-3.073802347715736, 36.73990885416666], [-3.0624206852791875, 36.73958333333333], [-3.0542909263959386, 36.74055989583333], [-3.051689403553299, 36.74446614583333], [-3.0494130710659895, 36.74479166666666], [-3.04778711928934, 36.74381510416666], [-3.0464863578680204, 36.73990885416666], [-3.0442100253807096, 36.73958333333333], [-3.0425840736040604, 36.74055989583333], [-3.041283312182741, 36.74446614583333], [-3.039006979695431, 36.74479166666666], [-3.0373810279187814, 36.74381510416666], [-3.0370558375634515, 36.74153645833333], [-3.0315276015228423, 36.74055989583333], [-2.9964730897966807, 36.73987185394647], [-2.9878103461741, 36.73863717818977], [-2.984096893671968, 36.739628936817844], [-2.954132296954314, 36.74055989583333], [-2.948604060913705, 36.74153645833333], [-2.948604060913705, 36.74283854166666], [-2.9456773477157356, 36.74446614583333], [-2.9388483502538065, 36.74479166666666], [-2.9339704949238574, 36.74381510416666], [-2.9316941624365476, 36.74055989583333], [-2.9125079314720805, 36.73763020833333], [-2.905353743654822, 36.72981770833333], [-2.8978743654822328, 36.72819010416666], [-2.8838911802030456, 36.71256510416666], [-2.871533946700507, 36.70279947916666], [-2.8699079949238575, 36.69889322916666], [-2.8617782360406085, 36.69726562499999], [-2.8542988578680197, 36.68815104166666], [-2.8507217639593905, 36.68684895833333], [-2.848770621827411, 36.67903645833333], [-2.843892766497462, 36.67708333333333], [-2.835112626903553, 36.67610677083333], [-2.8331614847715736, 36.67220052083333], [-2.8299095812182733, 36.67220052083333], [-2.8289340101522837, 36.67513020833333], [-2.8211294416243646, 36.67675781249999], [-2.7951142131979694, 36.67675781249999], [-2.78991116751269, 36.67610677083333], [-2.784708121827411, 36.67252604166666], [-2.779505076142132, 36.67122395833333], [-2.748286802030456, 36.66796874999999], [-2.743083756345177, 36.67089843749999], [-2.7378807106598977, 36.67154947916666], [-2.706662436548223, 36.67285156249999], [-2.702434961928934, 36.67610677083333], [-2.6991830583756338, 36.67675781249999], [-2.6796716370558373, 36.67805989583333], [-2.6770701142131976, 36.68131510416666], [-2.672192258883248, 36.68229166666666], [-2.66341211928934, 36.68131510416666], [-2.6614609771573603, 36.67740885416666], [-2.658209073604061, 36.67740885416666], [-2.6569083121827406, 36.68131510416666], [-2.6523556472081213, 36.68326822916666], [-2.642925126903553, 36.69498697916666], [-2.6377220812182736, 36.69791666666666], [-2.631868654822335, 36.69889322916666], [-2.630567893401015, 36.70247395833333], [-2.6227633248730964, 36.70800781249999], [-2.619836611675127, 36.71809895833333], [-2.615934327411167, 36.72070312499999], [-2.6146335659898474, 36.72851562499999], [-2.610731281725888, 36.73111979166666], [-2.6096275560857656, 36.73795572916666], [-2.6002851326682563, 36.74544270833333], [-2.5987280620986715, 36.74934895833333], [-2.5976242113564654, 36.76595052083333], [-2.5959976340693993, 36.77083333333333], [-2.5930697949526804, 36.77180989583333], [-2.5839609621451096, 36.78352864583333], [-2.578105283911671, 36.78743489583333], [-2.5771293375394313, 36.79622395833333], [-2.575177444794952, 36.80110677083333], [-2.5680205047318605, 36.80305989583333], [-2.5602129337539425, 36.81184895833333], [-2.553055993690851, 36.81542968749999], [-2.5250788643533113, 36.82161458333333], [-2.4782334384858036, 36.82649739583333], [-2.4730283911671913, 36.82617187499999], [-2.4730283911671913, 36.82486979166666], [-2.4691246056782328, 36.82324218749999], [-2.455461356466876, 36.82194010416666], [-2.4515575709779167, 36.81998697916666], [-2.4421234227129327, 36.81022135416666], [-2.4375690063091473, 36.80826822916666], [-2.420652602523658, 36.80761718749999], [-2.4157728706624595, 36.80924479166666], [-2.41382097791798, 36.81217447916666], [-2.406989353312302, 36.81315104166666], [-2.398531151419557, 36.82226562499999], [-2.391699526813879, 36.82324218749999], [-2.389097003154573, 36.82714843749999], [-2.381289432176655, 36.82845052083333], [-2.3786869085173494, 36.83235677083333], [-2.3708793375394315, 36.83365885416666], [-2.3681943446367506, 36.8372411047986], [-2.361652986857764, 36.838277679360736], [-2.3542204594705334, 36.837452049937696], [-2.3523363564668758, 36.83430989583333], [-2.3386731072555196, 36.83235677083333], [-2.33672121451104, 36.82910156249999], [-2.3230579652996832, 36.82714843749999], [-2.321106072555204, 36.82389322916666], [-2.3074428233438473, 36.82194010416666], [-2.3045149842271284, 36.81803385416666], [-2.297358044164037, 36.81673177083333], [-2.2843454258675067, 36.80305989583333], [-2.2749112776025227, 36.80013020833333], [-2.270682176656151, 36.79361979166666], [-2.2658024447949514, 36.79101562499999], [-2.264175867507885, 36.78320312499999], [-2.260922712933753, 36.78124999999999], [-2.255067034700315, 36.78027343749999], [-2.2537657728706617, 36.77669270833333], [-2.2446569400630905, 36.76920572916666], [-2.2433556782334376, 36.76236979166666], [-2.2332708990536263, 36.75846354166666], [-2.2277405362776017, 36.75065104166666], [-2.2241620662460555, 36.74934895833333], [-2.2225354889589894, 36.74153645833333], [-2.2192823343848573, 36.73958333333333], [-2.2134266561514186, 36.73860677083333], [-2.212125394321766, 36.73502604166666], [-2.204317823343848, 36.72949218749999], [-2.202365930599368, 36.72265624999999], [-2.1987874605678224, 36.72070312499999], [-2.1808951104100935, 36.71874999999999], [-2.1558458201892736, 36.71907552083333], [-2.1451104100946363, 36.72070312499999], [-2.1431585173501566, 36.72363281249999], [-2.135350946372239, 36.72493489583333], [-2.1337243690851726, 36.72819010416666], [-2.1249408517350146, 36.72916666666666], [-2.1200611198738164, 36.73111979166666], [-2.1181092271293367, 36.73828124999999], [-2.1063978706624598, 36.74869791666666], [-2.1021687697160876, 36.75846354166666], [-2.085902996845425, 36.76139322916666], [-2.0787460567823333, 36.76627604166666], [-2.0709384858044153, 36.77506510416666], [-2.0657334384858035, 36.77604166666666], [-2.0615043375394313, 36.78287760416666], [-2.054998028391166, 36.81022135416666], [-2.0527208201892737, 36.81249999999999], [-2.046865141955835, 36.81347656249999], [-2.045563880126182, 36.81705729166666], [-2.0377563091482642, 36.82226562499999], [-2.0351537854889576, 36.82714843749999], [-2.02734621451104, 36.82845052083333], [-2.0240930599369076, 36.83235677083333], [-2.0048994479495255, 36.83528645833333], [-1.9987184542586742, 36.84309895833333], [-1.9951399842271285, 36.84472656249999], [-1.9941640378548886, 36.85351562499999], [-1.9951399842271285, 36.85839843749999], [-1.9974171924290212, 36.85937499999999], [-1.9990437697160872, 36.86425781249999], [-1.9990437697160872, 36.88053385416666], [-1.9974171924290212, 36.88541666666666], [-1.992537460567822, 36.88834635416666], [-1.9850552050473176, 36.89811197916666], [-1.9824526813880117, 36.90006510416666], [-1.9772476340693994, 36.90104166666666], [-1.9739944794952673, 36.90006510416666], [-1.9723679022082008, 36.89615885416666], [-1.9691147476340682, 36.89648437499999], [-1.9674881703470022, 36.90429687499999], [-1.9583793375394314, 36.90820312499999], [-1.9567527602523649, 36.91601562499999], [-1.9528489747634061, 36.91861979166666], [-1.9520723434194194, 36.92328252151597], [-1.9420705452743305, 36.931216771873444], [-1.93538169203606, 36.933693316045016], [-1.9264669987253653, 36.93422732287446], [-1.9235705835962136, 36.93261718749999], [-1.9134858044164027, 36.93294270833333], [-1.9087709331617344, 36.93642269527405], [-1.9060495749142228, 36.93729139551463], [-1.901732346616721, 36.941895967493615], [-1.9010943958917017, 36.94528842728434], [-1.8972200315457404, 36.94824218749999], [-1.8952681388012609, 36.95572916666666], [-1.895593454258674, 36.96484374999999], [-1.8972200315457406, 36.96874999999999], [-1.9001478706624595, 36.96972656249999], [-1.900473186119873, 36.97200520833333], [-1.8962440851735007, 36.97493489583333], [-1.8933162460567814, 36.98958333333333], [-1.886809936908516, 36.99446614583333], [-1.8842074132492102, 37.00358072916666], [-1.8767251577287056, 37.01074218749999], [-1.8773757886435323, 37.02994791666666], [-1.8698935331230273, 37.03222656249999], [-1.8685922712933742, 37.03580729166666], [-1.8594834384858037, 37.04329427083333], [-1.8581821766561506, 37.05013020833333], [-1.852326498422712, 37.05208333333333], [-1.8503746056782324, 37.05501302083333], [-1.8464708201892734, 37.09895833333333], [-1.8435429810725543, 37.09993489583333], [-1.8344341482649833, 37.11165364583333], [-1.8295544164037847, 37.11458333333333], [-1.8282531545741316, 37.11718749999999], [-1.8217468454258667, 37.15364583333333], [-1.8204455835962137, 37.15624999999999], [-1.8181683753943207, 37.15657552083333], [-1.8171924290220811, 37.15820312499999], [-1.8175177444794943, 37.16048177083333], [-1.8214215299684533, 37.16243489583333], [-1.822397476340693, 37.17122395833333], [-1.8214215299684533, 37.17610677083333], [-1.8175177444794943, 37.17903645833333], [-1.8162164826498415, 37.18684895833333], [-1.812963328075709, 37.18782552083333], [-1.8110114353312294, 37.19238281249999], [-1.7993000788643525, 37.20182291666666], [-1.7963722397476332, 37.20703124999999], [-1.7953962933753933, 37.21289062499999], [-1.7914925078864345, 37.21451822916666], [-1.7905165615141947, 37.21777343749999], [-1.7814077287066235, 37.21972656249999], [-1.7797811514195572, 37.22363281249999], [-1.7680697949526805, 37.23404947916666], [-1.7661179022082008, 37.23860677083333], [-1.7640040397880044, 37.255803974048824], [-1.7592545074547612, 37.259621978104434], [-1.751804022082018, 37.26171874999999], [-1.7485508675078854, 37.26432291666666], [-1.7425603437784505, 37.273041906667714], [-1.7320307585313024, 37.28150631881544], [-1.7293572555205037, 37.28222656249999], [-1.7268108548435133, 37.28665452061215], [-1.7199231072555192, 37.29134114583333], [-1.7134167981072546, 37.30013020833333], [-1.7046332807570965, 37.30305989583333], [-1.7026813880126173, 37.30794270833333], [-1.7018541410226053, 37.31539263151043], [-1.6958497634069392, 37.32063802083333], [-1.6867409305993681, 37.33235677083333], [-1.6828371451104092, 37.33398437499999], [-1.6808852523659297, 37.34309895833333], [-1.6776320977917971, 37.34407552083333], [-1.6756802050473176, 37.34798177083333], [-1.6639688485804407, 37.34863281249999], [-1.662016955835961, 37.34798177083333], [-1.6590891167192419, 37.34407552083333], [-1.652582807570977, 37.34472656249999], [-1.6506309148264975, 37.34960937499999], [-1.6496549684542579, 37.35839843749999], [-1.6447752365930588, 37.36132812499999], [-1.6405461356466866, 37.36783854166666], [-1.6285094637223962, 37.37272135416666], [-1.6203765772870653, 37.38248697916666], [-1.6171234227129327, 37.38444010416666], [-1.6060626971608822, 37.38639322916666], [-1.591098186119873, 37.40006510416666], [-1.5787361987381692, 37.40201822916666], [-1.57580835962145, 37.40527343749999], [-1.5484818611987372, 37.40722656249999], [-1.5465299684542577, 37.40820312499999], [-1.5445780757097782, 37.41210937499999], [-1.5377464511040997, 37.41634114583333], [-1.532866719242901, 37.42317708333333], [-1.529938880126182, 37.42513020833333], [-1.5192034700315449, 37.42708333333333], [-1.5016364353312293, 37.42610677083333], [-1.4983832807570967, 37.42317708333333], [-1.4866719242902198, 37.42513020833333], [-1.4824428233438476, 37.42871093749999], [-1.479189668769715, 37.43457031249999], [-1.4736593059936898, 37.46158854166666], [-1.4710567823343839, 37.46809895833333], [-1.4590201104100937, 37.48046874999999], [-1.4567429022082008, 37.48795572916666], [-1.438525236593059, 37.49544270833333], [-1.4360539068249993, 37.498657465269616], [-1.4308446757889823, 37.49955417919393], [-1.4208418133868763, 37.50460447650334], [-1.4024152208201883, 37.50618489583333], [-1.4001380126182954, 37.50944010416666], [-1.3923304416403774, 37.51139322916666], [-1.389077287066245, 37.52343749999999], [-1.3864747634069388, 37.52604166666666], [-1.3708596214511028, 37.53190104166666], [-1.3676064668769703, 37.53710937499999], [-1.3607748422712924, 37.54134114583333], [-1.3558951104100934, 37.54817708333333], [-1.3503647476340683, 37.55143229166666], [-1.3370268138801251, 37.55240885416666], [-1.33052050473186, 37.55631510416666], [-1.3175078864353302, 37.55729166666666], [-1.2940851735015764, 37.55631510416666], [-1.289856072555204, 37.55305989583333], [-1.2866029179810716, 37.55240885416666], [-1.270337145110409, 37.55240885416666], [-1.2654574132492105, 37.55403645833333], [-1.2635055205047308, 37.55696614583333], [-1.256999211356466, 37.55794270833333], [-1.2550473186119864, 37.56119791666666], [-1.2540713722397467, 37.56705729166666], [-1.2508182176656142, 37.56803385416666], [-1.2498422712933743, 37.57096354166666], [-1.2472397476340682, 37.57194010416666], [-1.2160094637223964, 37.57259114583333], [-1.2081441212497233, 37.57087682971667], [-1.206249999999999, 37.56803385416666], [-1.199743690851734, 37.56738281249999], [-1.1958399053627748, 37.56282552083333], [-1.188032334384857, 37.56152343749999], [-1.186731072555204, 37.55794270833333], [-1.1785981861198729, 37.55240885416666], [-1.1711159305993681, 37.54361979166666], [-1.1473679022082008, 37.54069010416666], [-1.1457413249211346, 37.53841145833333], [-1.140861593059936, 37.53678385416666], [-1.121342665615141, 37.53548177083333], [-1.118740141955835, 37.53157552083333], [-1.1164629337539425, 37.53124999999999], [-1.1127500101319248, 37.53496526763945], [-1.1089074869457998, 37.534247539856935], [-1.1114636781236127, 37.538225502832944], [-1.1115832018927434, 37.54101562499999], [-1.113440283491792, 37.54130151023062], [-1.1181776560118244, 37.54868401155275], [-1.1193976695405703, 37.552366861667664], [-1.1197160883280748, 37.55794270833333], [-1.1184148264984217, 37.56282552083333], [-1.1158123028391158, 37.56608072916666], [-1.1119085173501568, 37.56770833333333], [-1.10019716088328, 37.56868489583333], [-1.0969440063091471, 37.57259114583333], [-1.0891364353312292, 37.57389322916666], [-1.0865339116719235, 37.57779947916666], [-1.0787263406940055, 37.57910156249999], [-1.0777503943217657, 37.58235677083333], [-1.0761238170346994, 37.58333333333333], [-1.0738466088328065, 37.58300781249999], [-1.0728706624605668, 37.58007812499999], [-1.0705934542586741, 37.57910156249999], [-1.0387125394321757, 37.57714843749999], [-1.03513406940063, 37.57389322916666], [-1.028627760252365, 37.57291666666666], [-1.019518927444794, 37.57356770833333], [-1.015615141955835, 37.57682291666666], [-1.0146391955835954, 37.58138020833333], [-1.0058421844115715, 37.582877254269924], [-1.0029278391167182, 37.48437499999999], [-1.0009759463722387, 37.28645833333333], [-0.999999999999999, 36.59374999999999], [-1.2881520331006753, 36.29687499999999], [-1.8644560993020278, 36.09895833333333], [-2.728912198604057, 35.99999999999999], [-4.745976430308792, 36.00032552083333], [-5.61043252961082, 36.00195312499999], [-5.6101073392554905, 36.00423177083333], [-5.6062050549915305, 36.00553385416666]]], [[[-6.173011844331633, 36.32389322916666], [-6.176263747884933, 36.32291666666666], [-6.180816412859552, 36.32324218749999], [-6.182767554991531, 36.32486979166666], [-6.1821171742808705, 36.32714843749999], [-6.178865270727572, 36.32812499999999], [-6.174312605752953, 36.32779947916666], [-6.172361463620973, 36.32617187499999], [-6.173011844331633, 36.32389322916666]]], [[[-6.225367491539755, 36.33365885416666], [-6.229269775803713, 36.33430989583333], [-6.228619395093054, 36.33821614583333], [-6.225367491539755, 36.33821614583333], [-6.2243919204737646, 36.33658854166666], [-6.225367491539755, 36.33365885416666]]], [[[-6.188620981387471, 36.34472656249999], [-6.19187288494077, 36.34374999999999], [-6.196425549915388, 36.34407552083333], [-6.198376692047368, 36.34570312499999], [-6.197726311336709, 36.34798177083333], [-6.194474407783408, 36.34895833333333], [-6.18992174280879, 36.34863281249999], [-6.1879706006768105, 36.34700520833333], [-6.188620981387471, 36.34472656249999]]], [[[-6.233822440778334, 36.36425781249999], [-6.228944585448384, 36.36848958333333], [-6.220164445854475, 36.37239583333333], [-6.218213303722495, 36.36653645833333], [-6.216262161590516, 36.36523437499999], [-6.206831641285948, 36.36393229166666], [-6.205530879864628, 36.36263020833333], [-6.206506450930617, 36.35481770833333], [-6.200327834179348, 36.35384114583333], [-6.198376692047368, 36.35091145833333], [-6.201303405245339, 36.34928385416666], [-6.211059115905236, 36.34928385416666], [-6.216912542301175, 36.35384114583333], [-6.2286193950930535, 36.35514322916666], [-6.229920156514374, 36.35839843749999], [-6.233822440778334, 36.35970052083333], [-6.234798011844323, 36.36132812499999], [-6.233822440778334, 36.36425781249999]]], [[[-6.244553722504222, 36.38118489583333], [-6.246179674280871, 36.38509114583333], [-6.250081958544832, 36.38671874999999], [-6.258211717428079, 36.40234374999999], [-6.2569109560067595, 36.40624999999999], [-6.251057529610821, 36.40722656249999], [-6.250081958544831, 36.41048177083333], [-6.248456006768182, 36.41145833333333], [-6.245529293570211, 36.40950520833333], [-6.244228532148892, 36.40169270833333], [-6.240976628595591, 36.40006510416666], [-6.239025486463612, 36.38639322916666], [-6.234798011844323, 36.38346354166666], [-6.235448392554984, 36.38118489583333], [-6.2387002961082825, 36.38020833333333], [-6.244553722504222, 36.38118489583333]]], [[[-6.276097186971226, 36.42805989583333], [-6.275446806260567, 36.43196614583333], [-6.271544521996608, 36.43131510416666], [-6.271544521996608, 36.42805989583333], [-6.273170473773257, 36.42708333333333], [-6.276097186971226, 36.42805989583333]]], [[[-6.275446806260567, 36.45800781249999], [-6.272194902707268, 36.45768229166666], [-6.271869712351938, 36.44986979166666], [-6.275121615905237, 36.44791666666666], [-6.280975042301176, 36.44889322916666], [-6.2813002326565055, 36.45214843749999], [-6.277397948392546, 36.45345052083333], [-6.275446806260567, 36.45800781249999]]], [[[-1.585893138801261, 43.48277055369127], [-1.5956526025236584, 43.47496854026845], [-1.5985804416403775, 43.46814177852348], [-1.5995563880126171, 43.46066484899328], [-1.604436119873816, 43.45448825503355], [-1.6112677444794943, 43.449286912751674], [-1.6141955835962136, 43.44408557046979], [-1.6151715299684533, 43.43823406040267], [-1.6184246845425858, 43.43725880872482], [-1.620051261829652, 43.43335780201342], [-1.628184148264983, 43.43173238255033], [-1.6350157728706616, 43.423930369127504], [-1.6376182965299675, 43.42263003355704], [-1.6477030757097784, 43.42165478187919], [-1.6496549684542576, 43.42100461409396], [-1.652582807570977, 43.417103607382536], [-1.660390378548895, 43.41580327181207], [-1.6620169558359612, 43.411902265100665], [-1.66592074132492, 43.4106019295302], [-1.6668966876971598, 43.40735109060401], [-1.6747042586750778, 43.40605075503355], [-1.6773067823343837, 43.402474832214764], [-1.6864156151419547, 43.40507550335569], [-1.688042192429021, 43.402149748322145], [-1.699753548895898, 43.400849412751676], [-1.7052839116719232, 43.39662332214763], [-1.736514195583595, 43.392397231543626], [-1.7443217665615132, 43.39467281879194], [-1.7462736593059927, 43.401499580536914], [-1.7531052839116712, 43.40475041946307], [-1.7566837539432167, 43.40247483221476], [-1.7615634858044154, 43.39564807046978], [-1.768395110410094, 43.391421979865775], [-1.771322949526813, 43.386545721476494], [-1.7762026813880116, 43.38557046979865], [-1.7830343059936897, 43.386545721476494], [-1.7849861987381694, 43.38849622483221], [-1.785962145110409, 43.39532298657717], [-1.7888899842271284, 43.400199244966444], [-1.7986494479495256, 43.400849412751676], [-1.801577287066245, 43.39922399328859], [-1.8025532334384846, 43.39629823825502], [-1.8064570189274438, 43.39499790268455], [-1.8074329652996837, 43.39174706375839], [-1.8113613219662734, 43.393439744795465], [-1.830707103417865, 43.385858203077476], [-1.851350552050472, 43.38459521812079], [-1.8565555993690843, 43.38069421140939], [-1.868266955835961, 43.37939387583893], [-1.8702188485804405, 43.375492869127505], [-1.873472003154573, 43.374517617449655], [-1.8750985804416396, 43.36671560402684], [-1.878351735015772, 43.364765100671136], [-1.8842074132492102, 43.36378984899328], [-1.8858339905362764, 43.359888842281876], [-1.889087145110409, 43.358913590604026], [-1.890393544524848, 43.35264733701247], [-1.9157686921044552, 43.34431550554775], [-1.9346313091482643, 43.34298447986576], [-1.9391857255520497, 43.34005872483222], [-1.9596805993690842, 43.342009228187905], [-1.9720425867507876, 43.341684144295286], [-1.9811514195583588, 43.334207214765094], [-1.9912361987381693, 43.332906879194624], [-1.9941640378548886, 43.329656040268446], [-1.994766732064654, 43.326845469324404], [-2.0061144133924924, 43.32383106897168], [-2.008803233438485, 43.32412961409395], [-2.010755126182964, 43.328030620805364], [-2.013032334384857, 43.32835570469798], [-2.014658911671923, 43.327380453020126], [-2.0149842271293363, 43.325104865771806], [-2.0175867507886425, 43.32412961409395], [-2.0488170347003143, 43.322829278523486], [-2.0566246056782322, 43.32120385906039], [-2.057925867507885, 43.31892827181207], [-2.0605283911671917, 43.31827810402684], [-2.0761435331230276, 43.31697776845637], [-2.0793966876971597, 43.31307676174496], [-2.087204258675078, 43.31177642617448], [-2.0888308359621446, 43.30852558724831], [-2.100542192429021, 43.30722525167785], [-2.105096608832807, 43.30332424496643], [-2.1246155362776014, 43.30202390939597], [-2.1278686908517344, 43.301373741610725], [-2.1314471608832797, 43.29844798657717], [-2.158773659305993, 43.30104865771811], [-2.162026813880125, 43.298122902684554], [-2.173738170347002, 43.2971476510067], [-2.177191237783669, 43.29766524242983], [-2.191331215138393, 43.31037921118261], [-2.1966110702854067, 43.31323947065293], [-2.207216747825272, 43.31253254741948], [-2.22155954258675, 43.31372692953019], [-2.2241620662460555, 43.31697776845637], [-2.2290417981072546, 43.31795302013422], [-2.2378253154574126, 43.31697776845637], [-2.239451892744479, 43.31372692953019], [-2.247259463722396, 43.31242659395973], [-2.2514885646687683, 43.30852558724831], [-2.2833694794952675, 43.30657508389261], [-2.2872732649842265, 43.30332424496643], [-2.2905264195583586, 43.3026740771812], [-2.3108973118647076, 43.304053980754325], [-2.3145997634069393, 43.30722525167785], [-2.321431388012617, 43.30755033557046], [-2.3263111198738162, 43.30657508389261], [-2.3273779707078597, 43.30536496250448], [-2.36774297070786, 43.314235962504476], [-2.373712094112755, 43.31628833241698], [-2.3754337539432164, 43.32120385906039], [-2.378036277602523, 43.322504194630866], [-2.393651419558359, 43.32412961409395], [-2.3949526813880118, 43.326405201342276], [-2.3988564668769703, 43.328030620805364], [-2.4104879052611556, 43.32899921738357], [-2.4152634838174483, 43.33064980856789], [-2.416423501577286, 43.332581795302], [-2.4242310725552043, 43.333882130872475], [-2.4278095425867496, 43.337783137583884], [-2.4378342340603214, 43.33845097463298], [-2.4650577686985833, 43.34786853378892], [-2.4843420044513356, 43.3693112107786], [-2.4921499268444607, 43.37157044918859], [-2.4935232649842263, 43.37321728187919], [-2.502306782334384, 43.375492869127505], [-2.506210567823343, 43.37939387583893], [-2.5335370662460557, 43.38134437919463], [-2.5384167981072547, 43.38524538590603], [-2.548501577287065, 43.38622063758388], [-2.551104100946371, 43.38752097315435], [-2.5566344637223963, 43.39402265100671], [-2.564116719242901, 43.39597315436241], [-2.5758280757097785, 43.39499790268455], [-2.57803690012874, 43.391214041869574], [-2.581428780942471, 43.39228204239465], [-2.5833103312302828, 43.39499790268455], [-2.5971425579773917, 43.397229834798274], [-2.5989254731861187, 43.400199244966444], [-2.6008773659305984, 43.400849412751676], [-2.610600930664794, 43.400849412751676], [-2.6309758894108874, 43.40350928978135], [-2.631543464467005, 43.40540058724831], [-2.636096129441624, 43.40832634228187], [-2.6373968908629437, 43.416128355704686], [-2.640648794416243, 43.417103607382536], [-2.641624365482233, 43.4200293624161], [-2.643900697969543, 43.42067953020134], [-2.6715418781725884, 43.418403942953006], [-2.6799968274111676, 43.42067953020133], [-2.6851998730964466, 43.42718120805368], [-2.687476205583756, 43.42685612416106], [-2.688451776649746, 43.42393036912752], [-2.6962563451776647, 43.42328020134228], [-2.721060459378567, 43.426896283754736], [-2.7447097081218272, 43.443760486577176], [-2.746986040609136, 43.45546350671141], [-2.7534898477157355, 43.45838926174496], [-2.762595177664974, 43.45806417785234], [-2.7651967005076137, 43.45741401006711], [-2.7687737944162434, 43.45383808724832], [-2.796414974619289, 43.44831166107382], [-2.801618020304568, 43.446361157718115], [-2.806170685279187, 43.44148489932885], [-2.8159263959390857, 43.43985947986576], [-2.834137055837563, 43.43920931208052], [-2.922588832487309, 43.44115981543624], [-2.9505552030456847, 43.43888422818791], [-2.9544574873096447, 43.4330327181208], [-2.958034581218273, 43.43173238255033], [-2.960310913705583, 43.423930369127504], [-2.9785215736040604, 43.4200293624161], [-2.9807979060913703, 43.412227348993284], [-2.98470019035533, 43.4106019295302], [-2.9856757614213194, 43.40735109060401], [-2.9934803299492385, 43.40605075503355], [-2.9960818527918778, 43.402149748322145], [-3.0038864213197964, 43.400849412751676], [-3.007138324873096, 43.39662332214763], [-3.0227474619289336, 43.391421979865775], [-3.0253489847715733, 43.390121644295306], [-3.0276253172588827, 43.386545721476494], [-3.0412833121827405, 43.38459521812079], [-3.04323445431472, 43.38069421140939], [-3.0464863578680204, 43.37971895973154], [-3.04746192893401, 43.37646812080536], [-3.0464863578680204, 43.37061661073825], [-3.04323445431472, 43.3696413590604], [-3.0419336928934, 43.36574035234898], [-3.0380314086294415, 43.3641149328859], [-3.0367306472081212, 43.35631291946308], [-3.032177982233502, 43.35338716442952], [-3.031852791878172, 43.351111577181214], [-3.0338039340101517, 43.34948615771812], [-3.0403077411167505, 43.34948615771812], [-3.04323445431472, 43.35403733221476], [-3.045510786802031, 43.35436241610738], [-3.04713673857868, 43.35241191275168], [-3.04811230964467, 43.34623531879194], [-3.04941307106599, 43.3455851510067], [-3.056740976506074, 43.349883953599225], [-3.0588435913705583, 43.35338716442952], [-3.0652265395636595, 43.354096148708], [-3.0727665094033987, 43.35755614623973], [-3.0721763959390858, 43.35858850671141], [-3.0565672588832484, 43.359888842281876], [-3.052664974619289, 43.36151426174497], [-3.0542909263959386, 43.36378984899328], [-3.0575428299492384, 43.36444001677852], [-3.073802347715736, 43.36444001677852], [-3.0770542512690353, 43.36378984899328], [-3.079232621228315, 43.360523363805534], [-3.084858819796954, 43.36378984899328], [-3.0894401268316574, 43.36520746002121], [-3.0905254274611105, 43.36459909935001], [-3.0985168147208118, 43.36574035234898], [-3.099817576142132, 43.36899119127517], [-3.1027442893401007, 43.369966442953015], [-3.1056710025380707, 43.36574035234898], [-3.117377855329949, 43.36444001677852], [-3.1229060913705577, 43.360539010067114], [-3.1359137055837563, 43.35956375838926], [-3.1588338303617935, 43.360518450933185], [-3.161928934010152, 43.36151426174497], [-3.163229695431472, 43.36378984899328], [-3.1777568083723486, 43.36500004540745], [-3.2008057062380035, 43.38422531937511], [-3.210913428102241, 43.38837797744336], [-3.2194125399165827, 43.389546352387505], [-3.223389911167512, 43.39142197986577], [-3.225341053299492, 43.39922399328859], [-3.2302189086294413, 43.40117449664429], [-3.2389990482233495, 43.402149748322145], [-3.2399746192893395, 43.40442533557045], [-3.243226522842639, 43.40540058724831], [-3.2887531725888315, 43.40735109060401], [-3.2920050761421313, 43.40832634228187], [-3.293956218274111, 43.4106019295302], [-3.3173699238578673, 43.412227348993284], [-3.321272208121827, 43.413527684563746], [-3.323223350253807, 43.415478187919454], [-3.323223350253807, 43.418078859060394], [-3.333954631979695, 43.42132969798657], [-3.3768797588832484, 43.42295511744966], [-3.3804568527918777, 43.42393036912752], [-3.381107233502538, 43.425880872483205], [-3.3902125634517764, 43.42328020134228], [-3.391838515228426, 43.426205956375824], [-3.3937896573604056, 43.42685612416106], [-3.405496510152284, 43.428156459731525], [-3.4071224619289335, 43.43140729865772], [-3.4129758883248726, 43.43238255033556], [-3.4149270304568526, 43.43400796979866], [-3.4188293147208118, 43.457739093959724], [-3.426633883248731, 43.46424077181208], [-3.4272842639593906, 43.46684144295301], [-3.4341132614213192, 43.46944211409395], [-3.4614292512690352, 43.47464345637584], [-3.4656567258883246, 43.47886954697986], [-3.4721605329949234, 43.47984479865771], [-3.475087246192893, 43.487646812080534], [-3.479965101522842, 43.489597315436235], [-3.487119289340101, 43.49024748322147], [-3.4916719543147208, 43.493498322147644], [-3.4929727157360397, 43.496098993288584], [-3.3734749305433223, 43.49804949664429], [-2.772083720315777, 43.49999999999999], [-1.9290955419622402, 43.499349832214754], [-1.6887994603596526, 43.49804949664429], [-1.5693020504731852, 43.496098993288584], [-1.5741817823343842, 43.49024748322147], [-1.581013406940062, 43.489272231543616], [-1.585893138801261, 43.48277055369127]]], [[[-3.856368721807619, 43.49092594377191], [-3.8701840382770505, 43.48465667270411], [-3.888729378172589, 43.483420721476506], [-3.8909150216041706, 43.481740007720425], [-3.8937523759342727, 43.48325849618187], [-3.9013127952548023, 43.47982183226509], [-3.9141279508425075, 43.479288042261445], [-3.922640430929958, 43.48106238406769], [-3.939469806536899, 43.47572929532828], [-3.9432872109142503, 43.47370147191229], [-3.9514911167512685, 43.47301803691275], [-3.954743020304568, 43.46911703020133], [-3.9625475888324866, 43.46781669463087], [-3.9651491116751263, 43.46391568791945], [-3.9729536802030454, 43.46261535234899], [-3.974579631979695, 43.45936451342281], [-3.9862864847715733, 43.45806417785234], [-3.9918147208121826, 43.45416317114094], [-4.023032994923858, 43.452862835570464], [-4.028236040609136, 43.45221266778523], [-4.034739847715735, 43.448636744966436], [-4.042544416243654, 43.44733640939597], [-4.089371827411167, 43.442135067114094], [-4.093274111675126, 43.44083473154362], [-4.094249682741117, 43.43790897651005], [-4.097501586294415, 43.43725880872482], [-4.098944372442565, 43.43379725560382], [-4.160408020370215, 43.419756225835435], [-4.175085628393761, 43.41136955248976], [-4.180099936548222, 43.4106019295302], [-4.1817258883248725, 43.40832634228187], [-4.187254124365481, 43.40735109060401], [-4.253592956852792, 43.40605075503355], [-4.270177664974619, 43.40442533557045], [-4.270177664974619, 43.403125], [-4.272128807106599, 43.402474832214764], [-4.2994447969543135, 43.40507550335569], [-4.302696700507613, 43.402149748322145], [-4.314403553299492, 43.40117449664429], [-4.320907360406091, 43.402149748322145], [-4.323183692893401, 43.40605075503355], [-4.3264355964467, 43.4070260067114], [-4.32741116751269, 43.412877516778515], [-4.32936230964467, 43.416128355704686], [-4.335866116751268, 43.416453439597305], [-4.338792829949238, 43.4125524328859], [-4.347572969543147, 43.411577181208045], [-4.352450824873096, 43.4125524328859], [-4.355377538071066, 43.416453439597305], [-4.3599302030456855, 43.416778523489924], [-4.364157677664975, 43.41482802013422], [-4.367084390862944, 43.410276845637576], [-4.3742385786802025, 43.40832634228187], [-4.406107233502537, 43.40637583892617], [-4.461714784263959, 43.40540058724831], [-4.467893401015228, 43.40442533557045], [-4.468868972081218, 43.40149958053691], [-4.471145304568528, 43.40117449664429], [-4.472771256345177, 43.402149748322145], [-4.473096446700507, 43.40442533557045], [-4.483694545791031, 43.40540058724831], [-4.600748972626262, 43.40693937433504], [-4.642748439196139, 43.40964914514371], [-4.65339731387478, 43.41125209731543], [-4.698980838029151, 43.41327721295752], [-4.7018506768189425, 43.416453439597305], [-4.709655245346861, 43.41775377516777], [-4.711281197123511, 43.42100461409396], [-4.724939192047369, 43.42295511744966], [-4.727865905245339, 43.426205956375824], [-4.755181895093054, 43.428156459731525], [-4.759084179357014, 43.43205746644295], [-4.766888747884932, 43.43335780201342], [-4.769490270727572, 43.436933724832194], [-4.792903976311329, 43.442135067114094], [-4.796806260575288, 43.443435402684564], [-4.8010337351945775, 43.447011325503354], [-4.832902390016912, 43.448961828859055], [-4.836479483925542, 43.45221266778523], [-4.8520886209813785, 43.453513003355695], [-4.854690143824019, 43.45416317114094], [-4.858917618443308, 43.45806417785234], [-4.870624471235186, 43.45936451342281], [-4.872250423011836, 43.46261535234899], [-4.875502326565135, 43.46359060402684], [-4.881355752961075, 43.46261535234899], [-4.883632085448385, 43.45936451342281], [-4.898265651438232, 43.45838926174496], [-4.906395410321481, 43.45936451342281], [-4.9109480752960994, 43.46326552013422], [-4.919964364624223, 43.463866409302405], [-4.923630499153968, 43.46554110738255], [-4.923630499153968, 43.46684144295301], [-4.941075309488551, 43.47022463971741], [-4.952288774797089, 43.4684668624161], [-4.982815143824019, 43.4684668624161], [-4.996473138747876, 43.46684144295301], [-4.996473138747876, 43.46554110738255], [-5.000375423011835, 43.46391568791945], [-5.0052164430573765, 43.46391568791945], [-5.019886844331633, 43.46781669463087], [-5.044855573774675, 43.47273484841283], [-5.051635864213041, 43.46951697815064], [-5.056308164128587, 43.46976719798657], [-5.0633120321629725, 43.47379317900172], [-5.0685127974415645, 43.480026194475364], [-5.091841821750982, 43.484779412605334], [-5.11480423467346, 43.485602856242835], [-5.116143189509298, 43.486346476510064], [-5.116143189509298, 43.48764681208053], [-5.136630181895085, 43.489272231543616], [-5.186388390021087, 43.49006178579749], [-5.21495994923492, 43.49817837400983], [-4.972808600359553, 43.499674916107374], [-4.359131107233499, 43.49999999999999], [-3.921765611780879, 43.49804949664429], [-3.8350729695431465, 43.496098993288584], [-3.836096063683702, 43.49405347490051], [-3.856368721807619, 43.49092594377191]]], [[[-3.7319876269035532, 43.482445469798655], [-3.7362151015228426, 43.48049496644295], [-3.7410929568527913, 43.47464345637583], [-3.7459708121827404, 43.4739932885906], [-3.74922271573604, 43.474968540268456], [-3.7514990482233497, 43.47821937919463], [-3.766132614213198, 43.47919463087248], [-3.7742623730964464, 43.481145134228186], [-3.7778394670050757, 43.488947147651], [-3.784343274111675, 43.48992239932885], [-3.7862944162436545, 43.492848154362406], [-3.788895939086294, 43.49382340604026], [-3.8201142131979693, 43.495123741610726], [-3.827918781725888, 43.49674916107382], [-3.827918781725888, 43.498049496644285], [-3.7654822335025377, 43.49999999999999], [-3.692639593908629, 43.499674916107374], [-3.661421319796954, 43.498049496644285], [-3.662241576639702, 43.496819514190854], [-3.6675766464448327, 43.49442327358982], [-3.6711770304568523, 43.49382340604026], [-3.6737818962903663, 43.48992184234611], [-3.6815831218274107, 43.488622063758385], [-3.682233502538071, 43.486346476510064], [-3.7319876269035532, 43.482445469798655]]], [[[-3.513784898477157, 43.495123741610726], [-3.5157360406091365, 43.498049496644285], [-3.5118337563451774, 43.49999999999999], [-3.505980329949238, 43.49902474832214], [-3.505980329949238, 43.49577390939597], [-3.513784898477157, 43.495123741610726]]]]}}, {"type": "Feature", "properties": {"t": "b20", "lvl": 20}, "geometry": {"type": "MultiPolygon", "coordinates": [[[[-8.87506510416666, 37.98404947916666], [-8.87701822916666, 37.97949218749999], [-8.880273437499994, 37.97851562499999], [-8.882226562499994, 37.97070312499999], [-8.891015624999994, 37.96874999999999], [-8.895898437499994, 37.96484374999999], [-8.896874999999994, 37.96093749999999], [-8.895898437499994, 37.94921874999999], [-8.891992187499994, 37.94694010416666], [-8.891341145833328, 37.94368489583333], [-8.88971354166666, 37.94270833333333], [-8.887434895833328, 37.94303385416666], [-8.886458333333328, 37.94596354166666], [-8.881392628240162, 37.94756141621556], [-8.868876790430061, 37.94137207096733], [-8.868554687499994, 37.93815104166666], [-8.86236979166666, 37.93684895833333], [-8.859765624999994, 37.92903645833333], [-8.84967447916666, 37.92513020833333], [-8.844140624999994, 37.91731770833333], [-8.840559895833328, 37.91699218749999], [-8.839583333333328, 37.91992187499999], [-8.835677083333328, 37.92057291666666], [-8.822656249999994, 37.91666666666666], [-8.818749999999994, 37.91080729166666], [-8.817773437499994, 37.90201822916666], [-8.81451822916666, 37.89908854166666], [-8.81256510416666, 37.87174479166666], [-8.809309895833328, 37.86816406249999], [-8.80865885416666, 37.86490885416666], [-8.808984374999994, 37.84830729166666], [-8.810286458333328, 37.84440104166666], [-8.818098958333328, 37.83593749999999], [-8.819075520833328, 37.82584635416666], [-8.822981770833328, 37.82161458333333], [-8.823958333333328, 37.81510416666666], [-8.823632812499994, 37.80598958333333], [-8.822981770833328, 37.80338541666666], [-8.820703124999994, 37.80208333333333], [-8.819726562499994, 37.79687499999999], [-8.818749999999994, 37.74999999999999], [-8.816796874999994, 37.72298177083333], [-8.814843749999994, 37.71679687499999], [-8.810286458333328, 37.71289062499999], [-8.808333333333328, 37.70377604166666], [-8.809309895833328, 37.68912760416666], [-8.81256510416666, 37.68652343749999], [-8.813867187499994, 37.67480468749999], [-8.817773437499994, 37.66959635416666], [-8.819075520833328, 37.64225260416666], [-8.819726562499994, 37.63769531249999], [-8.822981770833328, 37.63248697916666], [-8.8238306622811, 37.60420472588324], [-8.824989175763148, 37.6004669076793], [-8.822972818404505, 37.588289268919155], [-8.818963415274697, 37.58445355506079], [-8.818098958333328, 37.57552083333333], [-8.814843749999994, 37.57096354166666], [-8.810286458333328, 37.56803385416666], [-8.807356770833328, 37.55794270833333], [-8.804101562499994, 37.55598958333333], [-8.802148437499994, 37.53776041666666], [-8.798242187499994, 37.53548177083333], [-8.79791666666666, 37.53320312499999], [-8.79889322916666, 37.53157552083333], [-8.801171874999994, 37.53124999999999], [-8.802473958333328, 37.52701822916666], [-8.808007812499994, 37.47591145833333], [-8.809960937499994, 37.46679687499999], [-8.812239583333328, 37.46158854166666], [-8.814843749999994, 37.46028645833333], [-8.816796874999994, 37.45703124999999], [-8.818098958333328, 37.45182291666666], [-8.819726562499994, 37.42415364583333], [-8.823632812499994, 37.41894531249999], [-8.824609374999994, 37.40885416666666], [-8.825911458333328, 37.40624999999999], [-8.833723958333328, 37.39941406249999], [-8.834700520833328, 37.39257812499999], [-8.838606770833328, 37.38997395833333], [-8.83990885416666, 37.38216145833333], [-8.84381510416666, 37.37955729166666], [-8.84576822916666, 37.37109374999999], [-8.85748697916666, 37.36035156249999], [-8.85944010416666, 37.35709635416666], [-8.86236979166666, 37.34472656249999], [-8.87018229166666, 37.34277343749999], [-8.871809895833328, 37.33886718749999], [-8.883528645833328, 37.32942708333333], [-8.886458333333328, 37.32421874999999], [-8.886132812499994, 37.31966145833333], [-8.882226562499994, 37.31673177083333], [-8.881249999999994, 37.31184895833333], [-8.882226562499994, 37.30305989583333], [-8.886132812499994, 37.30013020833333], [-8.886132812499994, 37.29361979166666], [-8.882226562499994, 37.29101562499999], [-8.88092447916666, 37.28320312499999], [-8.87701822916666, 37.28027343749999], [-8.87604166666666, 37.27539062499999], [-8.87701822916666, 37.26660156249999], [-8.879296874999994, 37.26562499999999], [-8.88092447916666, 37.26074218749999], [-8.88190104166666, 37.24446614583333], [-8.885156249999994, 37.23958333333333], [-8.891015624999994, 37.23763020833333], [-8.892317708333328, 37.23079427083333], [-8.900130208333328, 37.22428385416666], [-8.904036458333328, 37.21321614583333], [-8.910546874999994, 37.20898437499999], [-8.912394352033349, 37.20552035556245], [-8.914610424241715, 37.203858332070816], [-8.91901041666666, 37.20312499999999], [-8.92096354166666, 37.19986979166666], [-8.92486979166666, 37.15104166666666], [-8.92779947916666, 37.14908854166666], [-8.929101562499994, 37.14127604166666], [-8.932356770833328, 37.14029947916666], [-8.933984374999994, 37.13606770833333], [-8.941796874999994, 37.13020833333333], [-8.945703124999994, 37.11555989583333], [-8.953515624999994, 37.11360677083333], [-8.954492187499994, 37.11035156249999], [-8.958398437499994, 37.10872395833333], [-8.959700520833328, 37.10091145833333], [-8.96393229166666, 37.09765624999999], [-8.96979166666666, 37.08138020833333], [-8.98444010416666, 37.06542968749999], [-8.985294296471565, 37.06001980290227], [-8.988429797503432, 37.05204161166494], [-8.989648437499994, 37.05143229166666], [-8.990950520833328, 37.04361979166666], [-8.995507812499994, 37.03971354166666], [-8.996809895833328, 37.03190104166666], [-9.000716145833328, 37.02929687499999], [-9.000716145833328, 37.02278645833333], [-8.99615885416666, 37.01985677083333], [-8.994531249999994, 37.01660156249999], [-8.978906249999994, 37.01529947916666], [-8.974999999999994, 37.01367187499999], [-8.973046874999994, 37.01074218749999], [-8.966536458333328, 37.00976562499999], [-8.964583333333328, 37.00651041666666], [-8.963606770833328, 37.00065104166666], [-8.96002604166666, 36.99934895833333], [-8.95611979166666, 36.99348958333333], [-8.953841145833328, 36.99186197916666], [-8.94635416666666, 36.99153645833333], [-8.93463541666666, 36.99544270833333], [-8.930403645833328, 37.00162760416666], [-8.917708333333328, 37.01171874999999], [-8.912825520833328, 37.01888020833333], [-8.904036458333328, 37.02148437499999], [-8.902083333333328, 37.02734374999999], [-8.89947916666666, 37.02929687499999], [-8.867578124999994, 37.03222656249999], [-8.861067708333328, 37.03417968749999], [-8.85651041666666, 37.03710937499999], [-8.84869791666666, 37.04589843749999], [-8.840234374999994, 37.04785156249999], [-8.838281249999994, 37.05110677083333], [-8.822656249999994, 37.05240885416666], [-8.81647135416666, 37.05631510416666], [-8.811914062499994, 37.05696614583333], [-8.788802083333328, 37.05794270833333], [-8.78033854166666, 37.06119791666666], [-8.779036458333328, 37.06380208333333], [-8.77545572916666, 37.06608072916666], [-8.738020833333328, 37.07356770833333], [-8.73541666666666, 37.07486979166666], [-8.73541666666666, 37.07617187499999], [-8.731835937499994, 37.07714843749999], [-8.688867187499994, 37.07779947916666], [-8.678124999999994, 37.07617187499999], [-8.678124999999994, 37.07486979166666], [-8.675195312499994, 37.07324218749999], [-8.665429687499994, 37.07324218749999], [-8.662499999999994, 37.07486979166666], [-8.661523437499994, 37.07779947916666], [-8.65826822916666, 37.07910156249999], [-8.65631510416666, 37.09277343749999], [-8.65240885416666, 37.09472656249999], [-8.651302744289335, 37.09798177083333], [-8.641935675761413, 37.09928385416666], [-8.639593908629433, 37.10221354166666], [-8.620082487309636, 37.10286458333333], [-8.574555837563445, 37.10091145833333], [-8.542036802030449, 37.09830729166666], [-8.53553299492385, 37.09700520833333], [-8.53553299492385, 37.09570312499999], [-8.532281091370551, 37.09472656249999], [-8.52577728426395, 37.09407552083333], [-8.486754441624356, 37.09277343749999], [-8.483502538071058, 37.09179687499999], [-8.483502538071058, 37.09049479166666], [-8.479600253807098, 37.08789062499999], [-8.46399111675126, 37.08268229166666], [-8.46171478426395, 37.07910156249999], [-8.459763642131971, 37.07845052083333], [-8.450007931472072, 37.07779947916666], [-8.448056789340093, 37.07714843749999], [-8.447081218274104, 37.07486979166666], [-8.441227791878166, 37.07324218749999], [-8.41781408629441, 37.07194010416666], [-8.41391180203045, 37.06803385416666], [-8.40610723350253, 37.06673177083333], [-8.404481281725879, 37.06347656249999], [-8.390823286802021, 37.06152343749999], [-8.389197335025372, 37.05826822916666], [-8.381392766497452, 37.05696614583333], [-8.378466053299483, 37.05305989583333], [-8.366759200507605, 37.05175781249999], [-8.364808058375626, 37.05110677083333], [-8.361881345177657, 37.04720052083333], [-8.354076776649737, 37.04589843749999], [-8.353101205583748, 37.04264322916666], [-8.34919892131979, 37.04134114583333], [-8.347572969543139, 37.03743489583333], [-8.339768401015219, 37.03613281249999], [-8.33781725888324, 37.03320312499999], [-8.33098826142131, 37.03157552083333], [-8.303672271573596, 37.03222656249999], [-8.297493654822325, 37.03710937499999], [-8.281884517766489, 37.04231770833333], [-8.27928299492385, 37.04557291666666], [-8.261072335025371, 37.04296874999999], [-8.258796002538062, 37.04589843749999], [-8.247089149746184, 37.04720052083333], [-8.245138007614205, 37.04785156249999], [-8.244162436548216, 37.05013020833333], [-8.240260152284256, 37.05110677083333], [-8.22074873096446, 37.05208333333333], [-8.185628172588824, 37.05110677083333], [-8.181725888324864, 37.05013020833333], [-8.180750317258875, 37.04785156249999], [-8.178799175126894, 37.04720052083333], [-8.167092322335016, 37.04589843749999], [-8.166116751269026, 37.04361979166666], [-8.160263324873089, 37.04101562499999], [-8.136849619289332, 37.03580729166666], [-8.133597715736032, 37.03222656249999], [-8.115387055837555, 37.03027343749999], [-8.112785532994916, 37.02669270833333], [-8.097176395939076, 37.02148437499999], [-8.093274111675118, 37.01888020833333], [-8.092623730964458, 37.01660156249999], [-8.084819162436538, 37.01529947916666], [-8.08124206852791, 37.01139322916666], [-8.057503172588824, 37.00846354166666], [-8.050023794416234, 37.00065104166666], [-8.041894035532987, 36.99902343749999], [-8.039292512690347, 36.99511718749999], [-8.032788705583748, 36.99446614583333], [-8.02986199238578, 36.99055989583333], [-8.018155139593901, 36.98925781249999], [-8.016203997461922, 36.98860677083333], [-8.013277284263951, 36.98470052083333], [-8.005472715736031, 36.98339843749999], [-8.00417195431471, 36.97981770833333], [-7.996042195431464, 36.97428385416666], [-7.9888880076142055, 36.96516927083333], [-7.969701776649738, 36.95768229166666], [-7.967425444162428, 36.95410156249999], [-7.955718591370549, 36.95279947916666], [-7.95279187817258, 36.95117187499999], [-7.95279187817258, 36.94986979166666], [-7.948889593908621, 36.94889322916666], [-7.902062182741108, 36.94824218749999], [-7.89035532994923, 36.94986979166666], [-7.889379758883241, 36.95214843749999], [-7.887428616751261, 36.95279947916666], [-7.877672906091362, 36.95377604166666], [-7.875721763959382, 36.95507812499999], [-7.874746192893393, 36.95963541666666], [-7.867917195431464, 36.96386718749999], [-7.840601205583747, 36.96940104166666], [-7.836373730964459, 36.97363281249999], [-7.82856916243654, 36.97493489583333], [-7.82661802030456, 36.97819010416666], [-7.807431789340093, 36.98111979166666], [-7.801903553299484, 36.98763020833333], [-7.786294416243647, 36.99153645833333], [-7.779465418781718, 36.99934895833333], [-7.772636421319789, 37.00032552083333], [-7.7700348984771495, 37.00423177083333], [-7.76223032994923, 37.00553385416666], [-7.7580028553299405, 37.00976562499999], [-7.726134200507606, 37.01627604166666], [-7.719955583756336, 37.02148437499999], [-7.7043464467005, 37.02669270833333], [-7.70174492385786, 37.03027343749999], [-7.686135786802023, 37.03190104166666], [-7.683534263959383, 37.03320312499999], [-7.681257931472073, 37.04101562499999], [-7.677355647208113, 37.04264322916666], [-7.676380076142124, 37.04589843749999], [-7.668575507614205, 37.04720052083333], [-7.665648794416236, 37.05110677083333], [-7.656868654822326, 37.05208333333333], [-7.650039657360397, 37.05501302083333], [-7.6422350888324795, 37.06477864583333], [-7.6363816624365395, 37.06803385416666], [-7.633780139593901, 37.07194010416666], [-7.611016814720804, 37.07389322916666], [-7.607439720812174, 37.07779947916666], [-7.599635152284256, 37.07910156249999], [-7.598009200507605, 37.08235677083333], [-7.586302347715728, 37.08365885416666], [-7.584351205583747, 37.08430989583333], [-7.581424492385778, 37.08821614583333], [-7.574920685279179, 37.08886718749999], [-7.57199397208121, 37.09277343749999], [-7.560287119289332, 37.09407552083333], [-7.558335977157352, 37.09472656249999], [-7.556384835025373, 37.09798177083333], [-7.544677982233495, 37.09928385416666], [-7.540125317258875, 37.10319010416666], [-7.5206138959390785, 37.10449218749999], [-7.515736040609129, 37.10611979166666], [-7.515736040609129, 37.10742187499999], [-7.51085818527918, 37.10839843749999], [-7.452323921319788, 37.10904947916666], [-7.442568210659889, 37.10839843749999], [-7.431836928934001, 37.10514322916666], [-7.37915609137055, 37.10416666666666], [-7.349888959390855, 37.10514322916666], [-7.344035532994916, 37.10611979166666], [-7.343710342639586, 37.10839843749999], [-7.340783629441615, 37.10937499999999], [-7.339157677664966, 37.10839843749999], [-7.338832487309636, 37.10611979166666], [-7.332979060913697, 37.10351562499999], [-7.3134676395939, 37.10091145833333], [-7.309565355329941, 37.10221354166666], [-7.307614213197961, 37.10481770833333], [-7.307614213197961, 37.10872395833333], [-7.304687499999992, 37.11360677083333], [-7.292980647208113, 37.11555989583333], [-7.291029505076134, 37.11946614583333], [-7.2877776015228335, 37.12044270833333], [-7.286802030456844, 37.12630208333333], [-7.283875317258874, 37.12955729166666], [-7.274119606598976, 37.13053385416666], [-7.272168464466996, 37.13118489583333], [-7.271192893401007, 37.13346354166666], [-7.265989847715727, 37.13444010416666], [-7.203553299492378, 37.13509114583333], [-7.18794416243654, 37.13346354166666], [-7.18794416243654, 37.13216145833333], [-7.18306630710659, 37.13053385416666], [-7.163554885786794, 37.12923177083333], [-7.159652601522835, 37.12597656249999], [-7.126808375634509, 37.12304687499999], [-7.11997937817258, 37.11653645833333], [-7.099817576142124, 37.11263020833333], [-7.094289340101515, 37.10611979166666], [-7.081606916243645, 37.10351562499999], [-7.079655774111666, 37.10221354166666], [-7.078680203045677, 37.09765624999999], [-7.069900063451767, 37.09570312499999], [-7.025999365482225, 37.09374999999999], [-6.9469781091370475, 37.09277343749999], [-6.938197969543139, 37.09179687499999], [-6.938197969543139, 37.09049479166666], [-6.93136897208121, 37.08886718749999], [-6.904052982233495, 37.08756510416666], [-6.899825507614206, 37.08365885416666], [-6.892996510152276, 37.08268229166666], [-6.886492703045676, 37.07486979166666], [-6.876411802030449, 37.07194010416666], [-6.874785850253799, 37.06868489583333], [-6.86307899746192, 37.06705729166666], [-6.861127855329942, 37.06575520833333], [-6.858201142131971, 37.05794270833333], [-6.850396573604053, 37.05631510416666], [-6.8477950507614125, 37.05240885416666], [-6.841291243654814, 37.05240885416666], [-6.838364530456845, 37.05696614583333], [-6.836088197969534, 37.05729166666666], [-6.834462246192885, 37.05631510416666], [-6.833161484771566, 37.05240885416666], [-6.830885152284256, 37.05208333333333], [-6.8292592005076065, 37.05305989583333], [-6.827958439086286, 37.05696614583333], [-6.8256821065989755, 37.05729166666666], [-6.824056154822326, 37.05631510416666], [-6.823730964466996, 37.05403645833333], [-6.8214546319796865, 37.05305989583333], [-6.8009676395939, 37.05208333333333], [-6.789585977157352, 37.05013020833333], [-6.787309644670042, 37.04817708333333], [-6.786008883248723, 37.04361979166666], [-6.779505076142124, 37.04166666666666], [-6.770399746192885, 37.04101562499999], [-6.767798223350246, 37.03971354166666], [-6.765521890862936, 37.03320312499999], [-6.763570748730956, 37.03190104166666], [-6.753815038071058, 37.03092447916666], [-6.751863895939078, 37.03027343749999], [-6.748937182741108, 37.02636718749999], [-6.742433375634509, 37.02539062499999], [-6.740482233502529, 37.02213541666666], [-6.73950666243654, 37.01627604166666], [-6.735604378172581, 37.01464843749999], [-6.73462880710659, 37.01139322916666], [-6.728775380710651, 37.01041666666666], [-6.725523477157352, 37.00846354166666], [-6.723897525380702, 37.00065104166666], [-6.719995241116743, 36.99804687499999], [-6.718694479695423, 36.99023437499999], [-6.715442576142124, 36.98925781249999], [-6.714467005076134, 36.98763020833333], [-6.714792195431464, 36.98535156249999], [-6.718694479695423, 36.98404947916666], [-6.719670050761413, 36.98242187499999], [-6.718694479695423, 36.97949218749999], [-6.715442576142124, 36.97851562499999], [-6.714467005076134, 36.97526041666666], [-6.715442576142124, 36.96940104166666], [-6.718694479695423, 36.96809895833333], [-6.719670050761413, 36.96484374999999], [-6.718694479695423, 36.95898437499999], [-6.715442576142124, 36.95800781249999], [-6.714467005076134, 36.95507812499999], [-6.715442576142124, 36.95345052083333], [-6.719344860406083, 36.95214843749999], [-6.719344860406083, 36.94889322916666], [-6.715442576142124, 36.94726562499999], [-6.713491434010145, 36.93815104166666], [-6.709914340101514, 36.93684895833333], [-6.704386104060905, 36.92903645833333], [-6.694305203045678, 36.92513020833333], [-6.693004441624358, 36.91829427083333], [-6.684874682741109, 36.90983072916666], [-6.678370875634508, 36.87727864583333], [-6.674143401015219, 36.86783854166666], [-6.669265545685271, 36.86490885416666], [-6.66237474883671, 36.85611979166666], [-6.648300351628587, 36.85319010416666], [-6.644924849302021, 36.85123697916666], [-6.633156197123511, 36.83756510416666], [-6.622424915397621, 36.82877604166666], [-6.617872250423003, 36.82031249999999], [-6.614620346869704, 36.81054687499999], [-6.599986780879855, 36.79459635416666], [-6.598035638747875, 36.78222656249999], [-6.594783735194577, 36.78059895833333], [-6.5934829737732565, 36.77278645833333], [-6.589580689509297, 36.77018229166666], [-6.587954737732648, 36.76236979166666], [-6.580150169204729, 36.75944010416666], [-6.576247884940769, 36.74479166666666], [-6.567467745346862, 36.73795572916666], [-6.561939509306252, 36.72981770833333], [-6.558362415397623, 36.72851562499999], [-6.556086082910313, 36.72037760416666], [-6.537875423011836, 36.71191406249999], [-6.535599090524526, 36.70377604166666], [-6.531696806260568, 36.70214843749999], [-6.530721235194577, 36.69889322916666], [-6.5225914763113275, 36.69726562499999], [-6.51413652707275, 36.68815104166666], [-6.506006768189501, 36.68652343749999], [-6.503405245346861, 36.68261718749999], [-6.496901438240262, 36.68196614583333], [-6.493974725042293, 36.67805989583333], [-6.480316730118434, 36.67610677083333], [-6.478365587986454, 36.67220052083333], [-6.475113684433155, 36.67122395833333], [-6.473487732656506, 36.66341145833333], [-6.466008354483917, 36.66080729166666], [-6.465357973773258, 36.65950520833333], [-6.4676343062605675, 36.65299479166666], [-6.466983925549908, 36.65104166666666], [-6.464707593062597, 36.65071614583333], [-6.462756450930618, 36.64680989583333], [-6.448122884940771, 36.64388020833333], [-6.4412938874788415, 36.63509114583333], [-6.434464890016912, 36.63020833333333], [-6.431212986463612, 36.61718749999999], [-6.428611463620973, 36.61458333333333], [-6.419506133671734, 36.61132812499999], [-6.413002326565135, 36.60677083333333], [-6.410725994077826, 36.59667968749999], [-6.408774851945846, 36.59472656249999], [-6.397067999153967, 36.59277343749999], [-6.394141285955999, 36.58789062499999], [-6.3876374788494, 36.58365885416666], [-6.38471076565143, 36.57356770833333], [-6.38145886209813, 36.57161458333333], [-6.3804832910321405, 36.55989583333333], [-6.37853214890016, 36.55338541666666], [-6.371703151438233, 36.55078124999999], [-6.364874153976304, 36.53515624999999], [-6.3622726311336635, 36.53255208333333], [-6.3521917301184345, 36.53027343749999], [-6.3502405879864545, 36.52832031249999], [-6.348289445854475, 36.51660156249999], [-6.343411590524528, 36.51367187499999], [-6.339184115905237, 36.50716145833333], [-6.332355118443308, 36.50520833333333], [-6.330403976311328, 36.50325520833333], [-6.328452834179348, 36.49348958333333], [-6.327477263113359, 36.47591145833333], [-6.3235749788494, 36.47200520833333], [-6.321298646362091, 36.46321614583333], [-6.314794839255491, 36.45833333333333], [-6.3118681260575205, 36.44368489583333], [-6.3076406514382315, 36.44075520833333], [-6.307965841793562, 36.43847656249999], [-6.31251850676818, 36.43554687499999], [-6.31219331641285, 36.42936197916666], [-6.302112415397622, 36.43001302083333], [-6.297559750423003, 36.42382812499999], [-6.2874788494077745, 36.41992187499999], [-6.287153659052445, 36.41341145833333], [-6.291055943316405, 36.41080729166666], [-6.292031514382394, 36.40494791666666], [-6.291055943316405, 36.40169270833333], [-6.287804039763104, 36.40006510416666], [-6.286503278341784, 36.38834635416666], [-6.284877326565135, 36.38541666666666], [-6.281950613367165, 36.38639322916666], [-6.280649851945846, 36.38964843749999], [-6.271869712351937, 36.39062499999999], [-6.266991857021988, 36.38964843749999], [-6.265040714890008, 36.38574218749999], [-6.261788811336708, 36.38476562499999], [-6.260488049915389, 36.37695312499999], [-6.25658576565143, 36.37337239583333], [-6.25365905245346, 36.34960937499999], [-6.249106387478841, 36.34570312499999], [-6.244878912859551, 36.33626302083333], [-6.240651438240261, 36.30989583333333], [-6.238049915397623, 36.30208333333333], [-6.235773582910313, 36.30240885416666], [-6.232846869712343, 36.30696614583333], [-6.2263430626057445, 36.30794270833333], [-6.2224407783417846, 36.31705729166666], [-6.216262161590516, 36.31705729166666], [-6.215936971235186, 36.31380208333333], [-6.217888113367165, 36.30794270833333], [-6.214961400169196, 36.30664062499999], [-6.213660638747876, 36.29882812499999], [-6.209107973773257, 36.29589843749999], [-6.207807212351938, 36.29199218749999], [-6.204555308798637, 36.29231770833333], [-6.203579737732648, 36.29817708333333], [-6.200653024534679, 36.30143229166666], [-6.193824027072749, 36.30208333333333], [-6.190897313874779, 36.30078124999999], [-6.188946171742801, 36.29817708333333], [-6.186344648900161, 36.28515624999999], [-6.183092745346861, 36.28255208333333], [-6.166508037225033, 36.27994791666666], [-6.162605752961074, 36.27734374999999], [-6.160004230118435, 36.27343749999999], [-6.157077516920465, 36.26432291666666], [-6.155126374788487, 36.26171874999999], [-6.146996615905237, 36.25846354166666], [-6.145370664128587, 36.25065104166666], [-6.141468379864628, 36.24902343749999], [-6.140492808798638, 36.24576822916666], [-6.132688240270719, 36.24511718749999], [-6.13008671742808, 36.24869791666666], [-6.128785956006761, 36.24869791666666], [-6.12228214890016, 36.24511718749999], [-6.119355435702191, 36.23502604166666], [-6.116103532148891, 36.23339843749999], [-6.1151279610829015, 36.22460937499999], [-6.1131768189509215, 36.21972656249999], [-6.105372250423004, 36.21777343749999], [-6.103421108291024, 36.21451822916666], [-6.085210448392547, 36.21256510416666], [-6.082934115905237, 36.20865885416666], [-6.079682212351937, 36.20768229166666], [-6.0783814509306175, 36.19986979166666], [-6.0744791666666575, 36.19661458333333], [-6.072853214890007, 36.18098958333333], [-6.069601311336709, 36.17708333333333], [-6.06504864636209, 36.17643229166666], [-6.06309750423011, 36.17317708333333], [-6.06504864636209, 36.16731770833333], [-6.069601311336709, 36.16666666666666], [-6.071877643824018, 36.16471354166666], [-6.070251692047369, 36.16015624999999], [-6.06797535956006, 36.15820312499999], [-6.060495981387471, 36.15624999999999], [-6.048789128595592, 36.15722656249999], [-6.047488367174273, 36.15950520833333], [-6.041634940778334, 36.16210937499999], [-6.018221235194577, 36.16731770833333], [-6.014318950930617, 36.17187499999999], [-6.012042618443308, 36.17154947916666], [-6.009766285955998, 36.16764322916666], [-6.0032624788494, 36.16666666666666], [-5.991555626057521, 36.16764322916666], [-5.989604483925541, 36.17089843749999], [-5.986352580372243, 36.17187499999999], [-5.980499153976303, 36.17089843749999], [-5.979523582910312, 36.16764322916666], [-5.977897631133663, 36.16666666666666], [-5.975621298646353, 36.16699218749999], [-5.974645727580364, 36.16992187499999], [-5.972694585448384, 36.17089843749999], [-5.955134306260566, 36.17187499999999], [-5.945378595600668, 36.17089843749999], [-5.942126692047369, 36.16764322916666], [-5.93952516920473, 36.16699218749999], [-5.923916032148891, 36.16569010416666], [-5.920664128595592, 36.16178385416666], [-5.912859560067673, 36.16048177083333], [-5.911233608291024, 36.15722656249999], [-5.898876374788486, 36.15527343749999], [-5.892697758037217, 36.15039062499999], [-5.887494712351938, 36.14355468749999], [-5.882291666666657, 36.14062499999999], [-5.876438240270719, 36.13964843749999], [-5.8751374788494, 36.13639322916666], [-5.867332910321481, 36.13509114583333], [-5.863430626057521, 36.13053385416666], [-5.855626057529603, 36.12923177083333], [-5.854650486463613, 36.12597656249999], [-5.850748202199653, 36.12434895833333], [-5.849122250423003, 36.11653645833333], [-5.839041349407774, 36.11263020833333], [-5.834813874788485, 36.10611979166666], [-5.829936019458536, 36.10319010416666], [-5.827009306260567, 36.08854166666666], [-5.8192047377326475, 36.08268229166666], [-5.817903976311328, 36.07910156249999], [-5.810099407783409, 36.07779947916666], [-5.80587193316412, 36.07389322916666], [-5.773027707275796, 36.07096354166666], [-5.766198709813866, 36.06445312499999], [-5.762946806260567, 36.06315104166666], [-5.747012478849399, 36.06152343749999], [-5.74473614636209, 36.05826822916666], [-5.733029293570212, 36.05696614583333], [-5.728476628595592, 36.05305989583333], [-5.725224725042293, 36.05240885416666], [-5.708965207275796, 36.05240885416666], [-5.704087351945846, 36.05403645833333], [-5.703111780879857, 36.05631510416666], [-5.698233925549907, 36.05729166666666], [-5.689453785955999, 36.05631510416666], [-5.687502643824019, 36.05240885416666], [-5.684250740270719, 36.05143229166666], [-5.683275169204729, 36.04817708333333], [-5.684250740270719, 36.04231770833333], [-5.688153024534679, 36.04069010416666], [-5.687502643824019, 36.03743489583333], [-5.67579579103214, 36.03613281249999], [-5.67156831641285, 36.03222656249999], [-5.6689667935702115, 36.03157552083333], [-5.653357656514373, 36.03027343749999], [-5.650105752961074, 36.02636718749999], [-5.6423011844331565, 36.02506510416666], [-5.640675232656506, 36.02180989583333], [-5.627017237732647, 36.01985677083333], [-5.625716476311327, 36.01660156249999], [-5.621814192047369, 36.01464843749999], [-5.620838620981379, 36.00585937499999], [-5.932036207170042, 36.00292968749999], [-6.554431379547369, 36.00097656249999], [-8.732814482868015, 35.99999999999999], [-9.666407241434005, 36.46874999999999], [-10.28880241381133, 37.40624999999999], [-10.599999999999994, 38.81249999999999], [-10.599999999999994, 40.68749999999999], [-10.458288388324867, 42.09374999999999], [-10.174865164974614, 43.03124999999999], [-9.749730329949234, 43.49999999999999], [-8.757749048223342, 43.499349832214754], [-8.474325824873087, 43.49804949664429], [-8.332614213197962, 43.496098993288584], [-8.333589784263951, 43.490897651006705], [-8.342369923857861, 43.48309563758389], [-8.347247779187809, 43.4759437919463], [-8.348223350253798, 43.46619127516778], [-8.34529663705583, 43.45968959731543], [-8.333589784263951, 43.45741401006711], [-8.33163864213197, 43.453513003355695], [-8.329362309644662, 43.45318791946308], [-8.325460025380703, 43.4629404362416], [-8.320907360406082, 43.46359060402684], [-8.318956218274103, 43.46261535234899], [-8.317005076142124, 43.457739093959724], [-8.317330266497454, 43.45091233221476], [-8.318956218274103, 43.447986577181204], [-8.321882931472073, 43.447011325503354], [-8.321232550761414, 43.443760486577176], [-8.309200507614204, 43.44213506711409], [-8.306598984771565, 43.44083473154362], [-8.301070748730957, 43.43433305369126], [-8.297818845177655, 43.4330327181208], [-8.281884517766489, 43.43140729865772], [-8.28025856598984, 43.428156459731525], [-8.277331852791871, 43.42718120805368], [-8.275705901015222, 43.42425545302012], [-8.276356281725882, 43.4125524328859], [-8.27960818527918, 43.41125209731543], [-8.281884517766489, 43.40735109060401], [-8.297493654822325, 43.40670092281878], [-8.300095177664966, 43.40735109060401], [-8.302696700507607, 43.41027684563758], [-8.320907360406084, 43.40767617449663], [-8.322858502538065, 43.4106019295302], [-8.328711928934002, 43.411577181208045], [-8.3319638324873, 43.4106019295302], [-8.333589784263951, 43.40735109060401], [-8.34529663705583, 43.40605075503355], [-8.348223350253798, 43.40442533557045], [-8.34887373096446, 43.402149748322145], [-8.354727157360397, 43.40117449664429], [-8.357979060913696, 43.39532298657717], [-8.359605012690347, 43.37191694630872], [-8.360580583756336, 43.369966442953015], [-8.363507296954307, 43.36899119127517], [-8.363832487309637, 43.36671560402684], [-8.365783629441616, 43.36509018456375], [-8.373588197969536, 43.36574035234898], [-8.374563769035525, 43.36899119127517], [-8.378466053299483, 43.37061661073825], [-8.379441624365473, 43.37646812080536], [-8.381392766497452, 43.37971895973154], [-8.388221763959383, 43.38101929530201], [-8.389373676154069, 43.384154723294806], [-8.390632614435862, 43.38391136873986], [-8.393099619289332, 43.38687080536912], [-8.398627855329941, 43.3901216442953], [-8.411960659898469, 43.3901216442953], [-8.415862944162429, 43.38687080536912], [-8.41683851522842, 43.38231963087247], [-8.421716370558368, 43.38036912751677], [-8.428545368020295, 43.38069421140939], [-8.430496510152274, 43.38134437919463], [-8.431472081218265, 43.383619966442936], [-8.437325507614204, 43.38524538590603], [-8.456836928934, 43.38459521812079], [-8.46073921319796, 43.38264471476509], [-8.46269035532994, 43.379718959731534], [-8.46366592639593, 43.37094169463087], [-8.46756821065989, 43.36899119127517], [-8.46886897208121, 43.36509018456375], [-8.47212087563451, 43.36509018456375], [-8.473096446700499, 43.36801593959731], [-8.476023159898467, 43.3696413590604], [-8.485778870558367, 43.3696413590604], [-8.487730012690347, 43.36899119127517], [-8.490656725888318, 43.36509018456375], [-8.498461294416234, 43.36378984899328], [-8.500087246192885, 43.360539010067114], [-8.511794098984764, 43.358913590604026], [-8.513745241116743, 43.357613255033556], [-8.514720812182732, 43.35306208053691], [-8.513745241116743, 43.34981124161074], [-8.509842956852783, 43.348185822147656], [-8.509517766497453, 43.34591023489932], [-8.510818527918772, 43.344609899328844], [-8.529029187817251, 43.3381082214765], [-8.53130552030456, 43.333882130872475], [-8.53520780456852, 43.332581795302], [-8.536183375634511, 43.32933095637583], [-8.543987944162428, 43.328030620805364], [-8.548215418781716, 43.32412961409395], [-8.575856598984764, 43.323804530201336], [-8.584311548223342, 43.32705536912751], [-8.589189403553291, 43.332906879194624], [-8.59406725888324, 43.333557046979855], [-8.597319162436538, 43.332581795302], [-8.599073009200499, 43.32933095637583], [-8.614521533946695, 43.327380453020126], [-8.617123056789335, 43.32412961409395], [-8.638095851840092, 43.32217911073824], [-8.640374497673426, 43.31892827181207], [-8.649741566201348, 43.31762793624161], [-8.655013020833328, 43.31307676174496], [-8.664778645833328, 43.31307676174496], [-8.667708333333328, 43.31470218120805], [-8.668684895833328, 43.31762793624161], [-8.67096354166666, 43.31795302013422], [-8.672591145833328, 43.31697776845637], [-8.673567708333328, 43.31372692953019], [-8.681380208333328, 43.31242659395973], [-8.683984374999994, 43.30852558724831], [-8.691796874999994, 43.30722525167785], [-8.693749999999994, 43.30429949664429], [-8.699609374999994, 43.3026740771812], [-8.719140624999994, 43.3026740771812], [-8.724999999999994, 43.30429949664429], [-8.726953124999994, 43.30722525167785], [-8.73151041666666, 43.30755033557046], [-8.734765624999994, 43.30657508389261], [-8.73639322916666, 43.30332424496643], [-8.74518229166666, 43.30234899328858], [-8.75104166666666, 43.30429949664428], [-8.754296874999994, 43.30885067114093], [-8.75787760416666, 43.31112625838925], [-8.766015624999994, 43.30885067114093], [-8.76861979166666, 43.31242659395973], [-8.77643229166666, 43.31372692953019], [-8.778059895833328, 43.31697776845637], [-8.791731770833328, 43.31892827181207], [-8.793684895833328, 43.322829278523486], [-8.79694010416666, 43.323804530201336], [-8.799218749999994, 43.33160654362415], [-8.818749999999994, 43.335507550335564], [-8.81940104166666, 43.3381082214765], [-8.828515624999994, 43.3455851510067], [-8.829492187499994, 43.35241191275168], [-8.833398437499994, 43.35501258389261], [-8.834374999999994, 43.36086409395973], [-8.83600260416666, 43.362814597315435], [-8.844140624999994, 43.364765100671136], [-8.858789062499994, 43.36378984899328], [-8.86041666666666, 43.36281459731542], [-8.859765624999994, 43.360539010067114], [-8.851953124999994, 43.359238674496645], [-8.849999999999994, 43.357613255033556], [-8.850325520833328, 43.35533766778522], [-8.853906249999994, 43.35371224832214], [-8.85162760416666, 43.34591023489932], [-8.852278645833328, 43.34460989932885], [-8.85846354166666, 43.34298447986576], [-8.86041666666666, 43.3381082214765], [-8.86139322916666, 43.32933095637583], [-8.864648437499994, 43.328030620805364], [-8.865624999999994, 43.325104865771806], [-8.875390624999994, 43.32445469798657], [-8.907942708333328, 43.32705536912751], [-8.917708333333328, 43.326405201342276], [-8.91803385416666, 43.32412961409395], [-8.92194010416666, 43.32217911073825], [-8.92291666666666, 43.31730285234899], [-8.92194010416666, 43.30852558724831], [-8.918684895833328, 43.30722525167785], [-8.917735568879639, 43.304381093609884], [-8.926497395833328, 43.3026740771812], [-8.947005208333328, 43.30234899328858], [-8.962630208333328, 43.300398489932874], [-8.966536458333328, 43.29844798657717], [-8.96979166666666, 43.293896812080526], [-8.972395833333328, 43.29259647651006], [-8.98444010416666, 43.29097105704697], [-8.98736979166666, 43.286094798657714], [-8.993880208333328, 43.281868708053686], [-8.995833333333328, 43.27764261744966], [-8.994856770833328, 43.27179110738255], [-8.99127604166666, 43.27049077181208], [-8.98541666666666, 43.26268875838925], [-8.97076822916666, 43.259763003355694], [-8.969466145833328, 43.25651216442952], [-8.96490885416666, 43.253586409395965], [-8.965559895833328, 43.24578439597315], [-8.96881510416666, 43.2448091442953], [-8.970442708333328, 43.24090813758389], [-8.98053385416666, 43.23798238255033], [-8.98541666666666, 43.23148070469798], [-8.992811513658701, 43.229669602338255], [-9.00885416666666, 43.239282718120805], [-9.018945312499994, 43.239282718120805], [-9.021874999999994, 43.23603187919463], [-9.022851562499994, 43.23018036912751], [-9.02643229166666, 43.22888003355703], [-9.03229166666666, 43.22107802013422], [-9.04498697916666, 43.21815226510066], [-9.04694010416666, 43.216201761744955], [-9.04986979166666, 43.20449874161073], [-9.05768229166666, 43.20254823825503], [-9.058333333333328, 43.2002726510067], [-9.061263020833328, 43.19864723154362], [-9.072981770833328, 43.19734689597315], [-9.073958333333328, 43.19507130872482], [-9.076888020833328, 43.19344588926174], [-9.086653645833328, 43.19344588926174], [-9.089583333333328, 43.19507130872482], [-9.089583333333328, 43.1963716442953], [-9.098372395833328, 43.19799706375838], [-9.133528645833328, 43.19929739932885], [-9.136458333333328, 43.2002726510067], [-9.137434895833328, 43.20319840604026], [-9.13971354166666, 43.20352348993288], [-9.141341145833328, 43.20254823825503], [-9.14166666666666, 43.2002726510067], [-9.143945312499994, 43.19929739932885], [-9.17584635416666, 43.19734689597315], [-9.180078124999994, 43.19344588926174], [-9.18658854166666, 43.19214555369127], [-9.18854166666666, 43.187269295302], [-9.189192708333328, 43.18011744966442], [-9.19244791666666, 43.17556627516778], [-9.197005208333328, 43.17264052013422], [-9.19934129470311, 43.166341553289094], [-9.206770833333328, 43.161912751677846], [-9.218489583333328, 43.160937499999996], [-9.22076822916666, 43.15703649328859], [-9.224023437499994, 43.15606124161073], [-9.225976562499994, 43.14695889261745], [-9.229882812499994, 43.14533347315436], [-9.230208333333328, 43.14305788590603], [-9.228906249999994, 43.14208263422818], [-9.213281249999994, 43.14078229865771], [-9.209374999999994, 43.13915687919463], [-9.209700520833328, 43.1368812919463], [-9.213606770833328, 43.13460570469798], [-9.215559895833328, 43.11900167785234], [-9.220442708333328, 43.11510067114093], [-9.229231770833328, 43.11412541946308], [-9.231184895833328, 43.11022441275166], [-9.23444010416666, 43.1089240771812], [-9.23541666666666, 43.100146812080524], [-9.237044270833328, 43.09722105704697], [-9.24029947916666, 43.095270553691265], [-9.256575520833328, 43.093970218120795], [-9.261458333333328, 43.092344798657706], [-9.260481770833328, 43.08941904362415], [-9.258203124999994, 43.089093959731535], [-9.256575520833328, 43.084217701342276], [-9.256575520833328, 43.0679635067114], [-9.258203124999994, 43.06308724832214], [-9.261132812499994, 43.06211199664429], [-9.262273537564143, 43.059264011920376], [-9.270641061953445, 43.05900570014653], [-9.277083333333328, 43.055935402684554], [-9.277734374999994, 43.05365981543624], [-9.283593749999994, 43.05268456375838], [-9.286848958333328, 43.05463506711409], [-9.289453124999994, 43.06341233221476], [-9.297265624999994, 43.06698825503355], [-9.29986979166666, 43.06243708053691], [-9.306380208333328, 43.057885906040255], [-9.308333333333328, 43.05203439597315], [-9.308333333333328, 43.048133389261736], [-9.304427083333328, 43.041306627516775], [-9.295312499999994, 43.03578020134228], [-9.288802083333328, 43.02960360738254], [-9.287499999999994, 43.02602768456375], [-9.287825520833328, 43.01920092281879], [-9.289453124999994, 43.01627516778523], [-9.292382812499994, 43.01529991610738], [-9.292708333333328, 43.01302432885906], [-9.291731770833328, 43.011398909395965], [-9.288476562499994, 43.010423657718114], [-9.286848958333328, 43.00262164429529], [-9.279036458333328, 42.999370805369125], [-9.277083333333328, 42.99286912751677], [-9.277734374999994, 42.983766778523474], [-9.280989583333328, 42.97986577181207], [-9.285546874999994, 42.97856543624161], [-9.286848958333328, 42.975964765100656], [-9.288476562499994, 42.960360738255034], [-9.292382812499994, 42.957109899328856], [-9.293684895833328, 42.94930788590604], [-9.29694010416666, 42.947682466442956], [-9.29889322916666, 42.934028942953006], [-9.303124999999994, 42.93110318791945], [-9.302148437499994, 42.9281774328859], [-9.29889322916666, 42.92720218120805], [-9.297265624999994, 42.91940016778523], [-9.289453124999994, 42.916474412751676], [-9.287499999999994, 42.91159815436241], [-9.289453124999994, 42.90282088926173], [-9.29596354166666, 42.90087038590603], [-9.297265624999994, 42.898919882550324], [-9.29791666666666, 42.892093120805356], [-9.296614583333328, 42.8891673657718], [-9.29401041666666, 42.887216862416096], [-9.27838541666666, 42.88429110738254], [-9.27643229166666, 42.87778942953019], [-9.27057291666666, 42.87583892617449], [-9.267317708333328, 42.87778942953019], [-9.26471354166666, 42.885591442953015], [-9.258203124999994, 42.887541946308716], [-9.254296874999994, 42.90672189597314], [-9.247786458333328, 42.91192323825502], [-9.245833333333328, 42.918749999999996], [-9.243880208333328, 42.921025587248316], [-9.226302083333328, 42.92590184563758], [-9.216536458333328, 42.92557676174496], [-9.212304687499994, 42.918749999999996], [-9.207747395833328, 42.916149328859056], [-9.184960937499994, 42.90997273489933], [-9.180403645833328, 42.91062290268455], [-9.178124999999994, 42.91289848993287], [-9.179101562499994, 42.92167575503355], [-9.183007812499994, 42.92362625838925], [-9.183333333333328, 42.92590184563758], [-9.179427083333328, 42.927852348993284], [-9.174544270833328, 42.92655201342282], [-9.16608072916666, 42.90834731543623], [-9.157942708333328, 42.90607172818791], [-9.156966145833328, 42.90282088926173], [-9.153059895833328, 42.90054530201341], [-9.15240885416666, 42.884941275167776], [-9.153059895833328, 42.88234060402684], [-9.15631510416666, 42.8797399328859], [-9.15729166666666, 42.86803691275167], [-9.15631510416666, 42.86153523489932], [-9.153059895833328, 42.85958473154362], [-9.15143229166666, 42.851782718120795], [-9.141341145833328, 42.847881711409386], [-9.13483072916666, 42.83910444630872], [-9.12799479166666, 42.83455327181208], [-9.12604166666666, 42.83032718120805], [-9.12604166666666, 42.82772651006711], [-9.12897135416666, 42.82610109060402], [-9.13483072916666, 42.82545092281879], [-9.15533854166666, 42.82707634228187], [-9.16803385416666, 42.82577600671141], [-9.16901041666666, 42.82317533557047], [-9.16510416666666, 42.81439807046979], [-9.172265624999994, 42.81244756711409], [-9.173242187499994, 42.80919672818791], [-9.17682291666666, 42.80757130872483], [-9.173242187499994, 42.799769295302006], [-9.164453124999994, 42.79684354026845], [-9.161848958333328, 42.78546560402684], [-9.160546874999994, 42.78416526845636], [-9.152734374999994, 42.78514052013421], [-9.151757812499994, 42.77896392617449], [-9.14752604166666, 42.77571308724831], [-9.14361979166666, 42.764010067114086], [-9.140039062499994, 42.75848364093959], [-9.13190104166666, 42.76010906040268], [-9.129296874999994, 42.75653313758389], [-9.121484374999994, 42.75523280201342], [-9.119856770833328, 42.75198196308724], [-9.106184895833328, 42.75003145973154], [-9.104231770833328, 42.74613045302013], [-9.100325520833328, 42.74483011744966], [-9.099348958333328, 42.74157927852348], [-9.091536458333328, 42.74027894295301], [-9.08893229166666, 42.7363779362416], [-9.08307291666666, 42.73540268456375], [-9.079817708333328, 42.7363779362416], [-9.078515624999994, 42.73962877516778], [-9.072656249999994, 42.74060402684563], [-9.06940104166666, 42.74255453020133], [-9.069075520833328, 42.74905620805369], [-9.073632812499994, 42.75198196308724], [-9.073632812499994, 42.75523280201342], [-9.069726562499994, 42.75653313758389], [-9.06842447916666, 42.760434144295296], [-9.066796874999994, 42.761409395973146], [-9.06451822916666, 42.76108431208053], [-9.063216145833328, 42.75718330536912], [-9.060286458333328, 42.75620805369127], [-9.05865885416666, 42.75718330536912], [-9.05768229166666, 42.760434144295296], [-9.04986979166666, 42.762709731543616], [-9.04596354166666, 42.78091442953019], [-9.03815104166666, 42.78319001677851], [-9.035546874999994, 42.78709102348992], [-9.029036458333328, 42.78709102348992], [-9.027083333333328, 42.78416526845636], [-9.023177083333328, 42.78253984899328], [-9.007552083333328, 42.78123951342281], [-9.005273437499994, 42.7773385067114], [-9.001367187499994, 42.77603817114093], [-9.000390624999994, 42.772787332214754], [-8.99127604166666, 42.77083682885905], [-8.99029947916666, 42.767585989932876], [-8.988671874999994, 42.766610738255025], [-8.98639322916666, 42.766935822147644], [-8.984114583333328, 42.77083682885905], [-8.97760416666666, 42.771812080536904], [-8.968489583333328, 42.771161912751666], [-8.964583333333328, 42.7679110738255], [-8.965559895833328, 42.762059563758385], [-8.96881510416666, 42.76108431208053], [-8.971093749999994, 42.75718330536912], [-8.986718749999994, 42.75588296979865], [-8.98932291666666, 42.75523280201342], [-8.993554687499994, 42.75133179530201], [-9.005273437499994, 42.75003145973154], [-9.00690104166666, 42.74645553691274], [-9.01471354166666, 42.74060402684563], [-9.01764322916666, 42.727275587248315], [-9.01959635416666, 42.72402474832214], [-9.03131510416666, 42.71329697986576], [-9.03424479166666, 42.70386954697986], [-9.04205729166666, 42.69736786912752], [-9.04303385416666, 42.69054110738254], [-9.04694010416666, 42.687615352348985], [-9.04889322916666, 42.67396182885905], [-9.05279947916666, 42.6710360738255], [-9.05279947916666, 42.66453439597315], [-9.04986979166666, 42.66258389261744], [-9.048242187499994, 42.65770763422818], [-9.047957456171, 42.64775541435302], [-9.056093345261214, 42.634505447930934], [-9.06744791666666, 42.63072567114094], [-9.069726562499994, 42.6264995805369], [-9.072005208333328, 42.62617449664429], [-9.073632812499994, 42.62227348993288], [-9.074934895833328, 42.60927013422818], [-9.079817708333328, 42.605369127516774], [-9.088606770833328, 42.60341862416107], [-9.090559895833328, 42.59561661073825], [-9.09381510416666, 42.5946413590604], [-9.09479166666666, 42.59301593959731], [-9.09381510416666, 42.59009018456375], [-9.090559895833328, 42.58944001677852], [-9.089583333333328, 42.58781459731543], [-9.090559895833328, 42.58488884228187], [-9.09283854166666, 42.58456375838925], [-9.093489583333328, 42.58066275167784], [-9.091536458333328, 42.571560402684554], [-9.08795572916666, 42.565058724832205], [-9.079817708333328, 42.56278313758388], [-9.078515624999994, 42.55985738255033], [-9.072656249999994, 42.56180788590603], [-9.06842447916666, 42.561482802013415], [-9.063867187499994, 42.55530620805368], [-9.057031249999994, 42.55335570469798], [-9.055403645833328, 42.55042994966442], [-9.056054687499994, 42.50946937919463], [-9.054427083333328, 42.50654362416107], [-9.048567708333328, 42.50459312080537], [-9.04694010416666, 42.49679110738255], [-9.043684895833328, 42.49679110738255], [-9.042382812499994, 42.50459312080537], [-9.037825520833328, 42.507518875838926], [-9.036848958333328, 42.51076971476509], [-9.030989583333328, 42.51174496644295], [-9.029036458333328, 42.50881921140939], [-9.027083333333328, 42.4941904362416], [-9.026106770833328, 42.46785864093959], [-9.025130208333328, 42.46493288590603], [-9.022200520833328, 42.46395763422818], [-9.020898437499994, 42.46005662751677], [-9.01764322916666, 42.46005662751677], [-9.016015624999994, 42.46395763422818], [-9.008203124999994, 42.46525796979865], [-9.005598958333328, 42.46915897651006], [-8.999739583333328, 42.47013422818791], [-8.997460937499994, 42.47208473154362], [-9.000390624999994, 42.47858640939597], [-9.00494791666666, 42.48118708053691], [-9.004296874999994, 42.48443791946308], [-9.001367187499994, 42.48866401006711], [-8.999414062499994, 42.48931417785234], [-8.99127604166666, 42.48801384228187], [-8.990624999999994, 42.4922399328859], [-8.991601562499994, 42.49549077181207], [-8.994856770833328, 42.49744127516778], [-8.996809895833328, 42.515645973154356], [-9.000716145833328, 42.517921560402684], [-9.00104166666666, 42.520197147651], [-8.99811197916666, 42.521822567114086], [-8.98834635416666, 42.523122902684555], [-8.98639322916666, 42.52507340604026], [-8.98444010416666, 42.53677642617449], [-8.981184895833328, 42.53937709731543], [-8.980208333333328, 42.55400587248321], [-8.979231770833328, 42.55823196308724], [-8.977278645833328, 42.560182466442946], [-8.967513020833328, 42.55628145973154], [-8.965559895833328, 42.55693162751677], [-8.962630208333328, 42.568959731543615], [-8.95807291666666, 42.572210570469785], [-8.95611979166666, 42.57188548657717], [-8.95221354166666, 42.55465604026845], [-8.95026041666666, 42.55335570469798], [-8.945703124999994, 42.55465604026845], [-8.94244791666666, 42.570260067114084], [-8.939843749999994, 42.572860738255024], [-8.926497395833328, 42.57546140939596], [-8.923242187499994, 42.5780620805369], [-8.91608072916666, 42.593666107382546], [-8.90729166666666, 42.596916946308724], [-8.907617187499994, 42.599192533557044], [-8.910546874999994, 42.600167785234895], [-8.91119791666666, 42.6021182885906], [-8.90924479166666, 42.60666946308724], [-8.903710937499994, 42.609920302013414], [-8.88776041666666, 42.6095952181208], [-8.885481770833328, 42.605694211409386], [-8.882226562499994, 42.604718959731535], [-8.880598958333328, 42.596916946308724], [-8.877343749999994, 42.594966442953016], [-8.872786458333328, 42.59529152684563], [-8.868880208333328, 42.599192533557044], [-8.851302083333328, 42.600167785234895], [-8.845442708333328, 42.599192533557044], [-8.841536458333328, 42.597242030201336], [-8.839583333333328, 42.59431627516778], [-8.840559895833328, 42.5855390100671], [-8.844466145833328, 42.58358850671139], [-8.845442708333328, 42.58033766778523], [-8.853255208333328, 42.57903733221475], [-8.855208333333328, 42.5761115771812], [-8.861067708333328, 42.57546140939596], [-8.884505208333328, 42.5780620805369], [-8.889388020833328, 42.57448615771811], [-8.899153645833328, 42.573835989932874], [-8.902083333333328, 42.572210570469785], [-8.900130208333328, 42.568309563758376], [-8.89361979166666, 42.564083473154355], [-8.89166666666666, 42.55725671140939], [-8.89752604166666, 42.554005872483216], [-8.91119791666666, 42.55335570469798], [-8.91705729166666, 42.55173028523489], [-8.92096354166666, 42.54847944630872], [-8.92291666666666, 42.54360318791945], [-8.92291666666666, 42.53710151006711], [-8.921614583333328, 42.53222525167784], [-8.91901041666666, 42.52897441275167], [-8.91510416666666, 42.527348993288584], [-8.90338541666666, 42.526373741610726], [-8.901106770833328, 42.522472734899324], [-8.897851562499994, 42.521172399328854], [-8.896874999999994, 42.516296140939595], [-8.897851562499994, 42.50946937919463], [-8.902734374999994, 42.50654362416107], [-8.911523437499994, 42.50556837248321], [-8.914453124999994, 42.50166736577181], [-8.920638020833328, 42.50069211409395], [-8.92096354166666, 42.49744127516778], [-8.919661458333328, 42.49484060402684], [-8.920638020833328, 42.49289010067113], [-8.94342447916666, 42.48963926174496], [-8.947981770833328, 42.48703859060402], [-8.950911458333328, 42.48313758389261], [-8.952539062499994, 42.473710151006706], [-8.951888020833328, 42.47045931208053], [-8.945703124999994, 42.46493288590603], [-8.943749999999994, 42.455180369127504], [-8.941145833333328, 42.45225461409395], [-8.935937499999994, 42.450304110738244], [-8.904687499999994, 42.447378355704686], [-8.902083333333328, 42.445427852348985], [-8.901106770833328, 42.439576342281875], [-8.897851562499994, 42.43730075503355], [-8.896874999999994, 42.42917365771811], [-8.897851562499994, 42.41454488255033], [-8.901757812499994, 42.41194421140939], [-8.902083333333328, 42.40966862416107], [-8.906966145833328, 42.40804320469798], [-8.926497395833328, 42.40674286912751], [-8.92877604166666, 42.403817114093954], [-8.937890624999994, 42.40641778523489], [-8.93951822916666, 42.4028418624161], [-8.94830729166666, 42.396015100671136], [-8.95319010416666, 42.389838506711406], [-8.954492187499994, 42.37943582214765], [-8.95514322916666, 42.37748531879194], [-8.957421874999994, 42.37651006711409], [-8.95807291666666, 42.37390939597315], [-8.95807291666666, 42.36870805369127], [-8.954492187499994, 42.34270134228187], [-8.95026041666666, 42.33489932885905], [-8.94440104166666, 42.3358745805369], [-8.941796874999994, 42.33977558724831], [-8.933984374999994, 42.34107592281878], [-8.933007812499994, 42.34432676174496], [-8.930078124999994, 42.34530201342281], [-8.928450520833328, 42.35115352348993], [-8.927148437499994, 42.37455956375839], [-8.92389322916666, 42.37748531879194], [-8.92291666666666, 42.386262583892616], [-8.91901041666666, 42.391138842281876], [-8.90338541666666, 42.39308934563758], [-8.900781249999994, 42.396340184563755], [-8.898177083333328, 42.39699035234899], [-8.882552083333328, 42.398290687919456], [-8.880273437499994, 42.40219169463087], [-8.87799479166666, 42.402516778523484], [-8.876367187499994, 42.401541526845634], [-8.875390624999994, 42.398290687919456], [-8.86725260416666, 42.396665268456374], [-8.86236979166666, 42.39081375838926], [-8.858789062499994, 42.38886325503355], [-8.834374999999994, 42.38691275167785], [-8.82135416666666, 42.38886325503355], [-8.818749999999994, 42.39081375838926], [-8.816796874999994, 42.396665268456374], [-8.812239583333328, 42.397315436241605], [-8.808984374999994, 42.396340184563755], [-8.806380208333328, 42.392439177852346], [-8.79986979166666, 42.391463926174495], [-8.79791666666666, 42.38821308724832], [-8.79694010416666, 42.38236157718121], [-8.793684895833328, 42.38138632550336], [-8.79205729166666, 42.37748531879194], [-8.78619791666666, 42.37651006711409], [-8.781966145833328, 42.37846057046979], [-8.779036458333328, 42.38301174496644], [-8.77350260416666, 42.38723783557047], [-8.760156249999994, 42.39178901006711], [-8.757552083333328, 42.393739513422815], [-8.754296874999994, 42.40186661073825], [-8.746484374999994, 42.403492030201335], [-8.744531249999994, 42.40674286912751], [-8.732812499999994, 42.40771812080536], [-8.728906249999994, 42.40706795302013], [-8.724999999999994, 42.403817114093954], [-8.725976562499994, 42.397965604026844], [-8.72955729166666, 42.396665268456374], [-8.735091145833328, 42.38886325503355], [-8.74518229166666, 42.3859375], [-8.74615885416666, 42.38268666107382], [-8.75006510416666, 42.38106124161074], [-8.751367187499994, 42.37325922818791], [-8.755273437499994, 42.37033347315436], [-8.75592447916666, 42.36838296979865], [-8.756793827163873, 42.3605693400143], [-8.763457489458979, 42.35473878991684], [-8.767916374005182, 42.346836506818846], [-8.77252604166666, 42.34530201342281], [-8.77936197916666, 42.34497692953019], [-8.78229166666666, 42.34335151006711], [-8.782942708333328, 42.34107592281878], [-8.787065735229719, 42.34038967404677], [-8.792199863023272, 42.3412793227983], [-8.794335937499994, 42.34432676174496], [-8.817122395833328, 42.34627726510066], [-8.821679687499994, 42.35017827181207], [-8.833398437499994, 42.34952810402684], [-8.834700520833328, 42.34627726510066], [-8.837630208333328, 42.34530201342281], [-8.838281249999994, 42.34270134228187], [-8.835677083333328, 42.3114932885906], [-8.836328124999994, 42.30369127516778], [-8.840234374999994, 42.30564177852348], [-8.844466145833328, 42.312143456375836], [-8.85455729166666, 42.31506921140939], [-8.85553385416666, 42.318320050335565], [-8.857161458333328, 42.319295302013415], [-8.860091145833328, 42.318320050335565], [-8.861067708333328, 42.31506921140939], [-8.866927083333328, 42.31409395973154], [-8.87018229166666, 42.30824244966442], [-8.871809895833328, 42.284836409395965], [-8.872786458333328, 42.28288590604026], [-8.87506510416666, 42.282235738255025], [-8.87604166666666, 42.278984899328854], [-8.87506510416666, 42.273133389261744], [-8.871809895833328, 42.27215813758389], [-8.870833333333328, 42.26923238255033], [-8.879296874999994, 42.26208053691274], [-8.881249999999994, 42.252328020134215], [-8.879296874999994, 42.247451761744955], [-8.871484374999994, 42.245501258389254], [-8.868880208333328, 42.24160025167784], [-8.86236979166666, 42.24192533557046], [-8.859114583333328, 42.24972734899328], [-8.85260416666666, 42.25167785234898], [-8.83990885416666, 42.24972734899328], [-8.834700520833328, 42.243225671140934], [-8.830468749999994, 42.241275167785226], [-8.825585937499994, 42.24192533557046], [-8.818749999999994, 42.24972734899328], [-8.812890624999994, 42.25167785234898], [-8.803124999999994, 42.24972734899328], [-8.79986979166666, 42.245176174496635], [-8.795312499999994, 42.24192533557046], [-8.78522135416666, 42.24160025167784], [-8.780989583333328, 42.245501258389254], [-8.76276041666666, 42.247451761744955], [-8.760481770833328, 42.251352768456364], [-8.756575520833328, 42.252653104026834], [-8.755598958333328, 42.25590394295301], [-8.747786458333328, 42.257204278523474], [-8.74420572916666, 42.26110528523489], [-8.720442708333328, 42.26403104026845], [-8.71197916666666, 42.27183305369127], [-8.701888020833328, 42.27215813758389], [-8.698958333333328, 42.270532718120805], [-8.698958333333328, 42.26923238255033], [-8.700911458333328, 42.267606963087246], [-8.708723958333328, 42.26630662751678], [-8.709700520833328, 42.26305578859059], [-8.714257812499994, 42.26110528523489], [-8.726302083333328, 42.247451761744955], [-8.73346354166666, 42.246151426174485], [-8.73736979166666, 42.242250419463076], [-8.76471354166666, 42.240299916107375], [-8.76666666666666, 42.23932466442952], [-8.767317708333328, 42.2370490771812], [-8.773177083333328, 42.23607382550335], [-8.77838541666666, 42.23314807046979], [-8.783593749999994, 42.22632130872482], [-8.789778645833328, 42.22144505033556], [-8.800195312499994, 42.22014471476509], [-8.802148437499994, 42.21949454697986], [-8.805078124999994, 42.21559354026844], [-8.812890624999994, 42.21429320469798], [-8.813867187499994, 42.2110423657718], [-8.81842447916666, 42.20811661073825], [-8.819726562499994, 42.200314597315426], [-8.822981770833328, 42.198689177852344], [-8.82428385416666, 42.18698615771812], [-8.824934895833328, 42.18503565436241], [-8.828841145833328, 42.18210989932886], [-8.829492187499994, 42.17560822147651], [-8.83404947916666, 42.17268246644295], [-8.835351562499994, 42.168781459731534], [-8.838606770833328, 42.168781459731534], [-8.841536458333328, 42.17333263422818], [-8.848046874999994, 42.17333263422818], [-8.85065104166666, 42.16943162751677], [-8.85846354166666, 42.16780620805368], [-8.862044270833328, 42.16000419463087], [-8.881575520833328, 42.15707843959731], [-8.88483072916666, 42.155127936241605], [-8.886458333333328, 42.15220218120805], [-8.886458333333328, 42.14830117449664], [-8.88483072916666, 42.14537541946308], [-8.876692708333328, 42.14244966442952], [-8.862044270833328, 42.14147441275166], [-8.86041666666666, 42.13919882550335], [-8.86236979166666, 42.1365981543624], [-8.86920572916666, 42.13237206375838], [-8.87408854166666, 42.125545302013414], [-8.875842122731356, 42.12466968838111], [-8.884144372788596, 42.12455028278632], [-8.887904017917306, 42.12215141888852], [-8.897200520833328, 42.121969379194624], [-8.902083333333328, 42.12359479865771], [-8.903059895833328, 42.126520553691265], [-8.90533854166666, 42.126845637583884], [-8.90631510416666, 42.125545302013414], [-8.906966145833328, 42.10994127516778], [-8.903059895833328, 42.10278942953019], [-8.901757812499994, 42.0637793624161], [-8.901106770833328, 42.05727768456376], [-8.897851562499994, 42.05142617449664], [-8.897200520833328, 42.04622483221476], [-8.895898437499994, 42.01501677852349], [-8.894921874999994, 42.01241610738254], [-8.89264322916666, 42.01209102348993], [-8.89166666666666, 42.010465604026834], [-8.891992187499994, 42.008190016778514], [-8.894921874999994, 42.00721476510066], [-8.89752604166666, 41.98830171745647], [-8.900781249999994, 41.9126495268797], [-8.900130208333328, 41.90634517766497], [-8.898828124999994, 41.90634517766497], [-8.897200520833328, 41.903418464466995], [-8.895898437499994, 41.89171161167512], [-8.89264322916666, 41.89008565989847], [-8.891341145833328, 41.88228109137055], [-8.887434895833328, 41.87935437817258], [-8.88678385416666, 41.87740323604061], [-8.88678385416666, 41.867647525380704], [-8.888411458333328, 41.86472081218273], [-8.89069010416666, 41.86407043147207], [-8.89166666666666, 41.858217005076135], [-8.88971354166666, 41.854965101522836], [-8.883203124999994, 41.85366434010152], [-8.881249999999994, 41.85041243654822], [-8.881575520833328, 41.84585977157359], [-8.885481770833328, 41.84293305837562], [-8.886458333333328, 41.83805520304568], [-8.885481770833328, 41.829275063451774], [-8.882226562499994, 41.827974302030455], [-8.881249999999994, 41.82504758883248], [-8.88580729166666, 41.821795685279184], [-8.893294270833328, 41.803585025380706], [-8.902083333333328, 41.8003331218274], [-8.901757812499994, 41.798056789340094], [-8.898828124999994, 41.7970812182741], [-8.897200520833328, 41.79317893401014], [-8.897200520833328, 41.78017131979695], [-8.897851562499994, 41.77756979695431], [-8.901757812499994, 41.773342322335026], [-8.902734374999994, 41.76358661167512], [-8.905989583333328, 41.76065989847715], [-8.910546874999994, 41.76000951776649], [-8.912499999999994, 41.75415609137055], [-8.909570312499994, 41.74895304568527], [-8.899804687499994, 41.740823286802026], [-8.897851562499994, 41.73757138324872], [-8.894921874999994, 41.72521414974618], [-8.887109374999994, 41.72326300761421], [-8.885481770833328, 41.71936072335024], [-8.882226562499994, 41.718385152284256], [-8.88092447916666, 41.71058058375634], [-8.87701822916666, 41.707328680203034], [-8.87408854166666, 41.68814244923857], [-8.86627604166666, 41.681963832487305], [-8.864648437499994, 41.677736357868014], [-8.86139322916666, 41.67676078680202], [-8.85846354166666, 41.66667988578679], [-8.849999999999994, 41.65985088832487], [-8.850325520833328, 41.657574555837556], [-8.854231770833328, 41.655623413705584], [-8.857161458333328, 41.64098984771573], [-8.864973958333328, 41.63416085025381], [-8.86529947916666, 41.62733185279187], [-8.86139322916666, 41.62473032994923], [-8.85846354166666, 41.61464942893401], [-8.851953124999994, 41.61042195431472], [-8.849348958333328, 41.60521890862943], [-8.841536458333328, 41.598715101522835], [-8.837630208333328, 41.57497620558375], [-8.82916666666666, 41.57139911167512], [-8.83014322916666, 41.568472398477155], [-8.833398437499994, 41.56749682741116], [-8.834374999999994, 41.56164340101522], [-8.833398437499994, 41.55839149746192], [-8.83111979166666, 41.55774111675126], [-8.829492187499994, 41.554814403553294], [-8.82819010416666, 41.54310755076142], [-8.82526041666666, 41.54148159898477], [-8.827864583333328, 41.532376269035524], [-8.825911458333328, 41.531725888324864], [-8.82428385416666, 41.5287991751269], [-8.822981770833328, 41.51709232233502], [-8.819726562499994, 41.514815989847705], [-8.816796874999994, 41.49562975888324], [-8.808984374999994, 41.48847557106599], [-8.808007812499994, 41.48164657360406], [-8.804101562499994, 41.47871986040609], [-8.803450520833328, 41.4767687182741], [-8.802148437499994, 41.46506186548223], [-8.79986979166666, 41.464086294416234], [-8.798242187499994, 41.46115958121827], [-8.798242187499994, 41.451403870558366], [-8.802148437499994, 41.44717639593908], [-8.803124999999994, 41.4354695431472], [-8.802148437499994, 41.4289657360406], [-8.79889322916666, 41.42701459390862], [-8.79791666666666, 41.42116116751268], [-8.79889322916666, 41.41790926395938], [-8.802148437499994, 41.416933692893394], [-8.803124999999994, 41.41400697969542], [-8.802148437499994, 41.41238102791877], [-8.79889322916666, 41.41140545685278], [-8.797591145833328, 41.40360088832487], [-8.793359374999994, 41.40034898477157], [-8.785872395833328, 41.381162753807104], [-8.778710937499994, 41.37433375634517], [-8.771874999999994, 41.345391814720806], [-8.769270833333328, 41.33953838832486], [-8.762109374999994, 41.33270939086294], [-8.75885416666666, 41.324904822335014], [-8.756249999999994, 41.31189720812182], [-8.751692708333328, 41.25271256345177], [-8.74908854166666, 41.235152284263954], [-8.747786458333328, 41.235152284263954], [-8.74518229166666, 41.23124999999999], [-8.739973958333328, 41.215640862944156], [-8.73639322916666, 41.21336453045684], [-8.735091145833328, 41.20165767766497], [-8.73444010416666, 41.19970653553299], [-8.73053385416666, 41.19677982233502], [-8.72955729166666, 41.189950824873094], [-8.72174479166666, 41.18344701776649], [-8.719466145833328, 41.17466687817258], [-8.715559895833328, 41.171089784263955], [-8.713606770833328, 41.14832645939085], [-8.710351562499994, 41.146050126903546], [-8.70904947916666, 41.13824555837563], [-8.70514322916666, 41.134668464467], [-8.70416666666666, 41.12003489847715], [-8.70514322916666, 41.1119051395939], [-8.70904947916666, 41.10735247461929], [-8.710351562499994, 41.09564562182741], [-8.712630208333328, 41.094670050761415], [-8.713606770833328, 41.09239371827411], [-8.715559895833328, 41.06052506345176], [-8.716536458333328, 41.05824873096446], [-8.71881510416666, 41.057923540609124], [-8.71979166666666, 41.05629758883248], [-8.71881510416666, 41.053370875634506], [-8.715559895833328, 41.05207011421319], [-8.714583333333328, 41.047192258883236], [-8.715559895833328, 41.03841211928933], [-8.71881510416666, 41.03678616751268], [-8.71979166666666, 41.03353426395938], [-8.719466145833328, 41.028981598984764], [-8.716536458333328, 41.027030456852785], [-8.71490885416666, 41.01922588832487], [-8.715559895833328, 40.98800761421319], [-8.719466145833328, 40.982479378172584], [-8.72076822916666, 40.97077252538071], [-8.724023437499994, 40.96784581218274], [-8.725976562499994, 40.940529822335016], [-8.729231770833328, 40.93727791878172], [-8.73053385416666, 40.921668781725884], [-8.731184895833328, 40.919067258883246], [-8.73444010416666, 40.91581535532994], [-8.73639322916666, 40.888499365482225], [-8.739648437499994, 40.88524746192893], [-8.740950520833328, 40.86963832487309], [-8.744856770833328, 40.863459708121816], [-8.746809895833328, 40.83159105329949], [-8.750716145833328, 40.82638800761421], [-8.75201822916666, 40.81468115482233], [-8.755273437499994, 40.81240482233502], [-8.757226562499994, 40.79419416243654], [-8.760481770833328, 40.79224302030456], [-8.763411458333328, 40.78216211928934], [-8.771223958333328, 40.77565831218273], [-8.772200520833328, 40.768829314720804], [-8.775130208333328, 40.766878172588825], [-8.77643229166666, 40.76362626903553], [-8.782942708333328, 40.71809961928933], [-8.78424479166666, 40.714847715736035], [-8.78717447916666, 40.712896573604056], [-8.788476562499994, 40.70509200507613], [-8.791731770833328, 40.70346605329948], [-8.79303385416666, 40.691759200507605], [-8.79694010416666, 40.687206535532994], [-8.798242187499994, 40.667695114213195], [-8.79889322916666, 40.66444321065989], [-8.802148437499994, 40.6602157360406], [-8.80279947916666, 40.65501269035532], [-8.804101562499994, 40.623794416243655], [-8.805078124999994, 40.62119289340101], [-8.807356770833328, 40.62021732233502], [-8.80865885416666, 40.608510469543134], [-8.810286458333328, 40.60558375634517], [-8.81158854166666, 40.60558375634517], [-8.812890624999994, 40.60200666243654], [-8.81940104166666, 40.55192734771573], [-8.820703124999994, 40.5483502538071], [-8.823632812499994, 40.54639911167512], [-8.824934895833328, 40.5385945431472], [-8.828841145833328, 40.53599302030456], [-8.83014322916666, 40.52818845177664], [-8.833398437499994, 40.5265625], [-8.834700520833328, 40.51485564720811], [-8.838606770833328, 40.50965260152283], [-8.840559895833328, 40.4777839467005], [-8.844466145833328, 40.47258090101522], [-8.84576822916666, 40.460874048223346], [-8.849023437499994, 40.45924809644669], [-8.850325520833328, 40.45144352791878], [-8.854231770833328, 40.448516814720804], [-8.856184895833328, 40.43485881979695], [-8.85944010416666, 40.43193210659898], [-8.86139322916666, 40.404616116751264], [-8.86529947916666, 40.39973826142132], [-8.866601562499994, 40.38803140862943], [-8.869856770833328, 40.386405456852785], [-8.87115885416666, 40.37860088832487], [-8.87506510416666, 40.37599936548223], [-8.876367187499994, 40.368194796954306], [-8.880273437499994, 40.36461770304568], [-8.881575520833328, 40.34510628172588], [-8.882226562499994, 40.341854378172584], [-8.886132812499994, 40.33730171319796], [-8.88678385416666, 40.32754600253806], [-8.887434895833328, 40.325594860406085], [-8.891341145833328, 40.32266814720811], [-8.89264322916666, 40.314863578680196], [-8.89654947916666, 40.31226205583756], [-8.897851562499994, 40.30445748730964], [-8.901106770833328, 40.30250634517766], [-8.903059895833328, 40.28429568527918], [-8.906966145833328, 40.28006821065989], [-8.90826822916666, 40.26836135786802], [-8.911523437499994, 40.266735406091364], [-8.912825520833328, 40.25893083756345], [-8.91705729166666, 40.254703362944156], [-8.923567708333328, 40.22283470812182], [-8.927148437499994, 40.21958280456852], [-8.928450520833328, 40.20787595177664], [-8.932356770833328, 40.20332328680202], [-8.933007812499994, 40.18381186548223], [-8.931380208333328, 40.178934010152275], [-8.928450520833328, 40.176982868020296], [-8.927148437499994, 40.16917829949238], [-8.92486979166666, 40.16852791878172], [-8.92389322916666, 40.16657677664974], [-8.92291666666666, 40.14901649746193], [-8.92389322916666, 40.139260786802026], [-8.927473958333328, 40.13470812182741], [-8.92877604166666, 40.12950507614213], [-8.933984374999994, 40.09828680203045], [-8.938216145833328, 40.09275856598984], [-8.93951822916666, 40.081051713197965], [-8.942773437499994, 40.07877538071065], [-8.944726562499994, 40.06056472081218], [-8.948632812499994, 40.057312817258875], [-8.949934895833328, 40.04950824873096], [-8.95319010416666, 40.04788229695431], [-8.95514322916666, 40.03422430203045], [-8.958398437499994, 40.0325983502538], [-8.959700520833328, 40.02479378172588], [-8.963606770833328, 40.02076459390862], [-8.966536458333328, 39.99069638324872], [-8.974348958333328, 39.98276491116751], [-8.976953124999994, 39.97365958121827], [-8.98151041666666, 39.9707328680203], [-8.98346354166666, 39.96780615482233], [-8.98639322916666, 39.93951459390862], [-8.99029947916666, 39.93561230964466], [-8.992578124999994, 39.92683217005076], [-9.000390624999994, 39.92032836294416], [-9.00201822916666, 39.912198604060904], [-9.005273437499994, 39.91057265228425], [-9.006575520833328, 39.898865799492384], [-9.007226562499994, 39.8969146573604], [-9.011132812499994, 39.893987944162426], [-9.012434895833328, 39.88618337563451], [-9.01569010416666, 39.884557423857856], [-9.017317708333328, 39.872525380710655], [-9.01861979166666, 39.86992385786802], [-9.025130208333328, 39.864395621827406], [-9.02643229166666, 39.86114371827411], [-9.028059895833328, 39.845209390862934], [-9.03131510416666, 39.843258248730955], [-9.032617187499994, 39.83545368020304], [-9.036523437499994, 39.8328521573604], [-9.037825520833328, 39.82504758883248], [-9.041731770833328, 39.822446065989844], [-9.04303385416666, 39.81464149746192], [-9.04694010416666, 39.811389593908615], [-9.04889322916666, 39.79317893401014], [-9.052148437499994, 39.791227791878164], [-9.053450520833328, 39.78342322335025], [-9.05768229166666, 39.78017131979695], [-9.062890624999994, 39.764562182741116], [-9.067773437499994, 39.75805837563451], [-9.068749999999994, 39.73464467005075], [-9.070703124999994, 39.721637055837554], [-9.072656249999994, 39.719035532994916], [-9.07526041666666, 39.719035532994916], [-9.07721354166666, 39.71740958121826], [-9.07916666666666, 39.70927982233501], [-9.08014322916666, 39.694646256345166], [-9.083398437499994, 39.69236992385786], [-9.086328124999994, 39.68228902284264], [-9.09283854166666, 39.67741116751269], [-9.09576822916666, 39.66277760152284], [-9.098046874999994, 39.66180203045685], [-9.099348958333328, 39.65887531725888], [-9.103255208333328, 39.632534898477154], [-9.103255208333328, 39.614974619289335], [-9.100976562499994, 39.614649428934], [-9.098046874999994, 39.61009676395938], [-9.090234374999994, 39.608796002538064], [-9.087714291401454, 39.60501971483101], [-9.08721406068826, 39.59347294657913], [-9.08893229166666, 39.593186865482224], [-9.090559895833328, 39.589284581218266], [-9.09381510416666, 39.58830901015228], [-9.09576822916666, 39.57920368020304], [-9.099023437499994, 39.57822810913705], [-9.10065104166666, 39.574325824873085], [-9.10651041666666, 39.5733502538071], [-9.109765624999994, 39.57139911167512], [-9.11139322916666, 39.563594543147204], [-9.114973958333328, 39.562293781725884], [-9.120507812499994, 39.55448921319796], [-9.130598958333328, 39.550586928934], [-9.132226562499994, 39.542782360406086], [-9.135481770833328, 39.5418067893401], [-9.137109374999994, 39.537904505076135], [-9.14557291666666, 39.53595336294415], [-9.155989583333328, 39.52424651015228], [-9.16119791666666, 39.52131979695431], [-9.16705729166666, 39.52034422588832], [-9.16803385416666, 39.517092322335024], [-9.17194010416666, 39.5157915609137], [-9.17389322916666, 39.51188927664974], [-9.18756510416666, 39.50993813451775], [-9.18951822916666, 39.506035850253795], [-9.192773437499994, 39.50506027918781], [-9.19440104166666, 39.49725571065989], [-9.204492187499994, 39.493353426395934], [-9.208723958333328, 39.48684961928934], [-9.213606770833328, 39.483922906091365], [-9.215234374999994, 39.47189086294416], [-9.216536458333328, 39.46928934010152], [-9.224348958333328, 39.46246034263959], [-9.224999999999994, 39.45758248730964], [-9.227929687499994, 39.45237944162436], [-9.239648437499994, 39.4429489213198], [-9.24127604166666, 39.43904663705583], [-9.249414062499994, 39.43742068527918], [-9.25787760416666, 39.42831535532994], [-9.266015624999994, 39.4266894035533], [-9.266992187499994, 39.4234375], [-9.27154947916666, 39.42148635786801], [-9.28131510416666, 39.40977950507613], [-9.284570312499994, 39.40782836294416], [-9.29791666666666, 39.404901649746186], [-9.30279947916666, 39.39839784263959], [-9.311914062499994, 39.39579631979695], [-9.316796874999994, 39.38994289340101], [-9.321028645833328, 39.387991751269034], [-9.338281249999994, 39.38604060913705], [-9.367578124999994, 39.385065038071055], [-9.370833333333328, 39.38408946700507], [-9.37115885416666, 39.381813134517756], [-9.372786458333328, 39.38083756345177], [-9.375716145833328, 39.381813134517756], [-9.376692708333328, 39.385065038071055], [-9.382552083333328, 39.38604060913705], [-9.38580729166666, 39.385065038071055], [-9.38776041666666, 39.381813134517756], [-9.403710937499994, 39.38018718274111], [-9.40924479166666, 39.37693527918781], [-9.41217447916666, 39.372057423857854], [-9.422265624999994, 39.363602474619285], [-9.42291666666666, 39.35872461928933], [-9.41901041666666, 39.35449714467005], [-9.405989583333328, 39.35026967005076], [-9.402083333333328, 39.34766814720812], [-9.40143229166666, 39.345391814720806], [-9.39557291666666, 39.34441624365481], [-9.392317708333328, 39.34246510152283], [-9.391015624999994, 39.33596129441624], [-9.383203124999994, 39.333034581218264], [-9.38190104166666, 39.331083439086285], [-9.380273437499994, 39.31937658629441], [-9.376692708333328, 39.31775063451776], [-9.37115885416666, 39.30962087563451], [-9.36432291666666, 39.304743020304564], [-9.36236979166666, 39.29856440355329], [-9.36041666666666, 39.27157360406091], [-9.36139322916666, 39.22474619289339], [-9.36236979166666, 39.219543147208114], [-9.36529947916666, 39.217592005076135], [-9.366601562499994, 39.20978743654822], [-9.369856770833328, 39.20783629441624], [-9.371809895833328, 39.18962563451777], [-9.375716145833328, 39.18637373096446], [-9.37701822916666, 39.17856916243654], [-9.380273437499994, 39.176943210659886], [-9.382226562499994, 39.16458597715736], [-9.384179687499994, 39.16133407360405], [-9.395898437499994, 39.150602791878164], [-9.397200520833328, 39.14344860406091], [-9.40143229166666, 39.1401967005076], [-9.40729166666666, 39.12393718274111], [-9.42194010416666, 39.10800285532994], [-9.42486979166666, 39.09564562182741], [-9.43365885416666, 39.092718908629436], [-9.437890624999994, 39.08621510152283], [-9.44342447916666, 39.082312817258874], [-9.443098958333328, 39.07548381979694], [-9.433333333333328, 39.06670368020304], [-9.43365885416666, 39.064427347715736], [-9.43658854166666, 39.06345177664974], [-9.43756510416666, 39.060199873096444], [-9.43951822916666, 39.01467322335024], [-9.44049479166666, 39.011421319796945], [-9.442773437499994, 39.01109612944162], [-9.443749999999994, 39.009470177664966], [-9.44342447916666, 39.00719384517765], [-9.43951822916666, 39.00589308375634], [-9.43854166666666, 39.00426713197969], [-9.43951822916666, 39.00134041878172], [-9.442773437499994, 39.00036484771573], [-9.443749999999994, 38.99711294416243], [-9.44342447916666, 38.992560279187806], [-9.44049479166666, 38.99060913705583], [-9.438867187499994, 38.98280456852791], [-9.43951822916666, 38.95158629441624], [-9.442773437499994, 38.947358819796946], [-9.444726562499994, 38.92459549492385], [-9.44830729166666, 38.921018401015225], [-9.449609374999994, 38.91711611675127], [-9.454817708333328, 38.8937024111675], [-9.45904947916666, 38.889800126903545], [-9.460351562499994, 38.88199555837563], [-9.463606770833328, 38.88004441624365], [-9.465559895833328, 38.86183375634517], [-9.469466145833328, 38.85858185279187], [-9.47076822916666, 38.850777284263955], [-9.474023437499994, 38.84980171319796], [-9.47565104166666, 38.84557423857867], [-9.48346354166666, 38.83972081218273], [-9.48736979166666, 38.82411167512689], [-9.493880208333328, 38.81923381979694], [-9.496484374999994, 38.81012848984771], [-9.502343749999994, 38.80525063451776], [-9.505598958333328, 38.79777125634518], [-9.506249999999994, 38.78378807106598], [-9.505273437499994, 38.77728426395938], [-9.503320312499994, 38.7720812182741], [-9.493554687499994, 38.76102474619289], [-9.490624999999994, 38.74606598984771], [-9.49127604166666, 38.727855329949236], [-9.492578124999994, 38.72265228426396], [-9.494531249999994, 38.72005076142131], [-9.500390624999994, 38.71809961928933], [-9.50104166666666, 38.713546954314715], [-9.50006510416666, 38.71029505076142], [-9.496484374999994, 38.7089942893401], [-9.49029947916666, 38.701189720812174], [-9.471093749999994, 38.6982630076142], [-9.469140624999994, 38.69501110406091], [-9.461328124999994, 38.69371034263959], [-9.459374999999994, 38.69078362944162], [-9.454817708333328, 38.6894828680203], [-9.400130208333328, 38.68427982233502], [-9.386458333333328, 38.68167829949238], [-9.385481770833328, 38.6787515862944], [-9.382226562499994, 38.67777601522842], [-9.381249999999994, 38.67192258883248], [-9.382226562499994, 38.66867068527918], [-9.386132812499994, 38.666069162436536], [-9.387434895833328, 38.65826459390862], [-9.39069010416666, 38.65631345177664], [-9.391015624999994, 38.64037912436548], [-9.38776041666666, 38.63485088832487], [-9.383203124999994, 38.6319241751269], [-9.380273437499994, 38.62184327411167], [-9.37701822916666, 38.62086770304568], [-9.37506510416666, 38.61696541878172], [-9.36334635416666, 38.615664657360405], [-9.36139322916666, 38.61501427664974], [-9.35846354166666, 38.61111199238577], [-9.35065104166666, 38.60981123096445], [-9.349999999999994, 38.60753489847715], [-9.338281249999994, 38.605908946700495], [-9.299218749999994, 38.605908946700495], [-9.287499999999994, 38.60753489847715], [-9.287499999999994, 38.60883565989847], [-9.283593749999994, 38.61046161167512], [-9.269921874999994, 38.60981123096445], [-9.26276041666666, 38.60493337563451], [-9.25494791666666, 38.59615323604061], [-9.247786458333328, 38.594527284263954], [-9.243880208333328, 38.58542195431471], [-9.237044270833328, 38.58412119289339], [-9.230208333333328, 38.576316624365475], [-9.22760416666666, 38.575015862944156], [-9.217513020833328, 38.57306472081217], [-9.215559895833328, 38.57046319796953], [-9.212630208333328, 38.553878489847705], [-9.20611979166666, 38.548025063451774], [-9.204817708333328, 38.54477315989847], [-9.203841145833328, 38.53144035532995], [-9.199934895833328, 38.524286167512685], [-9.198958333333328, 38.495019035532984], [-9.201888020833328, 38.476808375634505], [-9.204817708333328, 38.47160532994923], [-9.211653645833328, 38.46607709390862], [-9.213606770833328, 38.46282519035532], [-9.215538188930468, 38.45060529433363], [-9.219140624999994, 38.44819162436548], [-9.226142237167181, 38.439314442499196], [-9.229860391815375, 38.436702488066075], [-9.23226439611939, 38.431130138551254], [-9.232380551874543, 38.42768212160627], [-9.234765624999994, 38.4267290609137], [-9.23444010416666, 38.41892449238578], [-9.231184895833328, 38.41794892131979], [-9.230208333333328, 38.41502220812182], [-9.227929687499994, 38.4137214467005], [-9.216536458333328, 38.41111992385786], [-9.196028645833328, 38.40916878172588], [-9.193749999999994, 38.40981916243654], [-9.191796874999994, 38.41274587563451], [-9.183984374999994, 38.41404663705583], [-9.181032369225527, 38.4180068356484], [-9.173567708333328, 38.41924968274111], [-9.17291666666666, 38.42152601522842], [-9.16901041666666, 38.423151967005076], [-9.155989583333328, 38.423802347715736], [-9.15338541666666, 38.42445272842639], [-9.152083333333328, 38.4267290609137], [-9.135481770833328, 38.42933058375634], [-9.069075520833328, 38.43453362944162], [-9.06354166666666, 38.43583439086294], [-9.06354166666666, 38.437135152284256], [-9.05768229166666, 38.439736675126895], [-9.03424479166666, 38.44493972081218], [-9.030372589440647, 38.44829222239426], [-9.02691340537306, 38.44943898297946], [-9.01764322916666, 38.45046795685279], [-9.016416555589476, 38.452918813299384], [-8.996717197871515, 38.459449384250036], [-8.989973958333328, 38.45989847715735], [-8.980859374999994, 38.45794733502537], [-8.974999999999994, 38.45144352791878], [-8.960351562499994, 38.448516814720804], [-8.957747395833328, 38.445264911167506], [-8.938216145833328, 38.443964149746186], [-8.934960937499994, 38.44331376903552], [-8.931380208333328, 38.44006186548222], [-8.927473958333328, 38.43941148477157], [-8.904036458333328, 38.43811072335024], [-8.900781249999994, 38.43485881979694], [-8.898177083333328, 38.43420843908629], [-8.882552083333328, 38.432907677664964], [-8.879622395833328, 38.429655774111666], [-8.855859374999994, 38.4267290609137], [-8.847395833333328, 38.4169733502538], [-8.835351562499994, 38.407542829949236], [-8.833723958333328, 38.40364054568528], [-8.825911458333328, 38.40233978426396], [-8.822981770833328, 38.397787119289326], [-8.820703124999994, 38.397461928934], [-8.819075520833328, 38.39258407360405], [-8.818098958333328, 38.37599936548222], [-8.816796874999994, 38.372097081218264], [-8.810286458333328, 38.365918464467], [-8.808984374999994, 38.362666560913695], [-8.808007812499994, 38.349333756345175], [-8.806380208333328, 38.34543147208121], [-8.804101562499994, 38.34413071065989], [-8.80279947916666, 38.32852157360405], [-8.79889322916666, 38.32169257614213], [-8.79694010416666, 38.280718591370544], [-8.79596354166666, 38.27779187817258], [-8.793684895833328, 38.27616592639593], [-8.792382812499994, 38.256654505076135], [-8.791731770833328, 38.253402601522836], [-8.788476562499994, 38.249175126903545], [-8.787825520833328, 38.24397208121827], [-8.787825520833328, 38.21795685279187], [-8.789453124999994, 38.210152284263955], [-8.791731770833328, 38.208201142131976], [-8.79303385416666, 38.18478743654821], [-8.793684895833328, 38.180885152284255], [-8.79694010416666, 38.17665767766496], [-8.798242187499994, 38.149341687817255], [-8.79889322916666, 38.14478902284264], [-8.80279947916666, 38.13861040609137], [-8.80377604166666, 38.12527760152284], [-8.805078124999994, 38.122025697969534], [-8.811914062499994, 38.11519670050761], [-8.81549479166666, 38.10283946700507], [-8.818098958333328, 38.086905139593895], [-8.820703124999994, 38.08007614213197], [-8.823632812499994, 38.07812499999999], [-8.82428385416666, 38.071621192893396], [-8.82819010416666, 38.06901967005076], [-8.83111979166666, 38.05893876903552], [-8.837630208333328, 38.05373572335024], [-8.841536458333328, 38.033573921319785], [-8.849348958333328, 38.026419733502536], [-8.851953124999994, 38.01731440355329], [-8.85846354166666, 38.01230931419204], [-8.86139322916666, 37.99744904029187], [-8.86627604166666, 37.99088541666666], [-8.87506510416666, 37.98404947916666]], [[-6.296909369712344, 36.41569010416666], [-6.296258989001684, 36.41178385416666], [-6.292356704737724, 36.41243489583333], [-6.292356704737724, 36.41569010416666], [-6.293982656514373, 36.41666666666666], [-6.296909369712344, 36.41569010416666]], [[-6.198701882402698, 36.28743489583333], [-6.199352263113358, 36.29134114583333], [-6.203254547377318, 36.29069010416666], [-6.203254547377318, 36.28743489583333], [-6.201628595600669, 36.28645833333333], [-6.198701882402698, 36.28743489583333]], [[-5.699209496615897, 36.04785156249999], [-5.699859877326556, 36.05175781249999], [-5.703762161590516, 36.05110677083333], [-5.703762161590516, 36.04785156249999], [-5.702136209813867, 36.04687499999999], [-5.699209496615897, 36.04785156249999]], [[-8.989648437499994, 43.25586199664429], [-8.985742187499994, 43.25651216442952], [-8.98639322916666, 43.26041317114094], [-8.989648437499994, 43.26041317114094], [-8.990624999999994, 43.25878775167784], [-8.989648437499994, 43.25586199664429]], [[-9.23444010416666, 43.13623112416107], [-9.23053385416666, 43.1368812919463], [-9.231184895833328, 43.14078229865771], [-9.23444010416666, 43.14078229865771], [-9.23541666666666, 43.13915687919463], [-9.23444010416666, 43.13623112416107]], [[-9.09381510416666, 42.558882130872476], [-9.08990885416666, 42.559532298657714], [-9.090559895833328, 42.56343330536912], [-9.09381510416666, 42.56343330536912], [-9.09479166666666, 42.56180788590603], [-9.09381510416666, 42.558882130872476]], [[-9.539453124999994, 39.484573286802025], [-9.54596354166666, 39.48424809644669], [-9.54791666666666, 39.48099619289339], [-9.547265624999994, 39.47676871827411], [-9.54401041666666, 39.476443527918775], [-9.537499999999994, 39.48164657360405], [-9.539453124999994, 39.484573286802025]], [[-9.504296874999994, 39.41660850253806], [-9.499739583333328, 39.41725888324872], [-9.497460937499994, 39.4192100253807], [-9.49908854166666, 39.42376269035532], [-9.502343749999994, 39.4257138324873], [-9.51471354166666, 39.42766497461928], [-9.530664062499994, 39.42733978426395], [-9.537499999999994, 39.425713832487304], [-9.537499999999994, 39.424413071065985], [-9.534570312499994, 39.42278711928933], [-9.524804687499994, 39.42148635786801], [-9.522851562499994, 39.41953521573603], [-9.520898437499994, 39.40977950507613], [-9.518945312499994, 39.40782836294416], [-9.516015624999994, 39.406852791878165], [-9.509179687499994, 39.407503172588825], [-9.506249999999994, 39.410755076142124], [-9.504296874999994, 39.41660850253806]], [[-8.695703124999994, 43.31957843959731], [-8.69440104166666, 43.32022860738254], [-8.69342447916666, 43.32640520134227], [-8.68951822916666, 43.32933095637583], [-8.68854166666666, 43.33420721476509], [-8.68951822916666, 43.34298447986576], [-8.692773437499994, 43.34460989932885], [-8.69440104166666, 43.35241191275168], [-8.697656249999994, 43.35436241610738], [-8.70026041666666, 43.35436241610738], [-8.703515624999994, 43.35143666107382], [-8.70514322916666, 43.3397336409396], [-8.708398437499994, 43.33810822147651], [-8.709374999999994, 43.33485738255033], [-8.708398437499994, 43.329005872483215], [-8.70514322916666, 43.328030620805364], [-8.703515624999994, 43.32380453020133], [-8.695703124999994, 43.31957843959731]], [[-9.178450520833328, 42.88201552013422], [-9.179101562499994, 42.885266359060395], [-9.187890624999994, 42.886241610738246], [-9.191796874999994, 42.88429110738254], [-9.19049479166666, 42.8797399328859], [-9.18658854166666, 42.87583892617449], [-9.18365885416666, 42.87681417785234], [-9.183007812499994, 42.88006501677851], [-9.178450520833328, 42.88201552013422]], [[-9.16803385416666, 42.86641149328858], [-9.168684895833328, 42.8703125], [-9.172591145833328, 42.86966233221475], [-9.172591145833328, 42.86641149328858], [-9.17096354166666, 42.86543624161073], [-9.16803385416666, 42.86641149328858]], [[-9.19928385416666, 42.84040478187919], [-9.199934895833328, 42.8443057885906], [-9.203841145833328, 42.843655620805364], [-9.203841145833328, 42.84040478187919], [-9.20221354166666, 42.839429530201336], [-9.19928385416666, 42.84040478187919]], [[-9.179101562499994, 42.82967701342282], [-9.178124999999994, 42.83552852348993], [-9.180078124999994, 42.83780411073825], [-9.18463541666666, 42.836178691275165], [-9.187890624999994, 42.83260276845637], [-9.18756510416666, 42.82447567114094], [-9.184309895833328, 42.82415058724832], [-9.183007812499994, 42.82805159395972], [-9.179101562499994, 42.82967701342282]], [[-9.188867187499994, 42.762384647651], [-9.18951822916666, 42.765635486577175], [-9.20319010416666, 42.767585989932876], [-9.20611979166666, 42.771486996644285], [-9.212630208333328, 42.771161912751666], [-9.214583333333328, 42.7679110738255], [-9.213606770833328, 42.762059563758385], [-9.210351562499994, 42.76108431208053], [-9.209374999999994, 42.75815855704697], [-9.206445312499994, 42.75653313758389], [-9.194726562499994, 42.75718330536912], [-9.191796874999994, 42.761409395973146], [-9.188867187499994, 42.762384647651]], [[-9.142317708333328, 42.7363779362416], [-9.14166666666666, 42.73865352348993], [-9.14557291666666, 42.74060402684563], [-9.15143229166666, 42.73962877516778], [-9.15143229166666, 42.7363779362416], [-9.148177083333328, 42.73540268456375], [-9.142317708333328, 42.7363779362416]], [[-9.049218749999994, 42.70321937919463], [-9.05572916666666, 42.70419463087248], [-9.064843749999994, 42.70386954697986], [-9.068749999999994, 42.70224412751678], [-9.06744791666666, 42.69996854026845], [-9.060937499999994, 42.6989932885906], [-9.05182291666666, 42.69931837248322], [-9.04791666666666, 42.7009437919463], [-9.049218749999994, 42.70321937919463]], [[-9.072981770833328, 42.69411703020134], [-9.069075520833328, 42.69476719798657], [-9.069726562499994, 42.69866820469798], [-9.072981770833328, 42.69866820469798], [-9.073958333333328, 42.6970427852349], [-9.072981770833328, 42.69411703020134]], [[-9.095442708333328, 42.635601929530196], [-9.094466145833328, 42.63235109060402], [-9.09283854166666, 42.63137583892617], [-9.08990885416666, 42.633326342281876], [-9.090234374999994, 42.64015310402684], [-9.099348958333328, 42.647630033557036], [-9.10065104166666, 42.650880872483214], [-9.10651041666666, 42.64893036912751], [-9.108789062499994, 42.645354446308716], [-9.10553385416666, 42.638527684563755], [-9.095442708333328, 42.635601929530196]], [[-9.101953124999994, 42.54327810402684], [-9.099999999999994, 42.54620385906039], [-9.103906249999994, 42.5481543624161], [-9.109765624999994, 42.54717911073824], [-9.109765624999994, 42.54392827181208], [-9.101953124999994, 42.54327810402684]], [[-9.07428385416666, 42.53352558724832], [-9.074934895833328, 42.53742659395972], [-9.078841145833328, 42.536776426174484], [-9.078841145833328, 42.53352558724832], [-9.07721354166666, 42.53255033557046], [-9.07428385416666, 42.53352558724832]], [[-9.083723958333328, 42.520197147651004], [-9.084374999999994, 42.515645973154356], [-9.082421874999994, 42.51174496644295], [-9.078515624999994, 42.51369546979865], [-9.075585937499994, 42.520197147651004], [-9.077864583333328, 42.522147651006705], [-9.083723958333328, 42.520197147651004]], [[-8.923567708333328, 42.51369546979865], [-8.92291666666666, 42.518246644295296], [-8.92486979166666, 42.52149748322147], [-8.929427083333328, 42.522147651006705], [-8.93268229166666, 42.520197147651004], [-8.93268229166666, 42.51369546979865], [-8.929427083333328, 42.51174496644295], [-8.923567708333328, 42.51369546979865]], [[-8.91315104166666, 42.23022231543624], [-8.912499999999994, 42.2276216442953], [-8.92096354166666, 42.21949454697986], [-8.92291666666666, 42.20876677852348], [-8.922265624999994, 42.195113255033554], [-8.91901041666666, 42.18926174496644], [-8.914453124999994, 42.18893666107382], [-8.912499999999994, 42.18731124161073], [-8.913476562499994, 42.18438548657717], [-8.916731770833328, 42.18341023489932], [-8.917708333333328, 42.17755872483221], [-8.915755208333328, 42.17430788590603], [-8.91119791666666, 42.1736577181208], [-8.907942708333328, 42.17463296979865], [-8.906966145833328, 42.17788380872483], [-8.903059895833328, 42.17950922818791], [-8.901106770833328, 42.1886115771812], [-8.897851562499994, 42.18893666107382], [-8.896874999999994, 42.186010906040266], [-8.893945312499994, 42.18438548657717], [-8.887109374999994, 42.18406040268456], [-8.882226562499994, 42.18698615771812], [-8.881249999999994, 42.193812919463085], [-8.883203124999994, 42.198689177852344], [-8.88971354166666, 42.200964765100665], [-8.89166666666666, 42.20746644295301], [-8.89264322916666, 42.21916946308724], [-8.896874999999994, 42.22242030201342], [-8.89654947916666, 42.22469588926174], [-8.89361979166666, 42.22567114093959], [-8.891992187499994, 42.22859689597315], [-8.89166666666666, 42.235423657718115], [-8.89361979166666, 42.241275167785226], [-8.90240885416666, 42.24810192953019], [-8.906966145833328, 42.25492869127516], [-8.91608072916666, 42.25752936241609], [-8.924544270833328, 42.267606963087246], [-8.931380208333328, 42.270857802013424], [-8.933333333333328, 42.2685822147651], [-8.93268229166666, 42.26370595637583], [-8.92486979166666, 42.25655411073824], [-8.922265624999994, 42.23964974832214], [-8.91901041666666, 42.23412332214764], [-8.91315104166666, 42.23022231543624]], [[-8.389197335025372, 43.402149748322145], [-8.385945431472074, 43.40117449664429], [-8.381392766497452, 43.40149958053691], [-8.379441624365473, 43.403125], [-8.380092005076133, 43.40540058724831], [-8.383343908629431, 43.40637583892617], [-8.387896573604053, 43.40605075503355], [-8.389847715736032, 43.40442533557045], [-8.389197335025372, 43.402149748322145]], [[-8.53455742385786, 43.34428481543623], [-8.5306551395939, 43.344934983221464], [-8.53130552030456, 43.34883598993289], [-8.53455742385786, 43.34883598993289], [-8.53553299492385, 43.3472105704698], [-8.53455742385786, 43.34428481543623]], [[-6.463406831641278, 36.62923177083333], [-6.462756450930618, 36.62532552083333], [-6.458854166666658, 36.62597656249999], [-6.458854166666658, 36.62923177083333], [-6.460480118443307, 36.63020833333333], [-6.463406831641278, 36.62923177083333]], [[-6.454301501692038, 36.61523437499999], [-6.453325930626049, 36.61848958333333], [-6.4536511209813785, 36.62304687499999], [-6.455277072758028, 36.62499999999999], [-6.4575534052453385, 36.62434895833333], [-6.458528976311328, 36.62109374999999], [-6.458203785955998, 36.61653645833333], [-6.456577834179349, 36.61458333333333], [-6.454301501692038, 36.61523437499999]], [[-6.443245029610821, 36.62076822916666], [-6.44389541032148, 36.62467447916666], [-6.44779769458544, 36.62402343749999], [-6.44779769458544, 36.62076822916666], [-6.446171742808791, 36.61979166666666], [-6.443245029610821, 36.62076822916666]], [[-6.224717110829095, 36.28743489583333], [-6.225367491539755, 36.29134114583333], [-6.229269775803713, 36.29069010416666], [-6.229269775803713, 36.28743489583333], [-6.227643824027064, 36.28645833333333], [-6.224717110829095, 36.28743489583333]], [[-6.216912542301175, 36.28059895833333], [-6.217237732656505, 36.27734374999999], [-6.213335448392547, 36.27148437499999], [-6.210733925549906, 36.27083333333333], [-6.209107973773257, 36.27278645833333], [-6.208782783417927, 36.27734374999999], [-6.210733925549907, 36.28059895833333], [-6.216912542301175, 36.28059895833333]], [[-6.126834813874781, 36.19173177083333], [-6.1190302453468615, 36.18294270833333], [-6.109924915397623, 36.17708333333333], [-6.089763113367166, 36.17350260416666], [-6.083909686971227, 36.17578124999999], [-6.085860829103206, 36.18164062499999], [-6.093015016920464, 36.18326822916666], [-6.103746298646353, 36.19498697916666], [-6.106998202199653, 36.19694010416666], [-6.11935543570219, 36.19986979166666], [-6.12228214890016, 36.20768229166666], [-6.128785956006761, 36.20865885416666], [-6.13073709813874, 36.21158854166666], [-6.1346393824027, 36.21321614583333], [-6.143744712351938, 36.21354166666666], [-6.150248519458537, 36.21158854166666], [-6.151549280879856, 36.20963541666666], [-6.150898900169197, 36.20507812499999], [-6.147646996615897, 36.20312499999999], [-6.142769141285947, 36.20247395833333], [-6.136265334179347, 36.19466145833333], [-6.126834813874781, 36.19173177083333]], [[-6.151874471235187, 36.19368489583333], [-6.152524851945847, 36.19759114583333], [-6.156427136209805, 36.19694010416666], [-6.156427136209805, 36.19368489583333], [-6.154801184433156, 36.19270833333333], [-6.151874471235187, 36.19368489583333]], [[-6.215936971235186, 36.16178385416666], [-6.213985829103207, 36.16471354166666], [-6.217888113367165, 36.16666666666666], [-6.223741539763105, 36.16569010416666], [-6.223741539763105, 36.16243489583333], [-6.215936971235186, 36.16178385416666]], [[-6.155776755499145, 36.14485677083333], [-6.1574027072757955, 36.14160156249999], [-6.165207275803713, 36.14029947916666], [-6.167158417935694, 36.13736979166666], [-6.156427136209805, 36.13574218749999], [-6.113502009306252, 36.13444010416666], [-6.109924915397623, 36.13346354166666], [-6.109274534686962, 36.13151041666666], [-6.103421108291023, 36.13346354166666], [-6.099518824027064, 36.13736979166666], [-6.101469966159044, 36.14029947916666], [-6.110250105752952, 36.14257812499999], [-6.114802770727572, 36.14908854166666], [-6.1190302453468615, 36.15104166666666], [-6.12390810067681, 36.15039062499999], [-6.130411907783411, 36.14257812499999], [-6.134639382402699, 36.14062499999999], [-6.139192047377318, 36.14095052083333], [-6.142118760575288, 36.14485677083333], [-6.146996615905236, 36.14583333333333], [-6.155776755499145, 36.14485677083333]], [[-6.080657783417927, 36.14615885416666], [-6.078706641285947, 36.14908854166666], [-6.082608925549907, 36.15104166666666], [-6.0884623519458465, 36.15006510416666], [-6.0884623519458465, 36.14680989583333], [-6.080657783417927, 36.14615885416666]], [[-6.220164445854475, 36.12109374999999], [-6.219188874788485, 36.12760416666666], [-6.219514065143815, 36.13671874999999], [-6.221140016920464, 36.14062499999999], [-6.223416349407775, 36.13932291666666], [-6.2243919204737646, 36.13281249999999], [-6.224066730118435, 36.12369791666666], [-6.222440778341785, 36.11979166666666], [-6.220164445854475, 36.12109374999999]], [[-6.333330689509297, 36.09798177083333], [-6.332680308798638, 36.09407552083333], [-6.328778024534678, 36.09472656249999], [-6.328778024534678, 36.09798177083333], [-6.330403976311327, 36.09895833333333], [-6.333330689509297, 36.09798177083333]], [[-6.318697123519451, 36.08756510416666], [-6.31804674280879, 36.08528645833333], [-6.315120029610821, 36.08365885416666], [-6.308291032148891, 36.08333333333333], [-6.304388747884931, 36.08528645833333], [-6.305689509306252, 36.08984374999999], [-6.311217745346861, 36.09309895833333], [-6.32064826565143, 36.09374999999999], [-6.328452834179348, 36.09179687499999], [-6.3278024534686885, 36.08951822916666], [-6.318697123519451, 36.08756510416666]], [[-5.707989636209806, 36.01627604166666], [-5.704087351945846, 36.01953124999999], [-5.706038494077825, 36.02539062499999], [-5.713843062605744, 36.02701822916666], [-5.714818633671735, 36.03027343749999], [-5.716444585448384, 36.03124999999999], [-5.719371298646353, 36.03027343749999], [-5.720346869712343, 36.02701822916666], [-5.726200296108283, 36.02604166666666], [-5.728476628595592, 36.02408854166666], [-5.726850676818943, 36.01953124999999], [-5.724574344331634, 36.01757812499999], [-5.717094966159045, 36.01562499999999], [-5.707989636209806, 36.01627604166666]]], [[[-8.374888959390855, 37.06868489583333], [-8.378140862944154, 37.06770833333333], [-8.382693527918772, 37.06803385416666], [-8.384644670050752, 37.06966145833333], [-8.383994289340091, 37.07194010416666], [-8.380742385786792, 37.07291666666666], [-8.376189720812174, 37.07259114583333], [-8.374238578680195, 37.07096354166666], [-8.374888959390855, 37.06868489583333]]], [[[-8.93397633806927, 38.48646774103756], [-8.937883658136823, 38.483298263160684], [-8.93854166666666, 38.48461294416243], [-8.93756510416666, 38.490466370558366], [-8.934309895833328, 38.490466370558366], [-8.93397633806927, 38.48646774103756]]], [[[-8.93658854166666, 38.48071065989847], [-8.936828676682396, 38.481190442346154], [-8.936170315788962, 38.48098919408707], [-8.93658854166666, 38.48071065989847]]], [[[-8.927148437499994, 38.50119765228426], [-8.92389322916666, 38.50087246192893], [-8.923567708333328, 38.493067893401005], [-8.928002863405816, 38.49131320940631], [-8.93268229166666, 38.49209232233502], [-8.933007812499994, 38.49534422588832], [-8.929101562499994, 38.49664498730964], [-8.927148437499994, 38.50119765228426]]], [[[-8.918684895833328, 38.50705107868019], [-8.922591145833328, 38.50770145939086], [-8.921952411217823, 38.51152997631465], [-8.918684895833328, 38.51160374365482], [-8.917708333333328, 38.509977791878164], [-8.918684895833328, 38.50705107868019]]], [[[-9.34283854166666, 38.65273635786801], [-9.34479166666666, 38.65566307106598], [-9.34088541666666, 38.65761421319796], [-9.33502604166666, 38.656638642131966], [-9.33502604166666, 38.653386738578675], [-9.34283854166666, 38.65273635786801]]], [[[-9.308984374999994, 38.67940196700507], [-9.306380208333328, 38.683304251269035], [-9.298567708333328, 38.684605012690355], [-9.29694010416666, 38.687856916243646], [-9.28229166666666, 38.69078362944162], [-9.275130208333328, 38.699238578680195], [-9.272851562499994, 38.69891338832487], [-9.271874999999994, 38.695986675126896], [-9.266992187499994, 38.69501110406091], [-9.223046874999994, 38.69403553299492], [-9.198632812499994, 38.69501110406091], [-9.193749999999994, 38.695986675126896], [-9.193749999999994, 38.697287436548216], [-9.191145833333328, 38.6982630076142], [-9.185937499999994, 38.69891338832487], [-9.154687499999994, 38.70021414974619], [-9.152083333333328, 38.701189720812174], [-9.150781249999994, 38.70346605329948], [-9.144270833333328, 38.70444162436547], [-9.135156249999994, 38.70379124365481], [-9.131249999999994, 38.700539340101514], [-9.131249999999994, 38.697937817258875], [-9.133203124999994, 38.695986675126896], [-9.142968749999994, 38.69403553299492], [-9.160546874999994, 38.693059961928924], [-9.164453124999994, 38.689157677664966], [-9.17096354166666, 38.68850729695431], [-9.17291666666666, 38.68558058375634], [-9.17877604166666, 38.68395463197969], [-9.19830729166666, 38.683304251269035], [-9.20416666666666, 38.68167829949238], [-9.20416666666666, 38.680377538071056], [-9.210351562499994, 38.67940196700507], [-9.266015624999994, 38.67842639593908], [-9.29889322916666, 38.67549968274111], [-9.307031249999994, 38.67257296954314], [-9.313867187499994, 38.66379282994923], [-9.31842447916666, 38.66184168781725], [-9.319726562499994, 38.65858978426395], [-9.33111979166666, 38.65826459390862], [-9.332421874999994, 38.65956535532994], [-9.33111979166666, 38.66411802030456], [-9.327539062499994, 38.66736992385786], [-9.320703124999994, 38.66867068527918], [-9.318385490459972, 38.67561653011384], [-9.316426897570356, 38.67747747175071], [-9.308984374999994, 38.67940196700507]]], [[[-8.83014322916666, 42.29881501677852], [-8.83404947916666, 42.29946518456375], [-8.833398437499994, 42.30336619127516], [-8.83014322916666, 42.30336619127516], [-8.82916666666666, 42.30174077181208], [-8.83014322916666, 42.29881501677852]]], [[[-9.063867187499994, 42.56798447986576], [-9.06451822916666, 42.564083473154355], [-9.06842447916666, 42.56473364093959], [-9.06842447916666, 42.56798447986576], [-9.066796874999994, 42.568959731543615], [-9.063867187499994, 42.56798447986576]]], [[[-9.147851562499994, 42.9021707214765], [-9.151757812499994, 42.90282088926173], [-9.151106770833328, 42.90672189597315], [-9.147851562499994, 42.90672189597315], [-9.146874999999994, 42.90509647651006], [-9.147851562499994, 42.9021707214765]]], [[[-8.840559895833328, 43.34948615771812], [-8.844466145833328, 43.35013632550336], [-8.84381510416666, 43.35403733221476], [-8.840559895833328, 43.35403733221476], [-8.839583333333328, 43.35241191275166], [-8.840559895833328, 43.34948615771812]]], [[[-4.5930916878172585, 36.55826822916666], [-4.591790926395939, 36.56152343749999], [-4.580084073604061, 36.56282552083333], [-4.575856598984771, 36.56673177083333], [-4.560247461928933, 36.56803385416666], [-4.557645939086294, 36.56868489583333], [-4.5547192258883245, 36.57194010416666], [-4.551467322335024, 36.57259114583333], [-4.531955901015229, 36.57389322916666], [-4.529679568527919, 36.57714843749999], [-4.523826142131979, 36.57812499999999], [-4.518623096446699, 36.58105468749999], [-4.508217005076142, 36.59277343749999], [-4.499762055837563, 36.59472656249999], [-4.498786484771573, 36.59798177083333], [-4.494884200507613, 36.59993489583333], [-4.493258248730964, 36.61165364583333], [-4.4919574873096435, 36.61360677083333], [-4.484152918781726, 36.61653645833333], [-4.482526967005076, 36.62434895833333], [-4.478624682741116, 36.62597656249999], [-4.477649111675126, 36.62955729166666], [-4.469844543147208, 36.63476562499999], [-4.4672430203045685, 36.63964843749999], [-4.461389593908629, 36.64062499999999], [-4.456186548223349, 36.64355468749999], [-4.445780456852791, 36.65527343749999], [-4.437325507614213, 36.65820312499999], [-4.436349936548223, 36.66471354166666], [-4.433423223350252, 36.66666666666666], [-4.431797271573603, 36.67057291666666], [-4.430496510152283, 36.68619791666666], [-4.427244606598984, 36.68815104166666], [-4.425293464467005, 36.69596354166666], [-4.413586611675127, 36.69889322916666], [-4.410659898477157, 36.70377604166666], [-4.409684327411167, 36.71256510416666], [-4.405782043147208, 36.71451822916666], [-4.405456852791878, 36.71679687499999], [-4.398627855329949, 36.71842447916666], [-4.371311865482233, 36.71777343749999], [-4.367734771573604, 36.71451822916666], [-4.3521256345177655, 36.71321614583333], [-4.349524111675126, 36.71256510416666], [-4.348223350253806, 36.71028645833333], [-4.3378172588832475, 36.70898437499999], [-4.244162436548223, 36.70507812499999], [-4.19213197969543, 36.70442708333333], [-4.1817258883248725, 36.70507812499999], [-4.1817258883248725, 36.70638020833333], [-4.175872461928933, 36.70800781249999], [-4.152458756345178, 36.70930989583333], [-4.150507614213198, 36.71028645833333], [-4.149857233502538, 36.71256510416666], [-4.142052664974619, 36.71386718749999], [-4.140101522842639, 36.71679687499999], [-4.137499999999999, 36.71777343749999], [-4.114086294416243, 36.71874999999999], [-4.101078680203045, 36.72070312499999], [-4.0984771573604055, 36.72265624999999], [-4.097501586294415, 36.72851562499999], [-4.093599302030457, 36.73014322916666], [-4.092623730964466, 36.73339843749999], [-4.084819162436547, 36.73470052083333], [-4.082868020304568, 36.73763020833333], [-4.077990164974619, 36.73860677083333], [-4.053600888324873, 36.73958333333333], [-4.00970019035533, 36.73860677083333], [-4.004822335025381, 36.73763020833333], [-4.002871192893401, 36.73470052083333], [-3.9950666243654815, 36.73339843749999], [-3.993440672588832, 36.73014322916666], [-3.9814086294416238, 36.72851562499999], [-3.978807106598984, 36.72721354166666], [-3.9732788705583753, 36.72070312499999], [-3.9605964467005075, 36.71874999999999], [-3.954092639593908, 36.71972656249999], [-3.9514911167512685, 36.72330729166666], [-3.9358819796954307, 36.72851562499999], [-3.9319796954314716, 36.73111979166666], [-3.9313293147208115, 36.73339843749999], [-3.923524746192893, 36.73470052083333], [-3.92169780236933, 36.73744372154401], [-3.9163145743401073, 36.73869287794461], [-3.872795050761421, 36.74055989583333], [-3.865640862944162, 36.74446614583333], [-3.850031725888324, 36.74576822916666], [-3.8471050126903545, 36.74902343749999], [-3.8324714467005068, 36.74999999999999], [-3.8243416878172583, 36.74902343749999], [-3.8227157360406085, 36.74674479166666], [-3.81491116751269, 36.74414062499999], [-3.7967005076142124, 36.74153645833333], [-3.782717322335025, 36.73795572916666], [-3.779140228426395, 36.73567708333333], [-3.776213515228426, 36.73111979166666], [-3.771986040609137, 36.72916666666666], [-3.767433375634517, 36.72949218749999], [-3.7654822335025377, 36.73242187499999], [-3.7626033305603843, 36.73362263694021], [-3.7444242512690535, 36.72899245426839], [-3.743694479695431, 36.72460937499999], [-3.7404425761421316, 36.72363281249999], [-3.738816624365482, 36.71972656249999], [-3.7355647208121825, 36.71874999999999], [-3.7297112944162434, 36.71972656249999], [-3.7287357233502534, 36.72298177083333], [-3.724833439086294, 36.72460937499999], [-3.724565597361036, 36.726218058532794], [-3.680380009612236, 36.73026318774021], [-3.6750793147208123, 36.73307291666666], [-3.6682339287621835, 36.739326197697], [-3.6619133961636234, 36.74108811324129], [-3.6097160532994916, 36.73893229166666], [-3.5989847715736034, 36.73567708333333], [-3.597033629441624, 36.72884114583333], [-3.590529822335024, 36.72460937499999], [-3.586952728426395, 36.71972656249999], [-3.564189403553299, 36.71777343749999], [-3.5619130710659896, 36.71451822916666], [-3.5586611675126902, 36.71354166666666], [-3.55410850253807, 36.71386718749999], [-3.5531686717624855, 36.715278366332235], [-3.549866373725344, 36.713995554029374], [-3.5399925490270134, 36.718320908691375], [-3.5264673223350247, 36.71809895833333], [-3.5189879441624363, 36.71484374999999], [-3.5141100888324868, 36.70898437499999], [-3.5069559010152274, 36.70768229166666], [-3.5020780456852787, 36.70182291666666], [-3.4955742385786794, 36.69856770833333], [-3.478989530456852, 36.69759114583333], [-3.4757376269035527, 36.69694010416666], [-3.4715101522842637, 36.69368489583333], [-3.4663071065989843, 36.69303385416666], [-3.4480964467005073, 36.69270833333333], [-3.4350888324873092, 36.69368489583333], [-3.430358578989169, 36.6971572736553], [-3.415505783752741, 36.69701932273313], [-3.4049139370476103, 36.70236983422943], [-3.3973667512690353, 36.70475260416666], [-3.39419214860185, 36.707785986288364], [-3.3836558858609918, 36.7131084193345], [-3.36647366751269, 36.71451822916666], [-3.3641973350253807, 36.71777343749999], [-3.355742385786802, 36.72005208333333], [-3.347937817258883, 36.73177083333333], [-3.342084390862944, 36.73567708333333], [-3.3329790609137055, 36.73828124999999], [-3.320621827411167, 36.73958333333333], [-3.2855012690355325, 36.74055989583333], [-3.281598984771573, 36.74153645833333], [-3.281598984771573, 36.74283854166666], [-3.2786722715736034, 36.74446614583333], [-3.2669654187817256, 36.74576822916666], [-3.2659898477157356, 36.74804687499999], [-3.263063134517766, 36.74869791666666], [-3.2279425761421314, 36.74544270833333], [-3.2191624365482228, 36.74283854166666], [-3.218512055837563, 36.74055989583333], [-3.2152601522842637, 36.73958333333333], [-3.2107074873096435, 36.73990885416666], [-3.2068052030456844, 36.74381510416666], [-3.197049492385786, 36.74479166666666], [-3.183391497461928, 36.74446614583333], [-3.179489213197969, 36.74381510416666], [-3.17526173857868, 36.74055989583333], [-3.1638800761421315, 36.73958333333333], [-3.143393083756345, 36.74055989583333], [-3.1411167512690352, 36.74153645833333], [-3.1411167512690352, 36.74283854166666], [-3.130385469543147, 36.74446614583333], [-3.0946145304568526, 36.74446614583333], [-3.0874603426395937, 36.74381510416666], [-3.079330583756345, 36.74055989583333], [-3.024698604060913, 36.73925781249999], [-3.0155932741116747, 36.73860677083333], [-3.0110406091370554, 36.73763020833333], [-3.0110406091370554, 36.73632812499999], [-3.0055123730964466, 36.73567708333333], [-2.9391735406091364, 36.73828124999999], [-2.922588832487309, 36.73763020833333], [-2.9206376903553295, 36.73470052083333], [-2.911857550761421, 36.73242187499999], [-2.905353743654822, 36.72460937499999], [-2.8978743654822328, 36.72298177083333], [-2.8848667512690356, 36.70930989583333], [-2.8754362309644663, 36.70638020833333], [-2.8708835659898475, 36.69954427083333], [-2.8621034263959384, 36.69335937499999], [-2.859176713197969, 36.68782552083333], [-2.847469860406091, 36.67871093749999], [-2.8442179568527917, 36.67285156249999], [-2.8403156725888317, 36.67154947916666], [-2.8383645304568526, 36.66764322916666], [-2.8266576776649743, 36.66731770833333], [-2.8247065355329943, 36.66861979166666], [-2.822755393401015, 36.67513020833333], [-2.813975253807106, 36.67708333333333], [-2.809097398477157, 36.67610677083333], [-2.8064958756345173, 36.67285156249999], [-2.783732550761421, 36.67089843749999], [-2.7811310279187813, 36.66764322916666], [-2.769424175126903, 36.66634114583333], [-2.7642211294416237, 36.66243489583333], [-2.7369051395939086, 36.66178385416666], [-2.7323524746192893, 36.66243489583333], [-2.72617385786802, 36.66634114583333], [-2.7170685279187814, 36.66666666666666], [-2.710564720812182, 36.66569010416666], [-2.7082883883248723, 36.66178385416666], [-2.7060120558375633, 36.66145833333333], [-2.7030853426395938, 36.66569010416666], [-2.688451776649746, 36.66861979166666], [-2.682598350253807, 36.67513020833333], [-2.6588594543147206, 36.67805989583333], [-2.6552823604060913, 36.68196614583333], [-2.647477791878172, 36.68326822916666], [-2.646502220812182, 36.68652343749999], [-2.642599936548223, 36.68815104166666], [-2.641624365482233, 36.69401041666666], [-2.639673223350253, 36.69726562499999], [-2.631868654822335, 36.69889322916666], [-2.630567893401015, 36.70247395833333], [-2.6227633248730964, 36.70800781249999], [-2.6201618020304567, 36.71712239583333], [-2.6110564720812177, 36.72558593749999], [-2.6096275560857656, 36.73274739583333], [-2.6002851326682563, 36.73990885416666], [-2.597949526813879, 36.74739583333333], [-2.596973580441639, 36.75911458333333], [-2.592093848580441, 36.76432291666666], [-2.587864747634069, 36.77734374999999], [-2.5836356466876964, 36.78124999999999], [-2.5790812302839106, 36.78222656249999], [-2.5758280757097785, 36.79459635416666], [-2.5693217665615133, 36.80078124999999], [-2.5602129337539425, 36.80598958333333], [-2.556309148264983, 36.81119791666666], [-2.556309148264983, 36.81380208333333], [-2.551104100946371, 36.81640624999999], [-2.5250788643533113, 36.82161458333333], [-2.488643533123027, 36.82584635416666], [-2.4730283911671913, 36.82617187499999], [-2.4720524447949517, 36.82389322916666], [-2.4632689274447936, 36.82291666666666], [-2.4564373028391158, 36.81998697916666], [-2.4509069400630903, 36.81315104166666], [-2.4437499999999988, 36.80729166666666], [-2.4339905362776015, 36.80403645833333], [-2.4274842271293364, 36.80338541666666], [-2.425207018927444, 36.80631510416666], [-2.4105678233438477, 36.80924479166666], [-2.4073146687697147, 36.81380208333333], [-2.4017843059936896, 36.81803385416666], [-2.3884463722397467, 36.82226562499999], [-2.3845425867507877, 36.82486979166666], [-2.383891955835961, 36.82714843749999], [-2.3760843848580433, 36.82845052083333], [-2.3741324921135636, 36.83138020833333], [-2.3712046529968442, 36.83203124999999], [-2.3565654574132484, 36.83138020833333], [-2.330214905362775, 36.82747395833333], [-2.327287066246056, 36.82617187499999], [-2.3263111198738162, 36.82389322916666], [-2.31167192429022, 36.82096354166666], [-2.3061415615141945, 36.81412760416666], [-2.284996056782333, 36.80468749999999], [-2.273935331230283, 36.79166666666666], [-2.265477129337538, 36.78580729166666], [-2.264175867507885, 36.78222656249999], [-2.255067034700315, 36.78027343749999], [-2.2524645110410084, 36.77539062499999], [-2.2459582018927433, 36.77115885416666], [-2.2420544164037848, 36.76009114583333], [-2.2352227917981065, 36.75553385416666], [-2.2290417981072546, 36.74674479166666], [-2.223511435331229, 36.74381510416666], [-2.213751971608832, 36.73144531249999], [-2.200088722397475, 36.72037760416666], [-2.195208990536277, 36.71386718749999], [-2.188702681388012, 36.71386718749999], [-2.1847988958990525, 36.71874999999999], [-2.1818710567823336, 36.71777343749999], [-2.1808951104100935, 36.71451822916666], [-2.175039432176655, 36.71354166666666], [-2.1717862776025227, 36.71451822916666], [-2.1711356466876963, 36.71679687499999], [-2.1691837539432166, 36.71777343749999], [-2.1418572555205033, 36.71972656249999], [-2.138604100946371, 36.72330729166666], [-2.1203864353312296, 36.73079427083333], [-2.1171332807570966, 36.73893229166666], [-2.1093257097791787, 36.74055989583333], [-2.108349763406939, 36.74381510416666], [-2.103795347003154, 36.74674479166666], [-2.102494085173501, 36.75455729166666], [-2.099240930599368, 36.75553385416666], [-2.096963722397475, 36.75944010416666], [-2.081348580441639, 36.76106770833333], [-2.0774447949526804, 36.76432291666666], [-2.075492902208201, 36.77018229166666], [-2.0667093848580427, 36.77278645833333], [-2.062480283911671, 36.77929687499999], [-2.057600552050472, 36.78287760416666], [-2.0556486593059926, 36.80566406249999], [-2.0507689274447936, 36.80924479166666], [-2.0445879337539425, 36.81803385416666], [-2.036455047318611, 36.82356770833333], [-2.0351537854889576, 36.82714843749999], [-2.02734621451104, 36.82845052083333], [-2.0240930599369076, 36.83235677083333], [-2.0048994479495255, 36.83528645833333], [-1.9987184542586742, 36.84309895833333], [-1.9961159305993683, 36.84374999999999], [-1.9944893533123018, 36.84765624999999], [-1.9944893533123018, 36.86067708333333], [-1.9961159305993683, 36.86458333333333], [-1.9990437697160872, 36.86555989583333], [-1.9993690851735006, 36.86783854166666], [-1.9951399842271285, 36.87109374999999], [-1.9931880914826487, 36.88932291666666], [-1.98830835962145, 36.89257812499999], [-1.9831033123028383, 36.90039062499999], [-1.9795248422712923, 36.90071614583333], [-1.976597003154573, 36.89615885416666], [-1.9694400630914817, 36.89680989583333], [-1.9574033911671913, 36.91048177083333], [-1.9534996056782323, 36.91243489583333], [-1.9515268943616118, 36.923717443871276], [-1.9478463254552638, 36.92665220317593], [-1.944065457413248, 36.92740885416666], [-1.9421135646687688, 36.93033854166666], [-1.9352819400630905, 36.93196614583333], [-1.9079554416403774, 36.93326822916666], [-1.9056782334384847, 36.93424479166666], [-1.9047022870662451, 36.93717447916666], [-1.9014491324921126, 36.93815104166666], [-1.9001478706624595, 36.94596354166666], [-1.8972200315457406, 36.94791666666666], [-1.8962440851735007, 36.95052083333333], [-1.8952681388012609, 36.97395833333333], [-1.8933162460567814, 36.98697916666666], [-1.891364353312302, 36.98958333333333], [-1.886809936908516, 36.99055989583333], [-1.882906151419557, 37.00520833333333], [-1.8767251577287056, 37.01074218749999], [-1.8773757886435323, 37.02994791666666], [-1.8698935331230273, 37.03222656249999], [-1.8689175867507875, 37.03548177083333], [-1.8643631703470023, 37.03743489583333], [-1.855254337539431, 37.04915364583333], [-1.8503746056782324, 37.05208333333333], [-1.8487480283911661, 37.06087239583333], [-1.8480973974763395, 37.09016927083333], [-1.8464708201892734, 37.09895833333333], [-1.843542981072554, 37.09993489583333], [-1.8425670347003145, 37.10319010416666], [-1.836711356466876, 37.10416666666666], [-1.8334582018927434, 37.10611979166666], [-1.8324822555205036, 37.11263020833333], [-1.8285784700315448, 37.11523437499999], [-1.8272772082018918, 37.12304687499999], [-1.8233734227129326, 37.12565104166666], [-1.8220721608832797, 37.13346354166666], [-1.8181683753943207, 37.13769531249999], [-1.8175177444794943, 37.16503906249999], [-1.8191443217665604, 37.17187499999999], [-1.8220721608832797, 37.17285156249999], [-1.822397476340693, 37.17513020833333], [-1.8097101735015761, 37.18619791666666], [-1.8048304416403775, 37.19726562499999], [-1.7970228706624596, 37.19889322916666], [-1.7957216088328067, 37.20247395833333], [-1.7879140378548888, 37.20800781249999], [-1.7840102523659298, 37.21809895833333], [-1.7762026813880119, 37.21972656249999], [-1.7749014195583588, 37.22330729166666], [-1.7670938485804406, 37.22981770833333], [-1.7651419558359611, 37.23893229166666], [-1.7648166403785477, 37.25032552083333], [-1.7631900630914814, 37.25520833333333], [-1.760912854889589, 37.25553385416666], [-1.7589609621451094, 37.25944010416666], [-1.7472496056782323, 37.26139322916666], [-1.7443217665615132, 37.26627604166666], [-1.74366948255755, 37.27215030386144], [-1.732607892789963, 37.28104237820285], [-1.7264294164037843, 37.28190104166666], [-1.724477523659305, 37.28320312499999], [-1.7222003154574121, 37.29003906249999], [-1.7065851735015762, 37.29687499999999], [-1.70398264984227, 37.29947916666666], [-1.7017054416403776, 37.31152343749999], [-1.6978016561514184, 37.31347656249999], [-1.6968257097791786, 37.31673177083333], [-1.6909700315457403, 37.31770833333333], [-1.6877168769716078, 37.31966145833333], [-1.686740930599368, 37.32617187499999], [-1.6828371451104092, 37.32910156249999], [-1.6818611987381693, 37.33789062499999], [-1.6789333596214502, 37.34277343749999], [-1.667222003154573, 37.34472656249999], [-1.664294164037854, 37.34895833333333], [-1.6620169558359612, 37.34863281249999], [-1.6590891167192419, 37.34407552083333], [-1.6545347003154565, 37.34374999999999], [-1.6522574921135638, 37.34505208333333], [-1.6451005520504722, 37.36100260416666], [-1.6376182965299675, 37.36653645833333], [-1.6259069400630906, 37.37044270833333], [-1.6236297318611976, 37.37467447916666], [-1.620376577287065, 37.37565104166666], [-1.6184246845425858, 37.38346354166666], [-1.613544952681387, 37.38541666666666], [-1.6047614353312294, 37.38639322916666], [-1.6018335962145103, 37.39029947916666], [-1.5940260252365923, 37.39160156249999], [-1.5930500788643525, 37.39485677083333], [-1.5891462933753933, 37.39615885416666], [-1.5875197160883272, 37.40006510416666], [-1.579712145110409, 37.40136718749999], [-1.57580835962145, 37.40527343749999], [-1.5582413249211347, 37.40624999999999], [-1.5465299684542577, 37.40917968749999], [-1.5426261829652987, 37.41210937499999], [-1.5374211356466865, 37.41894531249999], [-1.5322160883280747, 37.42187499999999], [-1.5263604100946364, 37.42285156249999], [-1.5240832018927435, 37.42610677083333], [-1.5045642744479484, 37.42675781249999], [-1.4996845425867498, 37.42513020833333], [-1.4977326498422705, 37.42220052083333], [-1.4931782334384849, 37.42187499999999], [-1.4899250788643523, 37.42285156249999], [-1.488298501577286, 37.42610677083333], [-1.4765871451104091, 37.42773437499999], [-1.4736593059936898, 37.43098958333333], [-1.4736593059936898, 37.43359374999999], [-1.4746352523659294, 37.43684895833333], [-1.477888406940062, 37.43815104166666], [-1.4788643533123018, 37.44401041666666], [-1.477888406940062, 37.44726562499999], [-1.4746352523659294, 37.44921874999999], [-1.4730086750788633, 37.46484374999999], [-1.4697555205047308, 37.46874999999999], [-1.4638998422712923, 37.47070312499999], [-1.462273264984226, 37.47851562499999], [-1.4586947949526803, 37.47981770833333], [-1.4525138012618286, 37.48795572916666], [-1.433320189274447, 37.49544270833333], [-1.4300670347003144, 37.49967447916666], [-1.4222594637223966, 37.50097656249999], [-1.419982255520504, 37.50423177083333], [-1.4004633280757088, 37.50553385416666], [-1.39558359621451, 37.50716145833333], [-1.3952582807570968, 37.50944010416666], [-1.3907038643533114, 37.51236979166666], [-1.3894026025236583, 37.52018229166666], [-1.3861494479495258, 37.52115885416666], [-1.3845228706624595, 37.52506510416666], [-1.3744380914826488, 37.52799479166666], [-1.3679317823343835, 37.53678385416666], [-1.3597988958990528, 37.54231770833333], [-1.3584976340693997, 37.54589843749999], [-1.3506900630914815, 37.54720052083333], [-1.347436908517349, 37.55110677083333], [-1.331821766561513, 37.55240885416666], [-1.327917981072554, 37.55403645833333], [-1.3266167192429013, 37.55631510416666], [-1.3201104100946361, 37.55729166666666], [-1.3110015772870653, 37.55696614583333], [-1.3083990536277592, 37.55631510416666], [-1.3070977917981064, 37.55403645833333], [-1.2983142744479488, 37.55240885416666], [-1.2631802050473178, 37.55305989583333], [-1.2602523659305984, 37.55403645833333], [-1.2592764195583586, 37.55696614583333], [-1.2553726340693996, 37.55826822916666], [-1.2449625394321757, 37.56998697916666], [-1.234877760252365, 37.57291666666666], [-1.2234917192429011, 37.57259114583333], [-1.2202385646687688, 37.57194010416666], [-1.2156841482649834, 37.56803385416666], [-1.2039727917981062, 37.56673177083333], [-1.2016955835962135, 37.56315104166666], [-1.1860804416403776, 37.55761718749999], [-1.1834779179810717, 37.55566406249999], [-1.180224763406939, 37.54752604166666], [-1.1737184542586743, 37.54654947916666], [-1.1701399842271283, 37.54264322916666], [-1.1506210567823334, 37.54134114583333], [-1.1473679022082008, 37.54069010416666], [-1.1441147476340683, 37.53743489583333], [-1.121342665615141, 37.53548177083333], [-1.1190654574132481, 37.53222656249999], [-1.1132097791798097, 37.53124999999999], [-1.1099566246056773, 37.53320312499999], [-1.1099566246056773, 37.534443503605154], [-1.1089074869457998, 37.534247539856935], [-1.1099566246056773, 37.535880215379784], [-1.1099566246056773, 37.53971354166666], [-1.1133213241779212, 37.541116384896355], [-1.1181776560118244, 37.54868401155275], [-1.1194597030390276, 37.55255773244802], [-1.118740141955835, 37.56119791666666], [-1.114836356466876, 37.56347656249999], [-1.113535094637223, 37.56673177083333], [-1.0998718454258665, 37.56868489583333], [-1.0982452681388004, 37.57194010416666], [-1.0891364353312292, 37.57389322916666], [-1.0865339116719235, 37.57779947916666], [-1.0787263406940055, 37.57910156249999], [-1.0777503943217657, 37.58235677083333], [-1.0761238170346994, 37.58333333333333], [-1.0738466088328065, 37.58300781249999], [-1.0712440851735006, 37.57910156249999], [-1.0484720031545731, 37.57714843749999], [-1.0448935331230271, 37.57291666666666], [-1.0419656940063082, 37.57389322916666], [-1.0413150630914816, 37.57714843749999], [-1.0396884858044155, 37.57812499999999], [-1.0374112776025226, 37.57779947916666], [-1.036435331230283, 37.57486979166666], [-1.032531545741324, 37.57324218749999], [-1.019518927444794, 37.57356770833333], [-1.015615141955835, 37.57682291666666], [-1.0146391955835954, 37.58138020833333], [-1.0058421844115715, 37.582877254269924], [-1.0029278391167182, 37.48437499999999], [-1.0009759463722387, 37.28645833333333], [-0.999999999999999, 36.59374999999999], [-1.2881520331006753, 36.29687499999999], [-1.8644560993020278, 36.09895833333333], [-2.728912198604057, 35.99999999999999], [-4.745651239953462, 36.00065104166666], [-5.321304925444155, 36.00195312499999], [-5.608481387478841, 36.00390624999999], [-5.60718062605752, 36.00651041666666], [-5.603928722504221, 36.00846354166666], [-5.598725676818942, 36.00976562499999], [-5.571084496615897, 36.01139322916666], [-5.566857021996607, 36.01529947916666], [-5.55905245346869, 36.01660156249999], [-5.556450930626049, 36.02050781249999], [-5.5496219331641194, 36.02148437499999], [-5.54214255499153, 36.02929687499999], [-5.518403659052445, 36.03222656249999], [-5.515476945854475, 36.03580729166666], [-5.499867808798638, 36.04101562499999], [-5.496969661347517, 36.04343320226909], [-5.486684978476525, 36.046422498393376], [-5.466698392554983, 36.04785156249999], [-5.462796108291024, 36.05143229166666], [-5.445235829103207, 36.05533854166666], [-5.435480118443308, 36.05989583333333], [-5.433528976311329, 36.06315104166666], [-5.431577834179349, 36.07194010416666], [-5.42507402707275, 36.07356770833333], [-5.42312288494077, 36.07682291666666], [-5.4237732656514295, 36.08170572916666], [-5.431577834179349, 36.08821614583333], [-5.433528976311329, 36.09244791666666], [-5.433203785955998, 36.09700520833333], [-5.430277072758029, 36.09895833333333], [-5.42865112098138, 36.10286458333333], [-5.42735035956006, 36.11848958333333], [-5.424098456006759, 36.12076822916666], [-5.42312288494077, 36.12565104166666], [-5.42507402707275, 36.13444010416666], [-5.429626692047369, 36.13541666666666], [-5.431577834179349, 36.13769531249999], [-5.433528976311329, 36.14908854166666], [-5.432609520485989, 36.16841673653164], [-5.430001235316821, 36.1708287479582], [-5.428325930626049, 36.17513020833333], [-5.426049598138739, 36.17610677083333], [-5.398408417935694, 36.17643229166666], [-5.389953468697116, 36.17317708333333], [-5.385075613367166, 36.16731770833333], [-5.378246615905237, 36.16601562499999], [-5.376295473773257, 36.16276041666666], [-5.375319902707267, 36.15690104166666], [-5.372067999153968, 36.15494791666666], [-5.369141285955999, 36.13574218749999], [-5.362312288494068, 36.12988281249999], [-5.35548329103214, 36.11328124999999], [-5.349629864636201, 36.10937499999999], [-5.340849725042292, 36.11035156249999], [-5.339548963620972, 36.11360677083333], [-5.336622250423003, 36.11458333333333], [-5.335646679357013, 36.11686197916666], [-5.334345917935694, 36.14420572916666], [-5.329793252961075, 36.15787760416666], [-5.328492491539755, 36.18522135416666], [-5.324590207275795, 36.18945312499999], [-5.322313874788486, 36.19824218749999], [-5.317761209813866, 36.20117187499999], [-5.314509306260566, 36.20572916666666], [-5.313533735194577, 36.21582031249999], [-5.312883354483917, 36.21777343749999], [-5.308981070219957, 36.22070312499999], [-5.308005499153968, 36.22753906249999], [-5.29890016920473, 36.23502604166666], [-5.29759940778341, 36.23860677083333], [-5.2897948392554905, 36.24055989583333], [-5.286868126057521, 36.25292968749999], [-5.284916983925541, 36.25618489583333], [-5.273210131133663, 36.26692708333333], [-5.270283417935693, 36.27636718749999], [-5.263779610829095, 36.28092447916666], [-5.260852897631126, 36.29036458333333], [-5.248820854483917, 36.30143229166666], [-5.246219331641276, 36.30533854166666], [-5.239390334179349, 36.32259114583333], [-5.2312605752960994, 36.32975260416666], [-5.23028500423011, 36.33658854166666], [-5.22638271996615, 36.33984374999999], [-5.22540714890016, 36.35156249999999], [-5.222480435702191, 36.36002604166666], [-5.210773582910313, 36.37011718749999], [-5.208822440778333, 36.37467447916666], [-5.205570537225034, 36.37565104166666], [-5.204269775803714, 36.38346354166666], [-5.199717110829095, 36.38639322916666], [-5.198741539763105, 36.38964843749999], [-5.190936971235186, 36.39095052083333], [-5.188010258037217, 36.39550781249999], [-5.184758354483916, 36.39648437499999], [-5.183782783417927, 36.40234374999999], [-5.182156831641278, 36.40429687499999], [-5.174027072758029, 36.40624999999999], [-5.159393506768181, 36.40722656249999], [-5.156466793570212, 36.41080729166666], [-5.140857656514374, 36.41601562499999], [-5.134679039763105, 36.42122395833333], [-5.10183481387478, 36.42871093749999], [-5.098582910321481, 36.43098958333333], [-5.095656197123512, 36.43554687499999], [-5.085575296108283, 36.43847656249999], [-5.083298963620973, 36.44173177083333], [-5.063787542301176, 36.44303385416666], [-5.060535638747876, 36.44368489583333], [-5.0589096869712264, 36.44596354166666], [-5.050129547377318, 36.44759114583333], [-5.015008989001684, 36.44889322916666], [-5.0120822758037145, 36.44986979166666], [-5.0101311336717345, 36.45279947916666], [-5.002976945854476, 36.45410156249999], [-4.999310486029582, 36.458230521639685], [-4.994608511199055, 36.45856622459804], [-4.976424245955814, 36.46880206622739], [-4.966880816412852, 36.46972656249999], [-4.964604483925542, 36.47298177083333], [-4.954523582910314, 36.47591145833333], [-4.9515968697123425, 36.48046874999999], [-4.947044204737724, 36.48372395833333], [-4.936963303722495, 36.48470052083333], [-4.935012161590516, 36.48535156249999], [-4.9330610194585365, 36.48860677083333], [-4.921354166666658, 36.48990885416666], [-4.917126692047369, 36.49381510416666], [-4.91452516920473, 36.49446614583333], [-4.901517554991532, 36.49511718749999], [-4.898916032148891, 36.49576822916666], [-4.896314509306253, 36.49902343749999], [-4.878103849407775, 36.50097656249999], [-4.874851945854475, 36.50520833333333], [-4.872575613367166, 36.50488281249999], [-4.869974090524527, 36.50097656249999], [-4.847210765651429, 36.49902343749999], [-4.84460924280879, 36.49576822916666], [-4.832902390016912, 36.49446614583333], [-4.827374153976303, 36.49055989583333], [-4.796155879864628, 36.48925781249999], [-4.788351311336709, 36.48763020833333], [-4.7870505499153895, 36.48535156249999], [-4.78444902707275, 36.48470052083333], [-4.771441412859552, 36.48404947916666], [-4.767539128595592, 36.48242187499999], [-4.766563557529603, 36.48014322916666], [-4.754856704737724, 36.47884114583333], [-4.749003278341785, 36.47493489583333], [-4.722662859560059, 36.47395833333333], [-4.7080292935702115, 36.47591145833333], [-4.705102580372242, 36.47786458333333], [-4.703151438240262, 36.48372395833333], [-4.696647631133663, 36.48470052083333], [-4.692094966159044, 36.48893229166666], [-4.65567364636209, 36.49544270833333], [-4.6511209813874705, 36.49967447916666], [-4.642340841793562, 36.50195312499999], [-4.635837034686963, 36.50976562499999], [-4.627707275803714, 36.51139322916666], [-4.626731704737724, 36.51464843749999], [-4.622829420473765, 36.51660156249999], [-4.621051972244777, 36.5290563445517], [-4.616077358623636, 36.53169372342514], [-4.602970538534129, 36.55252423114757], [-4.598811931577832, 36.55305989583333], [-4.596018401015227, 36.55729166666666], [-4.5930916878172585, 36.55826822916666]]], [[[-8.312777601522834, 37.04264322916666], [-8.317655456852783, 37.04166666666666], [-8.324484454314714, 37.04199218749999], [-8.327411167512683, 37.04361979166666], [-8.326435596446693, 37.04589843749999], [-8.321557741116743, 37.04687499999999], [-8.314728743654815, 37.04654947916666], [-8.311802030456844, 37.04492187499999], [-8.312777601522834, 37.04264322916666]]], [[[-8.34919892131979, 37.06282552083333], [-8.353101205583748, 37.06347656249999], [-8.352450824873088, 37.06738281249999], [-8.34919892131979, 37.06738281249999], [-8.348223350253798, 37.06575520833333], [-8.34919892131979, 37.06282552083333]]], [[[-3.0640466370558372, 43.35468749999999], [-3.067947721407049, 43.3553448649047], [-3.0672985406091366, 43.359238674496645], [-3.0640466370558372, 43.359238674496645], [-3.0630710659898472, 43.357613255033556], [-3.0640466370558372, 43.35468749999999]]], [[[-3.0565672588832484, 43.357938338926175], [-3.0500634517766496, 43.36151426174497], [-3.0409581218274107, 43.36313968120804], [-3.0370558375634515, 43.36086409395973], [-3.0383565989847714, 43.35598783557046], [-3.04486040609137, 43.35241191275166], [-3.0539657360406087, 43.350786493288595], [-3.0578680203045683, 43.35306208053691], [-3.0565672588832484, 43.357938338926175]]], [[[-1.5777602523659295, 43.493498322147644], [-1.5806880914826487, 43.49024748322147], [-1.592399447949526, 43.488622063758385], [-1.5943513406940053, 43.48472105704697], [-1.5976044952681376, 43.48374580536912], [-1.599231072555204, 43.47561870805369], [-1.607038643533122, 43.46911703020133], [-1.6099664826498412, 43.45903942953019], [-1.6138702681388004, 43.45643875838926], [-1.6145208990536268, 43.44993708053691], [-1.6184246845425858, 43.447011325503354], [-1.6194006309148254, 43.43823406040268], [-1.6213525236593052, 43.43498322147651], [-1.6311119873817024, 43.43043204697986], [-1.648679022082018, 43.426531040268436], [-1.652582807570977, 43.42230494966442], [-1.6597397476340685, 43.42100461409396], [-1.6675473186119865, 43.412227348993284], [-1.6766561514195575, 43.40735109060401], [-1.696825709779179, 43.40605075503355], [-1.7007294952681375, 43.40540058724831], [-1.70398264984227, 43.402149748322145], [-1.7065851735015762, 43.40149958053691], [-1.7199231072555192, 43.400524328859056], [-1.725453470031545, 43.39727348993288], [-1.730658517350157, 43.39077181208053], [-1.7329357255520494, 43.39109689597315], [-1.7358635646687688, 43.39564807046979], [-1.7423698738170337, 43.39662332214764], [-1.7452977129337528, 43.404425335570465], [-1.7501774447949514, 43.40637583892617], [-1.7540812302839108, 43.40637583892617], [-1.7609128548895887, 43.40345008389261], [-1.7693710567823335, 43.39369756711409], [-1.7762026813880116, 43.39077181208053], [-1.7849861987381694, 43.39272231543623], [-1.786938091482649, 43.39922399328859], [-1.7888899842271284, 43.400524328859056], [-1.798974763406939, 43.400524328859056], [-1.801577287066245, 43.39922399328859], [-1.806782334384857, 43.39272231543623], [-1.8091170732888358, 43.39225570003641], [-1.8113613219662734, 43.393439744795465], [-1.8297125080580314, 43.3862479813985], [-1.8477720820189263, 43.38524538590603], [-1.853627760252365, 43.383619966442936], [-1.8546037066246046, 43.38134437919463], [-1.8565555993690843, 43.38069421140939], [-1.868266955835961, 43.37939387583893], [-1.8702188485804405, 43.375492869127505], [-1.8819302050473175, 43.36639052013422], [-1.8858339905362764, 43.35988884228188], [-1.8979098750653183, 43.35017937897992], [-1.9157686921044552, 43.34431550554775], [-1.9346313091482643, 43.34298447986576], [-1.9391857255520497, 43.34005872483222], [-1.971066640378548, 43.34265939597314], [-1.9762716876971598, 43.33908347315436], [-1.983103312302838, 43.33875838926174], [-1.9889589905362766, 43.33680788590604], [-1.992212145110409, 43.33225671140939], [-1.9977425078864344, 43.329005872483215], [-2.0110804416403774, 43.328030620805364], [-2.0149842271293363, 43.326405201342276], [-2.0149842271293363, 43.325104865771806], [-2.0227917981072543, 43.32347944630872], [-2.054022082018926, 43.32217911073824], [-2.0566246056782322, 43.32120385906039], [-2.057925867507885, 43.31892827181207], [-2.073541009463721, 43.31762793624161], [-2.0761435331230276, 43.31697776845637], [-2.0803726340693993, 43.31307676174496], [-2.0901320977917974, 43.31242659395973], [-2.0930599369085163, 43.31080117449663], [-2.094035883280756, 43.30852558724831], [-2.1057472397476333, 43.30722525167785], [-2.1086750788643522, 43.30559983221476], [-2.1086750788643522, 43.30429949664429], [-2.1233142744479485, 43.3026740771812], [-2.1574723974763397, 43.30234899328858], [-2.1818710567823336, 43.30429949664428], [-2.1867507886435322, 43.30624999999999], [-2.1867507886435322, 43.30885067114093], [-2.1896786277602516, 43.31210151006711], [-2.201389984227128, 43.31372692953019], [-2.2043178233438474, 43.31795302013422], [-2.2065950315457403, 43.31762793624161], [-2.2085469242902196, 43.31372692953019], [-2.2134266561514186, 43.31275167785234], [-2.2222101735015762, 43.31372692953019], [-2.223186119873816, 43.31600251677852], [-2.228065851735015, 43.31762793624161], [-2.2443316246056773, 43.31762793624161], [-2.2475847791798094, 43.31697776845637], [-2.252139195583595, 43.31307676174496], [-2.2638505520504717, 43.31177642617448], [-2.266778391167191, 43.30755033557046], [-2.269706230283911, 43.30852558724831], [-2.270682176656151, 43.31177642617448], [-2.273935331230283, 43.31275167785234], [-2.2784897476340684, 43.31242659395973], [-2.280441640378548, 43.30950083892617], [-2.284020110410094, 43.30852558724831], [-2.3019124605678227, 43.30755033557046], [-2.334118690851734, 43.30852558724831], [-2.33769716088328, 43.30950083892617], [-2.339649053627759, 43.31242659395973], [-2.344203470031545, 43.31275167785234], [-2.347456624605677, 43.31177642617448], [-2.348019547093572, 43.309901353539225], [-2.365615289677745, 43.3137683628905], [-2.3679514984227117, 43.31470218120804], [-2.3689274447949518, 43.31925335570469], [-2.3728312302839107, 43.322504194630866], [-2.3894223186119863, 43.3251048657718], [-2.396904574132491, 43.333557046979855], [-2.3991817823343835, 43.33323196308724], [-2.4021096214511033, 43.328680788590596], [-2.4086159305993684, 43.328680788590596], [-2.412519716088327, 43.33323196308724], [-2.4203272870662453, 43.334532298657706], [-2.421953864353312, 43.337783137583884], [-2.4336652208201883, 43.33908347315436], [-2.438219637223974, 43.34298447986576], [-2.45285883280757, 43.34395973154362], [-2.4632571162512504, 43.34723792782196], [-2.4843420044513356, 43.3693112107786], [-2.4921499268444607, 43.37157044918859], [-2.4935232649842263, 43.37321728187919], [-2.5045839905362763, 43.377118288590594], [-2.5114156151419547, 43.38557046979865], [-2.5136928233438476, 43.38524538590603], [-2.514668769716087, 43.38231963087249], [-2.5175966088328066, 43.38069421140939], [-2.527356072555204, 43.38069421140939], [-2.530283911671923, 43.38231963087249], [-2.53093454258675, 43.38459521812079], [-2.5387421135646675, 43.38589555369126], [-2.5413446372239736, 43.38979656040269], [-2.5491522082018916, 43.39109689597315], [-2.5511041009463713, 43.39402265100669], [-2.5557860464138726, 43.39532298657716], [-2.624226311137833, 43.40262815679687], [-2.6260152284263953, 43.403125], [-2.627966370558375, 43.40605075503355], [-2.6344701776649737, 43.4070260067114], [-2.6364213197969537, 43.410276845637576], [-2.6373968908629437, 43.416128355704686], [-2.640648794416243, 43.417103607382536], [-2.641624365482233, 43.4200293624161], [-2.6435755076142127, 43.42100461409396], [-2.6708914974619287, 43.42295511744966], [-2.6757693527918778, 43.42685612416106], [-2.687476205583756, 43.428156459731525], [-2.690402918781726, 43.43205746644295], [-2.696906725888325, 43.43205746644295], [-2.6988578680203044, 43.42913171140938], [-2.7037357233502535, 43.427506291946294], [-2.720645621827411, 43.428156459731525], [-2.7287753807106596, 43.4330327181208], [-2.7356043781725883, 43.441809983221475], [-2.7401570431472075, 43.443760486577176], [-2.7408074238578677, 43.447011325503354], [-2.7447097081218272, 43.448636744966436], [-2.745685279187817, 43.45448825503355], [-2.7544654187817255, 43.45676384228187], [-2.78958597715736, 43.45253775167785], [-2.7925126903553297, 43.451237416107375], [-2.794463832487309, 43.44831166107382], [-2.8022684010152283, 43.447011325503354], [-2.803894352791878, 43.443760486577176], [-2.815601205583756, 43.442460151006706], [-2.8175523477157354, 43.441809983221475], [-2.8190586400192945, 43.439300317946774], [-2.83247307945669, 43.4383297509817], [-2.834137055837563, 43.44083473154362], [-2.840966053299492, 43.442460151006706], [-2.868282043147208, 43.443760486577176], [-2.872834708121827, 43.447011325503354], [-2.8773873730964468, 43.447661493288585], [-2.9001506979695426, 43.447661493288585], [-2.904703362944162, 43.447011325503354], [-2.9069796954314717, 43.446036073825496], [-2.9079552664974613, 43.443760486577176], [-2.912833121827411, 43.44278523489932], [-2.9216132614213195, 43.443760486577176], [-2.923239213197969, 43.446686241610735], [-2.9323445431472077, 43.444085570469795], [-2.934946065989847, 43.447661493288585], [-2.9414498730964462, 43.447661493288585], [-2.9440513959390855, 43.443760486577176], [-2.949904822335025, 43.44278523489932], [-2.955107868020304, 43.43985947986576], [-2.963237626903553, 43.43010696308724], [-2.9664895304568524, 43.428156459731525], [-2.9775460025380704, 43.425880872483205], [-2.98079790609137, 43.42328020134228], [-2.991529187817258, 43.40767617449663], [-2.9999841370558373, 43.40540058724831], [-3.000634517766497, 43.403125], [-3.004536802030456, 43.40052432885906], [-3.020145939086294, 43.39532298657716], [-3.0233978426395933, 43.391421979865775], [-3.04648635786802, 43.38524538590603], [-3.0497382614213193, 43.38199454697986], [-3.0507138324873093, 43.37776845637583], [-3.0494130710659895, 43.372567114093954], [-3.0516894035532993, 43.36866610738255], [-3.0575428299492384, 43.3660654362416], [-3.066973350253807, 43.364765100671136], [-3.089736675126903, 43.36509018456375], [-3.0994923857868018, 43.36671560402684], [-3.1004679568527918, 43.36899119127517], [-3.1024190989847713, 43.3696413590604], [-3.1092480964467, 43.369966442953015], [-3.114125951776649, 43.36899119127517], [-3.115101522842639, 43.36671560402684], [-3.1180282360406086, 43.36541526845636], [-3.1238816624365477, 43.36411493288589], [-3.1590022208121824, 43.360864093959734], [-3.161928934010152, 43.36151426174497], [-3.1638800761421315, 43.36444001677852], [-3.17168464467005, 43.36574035234898], [-3.1723350253807103, 43.36801593959731], [-3.1762373096446694, 43.37061661073826], [-3.1899894900470254, 43.375199170116055], [-3.194447969543147, 43.37971895973155], [-3.2008057062380035, 43.38422531937511], [-3.210913428102241, 43.38837797744336], [-3.2152621192863333, 43.38897579306578], [-3.2198128172588825, 43.39532298657717], [-3.2240402918781723, 43.39694840604025], [-3.2250158629441623, 43.400199244966444], [-3.2328204314720805, 43.40149958053691], [-3.2347715736040605, 43.40442533557045], [-3.23802347715736, 43.40540058724831], [-3.2835501269035525, 43.40735109060401], [-3.2916798857868015, 43.41125209731543], [-3.3111913071065984, 43.4125524328859], [-3.3134676395939078, 43.41580327181207], [-3.3212722081218273, 43.417103607382536], [-3.3251744923857864, 43.42100461409396], [-3.348588197969543, 43.42230494966442], [-3.3524904822335024, 43.42295511744966], [-3.3573683375634515, 43.426205956375824], [-3.3632217639593907, 43.42685612416106], [-3.3924888959390858, 43.428481543624144], [-3.398342322335025, 43.4310822147651], [-3.4012690355329944, 43.4349832214765], [-3.4032201776649744, 43.44766149328858], [-3.4097239847715732, 43.452862835570464], [-3.412650697969543, 43.4629404362416], [-3.4159026015228426, 43.46391568791945], [-3.417528553299492, 43.46781669463087], [-3.4253331218274115, 43.46911703020133], [-3.428585025380711, 43.47301803691275], [-3.4441941624365477, 43.47431837248321], [-3.4480964467005073, 43.47594379194631], [-3.449072017766497, 43.47821937919463], [-3.460778870558375, 43.47984479865771], [-3.462730012690355, 43.481145134228186], [-3.465006345177665, 43.487971895973146], [-3.4832170050761415, 43.49544882550335], [-3.4845177664974614, 43.498049496644285], [-2.779243162420534, 43.49999999999999], [-1.9567481064548664, 43.499349832214754], [-1.7223072026773838, 43.49804949664429], [-1.605737381703469, 43.496098993288584], [-1.6073639589905353, 43.49154781879194], [-1.6050867507886426, 43.489597315436235], [-1.599231072555204, 43.490572567114086], [-1.596628548895898, 43.494473573825495], [-1.5888209779179803, 43.49577390939597], [-1.5862184542586744, 43.499674916107374], [-1.579712145110409, 43.499349832214754], [-1.5777602523659295, 43.493498322147644]], [[-3.0952649111675123, 43.374842701342274], [-3.099167195431472, 43.374192533557036], [-3.0985168147208118, 43.370291526845634], [-3.0952649111675123, 43.370291526845634], [-3.0942893401015223, 43.37191694630873], [-3.0952649111675123, 43.374842701342274]], [[-3.090061865482233, 43.38004404362416], [-3.0939641497461925, 43.37939387583893], [-3.0933137690355323, 43.375492869127505], [-3.090061865482233, 43.375492869127505], [-3.0890862944162434, 43.377118288590594], [-3.090061865482233, 43.38004404362416]], [[-1.618749999999999, 43.481470218120805], [-1.6154968454258665, 43.48114513422818], [-1.6109424290220808, 43.483745805369125], [-1.6089905362776016, 43.48764681208053], [-1.6109424290220808, 43.489272231543616], [-1.6154968454258665, 43.489597315436235], [-1.618749999999999, 43.487646812080534], [-1.618749999999999, 43.481470218120805]]], [[[-4.6615270727580285, 43.4125524328859], [-4.6634782148900085, 43.41482802013421], [-4.670307212351937, 43.416453439597305], [-4.697623202199653, 43.41775377516777], [-4.6998995346869625, 43.418729026845625], [-4.700549915397622, 43.42100461409396], [-4.708354483925541, 43.42230494966442], [-4.712581958544831, 43.426205956375824], [-4.744450613367166, 43.428156459731525], [-4.748678087986455, 43.43205746644295], [-4.756482656514374, 43.43335780201342], [-4.759084179357014, 43.43725880872482], [-4.766888747884932, 43.43855914429528], [-4.7688398900169116, 43.441809983221475], [-4.78444902707275, 43.44311031879194], [-4.790627643824019, 43.447011325503354], [-4.7951803087986375, 43.447661493288585], [-4.822496298646353, 43.448961828859055], [-4.826723773265643, 43.452862835570464], [-4.834528341793562, 43.45416317114094], [-4.835178722504222, 43.456438758389254], [-4.837455054991532, 43.45773909395973], [-4.869323709813866, 43.46424077181208], [-4.873551184433156, 43.46879194630872], [-4.8764778976311245, 43.46781669463087], [-4.877778659052445, 43.4645658557047], [-4.8865587986463535, 43.46359060402684], [-4.891436653976303, 43.4645658557047], [-4.892412225042293, 43.46684144295301], [-4.901517554991531, 43.46781669463087], [-4.931174965560563, 43.46816964345412], [-4.941075309488551, 43.47022463971741], [-4.95236020987133, 43.4684217661751], [-5.010781514382394, 43.46911703020133], [-5.035098267049304, 43.47056398208864], [-5.038273558907243, 43.471270440782405], [-5.03874788494077, 43.47269295302013], [-5.041339821888558, 43.47195264205317], [-5.044855573774675, 43.47273484841283], [-5.0483010766704925, 43.47109964098218], [-5.049153976311329, 43.47301803691275], [-5.0550074027072665, 43.4739932885906], [-5.058259306260567, 43.47594379194631], [-5.059234877326556, 43.482445469798655], [-5.060860829103206, 43.484395973154356], [-5.063787542301176, 43.483420721476506], [-5.064112732656506, 43.48114513422818], [-5.068286077272957, 43.47975447478731], [-5.091841821750982, 43.484779412605334], [-5.109677625841583, 43.48541901348037], [-5.112240905245338, 43.488622063758385], [-5.114842428087979, 43.489272231543616], [-5.130451565143816, 43.490572567114086], [-5.1337034686971155, 43.494798657718114], [-5.135979801184424, 43.494473573825495], [-5.136955372250415, 43.491547818791936], [-5.140207275803714, 43.490572567114086], [-5.179230118443308, 43.48992239932885], [-5.188985829103206, 43.491547818791936], [-5.1906117808798555, 43.49382340604026], [-5.206183895914424, 43.49529465236008], [-5.214697681341898, 43.49805064285674], [-4.698747488367169, 43.49999999999999], [-4.0964516576776635, 43.499674916107374], [-3.8383248730964463, 43.498049496644285], [-3.838975253807106, 43.49577390939597], [-3.8467798223350247, 43.494473573825495], [-3.848317336176799, 43.49216805810319], [-3.858993549397469, 43.48973481972467], [-3.9218987944162436, 43.483745805369125], [-3.9267766497461922, 43.48244546979865], [-3.9287277918781722, 43.47951971476509], [-3.936532360406091, 43.47821937919463], [-3.937022382427327, 43.47650486361222], [-3.9427951795372, 43.47396284132699], [-3.9713277284263957, 43.46814177852349], [-3.974579631979695, 43.4645658557047], [-3.9862864847715733, 43.46326552013422], [-3.9914895304568527, 43.45936451342281], [-4.0233581852791875, 43.45741401006711], [-4.028561230964467, 43.453513003355695], [-4.040268083756345, 43.45221266778523], [-4.041243654822335, 43.449937080536905], [-4.043519987309645, 43.448961828859055], [-4.07083597715736, 43.447661493288585], [-4.075388642131979, 43.447011325503354], [-4.081567258883249, 43.44311031879194], [-4.097176395939085, 43.441809983221475], [-4.099452728426395, 43.43790897651005], [-4.103355012690355, 43.43660864093958], [-4.1043305837563455, 43.43335780201342], [-4.112135152284263, 43.43205746644295], [-4.113446540608235, 43.43048431565011], [-4.160408020370215, 43.419756225835435], [-4.17372203802371, 43.41214869763334], [-4.195383883248731, 43.4106019295302], [-4.19733502538071, 43.409626677852344], [-4.1979854060913695, 43.40735109060401], [-4.20123730964467, 43.40637583892617], [-4.207090736040609, 43.40735109060401], [-4.2080663071065985, 43.4106019295302], [-4.209692258883248, 43.411577181208045], [-4.212618972081218, 43.4106019295302], [-4.213594543147208, 43.40735109060401], [-4.216846446700507, 43.40637583892617], [-4.222699873096446, 43.40735109060401], [-4.224651015228426, 43.4106019295302], [-4.231154822335025, 43.411577181208045], [-4.240260152284263, 43.41125209731543], [-4.242861675126903, 43.4106019295302], [-4.244162436548223, 43.40832634228187], [-4.2587960025380704, 43.40670092281878], [-4.3173302664974615, 43.40735109060401], [-4.322208121827411, 43.40832634228187], [-4.323183692893401, 43.41125209731543], [-4.3264355964467, 43.412227348993284], [-4.3277363578680195, 43.4200293624161], [-4.329362309644669, 43.4219798657718], [-4.3316386421319795, 43.42165478187919], [-4.334565355329948, 43.417103607382536], [-4.342369923857868, 43.41580327181207], [-4.343345494923858, 43.4125524328859], [-4.344971446700507, 43.411577181208045], [-4.347898159898476, 43.413527684563746], [-4.348873730964466, 43.4200293624161], [-4.354727157360406, 43.4219798657718], [-4.357979060913705, 43.42100461409396], [-4.360580583756345, 43.417103607382536], [-4.369360723350253, 43.41482802013422], [-4.372287436548223, 43.410276845637576], [-4.422292393718272, 43.4070260067114], [-4.606890002544743, 43.40733558850078], [-4.632846357399668, 43.40901027102486], [-4.634211082910313, 43.4106019295302], [-4.6615270727580285, 43.4125524328859]]], [[[-3.7030456852791875, 43.486346476510064], [-3.707273159898477, 43.485046140939595], [-3.728410532994923, 43.48244546979865], [-3.7580028553299485, 43.48082005033556], [-3.7664578045685273, 43.481470218120805], [-3.7706852791878167, 43.48309563758389], [-3.7726364213197963, 43.488947147651], [-3.779140228426395, 43.48992239932885], [-3.782717322335025, 43.49382340604026], [-3.8022287436548217, 43.495123741610726], [-3.807106598984771, 43.49674916107382], [-3.807106598984771, 43.498049496644285], [-3.7544257614213192, 43.49999999999999], [-3.692964784263959, 43.499674916107374], [-3.666624365482233, 43.498049496644285], [-3.666624365482233, 43.49674916107382], [-3.671502220812182, 43.495123741610726], [-3.6910136421319795, 43.49382340604026], [-3.6932899746192893, 43.490572567114086], [-3.701094543147208, 43.489272231543616], [-3.7030456852791875, 43.486346476510064]]]]}}]}